upvote_ratio,n_top_comments,n_op_replies,comment_vader_mean,reversal_comment_score,update_keywords_found,op_reply_preview,id
1.0,0,0,,0.0,,,1r91d8m
0.5,2,0,0.149,0.0,,,1r6mxgy
0.93,10,0,0.2557,0.0,,,1r6eoqx
0.5,0,0,,0.0,,,1r3uxet
1.0,3,0,0.5017,0.0,,,1r3j9oi
0.89,19,0,-0.1476,0.0,,,1qwqbzd
1.0,2,0,0.2117,0.0,,,1qpv4up
0.72,21,10,-0.0108,0.3333,resigned,My immediate boss doesn't at all. I'm gonna miss her.,1qpoadk
0.94,4,4,0.3665,0.0,,[ Removed by Reddit ],1qy0qqa
0.94,5,1,0.5343,0.0,,"I really needed to hear this, thank you :) I’m really beating myself up for no reason, my brain just constantly fixates on the “what-ifs” and it’s hard to make it stop. I’m still very grateful for the",1qx6cyc
0.97,18,7,0.1582,0.0,,I wanted to do a similar route but I joined the Marines at 22 I was already working in the the trades for years and it destroyed my body allready.    My knees gave out in bootcamp and I was sent home ,1j4ojzw
0.98,35,5,0.5726,0.3333,applied,🥰,1pj9gd2
0.96,15,5,0.0082,0.3333,left,They have asked me in a meeting if I thinks it's a lot of work. I honestly replied YES! ,1o53qyc
0.5,0,0,,0.0,,,1r0zild
0.5,4,3,0.4364,0.0,,I suppose at least I got a clear rejection and wasn't completely ghosted. still sucks though. :(,1r0776x
0.5,0,0,,0.0,,,1qwzd80
1.0,2,2,0.6124,0.0,,No its just my yearly bonus so no clawback will be involved fortunately for me,1qvw7xg
0.5,1,1,-0.4063,0.0,,I’m starting to think the same but my heart was set on the actual role. Sigh,1qvinjw
1.0,0,0,,0.0,,,1qg6grc
0.66,0,0,,0.0,,,1qe7e60
0.8,3,3,0.612,0.0,,Pay is good but evolution in new job isn't good.,1q6n4r7
1.0,1,0,0.1779,0.0,,,1q5wn9b
0.57,9,0,0.2857,0.0,,,1q5vltq
0.4,3,1,0.3421,0.0,,But I worked at two fast food places and even one retail store. I was hoping to like get a better job that I could possibly advance. That's why I wanted to go college but umm idk what to do,1q56441
0.95,13,12,0.7758,1.0,"quit,left,applied",I don't think getting back into the program is an option. I have had to explain the PhD situation in an interview but I haven't had awkward conversations. I just tell people that my passion isn't in a,1pyvfwu
0.56,3,3,0.1342,0.0,,"Thank you, I’ve been applying to these roles however they either require experience or for you to already be enrolled in Law School. I never get a callback but I’ll keep trying.",1pypzh3
1.0,2,1,-0.7044,0.0,,"Yeah, there was a number of red flags for sure, my wife was like no-way right from the start.",1ppf940
0.5,2,2,0.9504,0.0,,"Oh wow omg thank you so much for such a detailed response, it really means a lot! I will def take a look into these roles more! Tho I am wondering if any of them are more behind-the-scenes where I can",1pj62ov
0.96,25,2,-0.0473,0.0,,well damn 😭💔,1phswfs
0.56,2,1,0.3323,0.0,,"Yes like wtf. Thats insane if you really think about it.
But urgh yk",1p5zmci
1.0,1,1,0.7964,0.0,,"There is no sign-on bonus, and the only training provided is from seniors during the first two weeks. The offer letter also states that I need to pay 3L to the company if I break the bond.  
I’ve cons",1ozl0hr
1.0,2,0,0.843,0.0,,,1or8snr
0.92,21,3,0.2752,0.0,,Just learned that very hard lesson,1op0k8u
0.91,3,0,-0.1099,0.0,,,1ois5ph
0.93,15,4,0.6019,0.0,,That's a great idea actually. Thank you!,1o8ow6q
1.0,0,0,,0.0,,,1o57m96
0.94,17,10,0.2205,0.0,,"Combined, I get about 700-800 dollars per month, which is in high range in my country",1nsy78e
0.5,1,0,0.0,0.0,,,1npy9id
0.58,10,2,0.2856,0.0,,"I was lucky enough to have internship experience. Also, I graduated with an engineering degree (not sure if this matters)",1no8id6
1.0,1,1,-0.4404,0.0,,"I have the code but when i try to put in the timesheet the code doesn't appear in the options.
She is technically my TL instead of manager.",1nl0ibx
1.0,0,0,,0.0,,,1njd57g
0.67,0,0,,0.0,,,1nbplqg
1.0,4,0,0.7233,0.0,,,1n9cd8p
0.72,3,2,0.5546,0.3333,accepted,"Thanks for your advice, I think it's a good step forward. The only concern I have is him telling me there's no spot for me now and then telling my current manager about this exchange. I have no issue ",1n5nh2r
0.97,13,10,0.1584,0.0,,Thank you. I'm really trying!,1n4iqx9
0.82,14,5,0.298,0.0,,I haven’t seen any job listings for the school system but I could sub. I might add my name to the list for that but there’s lots of people that sub here,1mulz72
1.0,1,0,0.505,0.0,,,1mmpimo
0.75,2,1,0.3141,0.0,,"Welp, I'm screwed.",1mbyjgb
0.73,6,4,0.5867,0.0,,"I know I should have done my research, but tbh the whole thing happened so quickly I didn't even get time to process it",1maq16p
0.65,17,1,0.0916,0.0,,Its government to government.,1m3h1cr
0.78,12,11,0.2342,0.6667,"quit,left","Yeah, it’s a sad reality that i have come to terms with, but i have this delulu side of me that wants to believe that there’s an exception to that (like many artists). Given i have multiple plans to f",1lzlpxx
1.0,0,0,,0.0,,,1ltk9uh
0.5,0,0,,0.0,,,1ljyxav
1.0,0,0,,0.0,,,1li8wsb
1.0,1,0,0.9771,0.0,,,1l7aj95
1.0,0,0,,0.0,,,1kz99kn
,0,0,,0.0,,,1kya5wz
,0,0,,0.0,,,1ky16kl
,0,0,,0.0,,,1ksb2qr
0.67,8,5,0.2557,0.0,,I know some python and SQL that definitely got rusty for lack of use in this role. So i think practicing externally through a course or even taking up completely different skill would be a good use of,1kamcz7
1.0,2,1,-0.0187,0.0,,Ty. Don't suppose you could send a link,1jvjlo6
,0,0,,0.0,,,1jvibhb
,0,0,,0.0,,,1jvecqv
,0,0,,0.0,,,1jjpsnb
,0,0,,0.0,,,1jj6o75
,0,0,,0.0,,,1jcpv8a
,0,0,,0.0,,,1j9wfsb
,0,0,,0.0,,,1j7thmz
,0,0,,0.0,,,1j7hhtu
,0,0,,0.0,,,1j6oljt
,0,0,,0.0,,,1j5gfba
,0,0,,0.0,,,1iro5in
,0,0,,0.0,,,1iig1no
,0,0,,0.0,,,1icmlx0
,0,0,,0.0,,,1i2bxaj
,0,0,,0.0,,,1i0p4no
,0,0,,0.0,,,1huvtp9
,0,0,,0.0,,,1hmnrrf
,0,0,,0.0,,,1hllfzy
,0,0,,0.0,,,1hh9l3v
,0,0,,0.0,,,1he3qok
,0,0,,0.0,,,1h8jrvr
,0,0,,0.0,,,1h7pm91
,0,0,,0.0,,,1h5x32i
,0,0,,0.0,,,1gv8u2y
,0,0,,0.0,,,1gsag2v
,0,0,,0.0,,,1gs72bq
,0,0,,0.0,,,1gr9nb5
,0,0,,0.0,,,1gexg05
,0,0,,0.0,,,1gcz9wj
,0,0,,0.0,,,1g8e9th
,0,0,,0.0,,,1fzq7dj
,0,0,,0.0,,,1fz85y3
,0,0,,0.0,,,1fy7cil
,0,0,,0.0,,,1fwqkth
,0,0,,0.0,,,1fs1dpq
,0,0,,0.0,,,1fqzhtu
,0,0,,0.0,,,1fo7uee
,0,0,,0.0,,,1f9pots
,0,0,,0.0,,,1f7xcco
,0,0,,0.0,,,1f30ug9
,0,0,,0.0,,,1exb9wh
,0,0,,0.0,,,1evwn0r
,0,0,,0.0,,,1euzf0v
,0,0,,0.0,,,1et4cqz
,0,0,,0.0,,,1errcb3
,0,0,,0.0,,,1eohkmw
,0,0,,0.0,,,1eka0p7
,0,0,,0.0,,,1ecmoir
,0,0,,0.0,,,1eba5zm
,0,0,,0.0,,,1e8zvz9
,0,0,,0.0,,,1e3x7wy
,0,0,,0.0,,,1e30ynk
,0,0,,0.0,,,1dzfo5u
,0,0,,0.0,,,1dzav5o
,0,0,,0.0,,,1dxots7
,0,0,,0.0,,,1dvifm3
,0,0,,0.0,,,1diicm1
,0,0,,0.0,,,1d1aqvf
,0,0,,0.0,,,1cxzrca
,0,0,,0.0,,,1ctrdv5
,0,0,,0.0,,,1cmsb0q
,0,0,,0.0,,,1cmnoh8
,0,0,,0.0,,,1clypk5
,0,0,,0.0,,,1clmc20
,0,0,,0.0,,,1clhaki
,0,0,,0.0,,,1cl93lu
,0,0,,0.0,,,1cl0bnp
,0,0,,0.0,,,1cf3hjo
,0,0,,0.0,,,1c70cly
,0,0,,0.0,,,1c0xdyr
,0,0,,0.0,,,1c0r7io
,0,0,,0.0,,,1brtovx
,0,0,,0.0,,,1blbzue
,0,0,,0.0,,,1bkkm92
,0,0,,0.0,,,1bi7t06
,0,0,,0.0,,,1b62bl1
,0,0,,0.0,,,1av95o3
,0,0,,0.0,,,1afkv2c
,0,0,,0.0,,,1af0cpi
,0,0,,0.0,,,1abet2z
,0,0,,0.0,,,19e8lej
,0,0,,0.0,,,19dus1d
,0,0,,0.0,,,192rvg9
0.99,1,1,0.0,0.0,,So why bring me in for an interview?,18feq8m
1.0,2,0,0.8959,0.0,,,186an31
0.92,26,1,-0.0198,0.0,,"Thank you. Taking it one step at a time. I’m getting locked out of my work computer in an hour. Feels surreal. I had so many big plans, initiatives, ideas about how to upskill our workforce and take o",17xo1at
1.0,0,0,,0.0,,,17wbumq
1.0,2,1,0.2041,0.0,,"I have a college degree. 

What hurt me is entering the job market out of my 20s because I literally could not find work until I volunteered for a government office and took some excel courses.",17rpdiq
0.8,10,6,-0.3031,0.0,,"I have to be honest, I'm worried about losing UI. I don't know how to get back on it.

I feel stupid and think, ""take any offer you get, people like you don't get the dream job""",17ge62f
1.0,4,0,0.084,0.0,,,178d54g
0.67,1,1,0.0451,0.0,,"I'm aware there are many middle and senior associate remote jobs for sales analytics, etc. What role are you doing? If you're ""building"" software ratings, why would you say that's outside of STEM indu",173z09a
0.67,1,0,0.5478,0.0,,,16vy2r7
1.0,2,1,-0.0469,0.0,,I'm 26 f as well and basically in the same boat. since high school all I've done is customer service. right now I'm in a call center and it's miserable. at 26 I feel like I should be doing so much mor,16ump5w
0.6,2,1,-0.2654,0.0,,"I do have one of those, except that it didn't disappear. I still have it",16rb99f
1.0,4,2,0.1411,0.0,,"Yeah, that's the thing. I've noticed that a lot of creative careers require a lot of time out of you, but the money never really reflects the fruit of your labor. Animation, Architecture, Children's B",16qq49a
1.0,0,0,,0.0,,,16gpqlm
1.0,5,0,0.3113,0.0,,,16g3w8j
0.75,2,2,0.2633,0.0,,"To be honest, I'm not sure anymore. I'm at the point where I feel like I won't have a career and the best I can do is to just get something that will pay the bills and hopefully cover some treatments ",16fx5zs
0.5,1,2,0.0,0.0,,"OK, thanks",16eegaj
0.76,12,5,0.2775,0.0,,Thank you so much!,168848x
0.67,2,1,-0.5827,0.0,,"Thank you for understanding! I so wish everyone would push back. It’s a small team, so he couldn’t fire us all. He was a baby about mandating it spoke very quickly and we were all too shocked or scare",166eqpi
1.0,1,0,0.9093,0.0,,,166eqp8
1.0,1,1,0.9922,0.0,,"Thank you so much, this has been so very helpful to me!! I have a tendency to apologise because of past trauma and that's my immediate reaction to almost everything, but i can now see why a sorry emai",15uolfv
0.8,6,1,0.5184,0.0,,"&gt;You would not get in trouble at all . Just let them know you decided it wasn’t for you and simple as that. Hope you get something good soon !

your'e right. I don't want to sacrifice my physical a",15hfnzg
1.0,0,0,,0.0,,,15canka
1.0,1,0,0.6409,0.0,,,14y6d67
1.0,2,1,0.012,0.0,,"I was interested in this, but where I am a psychological evaluation is part of the application process and I was worried my bipolar disorder would pose a problem. Right now I’m in the position where I",14vclr8
1.0,6,5,0.3351,0.3333,left,"I want to leave on good terms,  give notice etc,  they really seem to want me to stay because they've invested  a lot in me,  I'm one of a few that can do these extra tasks (injections,  bps, tb skin ",14ugr1c
0.75,5,0,0.0389,0.0,,,14qunav
1.0,1,0,0.998,0.0,,,14fn7k5
1.0,0,0,,0.0,,,14dzbp3
0.88,18,6,-0.2632,0.0,,for real! the thing is… i am not able to find the documents i signed for this job AT ALL. they are not in my employee portal. ALSO i was looking at the compensation tab on the portal and it said “week,1438trz
1.0,3,3,0.2699,0.0,,"This is really good advice, thank you!",141o484
1.0,1,0,0.7227,0.0,,,13wz70s
0.5,1,0,0.54,0.0,,,13mi2h0
1.0,0,0,,0.0,,,13iv7st
1.0,1,0,0.1139,0.0,,,13hmqii
1.0,0,0,,0.0,,,12tonpt
1.0,1,0,0.4939,0.0,,,12l82kz
1.0,2,0,0.5972,0.0,,,124rdd5
1.0,4,0,0.4316,0.0,,,11m38n8
1.0,1,0,0.5972,0.0,,,11f75dk
1.0,3,0,-0.079,0.0,,,11f46b1
0.96,5,2,0.592,0.0,,Just to be clear. I'm regretting signing the offer letter and want to get my severance pay instead. There are no lateral positions I can take in my region. The severance package letter must be sent by,11dxgfz
0.82,13,0,0.2417,0.0,,,1180ito
1.0,5,0,0.5048,0.0,,,10y4wu5
0.95,28,2,0.4899,0.3333,quit,"How would I tell interviewers why I quit my job, won’t they see this as me not willing to be flexible?",10skcoy
1.0,5,2,0.314,0.3333,quit,"This has been suggested before, so that’s a good sign! And with how big the insurance industry is it’s likely that I could find a position where my experience is relevant after my 2-5 year timer goes ",10bfpck
1.0,5,3,0.2365,0.3333,applied,*typos: first post didn't take due to lack of flag. Had to take a screenshot and extract the text from there. Should have proof read it.,zflgrn
0.92,1,0,0.5972,0.3,,,xro2cp
1.0,1,0,0.5972,0.0,,,xgyfkb
1.0,1,0,0.5972,0.0,,,xckpao
1.0,1,0,0.5972,0.0,,,wmtwj3
0.88,13,0,0.0779,0.0,,,wbvotu
0.74,8,4,0.4033,0.0,,"&gt; On days from the office, try registering for an online course. Work on your homework or papers.

Good idea thank you",w7xtlo
0.67,4,2,0.3445,0.0,,"Hello. 


You are right. 😊. I agree. I guess I panicked out of fear.  

Let's hope this opportunity is not dead yet though and that there will indeed be other opportunities if this guy doesn't get bac",w61tq3
0.67,2,1,0.5722,0.0,,"Yeah, I'm definitely concerned that if I bring up that I felt it didn't go well, that might emphasize things that maybe weren't that big of a deal to the interviewer. It's risky to mention, but if the",w3z8k0
1.0,2,1,0.7903,0.0,,"Luckily I am a very fast learner, I just hope I'm able to confidently show it! TV was what I wanted to do for so long but my own self-doubt has kind of driven me away from it, I don't want the same th",vwp2e6
0.96,23,0,0.0533,0.0,,,vs1pci
0.81,25,7,0.27,0.3333,quit,But if I stopped working I can use that time to prep for interviews. While I am not doing anything productive in my current job it would be very weird if I were to do interviews or apply to jobs in wo,vrvopm
0.97,16,1,0.4183,0.0,,I don’t have the funds for it,1qbxwkw
1.0,0,0,,0.0,,,1q6t9cm
0.75,1,0,0.9259,0.0,,,1pu5o9o
0.5,1,0,-0.608,0.0,,,1phxffi
0.5,3,2,0.2893,0.0,,I know of a company that will hire you off the street just so they can fill a void. They need electricians. I have a friend who's a welder and works for that same company burning pipe to build racks f,1pa0q9x
1.0,1,1,0.6369,0.0,,I get $23/hour (before taxes). I've found that's a lot to ask for.,1p9edwg
0.25,4,0,-0.2623,0.0,,,1oogps8
0.5,0,0,,0.0,,,1oh474y
0.67,7,2,0.067,0.0,,😂😂😂,1nt2t4x
0.33,2,2,0.1515,0.0,,Yea there was no direction of what to do with the mail or how to deal with it .I would go back to my boss but they are planning on firing me any day now so I think speaking to him about it will only m,1n8nrqh
0.96,5,3,0.5998,0.0,,"No kidding on the debt. But I get a tuition discount, and my current supervisor (who is awesome) actually might be angling to get me a better deal.

But yeah, school is expensive. There's no doubt abo",1mpe1rf
0.25,1,0,,0.0,,,1lu30bv
1.0,0,0,,0.0,,,1kodids
0.5,1,0,0.6932,0.0,,,1kiwff3
0.5,1,0,0.5994,0.0,,,1k8ovjw
0.99,7,5,-0.2747,0.3333,quit,"It's so bad, me and my coworkers complain alot but of course we're only the working ants so we usually get shrugged off and a ""well that's what they want to do"". Like this can't be legal right?",1k086ff
,0,0,,0.0,,,1jv79e6
,0,0,,0.0,,,1ju4xk8
1.0,2,0,0.2275,0.0,,,1jjhi9f
0.86,2,1,-0.0008,0.0,,"No,sorry…",1jjbi22
1.0,2,1,-0.2224,0.0,,"That's what I was thinking too - I actually did see one that had mutual connections, but I won't contact them since they also don't seem active. Thanks for the input.",1jcsae0
,0,0,,0.0,,,1ir42ux
,0,0,,0.0,,,1ipvqg3
1.0,0,0,,0.0,,,1ipe5jq
0.5,1,0,0.6369,0.0,,,1igkjow
0.99,1,0,0.9329,0.0,,,1ieooje
1.0,1,0,0.7003,0.0,,,1hcuroh
,0,0,,0.0,,,1hcthpx
,0,0,,0.0,,,1gvleq4
,0,0,,0.0,,,1g2mgms
,0,0,,0.0,,,1fvd686
,0,0,,0.0,,,1f5emtp
,0,0,,0.0,,,1f2ojpn
,0,0,,0.0,,,1ew54j7
,0,0,,0.0,,,1e5l85y
,0,0,,0.0,,,1e04ppx
,0,0,,0.0,,,1dzomy7
,0,0,,0.0,,,1dohb81
,0,0,,0.0,,,1djown9
,0,0,,0.0,,,1dhdivm
,0,0,,0.0,,,1dfooc9
,0,0,,0.0,,,1d3teva
,0,0,,0.0,,,1cue2es
,0,0,,0.0,,,1ctrkoj
,0,0,,0.0,,,1cpyss9
,0,0,,0.0,,,1c7f3v6
,0,0,,0.0,,,1c65xnr
,0,0,,0.0,,,1bugiu3
,0,0,,0.0,,,1b3eicm
,0,0,,0.0,,,1b23930
,0,0,,0.0,,,1adeulq
,0,0,,0.0,,,19d4hb4
,0,0,,0.0,,,18u71tj
,0,0,,0.0,,,18tqns7
,0,0,,0.0,,,18nycjt
,0,0,,0.0,,,18ft83h
,0,0,,0.0,,,18a9cax
,0,0,,0.0,,,17w1s3t
,0,0,,0.0,,,17vu3s2
,0,0,,0.0,,,17bsv8i
,0,0,,0.0,,,175hkc3
,0,0,,0.0,,,171bf0u
,0,0,,0.0,,,16pb6zj
,0,0,,0.0,,,16lwnrw
,0,0,,0.0,,,16i985y
,0,0,,0.0,,,16gcytc
,0,0,,0.0,,,169xult
,0,0,,0.0,,,167nq6x
,0,0,,0.0,,,166q3kk
,0,0,,0.0,,,15z7pae
0.73,22,10,0.2232,0.6667,"quit,accepted",Thank you!,15yr99i
,0,0,,0.0,,,15ws7ov
,0,0,,0.0,,,15sxta2
0.96,19,5,0.532,0.3333,applied,"Thanks! I hope to finally land a job that I can use as a stepping stone to leave, i'll just keep brushing up my resume",1518ad1
1.0,10,7,-0.3671,0.0,,"Sorry that happened to you as well.  Like you said, it’s probably best to just focus on the positives and move forward. I also had some crazy thoughts of revenge too like vandalism on their building b",15006dq
,0,0,,0.0,,,14o459x
,0,0,,0.0,,,14fly8s
0.69,16,9,0.5292,0.0,,"comment below yours actually has a very similar gig of 5 on 5 off, sounds great but those 7 days straight sound like they could be terrible. I've done up to 2 weeks straight before at my retail job wh",13687hh
0.5,2,0,0.2986,0.0,,,1268phf
,0,0,,0.0,,,11iviv0
,0,0,,0.0,,,11856al
,0,0,,0.0,,,1149ntc
1.0,2,0,0.7812,0.0,,,102fugk
,0,0,,0.0,,,zozu10
,0,0,,0.0,,,yqd2c9
0.57,3,1,0.3738,0.0,,"Oh I did 

They said unfortunately they arent hiring on any more people due to budget reasons",w86ett
1.0,3,2,0.5746,0.0,,"I have to think about job stability and overall compensation. California isn't cheap and if I make a wrong choice it effects my family. 

I do agree though in terms of the commuting. I would love to n",vib9g1
1.0,3,0,0.6413,0.0,,,uglbmv
1.0,2,1,0.4792,0.0,,"Hmm, I don't know if I want to burn that bridge though? I'd feel super uncomfortable just being like, ""hey this is my last day. Sorry about the short notice"". It just seems like, not okay idk",tjhc7d
1.0,3,1,0.7623,0.0,,Thank you so much for your kind words they really mean a lot. I'm glad I can help in any way. These chats happen every Thursdays starting around noon PST and typically go until about 6-7pm PST. Yester,tjfuuy
1.0,4,0,0.0783,0.0,,,t1exme
,0,0,,0.0,,,s5yo1v
,0,0,,0.0,,,s4v4zy
,0,0,,0.0,,,ryifjh
1.0,4,3,0.3551,0.3333,left,That's crazy. I'm glad that they did a background check. I mean already left the old job so it is what it is. But thank you anyway.,rr3o47
0.5,3,1,-0.0329,0.0,,Maybe. I’ve wondered if the air headed ness is untreated undiagnosed add/adhd. Part of it is I’ve had 14 jobs since I started working full time 10 years ago when I was 20. Which just doing the math of,raqw1m
,0,0,,0.0,,,qvpnb9
,0,0,,0.0,,,qhieuc
0.76,3,0,0.0192,0.0,,,q7gozk
,0,0,,0.0,,,pxdla2
,0,0,,0.0,,,psilgi
,0,0,,0.0,,,p9x19z
,0,0,,0.0,,,ozlpan
,0,0,,0.0,,,omgjmg
,0,0,,0.0,,,oivqjj
,0,0,,0.0,,,oipvxk
,0,0,,0.0,,,oi7cu4
,0,0,,0.0,,,ofe1ds
1.0,4,3,0.4781,0.0,,"Thank you I’ll try this out! I’m more engineering role while my manager is operations so he’s not very technical, it’s all project management/people management but maybe I can shadow or hop in meeting",n5k2w4
1.0,2,0,0.6916,0.0,,,mdgrvq
,0,0,,0.0,,,llakkz
,0,0,,0.0,,,ktb699
,0,0,,0.0,,,jw9sq8
0.84,4,1,0.4271,0.0,,Lmao 😂,j8imvr
,0,0,,0.0,,,izwfg1
,0,0,,0.0,,,ingo7z
0.67,3,1,0.7186,0.0,,Thank you so much for this advice! I went in today and got the job offer pretty much on the spot. You’re a lifesaver!!,ingfjf
0.84,5,1,-0.0188,0.3333,moved out,"The web and tech jobs especially these days; is where all the money and opportunity is at.

The sky's the limit in tech, you are limited by your own creativity.  A good friend of mine after school, we",i9996c
,0,0,,0.0,,,i65m7m
,0,0,,0.0,,,hqvfzm
,0,0,,0.0,,,hovqez
0.72,2,2,0.5932,0.3333,quit,"I think they may be put off by the fact that the ""Financial Analyst"" position I have listed is for a start-up company a co-founded with a few friends.",gd2p69
0.81,6,5,0.6495,0.3333,quit,"I've interned in music publishing and absolutely would consider it. 

Question though: a lot of my jobs that I think are good experience come from my doctorate-- for example, lots of teaching fellowsh",f8uclc
1.0,2,1,-0.2974,0.0,,"If they don't h1b visa, then how do I convince them I am not a job hopper? In this case having multiple jobs I will try to convince them that this is a sponsorship situation, but if they don't underst",f51ce6
,0,0,,0.0,,,ep5w6p
,0,0,,0.0,,,eapnb7
,0,0,,0.0,,,e601k3
0.92,5,3,0.8396,0.0,,Thank you! Yeah I’m going to say my congrats and keep it moving cause I don’t see them or talk to them too often. It’s just weird that both times people who I haven’t heard from in half a year text me,dvv94d
,0,0,,0.0,,,bzkt0m
,0,0,,0.0,,,b9dof4
0.98,16,2,0.4214,0.0,,"Haha, I guess accepting the fact that I'm supposed to miserable is somewhat comforting",b8b115
1.0,3,0,0.3708,0.0,,,ayr1te
,0,0,,0.0,,,ayhc4y
,0,0,,0.0,,,al8r51
0.97,10,1,0.2082,0.0,,"If I leave now, should I just leave this stint off my resume?",a77fiy
1.0,2,2,0.4415,0.3333,quit,What kind of certs?,a66clw
0.89,3,2,0.3419,0.0,,"Thank you for the encouragement. It definitely helps. I’ll try to stretch my employment dates, but I definitely do not want to be deceptive. Anything less than 1 year seems to be looked down upon, unf",9k88v9
1.0,2,2,0.3841,0.0,,"I feel pulled between going back to school, potentially for nutrition (since I'm more interested in that than nursing), and trying to really build my film portfolio. My issue with going back to school",8t5zeo
,0,0,,0.0,,,8lrnzf
,0,0,,0.0,,,8e4eps
0.6,1,1,,0.0,,"Thank you! Yeah, I figured, although I’m hoping I’ll have some luck before things get too bad at my current role. 

That sounds very much in line with what I plan to say in interviews, but should I in",83qe0y
0.7,7,2,0.6127,0.0,,Dang you're right.  I've already sent it though. Lol.  I'll do this next time.,815g3b
,0,0,,0.0,,,7xuznj
,0,0,,0.0,,,6ql6s6
,0,0,,0.0,,,6ljf87
0.76,3,0,0.8952,0.0,,,6k9obk
0.79,0,0,,0.0,,,6h3mm2
0.6,1,1,0.5905,0.0,,I am applying to literally every job I qualify for that pays my minimum so if I get lucky enough to get a family friendly place that'll be awesome. I used to thing mommypreneurs set up so because they,66789s
,0,0,,0.0,,,5u04to
0.75,1,0,0.9348,0.0,,,5toqvb
0.97,25,2,0.7924,0.0,,Thanks for the kind words!,5tm5bl
,0,0,,0.0,,,5rro34
,0,0,,0.0,,,5h277s
0.97,8,3,0.3761,0.3333,applied,"My sister is an HR Recruiter, she says she uses LinkedIn all the time and often find good candidates who might not have even applied for jobs in her companies or are aware of open postings. It's a pre",5gx42c
1.0,1,1,0.4767,0.0,,Should I mention the areas I flopped in saying I have a willingness to learn and thank them for the 2 good things they liked about me?,52z0xa
0.89,7,5,0.4157,0.3333,applied,"Thank you! I work in marketing and communications, so a role related to that.",4trlhz
,0,0,,0.0,,,4l40kx
0.89,4,0,0.5158,0.0,,,4a998x
,0,0,,0.0,,,3v5grv
,0,0,,0.0,,,3lfd3f
,0,0,,0.0,,,3f3u26
1.0,2,1,0.1164,0.0,,"Too lazy to PM right now but I probably will in the morning. Quick question though, if the application says they will contact you in 2-3 weeks should I contact them before 2 weeks?",3eeuid
0.98,14,3,0.1323,0.0,,Documentation is generally useful if kept in case of a wrongful termination or something illegal.  In my case it was a bit more personal.  I don't want my job back and I don't want any paid benefits o,3cghcp
,0,0,,0.0,,,3cg1w3
,0,0,,0.0,,,3axr9a
,0,0,,0.0,,,3a62zl
1.0,0,0,,0.0,,,38khjl
0.99,2,2,0.7661,0.0,,"The commute would bring my take home to less than minimum wage, unfortunately and moving closer to a university would mean way higher living costs.  If I have to move anyway I will look into it, thank",38azmf
0.94,6,0,0.4431,0.0,,,36cqgb
,0,0,,0.0,,,2x1bp9
,0,0,,0.0,,,2wcj8p
,0,0,,0.0,,,2v3x8q
,0,0,,0.0,,,2ay7k5
0.69,9,2,0.4143,0.0,,"I see. That kind of spin does make sense and I could see the use of it. This was for a temporary graphic designer position though, only lasting about two months and mostly independent file set-up/corr",240878
,0,0,,0.0,,,21gmvc
,0,0,,0.0,,,1wvaa2
0.9,4,1,0.9568,0.0,,"Thank you all so much for the encouragement and ideas :) I haven't thought of a lot of the ideas, and now I have more places to look at. I'm pretty good with 1 on 1 interactions, so tutoring would be ",1lfxxj
1.0,1,0,0.9618,0.0,,,1hwybl
,0,0,,0.0,,,1hk01t
,0,0,,0.0,,,1e25q0
,0,0,,0.0,,,1cm0ll
0.89,4,3,0.7719,0.3333,moved out,"1. I had to cut my stay short in China because of visa complications that stemmed from switching jobs once I was over there. Nonetheless, I am fairly outdoorsy and am disinclined to go back just becau",1c9y8c
,0,0,,0.0,,,19buhh
,0,0,,0.0,,,143zk2
,0,0,,0.0,,,133jc8
0.88,7,6,0.1569,0.0,,You are welcome. I am glad this helped.,tqk2r
,0,0,,0.0,,,rt6sv
,0,0,,0.0,,,mkljl
,0,0,,0.0,,,g43ic
0.22,2,1,0.3125,0.0,,"No, just sharing my experience and my work, so maybe is helpful for someone ☺️",1qgm0w0
,0,0,,0.0,,,1q8p367
,0,0,,0.0,,,1ik4k3l
,0,0,,0.0,,,1f3obrq
0.62,6,4,0.3843,0.0,,Unfortunately I live in the deep south - I've done a little bit of looking around but it's an at-will state and the people I've talked to didn't have a lot of hope for me. They're allowed to fire me f,1dkkus9
,0,0,,0.0,,,16g5655
,0,0,,0.0,,,153gmkt
,0,0,,0.0,,,11jh9cj
1.0,2,1,0.6863,0.3333,rejected,Thanks so much for the advice. That sounds so reasonable and probably something I should have thought of - maybe another reason I should slow my roll for a little bit to get my head on straight. What ,t1kh1l
0.92,21,2,0.1849,0.0,,"Mine. But normally, we're told specifically ""Put this room Out of Order."" This is the first time I've just been told not to assign a room.",oqzdaw
,0,0,,0.0,,,npqzdv
,0,0,,0.0,,,mab47c
,0,0,,0.0,,,luognc
1.0,1,0,0.9766,0.0,,,gyepug
1.0,3,2,-0.2275,0.0,,No this is a real company and I get paid hourly + commissions,d0cduw
,0,0,,0.0,,,bo8d19
,0,0,,0.0,,,bl1o99
0.81,2,0,0.3167,0.0,,,6iuyjq
0.95,25,1,-0.0254,0.0,,"Looks unfortunately play a big roll in the corporate world.  When I look at my current employer, the unattractive, overweight, etc. make up almost all of the low end jobs.  If you want to move up into",6dofmt
,0,0,,0.0,,,4mu1ob
,0,0,,0.0,,,2hcyo3
,0,0,,0.0,,,m4ngx0
1.0,3,1,0.1235,0.0,,"Thank you. The thing is I'm not that attractive in the market, was previously unemployed for a long time, other companies looking at my resume would not be impressed. If I could just go somewhere else",knqcdj
,0,0,,0.0,,,1qm1xs2
,0,0,,0.0,,,1q959az
,0,0,,0.0,,,1q91pv5
0.8,0,0,,0.0,,,1ppdkrh
0.75,6,4,0.4337,0.3333,left,They have a website but it hasn’t been updated in years. The address I’m working at isn’t even listed,1pnl908
,0,0,,0.0,,,1pkh3hm
,0,0,,0.0,,,1pgbejd
,0,0,,0.0,,,1pbmn78
1.0,19,4,0.2002,0.0,,So true thank you!!🥹,1p7xa1b
0.4,1,1,0.9832,0.0,,"thanks, i needed to hear that, and i appreciate the advice! i just got in my own head about it and needed some opinions lol",1oyshkg
,0,0,,0.0,,,1ovtct3
,0,0,,0.0,,,1ou0xny
,0,0,,0.0,,,1oq1kzz
,0,0,,0.0,,,1opi592
,0,0,,0.0,,,1ob6vjj
,0,0,,0.0,,,1o3vxao
,0,0,,0.0,,,1nu7vj3
0.67,4,3,0.2435,0.3333,accepted,"Thanks !! I already accepted the offer, they are just needing that.  hopefully I hear from them soon",1nnxfei
0.83,15,10,0.1414,0.0,,"I see, the last interview annihilated me when they wanted my entire life job history. Tried lying via DoorDash.  But they wanted proof 😆, yea I learned a lot from that interview.",1mzh8c2
1.0,3,0,0.5879,0.0,,,1mp80lp
1.0,2,0,0.3148,0.3,,,1moip4u
1.0,3,3,0.5177,0.3333,accepted,That's what I was thinking but then I mentioned to HR that this is an appointment that cannot wait for  next week and it's something urgent. I do think that urgent cares don't do appointments and the ,1mo0jr7
1.0,2,2,-0.405,0.0,,"It feels bad too cuz all the jobs I’m applying to are like “You need to be detail oriented and whatnot” and then I go and do this lol. I’m usually incredibly detail oriented too lol, but I just plain ",1mgfbam
1.0,1,0,0.0,0.0,,,1mcnfx3
0.78,6,0,0.0016,0.0,,,1makszb
0.75,8,1,0.1193,0.0,,"right?

so i didn't overreact right?",1lwzj5e
0.39,6,3,0.391,0.0,,"Honestly... thanks to the job just tired of thinking, and guess my ideas are all over the place.",1lfpen4
,0,0,,0.0,,,1lf1kgu
,0,0,,0.0,,,1le840x
,0,0,,0.0,,,1le71z6
,0,0,,0.0,,,1l8vsr1
0.5,3,0,0.922,0.0,,,1kyohj2
,0,0,,0.0,,,1kx1ltj
,0,0,,0.0,,,1kve2xv
1.0,0,0,,0.0,,,1ktzmmp
1.0,2,0,-0.0513,0.0,,,1ksbrmv
,0,0,,0.0,,,1kmtiok
,0,0,,0.0,,,1kmj2vs
0.73,3,0,-0.0667,0.0,,,1kfkapz
,0,0,,0.0,,,1ke5ua9
,0,0,,0.0,,,1kda1fh
,0,0,,0.0,,,1kbjhwx
1.0,2,2,0.1445,0.0,,You are extremely perceptive.,1k23jx7
,0,0,,0.0,,,1k0u2fx
,0,0,,0.0,,,1jz1jta
,0,0,,0.0,,,1jvjjyw
1.0,0,0,,0.0,,,1juj3u4
1.0,1,0,0.2023,0.0,,,1jqnn7g
0.5,1,0,-0.4023,0.0,,,1jbjm9s
1.0,3,2,0.5173,0.0,,"Yeah it’s been a big perk. My kitchen is completely empty, i only use it to store water and microwave food that I save from work lol",1jawbw9
,0,0,,0.0,,,1jaedji
,0,0,,0.0,,,1j67opv
,0,0,,0.0,,,1j5jkm0
0.75,1,0,0.6952,0.0,,,1j51x1u
1.0,1,0,-0.5875,0.0,,,1j4blk1
1.0,6,0,-0.1338,0.0,,,1izwng1
0.67,5,0,0.4888,0.0,,,1ip05tw
,0,0,,0.0,,,1inbnk1
,0,0,,0.0,,,1ikecf4
,0,0,,0.0,,,1ickdtm
0.8,3,1,0.1533,0.0,,"I agree, and Im super happy to finally get away! But my question just refers to the possibility of leaving this new job for that full-time position at my former college (if i get it). I'm just nervous",1hj5nek
1.0,1,0,0.9721,0.0,,,1hdh2nz
0.57,1,1,0.7777,0.0,,"Thank you. realistically, I think this interview is assessing hard skills (i.e. getting the correct answer, with min. time.) so it doesn't matter about ""soft skills"" or ""how likeable I am"". Even if I ",1h1u7th
1.0,0,0,,0.0,,,1gzcsgb
,0,0,,0.0,,,1gvwdj7
,0,0,,0.0,,,1gm2ge8
0.94,12,4,0.0242,0.0,,It definitely was a legitimate place (they do work in entertainment so not a typical company but a lot of legit clients) but I’m getting the sense that working there meant bending over backwards them/,1gfzkot
1.0,1,0,0.5106,0.0,,,1g5s90f
,0,0,,0.0,,,1fy01ke
,0,0,,0.0,,,1fk7u6d
,0,0,,0.0,,,1fd86l3
0.9,2,1,0.6872,0.3,,Bruh what? I’m a dude. But I won’t get a girl pregnant lol,1fcm1vz
1.0,1,0,0.0,0.0,,,1fa86n9
,0,0,,0.0,,,1fa1vbq
,0,0,,0.0,,,1f3fy8w
,0,0,,0.0,,,1eudk82
,0,0,,0.0,,,1es3leg
,0,0,,0.0,,,1eq10ww
,0,0,,0.0,,,1emn10k
,0,0,,0.0,,,1ekxfwq
,0,0,,0.0,,,1ek88zc
0.5,0,0,,0.0,,,1ehrwo7
1.0,1,1,0.9143,0.0,,Tyty I'll do my best and give it more than my 100% from now on!!!!,1ea0kct
,0,0,,0.0,,,1e4trdr
,0,0,,0.0,,,1e2qra9
,0,0,,0.0,,,1e07hi1
,0,0,,0.0,,,1dzk9se
,0,0,,0.0,,,1dz4rva
,0,0,,0.0,,,1duxsb3
0.5,2,0,-0.4326,0.0,,,1dn1ydx
,0,0,,0.0,,,1dgssj4
,0,0,,0.0,,,1dfgats
,0,0,,0.0,,,1d9esia
0.99,4,3,-0.2164,0.0,,"The legal agreements that I was working on was a mistake by my supervisor. I didn't make a fuss about it. 

Just that it was sent to so many people. Also, my job also has external relations mixed in. ",1d8oxmn
,0,0,,0.0,,,1d7yzqb
,0,0,,0.0,,,1d7mmlp
,0,0,,0.0,,,1d2toru
,0,0,,0.0,,,1cyyis4
1.0,2,0,-0.7266,0.0,,,1cvzbo9
1.0,0,0,,0.0,,,1csn9x9
,0,0,,0.0,,,1crlvd3
,0,0,,0.0,,,1cp0cg0
,0,0,,0.0,,,1cow14r
,0,0,,0.0,,,1clxva1
0.99,1,1,,0.0,,I hope you're right. I do tend to overthink  It's stressing me out.,1cjqzhl
1.0,0,0,,0.0,,,1cjjs0e
0.72,1,0,0.6151,0.0,,,1ci197z
,0,0,,0.0,,,1bzx8hx
,0,0,,0.0,,,1buso91
,0,0,,0.0,,,1bhikiq
,0,0,,0.0,,,1beq45g
,0,0,,0.0,,,1ba4bhf
,0,0,,0.0,,,1b6ne3y
,0,0,,0.0,,,1b6l3yk
,0,0,,0.0,,,1b2ubdb
,0,0,,0.0,,,1b2ubda
1.0,1,0,-0.7469,0.0,,,1b1d7ks
,0,0,,0.0,,,1ay97q6
,0,0,,0.0,,,1amgumx
,0,0,,0.0,,,1alpbp5
1.0,3,0,0.0898,0.0,,,1ahrza1
1.0,0,0,,0.0,,,1ahfpvr
0.95,27,7,-0.0617,0.3333,left,Thanks you for the response! Appreciate your perspective. It definitely feels like they were looking for reasons.,19fjfjk
,0,0,,0.0,,,19a4ot4
,0,0,,0.0,,,198fuiv
,0,0,,0.0,,,18ku01n
,0,0,,0.0,,,18jkvkt
,0,0,,0.0,,,18jctqu
,0,0,,0.0,,,18jca12
1.0,0,0,,0.0,,,18axzof
,0,0,,0.0,,,188j73q
1.0,1,1,0.4954,0.0,,Anyone? Guys I really need some feedback on this!! Please,17xz0ln
0.99,0,0,,0.0,,,17j79gk
0.67,9,2,0.0577,0.0,,"I was killing every single answer, really getting into the mood, but the moment he asked that i legit started wondering the logic of this company, heck, i presented their product better than they do",17ga6x8
1.0,1,1,0.0,0.0,,"According to the Unemployment website I did not make enough to qualify. But that is because I filled out the form incorrectly. And I called to fix it, and they were not helpful. Essentially 'if we not",17f4egh
1.0,1,1,0.9448,0.0,,I hate this feeling of failure but you're right. Providing for my child will always come first.,17etu41
0.79,4,4,0.2246,0.0,,You're definitely right. Thank you :),1771sa1
1.0,1,1,0.9106,0.0,,"So much of what you said is exactly my experience. ""Every day is training."". Okay, I had to ask my way through everything that should and could have been told to me day 1, including file management, s",173jxoj
1.0,2,2,0.8442,0.3333,left,Thank you so much for the insight. I’ll check into the agency side of it. I’ve only done independent work. Best of luck to you!,17362ja
0.93,18,8,-0.3212,0.0,,"thank you! no advice is negative as long as it’s constructive!

i have been applying from USA, i live in florida currently. 

i feel like im overqualified for most entry level positions but then get c",16yuel3
0.78,3,3,0.1608,0.3333,left,"the stress is killing me, agreed. i guess part of the grieving process is not to reminisce about the what if one had stayed in their previous job, and I think there must have valid reasons at the time",16x32fd
1.0,1,1,0.6567,0.0,,"My advice is simple, 

Take the job, even it's not at the location you wanted take it. Do the dirty work, accept the 'crappy tasks' and do them to the best of your ability.  If your employer hires goo",16sywnj
1.0,1,0,0.6486,0.0,,,16ozqqn
0.98,22,0,0.5301,0.0,,,16makbg
0.99,2,1,0.2287,0.0,,"It did go well. Thank you! It can be nerve wracking but I found out afterward that they needed to run it by HR to get approval.

I hope good news awaits you on the other side as well. Pls update when ",16cn171
0.84,7,1,0.5916,0.0,,Thanks everyone!!! I'm starting to feel a lot better about my choice. I appreciate the support.,1696hmp
1.0,2,1,0.3815,0.0,,"their follow up email was more of a “Hey, here’s the max salary, here’s the hybrid model, here’s examples of a shift, please let me know what you think of these factors. i’m eagerly waiting for your r",166xo1m
1.0,2,0,0.2681,0.0,,,161l2sd
0.93,24,3,0.4435,0.3333,quit,"For context, $50k in my industry is pretty lowball. I have been making $65k for a few years but quit due to the toxic work culture at my last job. I just couldn’t take it anymore. $55k is the lower en",1610jiy
1.0,0,0,,0.0,,,15yqp3f
1.0,2,0,0.6136,0.0,,,15wifd7
0.75,4,2,0.2715,0.0,,"Definitely a lesson learned. Appreciate it, I hope you’re right. 🤞🏼",15v4iby
0.67,3,0,0.3955,0.0,,,15uhthw
1.0,2,2,0.4378,0.0,,"you're saying that I should rather be worrying about how much they will offer instead of whether I will be chosen as the best candidate?

If so, I am planning to ask salary that is around or above the",15nu235
1.0,1,0,0.7209,0.0,,,15l6268
0.5,0,0,,0.0,,,15ip7q0
0.6,4,1,-0.0312,0.3333,rejected,"But is it normal for them to essentially tell you you have the job then spring that on you? It seems as if they don’t really think I’m the right fit for it, so I feel like interviewing for it, getting",1gfs8s3
1.0,0,0,,0.0,,,1r7csuv
0.5,1,0,0.6486,0.0,,,1r74dkw
0.5,3,1,0.5926,0.0,,"Thank you for your advice and that’s true I am inexperienced and need to put myself out there. But also, I think the only jobs I’ll be qualified for are retail and costumer service jobs. I already am ",1r6g69b
1.0,3,0,-0.3591,0.0,,,1r2j0wu
1.0,1,0,0.5187,0.0,,,1r1qotp
0.66,0,0,,0.0,,,1r1b2a5
0.94,7,0,0.4003,0.0,,,1qmmk4k
0.86,20,0,0.0492,0.0,,,1qk3of8
0.88,8,4,0.4965,0.0,,"Thank you so much, this is really helpful to me and it is motivating to move forward.",1qls0el
0.69,12,0,-0.037,0.0,,,1qojblu
0.84,0,0,,0.0,,,1qro4ox
1.0,2,0,0.498,0.0,,,1qkm0qf
0.95,20,2,0.3327,0.0,,"I hear you. Walking away from a steady IT career isn’t easy, but it takes real courage to actually chase something you enjoy. Even if the money side wasn’t great, not many people can say they gave the",1nhfy3f
0.98,37,2,0.451,0.0,,"It really isn’t that simple, the company lost a lot of their clients and therefore they cut a lot of staff",1lj2ae3
0.88,26,12,0.2675,0.0,,"I started my career a bit late (25) due to life situations, but I was very much have a plan kinda guys. You don't go into a competition without a plan, don't save for retirement without a plan, don't ",1o2zoxn
0.91,32,1,0.1622,0.0,,There’s a one hour break in between,1lo523m
0.96,29,2,0.441,0.0,,"i did, but i feel taking on more debt is not the answer. If my work can pay for nursing school, then sure i’d go for bursing but in my opinion and from others, it would not be wise to pause my loans a",1osr2o4
0.83,37,2,0.015,0.3333,quit,I’m still working at my current company and will be giving my notice Monday.,1jhkjnj
0.99,20,1,0.3447,0.0,,[removed],1pxyq55
0.96,16,6,0.3874,0.6667,"left,went back","Thank you! I'm hoping for the best.

If anything, I'm confident I can hopefully turn the current job into good experience for my CV.",1o8ox49
0.92,12,2,0.0714,0.0,,The area is super nice but it's really expensive.,13fiw1e
0.87,15,1,0.0883,0.0,,"Job is 120 miles away from home and wife did not want to move. I stupidly agreed with her at that time.

I'm now on my own",1hkmvui
0.67,2,0,0.1721,0.0,,,1qzfhc8
1.0,1,1,0.5781,0.0,,"Thanks a lot . I really appreciate this,",1qxjaq2
1.0,1,0,-0.2732,0.0,,,1qrpsyj
1.0,0,0,,0.0,,,1qnp0gu
,0,0,,0.0,,,1qncm66
,0,0,,0.0,,,1qg6je3
,0,0,,0.0,,,1qe5m2n
,0,0,,0.0,,,1ptfeia
0.33,2,0,0.3541,0.0,,,1poabjq
0.33,0,0,,0.0,,,1pnxila
0.89,4,0,0.3883,0.0,,,1p6yl6h
,0,0,,0.0,,,1onsa5g
1.0,0,0,,0.0,,,1ojql5x
0.64,8,0,0.3642,0.0,,,1ojq7ti
0.5,2,1,-0.5496,0.0,,"Thanks for responding!!

Yes, it is and autoimmune makes it 10X worse.
I live in India, I can sustain 4 to 5 months.",1oh9zsx
0.81,13,13,0.3405,0.6667,"quit,left","Fair enough. I do believe reconnecting with him could realistically lead to an interview. That said, as others have noted, I’ll need to present clear and compelling reasons to support my decision to p",1oak4vc
1.0,2,2,0.4753,0.0,,That’s a fair comment. The only issue is I’m not sure if my head of department AND family friend are working together? It seems fuzzy. My head of department can be VERY pessimistic sometimes. And I’m ,1o57jzs
0.09,14,0,0.2104,0.0,,,1o3vand
0.92,16,7,0.3994,0.0,,"Unfortunately it was a verbal offer. In my defense, he is the head of HR, and I thought he will keep his word and respect his position.",1nk97x7
0.94,10,4,0.5487,0.3333,quit,"Yeah.. thank you, I was 17 as well. Should have taken care of my job, I should’ve listened to my parents when they told me not to quit also. Lesson learnt",1ne4o7t
,0,0,,0.0,,,1ne3kih
,0,0,,0.0,,,1ncc1kp
,0,0,,0.0,,,1nax603
0.8,19,5,0.3004,0.0,,Thank you for opening my eyes about this. Sometimes I feel like it’s too late to change.,1n1b4un
,0,0,,0.0,,,1mxhuhb
,0,0,,0.0,,,1mwgcgo
,0,0,,0.0,,,1ms9znm
,0,0,,0.0,,,1mocefb
1.0,1,0,0.0,0.0,,,1mkp4gp
,0,0,,0.0,,,1mk6dqv
,0,0,,0.0,,,1m6jbze
,0,0,,0.0,,,1lxt3ny
,0,0,,0.0,,,1luauxt
1.0,2,2,-0.1237,0.0,,"Because I was a little saturated and unmotivated, and the opportunity was given in a company that was always my dream to join. And just now it was given to me, but I feel that now I value more what I ",1lrjn2w
,0,0,,0.0,,,1lq9ulp
,0,0,,0.0,,,1lo4q5a
,0,0,,0.0,,,1lo4l0i
1.0,0,0,,0.0,,,1lnhak1
1.0,0,0,,0.0,,,1lihsze
,0,0,,0.0,,,1lcuvqw
,0,0,,0.0,,,1lcfhnr
,0,0,,0.0,,,1laglvl
,0,0,,0.0,,,1l9elee
,0,0,,0.0,,,1l88bls
,0,0,,0.0,,,1l87v3y
0.85,16,2,0.3851,0.0,,"My main motivation is the career growth opportunity (higher pay ceiling), but becoming a social butterfly is not my goal. Though, it would be nice if I were to become one through this new role. Like y",1l6ojeo
1.0,0,0,,0.0,,,1l4hyes
1.0,1,0,0.7663,0.0,,,1kzcepg
0.74,36,6,0.191,0.0,,"That's what I don't know... in 3 years will I hate myself for 1) prioritizing money over my mental health, then lose the chance to go back to my previous role, or 2) prioritizing my mental health, but",1kwt62e
0.92,8,0,0.6128,0.0,,,1ku65ws
0.87,5,1,0.1126,0.0,,"I have a few times, nothings really changed. 

They have a HUGE work culture in their family. Like
a huge part of their life revolves around work. 

They straight up don’t see working long hours as an",1km4jor
0.87,9,0,0.4298,0.0,,,1ka4zoz
,0,0,,0.0,,,1k6i5qu
,0,0,,0.0,,,1jpt55f
,0,0,,0.0,,,1jp2d0u
,0,0,,0.0,,,1jdxpky
,0,0,,0.0,,,1jbx7ux
1.0,0,0,,0.0,,,1j97dfr
1.0,1,0,-0.793,0.0,,,1j83ang
0.81,17,1,0.5922,0.0,,"Thanks all, I really appreciate all of your advice! I'm going to be honest with my former manager when I talk to her and we'll see what happens. ",1irur0a
0.75,2,0,0.254,0.0,,,1iihy30
,0,0,,0.0,,,1i9qhm1
1.0,1,1,0.8563,0.3333,quit,"I see your point, but I also am aware that I'm very anti-change by default - I tend to see the worst of all new situations, so I want to give the new job a fair chance. Many seemingly bad situations h",1i76anf
0.89,26,1,0.0527,0.0,,"I appreciate your understanding. My transportation costs are about 10% of my salary, and I’ll lose 3 hours of personal time commuting. Additionally, my manager mentioned that this year will bring more",1hscpy4
,0,0,,0.0,,,1hrapx7
,0,0,,0.0,,,1hr5nwy
,0,0,,0.0,,,1h91zj9
0.67,3,0,0.0615,0.0,,,1gyxpzf
1.0,2,0,-0.0924,0.0,,,1gxfuo7
,0,0,,0.0,,,1gu3tgu
,0,0,,0.0,,,1gol7yi
,0,0,,0.0,,,1gog8nv
,0,0,,0.0,,,1gk9pi2
1.0,3,0,0.6908,0.0,,,1gg3s0q
,0,0,,0.0,,,1g8eax6
,0,0,,0.0,,,1g5ic9c
,0,0,,0.0,,,1g3avhr
0.89,33,7,0.4839,0.0,,I will give it my best shot! Despite my mom and bf telling me to “give this new job a chance” I know my heart isn’t in it. I will try to open communication with my old company about this early this up,1fwgrlu
1.0,0,0,,0.0,,,1fts2x4
1.0,2,1,0.4833,0.0,,"I might be down to do an interview, could you PM me more details?",1fnzanu
,0,0,,0.0,,,1flfa99
,0,0,,0.0,,,1fk8avt
1.0,2,0,0.189,0.0,,,1f39zos
1.0,0,0,,0.0,,,1evxv8q
,0,0,,0.0,,,1elgqqw
,0,0,,0.0,,,1egnhl3
,0,0,,0.0,,,1eevmb0
,0,0,,0.0,,,1eaesv2
1.0,2,1,0.1357,0.0,,"I have a great relationship with many people at the previous company, that wouldnt be such a big problem but they have a policy for hiring internally before opening a position to the general public :(",1e9g7v2
,0,0,,0.0,,,1e3n3gx
,0,0,,0.0,,,1dzitvn
,0,0,,0.0,,,1dw3nj7
,0,0,,0.0,,,1dsfvwr
,0,0,,0.0,,,1dn3jsi
0.75,1,0,0.9128,0.0,,,1dltrf0
1.0,2,2,0.1244,0.0,,I havent!! What keywords should i use on indeed do you think? Like remote positions?,1di85j7
0.99,1,0,0.91,0.0,,,1d6c5we
,0,0,,0.0,,,1cy45b6
,0,0,,0.0,,,1crsli2
,0,0,,0.0,,,1co26ih
1.0,3,1,0.5571,0.0,,What are you working as currently?,1cd4fwe
1.0,0,0,,0.0,,,1cd47xk
1.0,0,0,,0.0,,,1cd0gdl
0.92,27,16,0.1701,0.0,,Thank you,1cbn9fa
0.67,0,0,,0.0,,,1c217xo
1.0,0,0,,0.0,,,1c200dj
0.5,0,0,,0.0,,,1byu05j
1.0,1,1,-0.7077,0.0,,"Wow! That's crazy, I feel like any private company would probably be like WTF if you did that lol. That makes me feel better though about maybe going for it, will have to check my employee handbook",1bsdebe
0.76,5,4,0.8614,0.0,,"Thanks for your thoughts,and about the question you mentioned ,I’m passionate about engineering  because I think planning and solving problems is what I enjoy doing .",1bk7ds2
1.0,0,0,,0.0,,,1bgg4lz
0.5,1,1,,0.0,,"Helpful, thanks.",1bc5dbx
1.0,0,0,,0.0,,,1ay76ya
0.5,4,2,-0.0521,0.0,,"I feel your pain. This company is UK based and does not operate like the US, and I already know I don't like it. That's why I think I should just try to go back now, embarrassed or not. I can already ",1aesef3
0.5,1,0,0.996,0.0,,,1abelif
1.0,3,0,0.5469,0.0,,,197zvql
0.73,26,0,-0.1137,0.0,,,196au1h
1.0,1,1,0.0,0.0,,"My concern is that a 10 minute task can easily spun as me not being supportive to the team. ""You're complaining about being asked to do a ten minute task this one time?"" 

But I know these are shit te",18ol513
1.0,2,2,0.9231,0.0,,"Thanks, I updated the post. I live in a MCOL city. I started my career as an engineer at this company 3 years ago, but I was promoted without ever having a management job. I got the engineering job wi",18l3kps
0.67,1,0,-0.3089,0.0,,,18hs2mo
0.67,1,0,0.9161,0.0,,,182f0p4
1.0,1,0,0.8682,0.0,,,17kukjg
1.0,0,0,,0.0,,,17g6uro
1.0,1,0,0.9626,0.0,,,16uddz7
1.0,0,0,,0.0,,,16s005t
0.86,8,6,0.1801,0.0,,"Oh, I still am. It's just slow job market for me right now. I do hope to go bacm though.",16db666
0.81,4,0,0.5241,0.0,,,167epq1
1.0,1,0,0.5267,0.0,,,161sshx
1.0,0,0,,0.0,,,15x43iy
1.0,1,0,0.7151,0.0,,,15wxwq2
0.55,5,4,0.1783,0.0,,You are lucky to be given a choice of accepting/rejecting the intern position. It’s upto you &amp; not entirely dictated by the college.,15w8byx
0.5,1,0,0.3283,0.0,,,15kwj6m
0.86,1,1,-0.2755,0.0,,A martyr... Exactly. Thanks,15ialwe
0.83,3,0,0.1702,0.0,,,157di6s
0.91,2,2,0.2868,0.0,,"I got in through an NGO apprenticeship program and with my qualifications I couldn't get in any other way  


edit: I can't get back into the program, I asked",14qrg1j
0.83,5,1,0.334,0.0,,"Cool thank you. Yeah, the job was for a commercial construction company. Problem is it was such a niche industry that i was doubting how many estimates I would really be doing rather than sitting in t",14n78fv
0.4,4,3,0.2542,0.3333,left,"Yes, I couldnt deny it. I plan for the longest time to start seeking therapy and counselling once I land this job as therapy is very expensive here. But that didnt work out.",1494sya
0.75,1,0,0.9478,0.0,,,13x5l1o
1.0,1,0,0.8653,0.0,,,13n64fz
1.0,0,0,,0.0,,,13hdemy
0.67,5,2,0.3539,0.0,,So what should I do?,13dfbqm
1.0,0,0,,0.0,,,13btudk
1.0,2,0,0.669,0.0,,,1387duj
1.0,0,0,,0.0,,,136f3pq
1.0,2,2,0.906,0.0,,"thank you , ur right i wanted to have my life figured out quickly to start doing something , i felt trapped in my job so wanting to start my clothing business is like an escape.",12pfpyy
1.0,2,2,0.5255,0.0,,"Funny story is I went into my current role from the call center, very little experience in claims and coding, but it was fairly easy to learn. Its one of those jobs you learn from experience at least ",1274jxw
1.0,7,0,0.6706,0.0,,,126sbw7
1.0,0,0,,0.0,,,11rz5rl
1.0,0,0,,0.0,,,11p62hr
1.0,15,0,0.5743,0.0,,,11d1iac
1.0,1,0,0.3612,0.0,,,11bqyo5
1.0,1,0,0.8202,0.0,,,110sgwo
1.0,2,2,0.5468,0.0,,"Update: I have successfully made it out of the PIP and performing exceptionally well now. 

Hard work does pay off",10fe2gm
1.0,6,0,0.4152,0.0,,,10367il
1.0,2,0,0.0602,0.0,,,zzdnb2
1.0,0,0,,0.0,,,zbizy7
1.0,0,0,,0.0,,,ylh2f5
1.0,1,1,,0.0,,so your advice is to go for another bachelor in computer engineering that will take 3 years and around 13k $,ylge4g
1.0,0,0,,0.0,,,y6vba2
0.92,20,0,0.4599,0.0,,,y6efwm
1.0,1,0,0.9785,0.0,,,xigc2e
0.92,28,5,0.2736,0.0,,Thanks! I’ll wait,wr3upt
0.92,6,0,0.4973,0.0,,,wqb7u5
1.0,3,1,0.6475,0.0,,This is very helpful. Thank you!,wjum5n
1.0,0,0,,0.0,,,vzk2wy
1.0,0,0,,0.0,,,vxsc1i
1.0,0,0,,0.0,,,vc48qg
1.0,1,1,0.725,0.0,,"Thank you, and I'm glad it worked out for you. In my case what people said is very true unfortunately, even talked to some old people that lived in the area all their life and they said it was best no",ubut9o
1.0,2,0,0.8428,0.0,,,u0qveh
0.72,3,1,0.6211,0.0,,He is married..,tv8sc3
0.94,4,2,-0.0573,0.3333,accepted,"Hi, I had a panic attack as well! Literally when the news broke I was like omg I don’t want this. The director and manager called me up and announced to me that they are promoting me. She then mention",tip2nr
1.0,2,0,0.8255,0.0,,,tegyr6
1.0,1,1,-0.6959,0.0,,"I don’t really have hobbies or personal interests, because the moment I start something, I immediately think about how I could be using that time to focus on getting a job. I used to play a lot of vid",1qn0k5x
0.75,7,0,0.4049,0.0,,,1q9m64b
0.66,0,0,,0.0,,,1ps0bzj
0.91,11,2,0.1286,0.0,,"I know it isn’t playtime but man, it CAN feel that way. I’ve worked so many jobs and I’ve had great memories of having fun with my coworkers. Obviously I was doing my job but I found a way to have fun",1pf2jlm
1.0,1,0,0.9364,0.0,,,1p1orz2
1.0,1,1,0.9716,0.0,,Thanks for the advice!,1oh4epz
1.0,3,1,-0.0219,0.0,,Branding is something that interests me! Maybe that’s something… i have 70% of a marketing degree so that might help as well,1o6kofy
0.74,8,1,0.4954,0.0,,I think that's obvious because of the moral and ethical implications.,1nvzr1w
1.0,0,0,,0.0,,,1nrla0x
1.0,1,0,0.3612,0.0,,,1n7w1vf
0.89,5,0,0.3629,0.0,,,1n6ipzt
0.5,5,3,0.5256,0.0,,"I do really love writing, but I got very burnt out doing it all the time. I think what I hate is staring at a screen all day. Also, reporters nowadays work so much and get paid nothing. I may have an ",1mb196t
1.0,0,0,,0.0,,,1lu327h
1.0,2,0,0.4388,0.0,,,1lgiwvm
0.92,4,4,0.7066,0.0,,"Thank you! Yeah, they definitely will let me continue part-time. There hasn't been any talk of me going full time. But now that I think about it, one piece of this I keep forgetting since I have been ",1l0ymbq
0.22,2,2,0.8451,0.3333,applied,"Yeah, this is how I felt when making it too. It was literally why doesnt a platform that really does what we need it to exist yet? 

I have so many more common sense features and really great tools pl",1jokd67
0.81,6,0,0.6415,0.0,,,1j3pvq5
1.0,1,0,0.2732,0.0,,,1ilaogq
1.0,5,0,0.4229,0.0,,,1igdrn8
0.84,19,6,0.1279,0.0,,That’s why I feel so guilty/embrassed!!! my old job bonus was gift cards so I’m so grateful I feel like a brat! I’m thankful for any bonus from them,1i4k9pa
0.5,5,2,0.0654,0.0,,"Ok, might as well wait then.",1hhhuon
0.67,2,0,0.4962,0.0,,,1hcdira
1.0,6,0,0.2623,0.0,,,1gf1cni
1.0,0,0,,0.0,,,1fk78i0
0.8,3,0,0.1752,0.0,,,1f9rjcm
1.0,1,0,0.9581,0.0,,,1f4hhra
1.0,0,0,,0.0,,,1f3pxoy
0.91,1,0,0.8176,0.0,,,1ezbckb
1.0,1,0,0.802,0.0,,,1ex93o9
,0,0,,0.0,,,1ef46u6
,0,0,,0.0,,,1dk9ns2
,0,0,,0.0,,,1dcuxmf
1.0,1,0,0.8241,0.0,,,1d7duv9
1.0,0,0,,0.0,,,1d75dv5
1.0,1,0,0.5719,0.0,,,1c660wc
0.64,38,1,0.4046,0.0,,I start the 22nd at my new job; gave myself a week off bc I deserve it. See when you learn how to swim it doesn’t matter if you burn bridges. 😘,1c0755b
1.0,1,1,0.7117,0.0,,thank you for the advice!,1butnya
0.73,2,2,0.9418,0.3333,left,"Thank you, I am a full time employee, so I will edit my post.   


Thank you for taking the time to respond, I can agree with you on the sentiments. My main struggle has been if it was worth standing ",1bbrx6u
,0,0,,0.0,,,18yj17g
1.0,3,0,-0.3069,0.0,,,17q609w
1.0,0,0,,0.0,,,17jjs2k
1.0,3,0,0.4498,0.0,,,17hs09x
1.0,2,2,0.68,0.0,,"Wasn’t familiar with this resource, thank you so much!",17b09uk
1.0,4,0,0.5141,0.0,,,16vvosi
0.81,4,0,0.5997,0.0,,,16s9sbo
1.0,1,1,0.9089,0.0,,"Thanks, this is very helpful!",16463ft
1.0,1,0,0.9975,0.0,,,15z7orm
1.0,0,0,,0.0,,,15mf6ym
1.0,4,0,0.4054,0.0,,,15lklgm
1.0,0,0,,0.0,,,153835u
,0,0,,0.0,,,148lvq3
0.4,4,2,-0.0125,0.0,,"I know GD&amp;T is a relatively cheap one to get that opens doors for designing, if that helps you.

I just wish my company would let me play around with some tools when I get some down time instead o",138tk06
0.84,3,0,0.1946,0.0,,,12zy36m
1.0,2,0,0.2056,0.0,,,125z0qf
1.0,1,1,0.989,0.0,,"Thanks for the reply.

I guess the main thing I'm hearing is your point about fulfillment not needing to come entirely from one's day job.

The main reason I'm looking to switch companies is because I",11szqfb
1.0,0,0,,0.0,,,11qov4c
1.0,0,0,,0.0,,,zvyck1
1.0,0,0,,0.0,,,zo14uf
0.5,0,0,,0.0,,,z9ul1z
1.0,0,0,,0.0,,,z3uelo
1.0,0,0,,0.0,,,yp7ntn
0.94,1,1,0.8821,0.0,,"This is a general guide. I can’t make it specific for every person out there, that’s up to the applicant to put in. Especially when trying to cover all career fields. 

And I didn’t have a hard time a",ulj4vu
1.0,1,0,0.7339,0.0,,,u8rcnp
1.0,0,0,,0.0,,,thb5km
1.0,4,2,0.4084,0.0,,Is he in prison yet?,s8zdnn
0.88,2,2,0.7096,0.0,,"*she

And good point. I feel like I missed the boat to negotiate a higher salary but the org has done it before (or something similar)",q22um3
1.0,1,1,-0.7236,0.0,,"I don’t really need the money all that badly. I will make enough money regardless of which job I choose, but obviously it is better to make more dollars per hour.",ps6gyz
0.98,4,2,0.4363,0.0,,"Yes, this is so important!",p9farc
1.0,4,0,0.4108,0.0,,,k7rcbd
0.96,4,4,0.8665,0.0,,"Hi Naybe, 

If your friend is in his/her 20s and works in a field I don't already have lined up in the near future (trying to avoid repeats until I have enough career diversity), I'd be happy to. Plea",jyy4bt
1.0,0,0,,0.0,,,ifvyry
1.0,1,0,0.9966,0.0,,,hw1jr0
1.0,3,0,0.0,0.0,,,d9gueu
1.0,1,0,0.4019,0.0,,,cxm436
0.93,7,6,0.8033,0.3333,rejected,"  

Thank you for your response. It is helpful. 

The points you mentioned are great advice. I have been doing all lately except for networking and reaching out to hiring managers. I tried reaching ou",aj666p
0.92,6,4,0.8783,0.0,,"Wow thank you so much!

This has definitely been eye opening and very encouraging.

I will definitely try to think of the opportunities i have already ahead of me and how i can use them. And how i can",adzd69
0.86,1,0,0.787,0.0,,,7gaacl
1.0,1,1,0.937,0.0,,Thanks. Will use this! :),4s6c56
1.0,1,0,0.9963,0.0,,,4fb2nz
1.0,0,0,,0.0,,,1ike42a
1.0,2,1,0.0326,0.0,,I probably should.  I'll see what I can do concerning that.  Thanks.,3rllh5
,0,0,,0.0,,,1gbvry8
1.0,2,2,0.4989,0.0,,"I agree, I guess it gets easier with practice.
Thank you for your comment! 🙇‍♂️",1cmgra3
0.75,1,1,0.6983,0.3333,left,I guess to some degree but no NDA signed. Thank you for the advice on how to answer 'why you left precious company' interview question.,1chbwat
1.0,0,0,,0.0,,,174yt7y
0.74,8,4,0.0626,0.3333,quit,Thank you. I considered speaking to my manager but I'm worried that I'll be let go on the spot and then be unemployed. Is there a way I can bring this up to my manager without making it seem like I'm ,12imwe0
0.99,1,1,0.6497,0.0,,[removed],1qt0e6s
0.99,2,0,0.7269,0.0,,,1qsebjq
0.4,17,4,0.183,0.3333,applied,"Yeah I just had a wake up moment this week and realize I’ve been being complacent and I need to really buckle up this next year. 

Well.. he was a huge reason I declined the offer. His reputation here",1q6p6qn
0.5,12,4,-0.1173,0.0,,"Noted, thank you.",1q35p82
0.66,6,1,-0.1831,0.0,,"

#",1ptganv
0.5,3,2,0.1794,0.0,,Thank you I am!,1ptg9v0
0.6,3,0,0.5547,0.0,,,1pply8l
0.33,2,0,-0.1141,0.0,,,1pnlb5m
0.94,2,0,0.5218,0.0,,,1p5nf0l
0.95,5,2,0.857,0.0,,Thank you so much this really helped,1p2sgi5
1.0,6,0,0.5563,0.0,,,1osf63d
1.0,0,0,,0.0,,,1opdenx
0.81,0,0,,0.0,,,1om5edj
1.0,0,0,,0.0,,,1oksjn6
0.75,13,2,0.3241,0.0,,"They do have a tiny bit of an insight to my family problems, HR actually scheduled a priority meeting for me with our counsellors next week. 

Also my manager has personally offered me her home to cle",1nw7jm8
1.0,0,0,,0.0,,,1nuqltc
1.0,8,2,0.0078,0.0,,"Yeah, that’s pretty much what I found too. Once you start reading through the filings, it gets messy fast. I didn’t even realize how much stuff connected between those names until I looked. Thanks for",1ntbkub
0.92,4,4,0.0,0.0,,"Thank you, will be more careful in the future.",1n9wusz
1.0,0,0,,0.0,,,1mlikwq
1.0,0,0,,0.0,,,1mhshq8
1.0,2,0,0.9298,0.0,,,1m3ying
0.87,24,0,0.4538,0.0,,,1m37pff
1.0,1,0,0.6008,0.0,,,1lzlhex
1.0,1,1,0.6553,0.0,,"it just happened 2 days ago man

how old are u if you dont me asking? I am 30 so I feel worse because I feel like I should've found my permanent career at this point",1lwzd1r
1.0,1,1,0.875,0.0,,"Thank you for the feedback, Im not too mad at myself for saying what I said. Just wished I could value myself a little higher since I have some experience within my field (Club-work and what not).",1lo1di1
1.0,3,3,0.7463,0.0,,"There are a ton of issues with management and company overall but didn’t want to focus on those at all. lol. 
I have considered controls engineer and there are a ton of places hiring for it near me bu",1ljdx0z
0.67,2,2,-0.0316,0.0,,"Yeah I think the government is out of the picture for me. I’m hoping since it got amended/reduced to reckless driving, most employers won’t see the original charge. HOPEFULLY",1lew7bu
1.0,1,0,0.9486,0.0,,,1letp6p
0.5,0,0,,0.0,,,1la8sv7
1.0,0,0,,0.0,,,1l680s7
1.0,2,2,-0.0439,0.0,,That’s a good way to look at. This makes me feel a lil better!,1l4r2lj
1.0,2,0,0.5361,0.0,,,1kyrbwg
1.0,2,0,0.251,0.0,,,1kwr7ve
0.5,5,5,-0.1278,0.0,,I am not in USA otherwise i think it would have been a bigger issue. Talking about performance i am doing very good so i will try not slip and be consistent at my work.,1kqokgw
1.0,2,0,0.7458,0.0,,,1kp6b9w
1.0,3,1,0.0792,0.0,,This is really good advice. I just want to do a really good job. I care a lot,1kkazoi
1.0,0,0,,0.0,,,1k5hh3y
1.0,1,0,0.9607,0.0,,,1jxdsmg
1.0,1,0,0.8955,0.0,,,1jwis0b
1.0,0,0,,0.0,,,1izp6nl
0.59,18,0,-0.041,0.0,,,1iyrtfn
1.0,2,2,-0.2107,0.0,,u/Traditional_Dig_9190 Thank you for your advice 🙂.,1is73n6
1.0,0,0,,0.0,,,1is2sn0
1.0,0,0,,0.0,,,1iocwib
0.67,1,1,0.4404,0.0,,"This is part of my thought process as well. But even then, I dunno how big fish I’m going to be. I feel like director title might be a step down (although I know titles can be vague)",1i5sbge
0.8,6,0,0.2887,0.0,,,1hqvj6p
0.58,37,9,-0.099,0.0,,I’d rescind the offer if someone did this.,1gw0msx
0.67,0,0,,0.0,,,1g73evg
0.6,1,1,0.4948,0.0,,Thank you and I’m sorry you’re facing difficulties with your autoimmune condition. I think you’re right that disclosing at this point would most likely do more harm than good. If I’d have gotten it ea,1fxwmrv
0.22,7,0,0.2451,0.0,,,1fxgvhk
0.83,14,3,0.2178,0.3333,accepted,"Yeah, the anxiety loop is exactly it. I’m so used to being good at my job and being praised. Then, I was let go from my old job and thrown into around 6 months of unemployment. 

Then I joined this co",1fbh9bj
0.62,24,5,0.1041,0.0,,Thankyou 😊,1fb8ccf
1.0,0,0,,0.0,,,1f54gzz
1.0,1,1,0.9166,0.0,,"Thank you. That’s exactly my question. I’m really confused about which path to take, especially when thinking long-term. I know I’m worrying a lot, but this decision stresses me out more than anything",1ejmao6
,0,0,,0.0,,,1d6z2dj
0.67,2,2,0.5901,0.0,,"Thanks, so it's still doable? What should be my target/expected salary, since they ask this question in most application forms? I'm not making much in freelancing, but my full time job was well paid.",1d5s5kx
0.33,6,2,-0.2715,0.0,,"We weren’t technically bitching, but just talking informally about the work that she didn’t do and got piled up on us. And we’re all entitled to our opinions.",1csml8y
0.5,2,1,-0.1314,0.3333,quit,I just emailed them and waiting for a response. If it can’t be changed I’m thinking of quitting. Because I can’t afford that much money being taken out of my pay check,1cmh040
1.0,1,0,-0.7926,0.0,,,1cjbcun
1.0,0,0,,0.0,,,1cio63w
0.86,7,2,0.4328,0.0,,"Wow, I had no clue they could still see companies that I didn’t list.. I’ve heard the opposite so I assumed it was fine. But yeah, I have some go to “excuses” that I will tell the interviewer.. the pr",1c04h5o
0.57,3,1,-0.3901,0.0,,Thanks brother. Appreciate that,1bthcyx
1.0,0,0,,0.0,,,1apmjgi
1.0,1,1,,0.0,,Think a therapist can squeeze me in and fix me before 1pm on Thursday? That’s when my review is. :),19egerh
1.0,0,0,,0.0,,,18olhc7
0.67,1,0,0.966,0.0,,,18cd5ch
0.67,0,0,,0.0,,,18at67s
0.81,3,0,-0.016,0.0,,,1796w72
0.76,4,1,0.2652,0.0,,Thanks everyone!!! I'm starting to feel a lot better about my choice. I appreciate the support.,1696xla
0.8,7,3,0.3262,0.6667,"quit,left","Totally fair, I also thought I had perhaps overthought it. I also wasn't expecting a formal response or anything but it's just outside of their typical behavior to not say thank you. One of them was a",15hc255
0.67,5,4,0.2582,0.6667,"left,accepted","""Company B did an employee verification check on Company A"" means that two days after I accepted the offer from Company B, a Background Verification agent called me and asked me about my employment in",15dqqqb
0.98,9,0,0.1297,0.0,,,155aqxa
1.0,1,1,0.25,0.0,,"Thanks, but I really don't know what to do :(",14xuxhz
1.0,0,0,,0.0,,,1452xgi
0.25,2,0,0.2785,0.0,,,142mhd1
0.33,2,1,0.9052,0.0,,Thank you so much! This was very helpful. I will send an email tomorrow.,134yhny
0.5,1,0,-0.2732,0.0,,,12zq82s
1.0,0,0,,0.0,,,12zjtba
1.0,1,0,0.6124,0.0,,,12k3ab6
1.0,1,1,0.9707,0.0,,&gt;Do you get a lot of interviews? What do you think how you did in those interviews? Amazon really care about its leadership principles so did the recruiter tell you which principle they felt you we,12fd943
1.0,1,0,0.4912,0.0,,,11kocsm
1.0,0,0,,0.0,,,10524ky
1.0,0,0,,0.0,,,xsdw01
1.0,0,0,,0.0,,,wqyqsd
1.0,1,0,0.9528,0.0,,,w1kchq
1.0,0,0,,0.0,,,vhj9kh
1.0,0,0,,0.0,,,uwuz69
1.0,0,0,,0.0,,,uwcdbt
1.0,1,0,0.9686,0.0,,,uunkj5
0.85,7,0,-0.0397,0.0,,,uiuaxf
1.0,2,0,0.8212,0.0,,,szk69i
1.0,1,0,-0.168,0.0,,,s4dhbc
1.0,1,1,0.8095,0.0,,Well one of the mental illnesses I had to disclose to the sheriffs office was that I had social anxiety. I’m fine with a one on one convo but talking to a lot of people gives me severe anxiety. I thou,rq2ulg
1.0,2,0,0.1168,0.0,,,qc5ky2
1.0,3,0,0.4506,0.0,,,q6rl61
1.0,3,3,0.8763,0.0,,"Congratulations man! 

I felt this one. I am going to keep trying and pushing forward. Thank you for your response",ojzm8h
1.0,2,1,0.3891,0.0,,"Things didn't seem to be working out on a number of levels, and I put my 2 weeks in when I was emotionally overwhelmed by the issues I was dealing with. Long story short, I was able to deal with the s",mhs3n2
0.33,0,0,,0.0,,,mb6jmy
0.96,3,1,0.1849,0.0,,Thank you. Yes ive worked all the 12 steps but did not know how to go about job ammends,lviw6u
1.0,3,2,0.8021,0.0,,The thing is I've messed up a lot before in my previous re as Marketing manager. It was my first job out of college for a position I was not ready for so I made a lot of mistakes. I think it was kind ,ljh8g2
1.0,4,0,0.1082,0.0,,,kdpq64
,0,0,,0.0,,,k9hdj1
,0,0,,0.0,,,k2ez99
,0,0,,0.0,,,jc13ip
1.0,0,0,,0.0,,,jba8kk
0.91,3,0,0.5558,0.0,,,j0lytj
1.0,0,0,,0.0,,,hvb5jh
0.9,6,1,0.3069,0.0,,"I eventually apologize and he said it was not a big deal. Thanks guys for the response, really appreciate it. I guess I was just being a little dramatic due to everything else happening around me.",hhtpo4
1.0,3,0,0.4188,0.0,,,d6lnbu
0.75,1,0,-0.1916,0.0,,,cv3gyp
0.67,1,0,-0.5994,0.0,,,byrvnz
0.67,2,1,0.114,0.0,,"I just wanted general advice, like if anyone had any extra ideas, if anyone had thoughts I didnt mention, etc. I’ll post over at legal advice and see what happens",bkzmti
0.92,6,2,0.0472,0.0,,7 months,ak4tz9
1.0,1,1,0.9269,0.0,,"Thank you. 

I agree with you you and that had been my approach. One of the issues with the area is that there are no ""moderate"" apartments. It goes from shithole, right to posh. I don't need posh, bu",9540z8
0.38,0,0,,0.0,,,8zym1n
1.0,2,2,0.4431,0.0,,Yeah I realize my mistakes now. Seems like the last option is the only one I got. I was hoping to wait until after the holidays to tell my employer but to do this I’ll have to do it ASAP. ,7d8h5r
0.66,0,0,,0.0,,,5zl3vw
1.0,3,0,0.1688,0.0,,,5gguen
1.0,0,0,,0.0,,,546gvo
1.0,1,1,-0.296,0.0,,Sorry I guess I worded it a little weird. The friend doesn't work there. He has friends that work there. I feel like person reading the email would just shrug off the email and delete it.,3zumvh
0.67,1,1,-0.4468,0.0,,"My college diploma taught me a lot. There were web dev classes but we learned system design, DSA, etc. We just didn't have the math classes such as discrete math or calculus. I've taken discrete math ",1r2483w
0.95,4,0,0.4129,0.0,,,1r01bqk
1.0,3,0,0.4708,0.0,,,1qx4o22
0.67,10,2,0.0552,0.3333,quit,Normally I'm fine after a messed up interview but this was my dream company which is quite depressing,1qux1r7
0.83,10,0,0.5533,0.0,,,1qir6ir
0.93,17,8,0.3551,0.0,,That's fair criticism.  It shouldn't have to be this way but I'd rather be unethical than unemployed.,1l91bzv
0.93,11,4,0.1019,0.0,,Start here: https://www.amazon.com/C-Concurrency-Action-Practical-Multithreading/dp/1933988770,1oy3pl1
0.96,20,6,0.666,0.0,,"&gt;(from the EU and self-employed)

Great points- I'll add a section for contractors &amp; self-employed as well. I am not sure of the tax implications for contract work in Europe, but I know I didn'",swdgiq
0.96,10,1,0.3202,0.0,,Haha thanks!,buezmv
0.98,18,1,-0.0181,0.0,,This is also what I do now haha,t2c8za
0.67,5,2,0.4039,0.0,,"Thank you for taking the time to write this response!.   
It does helps a lot to think in a different perspective and to know that I'm not alone. Yes I do belong in the category where I like to solve ",1qg6n3j
0.68,17,2,0.1586,0.0,,bro check your dm,1qaozg2
,0,0,,0.0,,,1qao5md
,0,0,,0.0,,,1pd84ob
,0,0,,0.0,,,1pa181g
,0,0,,0.0,,,1ovrqsj
0.31,0,0,,0.0,,,1osrbfm
,0,0,,0.0,,,1okcasd
,0,0,,0.0,,,1lijpsg
0.72,26,7,0.1542,0.3333,applied,"Idk if I’m allowed to share it here but here’s my anonymized resume.

https://imgur.com/a/8gTg5gA",1khwfq5
0.33,2,0,0.505,0.0,,,1k561gu
0.5,9,5,0.0585,0.0,,i half expected it anyway.,1k458r9
0.67,5,0,0.4665,0.0,,,1jr85pf
0.89,12,5,0.3586,0.0,,"I think you are correct in your assumption. Probably the main difference b/w industry standard and what I wrote was use of class vs use of functions only.

Just one thing the current new project which",1i4rmem
0.55,11,3,0.5301,0.0,,"yeah thats also true, I did not think about that... thanks!",1hy6bri
0.64,3,3,0.4261,0.0,,I understood your point clearly. Thanks,1hnpf8k
0.27,5,2,0.0868,0.0,,"Thanks so much for your response! There wasn’t any exchange of harsh words, so I don’t think the bridge is burned—It was more about me expressing frustration over the lack of relocation support and me",1gsvwpa
0.95,26,1,0.4608,0.0,,"Thanks. This confirms that I'm doing the right thing in staying for now, enjoy it while it's good and leave if I have to",1g8a1uq
0.56,5,3,-0.2005,0.3333,quit,That's very fair and a major reason against continuing,1g2b44f
0.18,18,7,0.1121,0.3333,applied,It's basically the title..,1g1zeno
1.0,2,0,0.4019,0.0,,,1fvet1h
0.83,21,0,0.3841,0.0,,,1fpms96
0.71,12,8,0.306,0.3333,left,"I've uploaded my resume on the subreddit a few times now, and it's always met with people tearing my bullet points apart and never giving better bullet points to use instead. I've had to have made hun",1ewcy33
0.85,26,3,-0.0242,0.0,,"Thanks for the feedback.

I have gone both ways on including it in my experience section. The problem I have is that it was never a registered company and I was never paid. We tried to get funding, an",1etyt74
0.5,7,3,0.0201,0.0,,There is some weird work schema that takes advantage of the Mexican law for “Freelance” jobs given by foreign companies. So basically there are no real regulations in contracts for that kind of benefi,1c6nk7v
0.4,2,1,0.5462,0.0,,"True i understand that . My concern is  that although I’ll have the sufficient credits to enter a masters program , i won’t have the sufficient knowledge to do a masters program.",1bwu69n
0.93,16,3,0.3982,0.0,,"went through family doctor for me

you could get yourself diagnosed by going to a licensed psychiatrist as well, but that costs a few hundred dollars",1bbowbq
0.59,6,4,0.6601,0.0,,Thank you very much. Every bit of suggestion matters a lot to me at this point.,1ank7ud
0.5,4,1,0.5989,0.0,,"&gt; If you decide to go into gaming, you'll be working long hours, but if you're at the right place, you'll learn a lot, and it will open other opportunities.

To be clear I don't mind working full t",1am63hf
0.17,2,0,0.4492,0.0,,,1af0cbj
0.43,1,0,0.8984,0.0,,,1af0930
0.92,4,1,0.4687,0.0,,"I guess the question really is, what I should do besides applying and leetcode? Am i delusional to apply for SWE junior roles with no internships?",19deofu
0.82,2,0,0.7508,0.0,,,199k8zz
0.21,5,2,0.5052,0.0,,"I don't care about their opinion tbh, I'm doing this because of more opportunities and money in US, can you tell me why is it getting difficult to get a job there?",18zxcw1
0.75,1,1,-0.368,0.0,,"My contract ended a few months ago, and i want to leave but not sure if self learn is sufficient to replace the experience I would’ve had if i was in a different company",18061yb
0.84,28,3,0.1831,0.0,,"I think I’m at my limit, I dread work and find myself procrastinating a lot. In all my career, I was never a procrastinator, but in the last 12 months I just can’t stop procrastinating",17uw8l5
0.74,21,3,0.1976,0.0,,"I do regret declining the first one since in retrospect it did have potential. But it was so long ago I can't do anything about it. I did email them back, but I did not hear anything from it.   


The",178reiq
0.18,7,5,0.0963,0.0,,"How in the world is this a flex. Half of my post is about how my life is depressing. I go to work, bust my ass off, eat the same lunch, come back to an empty apartment, and repeat. Is that fun?? Would",1727qnf
0.6,9,5,0.2483,0.0,,Yeah that's what I was thinking. There's a lot of people on the bench right now and I don't want to be fired before even starting. I'm just scared of it being very niche and then being unable to go up,16v4ro8
0.72,29,3,0.1301,0.0,,Thanks for sharing,16q3h2t
0.82,12,2,-0.0233,0.3333,quit,"For me it might be time to take this risk and deal with what comes after, since I've been debating quitting for a long time and I know for a fact that my company's work culture sucks. If I keep being ",15zf8ko
0.67,0,0,,0.0,,,15lyidt
0.8,9,1,-0.0012,0.0,,No. I’ve been away from home. The place I’m living at is completely sht hence making my experience in the city bad,15bfy7o
0.38,4,1,0.109,0.0,,Thank you! I appreciate this feedback.,15a9ocz
0.55,6,5,-0.1884,0.0,,I updated it to make it more readable I hope,150ydbi
0.8,19,2,0.4657,0.0,,Honestly have no clue on what I’m most interested in yet lol more so concerned about if this course would benefit me more than the other,13zkjrj
0.4,7,1,0.1733,0.0,,How giving feedback exposes legal issues? I'm asking genuinely.,13ejxia
0.7,2,1,0.9725,0.0,,"Thank you for taking the time to answer, and I did try to learn a language on my own first but I found out that I’m not great at 100% self study. I need some kind of learning structure and being held ",136d226
0.67,2,1,0.8984,0.0,,"when its worded in a way that says ""you're going to graduate at 27-28"" it can make me sound a bit uneasy, which is definitely one of the main reasons why i'm having this dilemma in the first place. al",12zyjch
1.0,2,1,0.0652,0.0,,A masters was a second choice but once I get a job I wouldn’t want to continue school (and just focus on a career). I wouldn’t want to have started a program and not ever finish it.,12rc705
0.75,3,0,0.5717,0.0,,,12ikwzv
0.77,21,0,0.3489,0.0,,,11au6fj
0.86,4,4,-0.2949,0.0,,"Thanks for the input. Where I live and in my current phase of life an extra 1k (minus taxes) seems like a big deal, but it is admittedly the minimum increase in pay Is consider changing a job for.",10me2im
0.6,3,0,0.6189,0.0,,,10ljt4t
0.2,2,1,0.4215,0.0,,And any specific advice?,10h9xo4
0.81,3,1,0.0,0.0,,"I will read into this, thanks.",10730b1
1.0,6,0,0.0774,0.0,,,z8mwja
0.93,22,0,0.241,0.0,,,yzgsta
0.57,1,0,0.7906,0.0,,,yd3ufb
0.86,4,2,0.5178,0.0,,"It was general biology, I was bored with botany... But I really love human biology.",xukjol
0.8,1,1,0.5859,0.0,,"Between living on the equivalent on 40k a year and the 30 she can get as a secretary, I’ll probably have to sell a car and cash in my 401k but I think we will figure it out. There’s a reason why I wan",x2y3il
0.6,2,0,0.0,0.0,,,w0rzb7
0.88,4,1,0.5778,0.0,,"I did get some good information, thank you. I concur that the manager isn't really interested in scrum, or he is (mis)using some aspects of scrum to micromanage.",vt0uzj
0.5,5,0,-0.0968,0.0,,,vstnva
0.31,1,1,-0.397,0.0,,This is horrible advice.,vgttak
0.64,2,1,-0.0129,0.0,,If I do a CS master's after MIS bachelor.  How does this affects employers' views of me?,vg5s6e
0.58,9,2,0.5618,0.6667,"quit,moved out",Have you considered a boot camp as an alternative?,v5v25m
0.45,2,0,0.8984,0.0,,,ugvj4l
0.93,18,0,0.2913,0.0,,,tvhwsj
0.71,9,3,0.5852,0.0,,I did basic C# programming in school and also taught myself basics prior to that when I went on a Unity binge lol. I never got to take the next classes after the basic course because Calc 2 was requir,tjriz1
0.33,2,0,0.7902,0.0,,,slllud
0.25,0,0,,0.0,,,sjx87e
0.74,15,2,0.4686,0.0,,honestly i feel like one frolic session per day could really boost my mood,rs6w24
0.5,4,0,0.1499,0.0,,,rlqstp
1.0,3,0,0.6579,0.0,,,rf4wox
0.25,3,2,0.589,0.0,,"Haha, I know people are probably tired of hearing about Web 3.0 by now xD. Since I’ve turned 18, I’ve become heavily invested into the Crypto market and it’s technologies, but now I want to do more, I",rbdp1o
0.43,0,0,,0.0,,,rbdnru
0.17,3,2,0.3521,0.0,,"What do you mean by attendance? Not sounding entitled. As I had mentioned all of this is my fault for not applying when I graduated. Sorry about the spelling errors, I was typing this on my phone whil",r8ez59
1.0,0,0,,0.0,,,r41nsx
0.81,3,3,0.3692,0.0,,"Thank you for answering! Guess the 6 months break isn’t too much of a problem after all. 

My bad to repeat my question, but I’m really wary about how much I know. I’m sorta afraid to apply everywhere",qwl8n1
0.8,5,2,0.2937,0.0,,"Thank you for mentioning stand up desk. I've got one too and although I don't stand and work stand up desks are still great for getting just the right height. 

Sorry to hear that the HM chair didn't ",qrd2m8
0.57,2,0,0.4515,0.0,,,q5ftim
0.72,1,2,0.9687,0.3333,rejected,"I don't know how the interviews really work. What kind of technical questions they will ask, etc. I think I've just fallen out of the game. What can I do to get back in?",q18jr0
0.57,2,0,-0.0822,0.0,,,pqs49f
0.67,1,1,0.9361,0.0,,You’re totally right! That’s very good advice. But I would say that can be a little more difficult with some companies whose recruiters and interviewers are less responsive or knowledgeable. I mean I ,pq2o8m
0.88,26,0,0.2236,0.0,,,pmkepr
0.74,3,0,0.1928,0.0,,,pjlpq8
0.5,1,0,0.34,0.0,,,pejajg
0.75,1,0,0.5946,0.0,,,pcnbe7
1.0,5,1,0.5989,0.0,,"Then maybe i got scammed! My mindset at the time was im so ""junior"" when it comes to number if years in experience that i dont deserve more. Now that ive been on this job and doing more (objectively S",otx268
0.75,10,3,0.3878,0.0,,"At what point do you think does diminishing returns happen?  I feel like if i stay any longer I'll be putting myself ""behind"" than anything",op8sht
1.0,0,0,,0.0,,,olsniq
0.43,1,1,0.5514,0.0,,"I know it sounds dumb, but I really like puzzles. I really enjoy learning how things work together and why. When I have tried learning stuff before like writing or something it has just been okay, but",oififk
1.0,4,3,0.3168,0.3333,applied,"&gt;Why you care about loyalty here is completely silly to me.

Yeah, I do not like the owners son nor will I feel bad for him. But on the other hand, there are a lot of sweet older employees here and",npybib
0.38,6,2,0.1774,0.0,,yeah but like i wanna have fun also and some productivity also,np322u
0.67,3,3,0.4189,0.0,,How long has it been since then? Do you feel as though you managed to get any valuable and transferrable experience as a SA now that you've been doing the actual work?,nfe853
0.6,4,0,0.2309,0.0,,,nbobcn
1.0,2,1,0.5161,0.0,,"I just feel like C# is more fluid and easier to work with. It's not really based on anything concrete, it's more preference. C# libraries are also easier to with with in my opinion.",n6dtsu
0.86,3,0,0.4453,0.0,,,n1444t
0.33,0,0,,0.0,,,mwg5lg
0.87,15,2,0.4843,0.0,,I would love to apply but what do I put on my resume as of right now?,mpr5ow
0.82,6,3,0.7499,0.0,,"You're an inspiration! Thanks really for your words! I needed to hear this, and I will start applying, hopefully I get through this, and have a great day Sir!",m6x7vp
0.4,2,1,0.1003,0.0,,Thanks for your input!,m3mxht
0.6,1,1,0.2982,0.0,,"Thank you so much for the response!

A few followups!

1. Is there any reason to stay in Toronto compared to moving to the U.S in terms of money and career growth? It looks like U.S is the obvious cho",lwk3g5
0.88,10,3,0.379,0.0,,"I guess I meant to ask what are some things I can do to better my software developer skills now that’ll help me later. Like the other comment mentioned learning to focus on quality code. But yes, you ",lv4kgg
1.0,7,3,-0.2401,0.3333,left,"I'll admit, when I first started being on-call, I looked into it and saw that it was abnormal as well.  I'm not sure how to go about fixing things though, considering the issue is just occasional sock",lgsfyk
0.67,3,0,0.4529,0.0,,,l0ecz2
0.33,1,0,0.3182,0.0,,,l03x7z
0.67,3,0,0.1698,0.0,,,kr447a
1.0,2,2,0.2288,0.0,,"My point about not learning anything in school is I find it kind of bizarre and dishonest that you don’t have to learn anything to get good grades and earn a degree. It seems like a scam.

My point ab",kehoen
0.67,2,0,0.4072,0.0,,,jqq02b
0.9,15,4,0.46,0.0,,That is true. Im thinking that  the tech industry is shifting to a new route that is not amicable or representing new grads.,jki30o
0.17,0,0,,0.0,,,jjqage
0.71,3,2,0.0988,0.0,,"Great insight. I love coding but without opportunity, without money, I won't be able to work on cool projects with cool people, and I will have the bank knocking at my door to pay them for the next 10",jgdl6t
0.33,2,0,0.4391,0.0,,,j0ziyl
0.67,1,1,-0.743,0.0,,"I asked and they said if I'm more interested in other roles, they can postpone my ongoing interviews. I told them not to because it's not good as interviews were already scheduled by agreeing on both ",ivlcvb
0.75,2,0,0.0,0.0,,,iuclr0
0.33,2,2,0.2009,0.0,,"Yes, we have paid internships for students. Is doing an internship better? I thought intern is pretty much like junior developer as i remember.",ioouey
0.57,3,4,0.3982,0.0,,That's ok I appreciate the advise it may be long and hard but it'll be worth it over the hell I live in every week,iljqwi
0.86,9,2,0.2086,0.3333,rejected,"To be honest, I did not start applying (and getting rejected) yet so I am not sure if that I am technically struggling. Also, It may just be survival bias on the internet which makes me see only achie",il782j
0.4,1,0,0.8984,0.0,,,ib2yd9
,0,0,,0.0,,,i78x7a
,0,0,,0.0,,,hr2hf9
,0,0,,0.0,,,hirdqj
,0,0,,0.0,,,hex6i8
,0,0,,0.0,,,h7z0dv
,0,0,,0.0,,,h7n22j
,0,0,,0.0,,,grnfal
0.78,18,0,0.2705,0.0,,,gpwg8m
0.75,2,0,0.0958,0.0,,,gml4t9
0.67,0,0,,0.0,,,gkiw1r
0.25,3,0,-0.0653,0.0,,,gfme1h
0.5,1,0,-0.5142,0.0,,,g6t2tx
0.5,6,4,-0.2227,0.0,,"That is not the point of my post. I know I can make a recovery if I can find a job. Also, circumstances forced me to make a bet on the market, which fucked me.

Anyways, I need a recovery path and get",g5sgha
0.5,0,0,,0.0,,,fweupn
1.0,5,0,0.5828,0.0,,,frfzyd
0.5,2,1,0.4847,0.0,,"Thank you for taking time to reply. I will def use your advise and be prepared at the time. 
The job is in a suburb of Chicago. What was your expectation of salary with my credentials? Thanks!",fbj8la
1.0,2,0,-0.3268,0.0,,,f9wbqa
0.5,2,1,0.8182,0.0,,Thank you that helps alot. You're right I need to suck this up until I find a new job.,f20tjh
0.79,7,0,0.5312,0.0,,,ewwuwi
0.64,7,4,0.2485,0.0,,"i have tried posting my resume in posts, and on the resume advice thread, no luck with responses. if anyone wants i will pm them, seems like that *sometimes* gets a better response rate.",ek2d4i
0.88,2,0,0.0617,0.0,,,ebomeb
0.71,3,0,-0.1796,0.0,,,ea83go
0.57,3,4,0.5507,0.0,,you may be right. just keep growing on what i do best.,e85kme
0.62,4,2,-0.2334,0.0,,"Can I do that even if I don't have a degree in CS? What if my coding level is too low for the job? I mean, I've only taken 2 coding classes in my life?
Should I expect them to train me even the very b",dthkvu
0.45,6,0,0.3525,0.0,,,dq68a2
0.69,12,6,0.4277,0.0,,I wished Trump would do something about this. But it turns out he hasn't done much about it. Sad..,dkuj8i
0.81,6,3,-0.0064,0.0,,"I think it can be anything from asking for specific tasks or things to be done, clarifying concrete details like deadlines and requirements, to things like innuendos or inappropriate comments that cou",dhj6xe
1.0,0,0,,0.0,,,d5yopk
0.45,2,1,0.1806,0.0,,Thanks!,cv671y
,0,0,,0.0,,,cfi95g
0.57,3,1,-0.0196,0.0,,"I sent an email opening up the negotiation and gave some numbers, asking him if they could be adjusted to what I requested. He said no unless you have a competing offer. That seems like it's finished?",cfi8c8
0.83,2,2,0.0974,0.0,,"No, just my resume. And I've been on the other side of hiring, where we almost didn't interview someone because they had a year or less at every position, so it makes me feel wary. 

&amp;#x200B;

I'm",c92ibk
,0,0,,0.0,,,c0extv
,0,0,,0.0,,,bvzj6o
,0,0,,0.0,,,bvv2d7
,0,0,,0.0,,,brrlm3
,0,0,,0.0,,,bpwcq4
,0,0,,0.0,,,b8m3dr
,0,0,,0.0,,,b2izi0
,0,0,,0.0,,,ayxd6j
,0,0,,0.0,,,atknnu
0.62,2,3,0.4816,0.0,,"I know it's not, but it's still not a position I'm comfortable taking. As I mentioned in another comment, I think I'll be ready in a year, but not now. I don't want to burn any bridges with the compan",akoyac
1.0,1,0,0.4019,0.0,,,akagk9
0.86,2,0,0.3485,0.0,,,adick1
0.97,13,1,-0.0559,0.0,,"HR is a joke here, I just checked and there is no mention of appropriate notice",ac88ig
1.0,3,1,0.49,0.0,,Thanks for the advice! I'll focus on getting a masters and start practicing interview stuff,a5qm9v
0.5,1,1,0.5859,0.0,,"The last CS course I took was sophmore level, discrete math course. After that all my courses were EE and for every EE course I was dreading, I missed out on a CS one. And yes, currently working on th",9xbtm4
0.7,4,1,-0.0975,0.0,, Could you please elaborate on this a bit. Why would you think that I may consider a therapy?,9wuic2
0.93,8,3,0.216,0.3333,accepted,I accepted the offer to start in a couple of months but I realized that I should have worked for a longer while at the first company before making these drastic changes. I think my paranoia and anxiet,9rrydz
0.75,4,0,0.3648,0.0,,,9q6hk8
1.0,2,2,0.4766,0.0,,"Hi, thank you for your response! My current role is in a business application software. The reason I want to switch out is there is no functional domain I get to learn, I don't feel challenged enough.",9olipk
0.76,2,0,0.7711,0.0,,,9ewxeb
0.8,4,1,0.1842,0.0,,"Thank you so much for your reply! 

I have heard (and bless everyone) how time consuming and important it is to dedicate yourself to any program and especially in one such as cs, it should be a priori",9bypj2
0.88,17,10,-0.2121,0.0,,"Glad to see that some one can cheat their way through college, time theft their internship, and land $150k+ job. 

Meanwhile, I get a rubber-stamp rejection by about 90% of tech companies for jobs at ",91tr86
0.95,17,1,0.4242,0.0,,"Sure. 50k total comp. Cost of living is pretty great here in Des Moines, IA, especially if you're not downtown. Right now I don't have my own place but my SO and I are going to be moving very soon. Th",91p867
0.57,2,0,0.1779,0.0,,,8wccdx
0.6,4,4,0.7311,0.3333,quit,"So if I told an interviewer that I'd spent the last 4 months learning to code would that be seen positively? I get that anyone can learn this stuff on their own, but I'm reluctant to stay unemployed b",8qef9u
0.8,0,0,,0.0,,,8k52vg
0.72,9,1,0.4746,0.0,,yeah i agree its just a what if scenerio next time i'll keep that in mind,8faxdv
0.76,1,1,0.8658,0.0,,Thanks!,8cttvn
0.73,14,1,0.0231,0.0,,"But it’s like how do you debug this across a bunch of different microservices? 
The higher engineer who is working with me suggestion was to decrease the reader threads. Basically  the service has to ",1q61n4h
0.75,14,7,0.4807,0.0,,"haha yes, if I just look at my work from fiancial point. 

But I never thought that working will only be for finances, if I start thinking that way then I would be doing the bare minimum to not get fi",1praho3
0.71,19,1,0.1315,0.0,,"I admit I wasn’t perfect. I was bad at communication, and I regret not speaking directly with my manager more often he was so helpful. I just wish God would make her understand what I went through. So",1o3fhbs
0.83,13,0,0.2359,0.0,,,1noaj49
0.86,4,0,-0.0606,0.0,,,1n8079k
0.81,4,2,0.0529,0.0,,"Imagine if you work on banking software. the domain is banking, the tech stack may be cobol + java.

learning the domain means learning about how banks work outside of the context of what the software",1mz307z
0.97,15,3,0.3632,0.0,,My next job will be in the Bay Area. And thanks!,1lqinft
1.0,2,1,0.1494,0.0,,"Hey,

Thanks so much for replying, I really appreciate the encouragement and advice. 

While I’m focused on improving my skills, I was wondering if it makes sense to keep the option of a master’s degr",1kbq285
0.9,6,0,0.049,0.0,,,1j5h28z
1.0,2,0,0.466,0.0,,,1hg1vvn
0.89,7,3,0.2657,0.0,,"Yeah, my bachelor's degree isn't technically a quantitative field. My first one which was psychology would have been if I had worked to complete it. 

My bachelor's degree is information technology, a",1he5j31
0.86,3,1,0.1258,0.0,,"Why answer like an asshole? I don't think you seem to have understood what I was saying. Like, I can create a web app no problem. I'm not just making wordpress sites or something. I have been doing ac",1f9olgq
0.75,18,4,0.2044,0.0,,All of my friends and coworkers that have been hired in defense have gotten in without an existing clearance,1ew5rhh
0.96,28,0,0.5866,0.0,,,1e3gzsb
0.88,9,1,0.2375,0.0,,options,1ddx7wg
0.81,34,1,0.4337,0.0,,"Yea I’m such a nitpicking person. After my code passes tests, code review, I still go back and want to fix things :(. I don’t know how to stop. It doesn’t impact my productivity because I’m fast, but ",1ahwgat
0.57,1,1,-0.62,0.0,,"&gt;Idk about in your country, but you're kinda screwed without a BS in the US.

Really? I thought the US (in comparison to every other country) would actually be the best because of all the unique st",18yira1
1.0,1,1,0.7615,0.0,,"TLDR  
As a design undergrad interested in tech, I've learned C/C++ and Arduino programming. I want to learn Python and GitHub, aspire to be an entrepreneur, and have 2 months until campus placement.",163w9dw
0.96,15,8,0.5675,0.0,,"thanks man, you dont even know how much this means &lt;3",12c7bde
0.38,31,0,-0.065,0.0,,,115ticz
0.75,6,3,-0.2041,0.0,,"No, she knows. We’ve worked together for almost a year, obviously I’ve run scripts during this time. She routinely says things like this.. if I ask her to clarify, she’ll be like “what do you think?” ",10r3t9w
0.78,5,0,-0.2083,0.0,,,z1gkyc
,0,0,,0.0,,,wvpr9q
0.95,24,11,0.7654,0.3333,rejected,That’s interesting. I am glad you made this comment. Perhaps the first 300 or so resumes of mine were rejected because they resume was bad. And the one interview I got was when my resume was finally t,uljxip
0.67,4,0,0.2938,0.0,,,u8tbkj
1.0,3,3,0.4587,0.0,,"yeah for sure, that's why I feel so conflicted. Ngl, if the contract with the bigger company was of the same nature as my current one, it'd be an easy choice.",tabiwy
0.5,1,0,0.359,0.0,,,sut3o7
0.25,3,2,-0.3135,0.6333,quit,"It's what you fill out to get your security clearance.  You basically tell them everything about yourself for the previous 7-10 years, or in some questions, your entire life.",stkkt4
0.75,3,0,0.5686,0.0,,,sfrr6y
0.67,1,1,0.5927,0.0,,"Yeah, definitely, I just need to give an answer before I’ll be done the other interview processes sadly",rhaf26
0.67,0,0,,0.0,,,r3lg4k
0.75,7,1,0.3846,0.0,,"Well, yeah, but that can only be achieved if you're hired by a company that orders you to develop open source? Something like developing React in Facebook, or openjdk etc.",qtybqe
0.87,4,0,0.577,0.0,,,qnhx1r
0.33,2,2,0.1011,0.0,,oh good 2 know. ya my solution was efficient cuz it was O(nlog(n)) for n = 10^5 but i ran out of time due to bugs (runtime errors),pze072
0.5,1,1,-0.6199,0.0,,It is pretty common for employees to move to other positions in the company. The fact you don’t know that is moronic.,podz2m
0.33,0,0,,0.0,,,po866e
,0,0,,0.0,,,po0t06
0.5,2,0,0.1451,0.0,,,pnv5kn
,0,0,,0.0,,,oouc15
0.83,8,0,0.6209,0.0,,,oco9zn
0.5,7,4,0.2612,0.0,,Unfortunately all the extra fluff is a bit necessary for people to understand why I'd be hesitant to try being a full webdev. But I have at least cleaned it some and added a TLDR. Thanks for the link!,ociogx
0.83,4,3,0.5586,0.6667,"quit,applied","I had considered this, but the main thrust of my actual career lies in the electrical engineering world. Writing maintainable test code is a secondary goal. My current job is great for the EE side, bu",mv3yg2
1.0,0,0,,0.0,,,mr6ikf
0.89,7,5,0.2445,0.0,,Hahaha I'm currently driving for Uber so as you can imagine I'm eager to get a cs job,mgygq7
0.58,2,0,-0.1664,0.0,,,mbitd0
1.0,0,0,,0.0,,,m178kd
0.5,2,0,0.1909,0.3,,,lnex0f
0.58,5,1,0.8437,0.0,,"Thanks, u/cali983

I’m really not alright, thanks for asking. I have seen a therapist over the summer and last semester but it didn’t impact me very much. The past semester I sort of scraped by with t",kyy4s3
0.82,3,3,0.6516,0.0,,"Thanks, do you have any recommendations on what would give me a better chance at landing a job? I need a job fast so maybe something like qa/testing jobs. A bit of a stretch but maybe some kind of dat",jwpemh
1.0,2,2,0.494,0.0,,"Thanks for the reply! This helps me feel like I’m on the right career path. 

Since I’m trying to retire early I didn’t consider going for an MBA, but if I do want to do management consulting at a wel",jil3ai
1.0,0,0,,0.0,,,ixeny3
0.72,4,1,0.2481,0.0,,Thanks for the link!,isdxy7
0.64,4,4,0.8492,0.3333,left,I would say I completely agree. I am not really advocating bootcamp as the best option to be honest. I think overall what was already a competitive job market has gotten even more so with the current ,idyg3y
0.45,0,0,,0.0,,,i75ck8
1.0,0,0,,0.0,,,hrn5j6
0.61,11,1,0.4102,0.0,,"Hey I have love for everyone here.

This particular mentorship is focusing on some other groups that have had a more specifically difficult time assimilating in tech (especially in America). Feel like",henz3c
0.63,2,2,0.9427,0.0,,"Thank you for your reply. True, that's life. I should focus on present and have faith in myself :)",hb5evl
0.46,1,0,0.7415,0.0,,,gqhhel
0.5,0,0,,0.0,,,ggrbck
0.69,16,6,0.3541,0.0,,This comment really helps put things into perspective. The industry for me might be created tomorrow. Thank you.,gfz8vt
0.96,7,5,0.2927,0.0,,Have any particular books and articles that have been helpful?,frbl2o
0.33,5,1,0.1515,0.0,,"Thanks for the reply. I think it is a very rational reply and I think those might be the factors that affect my thinking. I think first the location(Chicago is cold), colleagues(not that inspiring), m",f4eaxb
0.67,5,2,0.3706,0.0,,"Heh. I guess I’m in column A. Though they also hired a really good mechanical engineer from a company I used to work for and fired two deadbeats in the last few months, so there might be a coordinated",evu3wa
0.7,7,2,0.505,0.0,,Won't I be asked to interview for senior roles now? Considering that I have 2 years experience? And all those interviews get tougher as years in the industry increases... right?,eprpdt
0.4,3,1,-0.0603,0.0,,"I probably just need to stop feeling sorry for myself (already pretty much there, though still have to work on my discipline) and put in some serious graft. I'm sure this happens to people all of the ",eligyc
0.75,6,3,0.2439,0.0,,"Yeah, l am not too happy about that low raise.  Might start looking at what the market thinks I am worth, although common wisdom seems to say New Grads ought to stay at least a year at their first emp",ekxr4w
1.0,1,0,0.5859,0.0,,,edxcn2
0.5,2,2,0.3197,0.0,,"Thanks. Lots of these kids in my program are full time students and locking in internships already. I feel like I should start doing that...

Can you please tell me what Leetcode is? From reading this",e525wc
0.5,3,2,0.2217,0.0,,"Honestly, I tried asking on SO and I tried looking up my problem and none of them were able to help. I was able to finally get something resolved recently because my peer finally had time to go over t",dxcb0s
0.56,4,2,0.5785,0.0,,My social skills are pretty good IMO. I definitely am pretty social and have no problem meeting people/networking. Most people I try to meet in school just are people keeping their head down and tryin,du3wmi
0.6,1,0,0.9316,0.0,,,dckprz
0.75,3,0,0.3809,0.0,,,d6xo45
0.73,5,3,0.799,0.0,,"That is a good thought, thanks for the reply. Dental school is a four year program, and I could potentially learn a fair amount of CS concepts on my own time during that duration. I'm not entirely sur",d1veqi
0.75,2,1,0.4259,0.0,,"Yeah the course description says "" it is a technical degree with a significant programming component. It is designed to give you a grounding in both the fundamentals of computer science and practical ",cskeza
0.57,2,0,0.0683,0.0,,,cic11b
0.7,13,0,-0.1831,0.0,,,cgxt1s
0.96,15,4,0.4188,0.0,,Yeah Amazon usually targets a lower number for corresponding levels but since their stock has been doing so well their employees are still feeeling good.,cct7v5
1.0,2,1,0.4811,0.0,,"Great, I'll check out the FAQ some more.  ",aidh65
0.56,4,2,0.7342,0.0,,"This is what frustrates me—I know that that’s what modern computational AI research looks, and I’m not interested in solely being a fancy statistician. What would you do instead??",afch0v
0.98,16,1,0.506,0.0,,"Not sure how to say it, but just general visual design skills? Like how to lay out a page, where to put things, use color.

Or a more concrete example, I've made a few web apps using Bootstrap, and it",ae11vh
1.0,3,0,0.8333,0.0,,,aatfpu
0.86,2,1,0.2009,0.0,,"I got this job right out of college and its my only relevant experience. A lot of the job postings I see around me ask for 5+ yrs of experience, and for languages like java, or web stacks which I'm no",a6uq49
0.66,1,1,-0.9468,0.0,,"&gt;Stop comparing yourself to others because all you're going to do is hurt your ego and make yourself sad.

you're right. I gotta internalize this. And yeah, I guess a year flies by. Thank you man, ",9ujhpp
1.0,2,2,0.4133,0.6667,"quit,applied",There is no information about the strike price... Are stock options typically considered when evaluating the entire compensation package?,9p2x1o
0.95,10,10,0.3397,0.6667,"quit,applied","I applied to jobs in multiple locations, 40% NY, with the rest split between Boston, SF, and a couple of companies here and there (Chicago, Colorado, Seattle).",96d1ur
0.6,2,0,0.7782,0.0,,,90m8no
0.5,5,0,-0.0742,0.0,,,84j2yr
0.67,1,1,0.9629,0.0,,"Thanks! It's in Menlo Park so maybe a bit of a trek from the city.

With LinkedIn, do you just have the app ready on your phone to add people as you see them? Or note their names and add them later?",810qeu
0.76,6,2,0.5304,0.0,,My current goal as a larger-scale project is to design and implement an Android app to calculate child support using the Virginia guidelines.  At least one already exists and there is a gold standard ,7zh65w
0.6,3,0,0.3105,0.0,,,7lfc17
0.74,10,5,0.5418,0.6667,"quit,applied","Thanks for the reply. Here is my resume 
https://imgur.com/a/SkmOU

I had 1 connection at a place I would've liked to work and he said they are very selective about which schools they hire from.

Also",7k9fp9
0.67,5,1,0.7203,0.0,,Wow thank you so much. And thanks everybody. This is exactly the kind of thing I was looking for on here!,7ivvz5
0.67,2,2,-0.1804,0.3333,rejected," Thanks, I hate being sensitive to failure like this. I feel like the holidays coming up, and the kids, and all the stress just has me over the top with this stuff, needed to vent.
",7ctk7o
0.77,23,1,0.4831,0.3333,withdrew,"Procrastination and clinical depression are big factors. I started in engineering, hated it, then switched to accounting, hated it, then switched to psychology &amp; philosophy, saw no future in that,",7ba98b
1.0,2,2,0.4767,0.0,,"Thanks, that's reassuring.",74tha5
0.87,9,1,0.44,0.0,,"Honestly? Not much. I do code reviews for newer hires than me and I fix some very basic bugs.

I come in around 10 AM and I am on Reddit until around 11:30 AM. I get lunch with my team from 11:30 AM t",72ghep
0.83,2,0,0.0698,0.0,,,7003fr
0.55,2,0,0.0156,0.0,,,6w2m04
0.41,11,0,0.2633,0.0,,,6q7u7m
0.89,17,1,-0.1336,0.0,,Those damn barking spiders.,6lpl0s
1.0,3,0,0.74,0.0,,,6eh97f
0.88,3,3,0.6036,0.0,,"I live in an area where there isn't too much of a tech scene, and would like to stay close to home for family reasons, so I haven't been able to find too many embedded systems jobs. I've found most pr",6chgei
0.77,2,2,-0.1132,0.3333,applied,I did that. Some of them did take it but lot of them would straight up ask me what it was and I'd tell them honestly and that's when they hand it back to you. Most of them were fintec companies. The o,625ptn
0.5,1,0,-0.6597,0.0,,,5plxm7
0.88,11,2,0.195,0.0,,"I'm not overqualified. Probably far from it. 

There have just been some project management issues that have really rubbed me the wrong way. There was a time where I had to fix a feature that never ex",5n9x8i
0.93,6,0,0.1614,0.0,,,5mr9ob
1.0,3,0,0.8197,0.0,,,5motnu
0.5,2,1,0.6054,0.0,,Thank you for your advice. It's good to see common threads of direction coming from different experienced programmers.,4ywrwi
0.95,11,6,0.1669,0.0,,"&gt; On general principles, one should always be careful what they say. Best practice if you have doubts is to phrase concerns as questions instead. But you didn't say anything terribly out of line he",4x9lu9
0.71,13,4,0.4456,0.0,,"I dont want to be the one who badgers him for an answer. If he's not telling me, it's because he thinks it's awkward to reject me with the rest of the week",4vqpqm
0.86,5,5,0.8742,0.6667,"quit,applied","Finishing your bachelors is a good idea for that sense of a safety net. At least for me it helped make the freelancing leap since I could tell myself I had a fallback plan.

1. The small client didn't",4g0ie2
1.0,4,2,0.7468,0.0,,"great, thanks!
So, my current $40/hr **does not** account for taxes at all. Thats part of the reason why my company needs to change my status, ie: I am categorized as 1099, but functioning as W2. They",4e82a8
0.95,15,7,0.5151,0.0,,"As I said, most work is crap.  But that leads to the question of how to find non-crappy work.  My first suggestion is to activity seek it out.  Applying at crappy companies wont get you good work.  Re",47r9kc
1.0,2,0,0.1795,0.0,,,3zsv1j
0.25,2,2,0.8657,0.0,,"Thank you!  Plenty of good starts here to get working on.

How do you reach out to recruiters? Are they agencies or individuals, do they generally work locally or nationally, do they work for the targ",3yh94j
0.8,5,3,0.6771,0.0,,"You know, I've heard about Hackathons but never really considered them. If you don't mind a follow up, are the exacts details of a Hackathon important (whose running it, where it is, etc.) or is it mo",3fwijl
0.83,2,1,0.0703,0.0,,"I should add that I'm programming my own video game in C++/SDL as well, but trying to get a carreer stating wit C++ seemed too limiting. Hence I expanded my skillset.  ",39a8xa
0.64,2,1,0.4714,0.0,,"Thanks for the advice, I'll do that :) ",38vzgz
0.63,5,3,0.2884,0.0,,"Yea. This one.

I'm thinking of trying out Occulus gear soon. But how new is the field?

Also, is there room for an ""indie"" product in virtual reality? Is there a platform for indies to publish?",34tf2m
0.8,17,2,0.3748,0.0,,Thank you! Reading what you said makes me excited to start working.,2ygq2n
0.2,1,1,,0.0,,"To be truly world class, you first need to understand exactly what people want and give them something that is better and more valuable to them than anything else out there. 

I would love your help i",2vxpq9
0.7,19,1,0.2285,0.0,,"There is one company in chicago that would be a dream job for me.  Reverb.com.  Basically like Ebay, but for music instruments.  However, they are not hiring entry level, and want people with a good a",2r11fn
0.8,3,2,0.4766,0.0,,Thanks for the reply. But what is a .Net shop?,2msjg6
0.6,0,0,,0.0,,,2ekkps
1.0,5,0,0.4803,0.0,,,27sujy
0.79,3,0,0.4391,0.0,,,23d4c0
1.0,2,2,0.3443,0.3333,quit,"I know, but I'm unsure if I can teach myself how to do so. Seems quite daunting teaching myself something of that nature",1p5qsb
0.5,1,1,0.4019,0.0,,"When you say if you don't get through the training and both years, do you mean if i leave or if they decide to get rid of me? 

I thought about the conversion course, it's a back up plan but i feel i ",1nwobr
0.86,4,4,0.6844,0.6667,"filed,accepted","This sounds like promising information that I did not know of before, but where are you getting it?  This is through a recruiting firm, not as an independent contractor where I would expect to be able",1lxpyi
0.83,11,4,0.5731,0.0,,I appreciate your insight and feel you are probably right.  I don't like the third party recruiters because it seems like if the same jobs they keep posting were worthwhile then they wouldn't be poste,1l6fm5
,0,0,,0.0,,,1jtel2
,0,0,,0.0,,,164dpr
,0,0,,0.0,,,x4qa6
0.82,14,3,0.365,0.0,,"I forgot to specify (kinda wrote it in a hurry due to a short lunchtime).  I work mostly on low level kernel, OS, driver, and graphics related stuff.  C/C++, Win32 and macOS applications, drivers, Ope",18d3cwl
1.0,3,1,0.4844,0.0,,DMing you.,12d9z4j
0.99,22,4,0.4329,0.0,,"I like this a lot. There are a lot of questions on here asking ""should I do X or Y"" when a lot of it is so individualized.",led20h
0.6,2,1,0.2153,0.0,,"Good stuff. Like I said, you can live a  good life at 150k in a major city.( And that's prob the best option for most people)

When you say as an AWS consultant, I'm assuming you dont mean with Amazon",kpn3dl
0.5,1,0,-0.6414,0.0,,,cyzjj5
0.33,1,0,0.0,0.0,,,93sdgz
0.84,12,11,0.6355,0.6667,"quit,rejected","Let's see here, this is what I think of all the other mods. Time to get a glimpse of my weird psyche. 

/u/yellowjacketcoder: he brings the pain. Okay, not really, but he's definitely the one who isn'",4eazip
0.6,7,3,0.0162,0.0,,A lawyer would be costly. You mean they have a case against me for this?,4b8vpy
0.83,11,1,0.7643,0.0,,Thank you everyone for the support. God knows I needed to hear this right now. I will keep them in mind as I move forward :),245uzq
0.93,11,8,0.3225,0.6667,"quit,accepted","Since a reply on this thread is getting downvoted, I'll say something here about the stereotype of constantly changing jobs in this field.

Outside of the web dev industry, I think it still applies th",18j8vn
,0,0,,0.0,,,lpf182
1.0,1,1,0.7089,0.0,,"The reason I was saying that because I don't want to limit myself to just testing, I would like to be involved in development process as well. I just like to have the programming skill set where in I ",3ouanf
,0,0,,0.0,,,38j3eb
0.64,20,5,0.434,0.0,,"I don't understand what else can it be. But I guess thats fine since I don't work in Amazon and have no idea of the work that got delivered for L6 material. 

As far as my knowledge is, L6 is a techni",1pyn7x5
0.63,15,2,0.4726,0.0,,"I do have an OOP elective, and numerical optimization elective, also fundamentals of artificial intelligence paired with data science elective. (two classes)

there is also cryptography and code theor",1puq2fq
0.43,5,4,0.1631,0.0,,"Typically when interviews end earlier then they are suppose to, it’s not a good result. I know I had good discussions with some of them after doing the interviewing exercise, but considering it ended ",1psifrf
0.67,2,2,0.7722,0.0,,"Thank for the advice, I am definitely working to improve. I just can’t help but feel that my career could genuinely end as I know it when it barely even started",1pivf55
1.0,3,1,0.2692,0.0,,"Thanks for the advice - yeah, I did have a lot of anxiety and worry about being at Amazon. I'll keep reaching out to my team as I need it",1p4an65
1.0,3,3,-0.0949,0.0,,"Why so? I get that most people join some random company and then transition upwards. 

But if that first company itself is toxic? I am surrounded by a lot of toxic companies actually",1p0jwny
0.93,20,3,0.0508,0.0,,"It wasnt product, thankfully, but it was the main testing branch.

I agree about the dev ops eng though. It felt so weird that she brought it up so frequently in every chat and every meeting she possi",1odgohr
0.81,11,5,0.3052,0.0,,Yes even my manager said that I could easily do the work for the DS/DE but the higher management wants me to take this test. I think if they see me failing this multiple times they might just kick me ,1m10ljk
0.67,2,0,-0.4588,0.0,,,1kqkiv6
0.75,17,4,0.1443,0.0,,Thanks a lot for the tip. I will aggressively start asking for help.,1inf70x
0.41,5,0,0.5908,0.0,,,1huoq9s
0.55,4,0,0.1606,0.0,,,1hrhqqm
0.8,4,0,0.2359,0.0,,,1gp9yb4
1.0,3,3,0.8683,0.0,,"Good one, thanks!",1gj4qck
0.38,3,0,0.5124,0.0,,,1eu4gxu
0.13,2,2,0.9976,0.3333,rejected,"I see, I agree with you about what I did.
What do you think can show determination in this case? Or do you think it’s over there is nothing I can do.",1egkfcy
0.25,3,3,0.8317,0.0,,"Yeah, I really regret it. It was just because I wasn’t sure if I even wanted to complete my degree in Comp Sci at the time (2022) so I didn’t really think about it. And then when I did try to land som",1dw45mp
0.91,13,2,-0.1983,0.0,,"Sorry but how do I phrase this?

""Hi, As I am not xyz's manager, I was not aware that he was unavailable during working hours. I was also not aware that he was strictly working from home for the past ",1bj9zck
0.25,3,2,0.5735,0.0,,They ask for grades often times afterwards.,19egk1w
0.76,28,0,-0.0278,0.0,,,18n3ykm
0.81,5,0,0.3769,0.0,,,18g8hbp
0.37,10,6,0.3158,0.0,,"thats a great rule of thumb. i def need to practice cuz its been a while but i feel im naturally good at coding and hoping i can pick it up quickly again. if 1 month seems to short, wat do u think sou",16we7n5
0.93,14,1,-0.256,0.0,,I was thinking the same thing 💀,165r9h2
0.33,3,0,-0.4416,0.0,,,15cvo3h
0.5,2,1,-0.8739,0.0,,"I might have been unclear in my post. I don't think that I'm unqualified, and the last sprint cycle is the first time where it went really wrong. When re reading it made it seem that I was struggling ",14vsjnv
0.6,3,1,0.0581,0.0,,Thank you! I'll continue practicing my responses to behavioral questions then.,14rjev6
0.75,4,1,0.2103,0.0,,"I think silent exception is perfect...because I would have expected an exception without this method, so somehow we were adding default zeros.

I like that thought, because I was so in my head about m",12t985p
0.33,1,0,0.8481,0.0,,,12619fq
1.0,1,0,0.891,0.0,,,11ah1yf
0.74,6,5,0.7332,0.0,,"What would I do under experience for Jake's resume template? Just my one Math tutor job? I don't have research experience or anything.  Cut down on the wordiness, sure. What sorta fluff do you think i",10mxg8h
0.93,22,1,-0.0783,0.0,,Thank you and good advice! I’d have to book a meeting with the manager and put a high priority ticket through that’ll get approved by her boss. Sigh. This week will be *humbling*,zn79g4
0.25,3,0,0.9495,0.0,,,zg1fwm
1.0,3,1,0.1827,0.0,,"Makes total sense, thank you!

Forgot to be excited for an offer that I am totally excited to receive🤦",yp6f17
0.92,6,1,0.2841,0.0,,"I should have clarified that my original graduation date is May 2023, so I've been applying to new grad positions mb",ydy3g6
0.91,20,7,0.1531,0.0,,That's reassuring lol.,xgo4qk
0.89,15,3,0.5918,0.0,,I was very happy until recent changes and I feel like I need to move on if I’m going to be happy in what I do.,x57mq4
0.78,6,0,0.511,0.0,,,x1u4vf
0.75,4,1,0.2877,0.0,,"Mexico, minimum wage is $8.42 USD/day, but I don't actually know anyone that makes minimum, even unskilled labor.",w3wevp
0.33,3,0,0.198,0.0,,,uui3k1
0.83,4,1,-0.3625,0.3333,quit,"I guess my concern is with the new job and how this will reflect poorly on me in their eyes.  I assume they will think, no matter how good the story, hey this guy just got this job and he's already qu",t4podl
0.5,3,2,0.6651,0.0,,"Thank you for explaining the whistleblower part. I don't have any plans of taking them to court unless they leave me no option.

  
It's weird to think that the whistleblower is the one considered to ",s9h78w
0.67,1,1,0.533,0.0,,thankyou! it really helps to hear that,s3c6hu
0.75,3,0,0.5317,0.0,,,rcoffi
0.5,1,2,-0.9767,0.0,,"I had a week to learn React agreed , first 4 days I went thru the stuff ,tryin to understand it , Thursday got a assignment to create a to do app and submit it by Friday , completed it and enjoyed doi",r6biix
1.0,2,0,0.1705,0.0,,,r53wwj
0.44,2,2,-0.2782,0.0,,"Ok
I just feel after talking to 30+ recruiters they know who I am now and they’re not interested because I’ve told them I can program and I’ve answered all their questions correctly about standard lib",qax5of
1.0,3,3,0.0696,0.0,,"Thanks for the advice! I'll try that next time he gets annoyed, he onboarded me knowing well that I'm a junior and only did internships thus far but seems like he thinks I could already structure ever",q3rhp0
0.74,4,3,0.3281,0.3333,quit,"You're too right, man. Unless I'm just a fraction of a consistent message, I'm sure I'll just look like a whiney-griping bitch. Unfortunately, I'm the only lead, and I'm quite sure the lower level tec",q0ozoz
0.5,3,0,0.291,0.0,,,psu1rs
0.25,3,0,0.2438,0.0,,,pgjzq6
0.63,6,0,0.3272,0.0,,,p5s7da
0.75,3,3,0.3502,0.0,,"I dont want them to think I  tried to lie though, the timing just looks bad",ou9etd
1.0,5,4,0.4379,0.0,,Thanks a lot! Yeah I think Im overestimating how quickly I can work. Ill be trying to take it slower. This sprint has been especially painful.,othqdf
1.0,3,3,0.3418,0.0,,"True, but this job has me relocating to a city that I don't really want to move to.",ojsu5x
0.75,2,0,0.3717,0.0,,,o5p0wi
0.33,2,1,0.2859,0.0,,"i am, i have other interviews lined up. this one was just my top choice and kinda wanted to gauge how fucked i was.",nnlx4u
1.0,3,3,0.0114,0.0,,Thank you very much for you help! I will do that on Monday. I think it is reasonable because I still have a few other interviews and I can mention my skills.,ms6hkf
1.0,4,0,-0.0833,0.0,,,mnmhu8
0.8,1,0,-0.0076,0.0,,,m7yag1
0.67,4,1,0.2461,0.3333,left,"Got it.  Thanks.  If a year goes by and I find a job, and they finally give me work, do I have to stay until I produce something?  They didn't train me and I don't want to stay at a job that isn't con",lcewtf
0.25,3,0,0.4189,0.0,,,kqmuj3
0.6,3,2,0.3382,0.0,,Thank you so much. Will take care of that. Any suggestions on how can I become a great programmer?,kpr85d
0.67,4,3,0.3179,0.0,,Thank you for your words! OA1 is supposed to be easy but I saw past year’s OA1 questions and this year is a lot harder.,ke650w
1.0,2,0,0.5399,0.0,,,k63nvh
0.57,5,2,0.8354,0.0,,"interesting will take a look, i always focused more on analysis and topology then algebra, but sounds cool! Will do. and quant jobs.. also a possibility. I'm thinking of also looking for data analysis",k2igr2
0.63,2,0,0.3626,0.0,,,k0p2g2
0.86,3,2,-0.8716,0.0,,"I suspect the answer, given the number of things I do not understand but that I think I should, is to sit down, list them out, give each item a rating of the impact I think it has and the depth I thin",jjmu5i
0.33,7,7,0.1877,0.6667,"left,rejected",Thank you! My husband is a pretty smart guy and while he offers me help and wants me to discuss things with him I am worried he will think my thought process is stupid. Again this probably comes from ,j7svh7
0.57,1,1,-0.1027,0.0,,"Yes I did just last night, was that too late?",iysaap
0.73,21,0,0.1745,0.0,,,iieo65
0.81,3,0,0.6581,0.0,,,hv2e2v
0.38,2,3,0.8434,0.0,,"&gt;Exactly what education do you have? Please tell me this gap year isn't right after high school.

It is unfortunately, good schools here are very few, emphasize highly on the theoretical side (algo",hujlm9
0.92,3,2,0.126,0.0,,"That's good to hear. I did talk with my counselor, and turns out that the state won't pay anything until I finish the program, so I'll be dropping that asap. I do think that OSU looks like a good appr",hrxsnn
0.63,2,2,0.1512,0.0,,"This is the approach I have been taking, but I always have this nagging feeling that maybe I fell behind everyone else I graduated with. I know better than to compare my pace with others, but it can b",guwjyv
0.56,3,0,0.3418,0.0,,,gj3ag3
0.67,4,0,0.3769,0.0,,,g24jt5
0.67,3,0,0.5711,0.0,,,f2xoti
0.25,5,1,0.2722,0.0,,"It's just difficult to drag up my current average to a pass. The baby's coming soon, I don't know how much time i'll have to focus on revising for the exam.

If i were to stay in, it'd be a gamble whe",eys6x1
0.5,1,1,0.3532,0.0,,How would you recommend I get meaningful advice on my resume? I do not trust my former university’s career advisors because I think they are incompetent. My friends think my resume is great because th,ew62wx
0.24,5,3,-0.0977,0.0,,I would give my kidney away for this to be a troll post,et553y
0.6,4,3,0.5879,0.0,,"&gt;But if you say no to old boss, give it more time before trying to get back to them again. Maybe old boss makes similar offer benefits wise.

When I called he asked if I was sure of what I was doin",eoz36h
1.0,1,0,-0.6144,0.0,,,em84io
0.75,6,3,0.037,0.0,,"My offer doesn't say anything about my degree, actually, which is mostly what prompted me to post this. But you're right, I should tell them regardless.

Follow-up question: Do you think this is an ap",e8vug9
0.8,3,0,0.3416,0.0,,,e5a0bt
0.43,3,2,0.6262,0.0,,"wouldn't it be better to explicitly state that I am takin another opportunity instead of saying ""due to an unexpected event""?",e2nuym
0.5,0,0,,0.0,,,ds0gzw
0.5,3,0,0.4539,0.0,,,dmc7vk
0.75,3,0,-0.0094,0.0,,,dinj7x
0.8,5,4,0.3962,0.3333,applied,Ok will do. Thanks,d5advk
0.67,0,0,,0.0,,,cu8iso
,0,0,,0.0,,,cqjxfh
,0,0,,0.0,,,cjyzof
,0,0,,0.0,,,cclf0f
1.0,2,0,0.1527,0.0,,,c9i9jl
0.5,1,1,0.9402,0.0,,"Thankyou for taking the time and writing that out. I realise I might come off a little entitled and looking for a quick buck, I'm genuinely interested in computing and programming but you're totally r",c46nw8
0.62,11,2,0.4675,0.0,,"it’s not just this sub. it’s everywhere i read. i will admit, this sub takes things to the extreme.",c3y9sv
0.86,9,2,0.5039,0.0,,Are crappy jobs good stepping stones for better things though? What if I’m only working with a software like Matlab that isn’t applicable to most jobs?,bzn6xn
0.93,15,4,-0.1079,0.0,,Also who do I even tell? IT? My manager? You think I should come clean right away? Not like wait around till someone notices?,bx2ul7
0.69,8,0,0.0856,0.0,,,bnu5av
0.67,1,0,0.0,0.0,,,ayfv0r
0.77,4,2,-0.4465,0.0,,Thank you! I legitimately forgot about trying freelance work! I appreciate this :) ,atamsk
0.4,1,0,0.0,0.0,,,aopicc
0.66,2,3,0.0143,0.0,,I did. It ranges from 50-85k. Not sure where I'd fall.,agu4bb
0.64,1,0,0.9504,0.0,,,a7494y
0.25,2,1,0.2437,0.0,,"Thank you for your reply.  


It wasn't a career discussion nor was the door closed.  But I understand that wouldn't have much bearing on your response.  


I've already decided that next time such a ",a4ytjp
0.4,7,0,0.3883,0.0,,,a4o3zd
0.4,2,2,0.8134,0.0,,"Yeah I work in security now and I don’t love it. Before I was a pure java backend engineer. I don’t think I want to pursue security as a career long term, but I tried it because I wanted to try and le",a1p79e
0.82,9,9,0.2073,0.3333,applied,"Good idea, I don't know if my friends are willing to do this tho. ",9v7uzv
0.67,4,3,0.1429,0.0,,"I have a question, are all job like this? What I mean is that I'm practically learning on my own.. I thought since this is a fresh grad job, then they will give me an online course and at the end of t",9rn2pp
0.5,1,1,,0.0,,I am working on coding projects now. I just think I need a job at the same time. I was asking what job would be beneficial to have at the same time as I am doing the odin project.,9k0v8l
0.81,20,0,-0.1583,0.0,,,9fmsyj
0.5,5,2,0.0803,0.0,,"Sometimes I think that they are doing both. But then again, there are things that HR did, that showed otherwise. For example, she asked from me to send her the performance review that the manager sent",9a6wle
0.75,6,2,0.0007,0.0,,Why is everyone saying I'm lying? Where did I say I'm lying?,8uxlsv
0.43,1,0,0.5053,0.0,,,8tdern
0.76,0,0,,0.0,,,8oimv5
0.67,0,0,,0.0,,,8o9d8p
0.75,3,2,0.3032,0.0,,:(,8jo2tk
0.62,3,1,0.0006,0.0,,"One factor that helped convince me is my lack of math skills. Sad, but true. 

Thank you, I have been fretting about this for the past week. Lucky I found this subreddit.",8jh71s
0.76,6,0,-0.1499,0.0,,,8870in
0.79,8,2,0.2343,0.0,,"He did notice the mistakes because he mentioned them in that one email after I asked him what I could've done better. But I understand what you're saying.

This was the closest I've gotten to getting ",881sgd
0.68,15,12,0.2986,0.3333,quit,The D's are acceptable at my school for passing. I don't mean to sound overly dramatic with my closing questions but If you knew me in real life you'd know why i am terrified for my future. ,7p79a3
1.0,2,0,0.5819,0.0,,,7o4lyp
0.76,2,2,0.416,0.0,,Did you end up getting an offer/working for the company,7i8xqv
1.0,5,0,0.3203,0.0,,,7hza98
0.91,18,7,0.4449,0.0,,"* I tried working out a bit a while ago and it was the best I felt. I'll work out again.
* I can probably change basic things like what I eat: I've been having the same foods for years now.
* Reading ",78xt2k
0.8,9,2,0.4781,0.0,,HFT in Chicago is all I'm willing to say.,77qd62
1.0,0,0,,0.0,,,75t8h5
0.5,2,0,-0.1762,0.0,,,73s8yg
0.5,12,1,0.377,0.0,,"That's relieving. I'm not expecting to land a Google or Amazon gig, or anything even close. I just want something this summer to say, ""hey, I have some experience"" and get paid a bit.",71jc7z
1.0,0,0,,0.0,,,6zrt9g
1.0,4,1,-0.0725,0.0,,They won't tell me anything useful or negative and I ask every single time,6wqxyu
0.33,3,0,-0.175,0.0,,,6w8hck
0.9,19,4,0.3492,0.0,,Im so brainwashed that I don't even know what normal CS jobs are anymore. Can you tell me what Jobs there are and tasks in them? ,6vaqc1
1.0,1,0,0.5106,0.0,,,6sj5l3
0.94,10,5,-0.0462,0.0,,"That's a good point. I appreciate your feedback. I probably should have involved the CEO as I progressed through the project, but I was doing that with my manager and for some reason I thought he was ",6s7wu3
0.55,3,0,0.3512,0.0,,,6kiybx
0.6,4,1,0.5214,0.0,,"By that I meant that it had been 9 months since I started looking. Anyway, thanks for your advice",6crch7
0.33,2,0,0.4027,0.0,,,6c6l94
0.5,4,2,0.4948,0.0,,"This will be in the future, a year from now sorry forgot to mention that. Yes I will be going to UH.",69tl6w
0.85,3,2,0.3678,0.3333,quit,are there any rules to posting my resume on here ,68o656
0.76,3,2,0.3911,0.0,,they did not ask me for any dates at all just booked the ticket and then emailed me about it. I assume i am on a waitlist which is why they waited so long and never got back to me on their own accord.,6509ba
0.67,4,0,0.6158,0.0,,,61bc5y
0.87,9,3,0.2505,0.0,,Alright I think I'll do that. The thing is I signed some documents on a hireright background check. I never signed an official offer letter but I didn't look too closely at the background check. To my,5zys3s
0.6,2,0,0.2717,0.0,,,5zpp84
0.67,3,2,0.3627,0.6667,"left,accepted","That is the main problem though, the pay actually isn't that bad and the job description i'm supposed to fill honestly seems really daunting. I asked the interviewer what i'd be doing in order to clar",5zgiii
0.57,0,0,,0.0,,,5xxii6
0.9,11,0,0.5504,0.0,,,5xo9n0
0.14,4,2,0.0814,0.0,,I guess im screwed,5wjxi1
1.0,1,0,0.25,0.0,,,5t42uy
0.75,1,0,0.296,0.0,,,5rdthr
0.76,2,1,0.7627,0.0,,"I wouldn't really want to give up a semester of school just to do an internship, I mean its finishing off school after all, I want to prioritize that as a full time student, I just didn't know that in",5nhmmw
1.0,2,0,0.3833,0.0,,,5mytnb
1.0,5,1,0.3081,0.0,,I did get an email specifically from a recruiter. I guess I might as well- from Glassdoor it looks like their HR has some issues with getting back to people. Just wondering if anyone has experienced t,5kvtns
0.5,3,1,0.0135,0.0,,I edited the original post with my resume,5ggmhe
0.67,1,1,0.0,0.0,,"yeah i probably should have made this clearer, but when i said money isn't that much of an issue, i meant that my financial situation is stable enough and i'm not desperate to find anything. but havin",59ot22
1.0,1,1,-0.3003,0.0,,"Its very stressful as I received this call after a lots of applications and now some stupid chatbot is fcking up everything. The major problem is, interview date is next week and if it’s not fixed by ",1r91eft
0.68,40,2,0.362,0.3,,[deleted],1r8zx1f
0.99,1,0,0.3612,0.0,,,1r8hltc
1.0,1,1,0.9382,0.0,,"Thanks man, but I feel like my self esteem is not in the best spot right now. Maybe has to do something with the social media effect of 1600 SAT + multiple international awards kind of guys not gettin",1r89i9k
1.0,3,2,0.8682,0.0,,Thank you 🙏,1r7n5ya
1.0,1,0,-0.1027,0.0,,,1r7cviy
1.0,1,0,0.7274,0.0,,,1r7bsnt
1.0,1,0,0.9311,0.0,,,1r7b3vj
0.8,26,1,0.1398,0.0,,There’s nothing to fix. Look for new jobs then leave.,1r74ddq
1.0,1,1,0.4318,0.0,,"Thanks, I'm going to do the follow up and continue just being honest.

In my eyes, the problem is both the PM and team but the problems are different. The team are pretentious and dismissive. This oft",1r6rsm9
1.0,1,1,-0.8922,0.0,,"Thank you, this actually makes me feel a lot better.
I’ve been overthinking my degree gap a lot, so it’s reassuring to hear that skills matter more.
Can I ask — when you say focus on projects, what ki",1r6g80d
1.0,5,5,0.7579,0.0,,Thank you i appreciate it,1r4z0sy
1.0,3,1,0.8723,0.0,,"Hi. Thanks for your advice. I just wanted to clarify that it’s not that I don’t like studying, it’s that I’m not particularly passionate about studying law. So naturally, I don’t really enjoy studying",1r6bb8q
0.92,24,0,-0.1194,0.0,,,1qv7224
0.92,26,0,0.131,0.0,,,1qu1rly
0.86,25,3,0.1372,0.0,,[removed],1qpu72v
0.78,26,0,0.1964,0.0,,,1qla8i7
0.92,10,3,-0.0275,0.0,,"I don’t know why it’s happening to me though, I’m trying so so hard. I’m worried I really am just a loser",1qyvpt0
0.73,1,1,-0.3826,0.3333,quit,"I'm thinking to quit this and work on something else as I don't really enjoy the work I do, but Idk about the consequences",1qkprx1
0.99,27,0,0.4584,0.0,,,1nccnvp
0.92,30,4,0.2723,0.0,,Debated adding on their no one actually knows what they're doing. Don't be scared you don't either,1nrannp
0.93,30,2,0.4434,0.0,,Look into financial independence retire early,1q845k8
0.96,33,0,0.3235,0.0,,,1lj2jf4
0.88,18,0,0.6004,0.0,,,158wiqd
0.98,29,3,0.0061,0.0,,[removed],1exb1yt
0.99,0,0,,0.0,,,1r5vj7n
1.0,1,0,0.1639,0.0,,,1r358mx
0.5,2,0,0.3413,0.0,,,1r125gg
1.0,2,0,0.6431,0.0,,,1qy0c93
1.0,1,0,0.3046,0.0,,,1qxph8p
1.0,5,0,0.464,0.0,,,1qwe6wl
1.0,1,1,0.9687,0.0,,"Thank you for the reply! I honestly considered environmental law. I've had fun being a part of court hearings and have been around both tort, criminal law, and business law. But I was hesitant, only b",1qw5v4l
1.0,1,0,0.7391,0.0,,,1qvun4z
0.67,2,0,0.4019,0.0,,,1qto9i1
1.0,2,1,-0.0518,0.0,,"Thank you, this is very helpful and I will look into it!",1qt4y5j
1.0,2,0,0.3298,0.0,,,1qt4iwi
1.0,3,1,0.7225,0.0,,I have my own portfolio website that I made from scratch and I have on it a few university projects and a some websites I got commissioned for but yea I’ve been working to expand it with some bigger m,1qrps6k
1.0,1,0,0.9335,0.0,,,1qq92ql
1.0,3,3,-0.0216,0.0,,"This is really helpful, thanks. When you say small experiments, what worked best for you courses, side projects, or informational chats? I’m trying to avoid another rushed decision.",1qo8vom
,0,0,,0.0,,,1qo6phe
,0,0,,0.0,,,1qlz7qw
0.43,4,0,-0.3725,0.0,,,1qiou7s
1.0,0,0,,0.0,,,1q8le7j
1.0,2,0,0.2472,0.0,,,1q8d5ca
1.0,1,0,0.9472,0.0,,,1q5ihyg
1.0,2,1,0.2159,0.0,,"Thanks, I really appreciate that 🙏 And cheers for mentioning CompTIA A+ — I actually just had a look into it. There’s a course starting on 12/01/26, so I might be a bit late applying, but I’m going to",1q5hrvs
1.0,1,0,0.6597,0.0,,,1q5c4s8
0.5,2,0,-0.1374,0.0,,,1q4ty06
1.0,1,1,0.9866,0.0,,This is a really good response - thank you. I was B2C on venue sales. A lot of extremely wealthy people or celebrities renting a giant historic building or booking catering for their sons bar mitzvah ,1q2b6gn
0.67,4,0,0.4424,0.0,,,1pz39x2
1.0,2,2,0.2263,0.0,,I actually never even considered this before. That's really solid advice. I try to make my current job appear as general manufacturing but I suspected they probably still see it the same when they loo,1pywkig
0.25,7,0,0.4526,0.0,,,1pvyk0k
0.92,8,0,0.108,0.0,,,1pv4asw
1.0,1,1,-0.7359,0.0,,"I absolutely agree with the first part of what you said, definetly don't want to get stuck in a role I dislike and with a lifestyle I resent while being locked in Serbia. About the business, well I do",1ptooun
0.33,3,0,-0.0289,0.0,,,1ptf9c1
1.0,1,1,0.2575,0.0,,"What I want is to sustain in this economy, I mean what does companies prefer?  I know after a point experience and certifications only matters. But for starting, landing on a job at least, main stream",1pn586v
1.0,3,1,0.3337,0.0,,"Thanks, this is actually really helpful and grounding. I agree that PM has become much harder to break into, especially without a top B-school or direct PM experience, and I probably underestimated th",1pmzyfo
1.0,5,0,0.5136,0.0,,,1pky1a3
1.0,13,6,0.395,0.0,,I definitely can't afford to do that unfortunately.,1pkxccs
1.0,1,1,0.4588,0.0,,Thank you,1pjq9aq
1.0,3,0,0.9522,0.0,,,1pgz9u3
1.0,0,0,,0.0,,,1pbm3bx
0.59,2,1,0.6249,0.0,,Do you think it's too late for law school? Med school?,1p7wuwd
1.0,12,2,-0.0365,0.0,,"Yea but I’d rather make money lol. Idk what to pivot to.. I’ve thought about nursing , trades, and first responder jobs",1p6mefh
1.0,0,0,,0.0,,,1p60snp
0.81,4,1,0.6948,0.0,,You think?!,1p5z5ql
1.0,2,2,0.8214,0.0,,"i only use AI if i'm stuck or if it's something so easy its just quicker if AI writes it 

ive tried to get clients for freelancing but none of them hired me :/",1p1t7g6
0.75,12,2,0.3082,0.0,,I did an internship for 1.5 years continuously in auditing from my sophomore year to the end of my junior year. John Hopkins requires 2 year work experience minimum but I think I can squiggle in there,1oyxqdu
1.0,1,1,,0.0,,"





it may sound arrogant, or like im a hypocrite , but id like something that kind of puts me on edge, something thatd make me need to think to my limit.
Where im from, u get into biomedical engine",1oy1y58
1.0,1,0,0.9827,0.0,,,1ovhy12
0.75,7,0,0.1098,0.0,,,1oum2y1
1.0,1,0,0.8719,0.0,,,1otiomp
1.0,2,0,-0.2451,0.0,,,1osry45
0.67,14,2,0.0834,0.0,,"Yeah I really regret it. It’s really on me. I don’t think it’s salvageable. I’m really just waiting for them to fire me. It’s just, it’s a small world. I am afraid I might run into them again.",1osku3h
1.0,1,0,0.9838,0.0,,,1or1nl7
1.0,2,1,0.7102,0.0,,Consistency replaces chaos loved your suggestions thank you so much,1oqtcgc
1.0,1,0,0.3612,0.0,,,1oqhkf3
0.4,2,0,0.9556,0.0,,,1ookfj9
1.0,2,2,0.4749,0.3333,quit,i quit plumbing college last year and he knows so that’s why and i was going to ask him for an apprenticeship to help me get back on track,1on7bnf
1.0,6,1,0.6977,0.3333,quit,"Thank you, I had no idea this was even an option. My dissertation is in analysing/manipulating human behaviour through level design which sounds like it could have quite a bit of overlap based on what",1oki308
1.0,2,1,0.8783,0.0,,"The only exposure I have is through class, which is geology, general geography, and meteorology. Would any of that really be transferable? I've asked around and have gotten mixed reviews but i'm also ",1ojovu0
0.59,18,5,0.2814,0.0,,[removed],1ojki6u
0.5,2,2,0.6138,0.0,,Thank you so much. Just looked up the GradSimple newsletter. :),1o6xu6t
0.29,12,0,0.4576,0.0,,,1o3v4nj
1.0,0,0,,0.0,,,1o071vw
1.0,6,0,0.6871,0.0,,,1nz9u0t
0.91,7,0,0.6052,0.0,,,1nx4fsw
1.0,0,0,,0.0,,,1nukm0l
1.0,1,0,0.9897,0.0,,,1nu3hx5
1.0,1,0,0.9125,0.0,,,1ntba60
1.0,0,0,,0.0,,,1nsi8il
1.0,0,0,,0.0,,,1nqk88r
1.0,0,0,,0.0,,,1npme97
1.0,1,0,0.4445,0.0,,,1noz04e
0.67,4,1,0.5523,0.0,,My major,1nmt2v1
0.63,14,1,0.1759,0.0,,"Assuming your major is in Econ, Finance, or Accounting. It really depends on your internship and networking. Having experience in finance/accounting concept and data analytics software helped me land ",1nm7iz7
0.86,5,3,0.7274,0.0,,"I have a BA in English and some minors in communication and economics. My skills are primarily interpersonal, like writing, managing, and some more hard-skills like marketing, Adobe Creative Cloud, an",1nl2y6t
0.5,0,0,,0.0,,,1nkqks3
1.0,0,0,,0.0,,,1nkf5aw
1.0,1,0,0.6253,0.0,,,1njzdz9
1.0,2,1,-0.2579,0.0,,Definitely I’ve learned a lot from this. I’m going to just let it go. The next time I’m in a position like this which should be soon I will make sure they are ready for it,1nj1x9w
0.99,2,0,0.3352,0.0,,,1ngdyx7
0.99,0,0,,0.0,,,1nf2zhk
1.0,2,0,-0.0372,0.0,,,1ndwtch
1.0,2,1,-0.4422,0.0,,True it gives me a sense of peace in comparison to my previous job in business intelligence where it felt like being a sitting duck with all new AI solutions coming around the corner. While it might b,1ndak4d
1.0,1,0,0.4019,0.0,,,1ncdkaq
1.0,0,0,,0.0,,,1nb1wm0
0.86,2,0,0.7667,0.0,,,1nax3qq
1.0,5,0,0.3382,0.0,,,1namglu
1.0,1,1,0.836,0.0,,I was thinking about writing a resume summary to explain my situation. What would be the best way to articulate the career pivot?,1na2p3t
1.0,1,1,,0.0,,"Thank you for that. I do agree with that and I've been told that's great for start-ups - The Swiss Army knife, you know?   
It seems a bit unsustainable to taylor my resumé to every job I apply to, bu",1n6gold
1.0,0,0,,0.0,,,1n5f9f3
1.0,0,0,,0.0,,,1mzwpdj
0.95,32,1,-0.0858,0.0,,What happened? Did you go back to your previous job or still searching?,1mxlrdi
1.0,2,1,0.0934,0.0,,"I feel like I’ve wasted time because honestly, a lot of the stuff I’ve learned I feel like has fallen out of my head, and I haven’t had full-time experience yet to try this field out. I may also have ",1mx8m0n
0.84,7,0,0.3841,0.0,,,1mufzpr
1.0,1,0,-0.1401,0.0,,,1mq856b
1.0,0,0,,0.0,,,1mohtf4
1.0,1,1,0.9416,0.0,,Thank you :) I appreciate the advice!,1mnj4z3
1.0,4,0,0.2764,0.0,,,1mk6cx5
1.0,0,0,,0.0,,,1mf7y95
1.0,0,0,,0.0,,,1mf70dg
1.0,2,1,0.8228,0.0,,I think that's for me that's the most doable thing right now . But foreign universities still gives so much importance to gpa beside experience nd GMAT . How could not get any scholarship by far with ,1meutnv
0.79,11,4,0.3556,0.0,,"The only nurse I know personally does radiology and told me to avoid bedside nursing as much as possible if I do go into it… I don’t even think that’s possible. I appreciate your input, is IT worth ge",1mci82y
1.0,4,3,0.7313,0.0,,Hey thanks a ton for the suggestion!!,1mar3uf
0.81,21,10,0.288,0.3333,rejected,I will. It's definitely a great lesson.,1maq0rr
0.67,1,0,0.9106,0.0,,,1m59wxu
1.0,2,0,0.8815,0.0,,,1m3ooze
0.87,37,1,0.0622,0.0,,I’m mid-level management and it’s just not satisfying . I only mentioned hvac cos of my neighbor.  I haven’t selected a particular trade as this is just in a very early stage of my decision to do some,1m32ki7
0.83,30,1,0.3191,0.0,,That is a great tip. Thank you for this helpful reply!,1lxxvft
0.5,2,2,0.3652,0.0,,"Also, a lot of people stress about landing internships over the summer too, but can being in a club related to your major also work too?",1lxqe53
1.0,1,0,0.4404,0.0,,,1lwobkr
0.84,40,0,0.2097,0.0,,,1lvi81j
0.99,1,1,0.9151,0.0,,"Thanks for this. Funny enough, I already have a PMP, but I didn't think about the SE creds route.",1lrv1zs
1.0,0,0,,0.0,,,1lqe0cb
1.0,0,0,,0.0,,,1lo9qo2
1.0,0,0,,0.0,,,1llbhx2
1.0,3,0,0.8091,0.0,,,1lkshj0
1.0,0,0,,0.0,,,1lk1yeq
1.0,2,0,0.1315,0.0,,,1liho7k
1.0,0,0,,0.0,,,1lfshjx
1.0,2,0,0.6803,0.0,,,1leoqk6
1.0,0,0,,0.0,,,1lcffwc
1.0,2,0,0.9611,0.0,,,1l9stdz
0.89,8,1,0.4898,0.0,,"I saw the term ""introvertly extroverted"" pop up a few times in the comments. I'm glad to learn there's hope for us introvert folks to adapt.

Thank you for the kind words of encouragement. I am proud ",1l6oljs
1.0,2,1,0.4444,0.0,,I am not in America and there is an infinite need for people with a cs degree and if the pilot plan fails I am thinking of going to a good uni for an msc.,1l41o1z
0.5,0,0,,0.0,,,1l01a6u
1.0,0,0,,0.0,,,1kx3qwu
0.29,6,0,0.0921,0.0,,,1kwt54r
0.67,3,0,0.7649,0.0,,,1krsd4e
1.0,2,2,0.9872,0.0,,Awww this was so sweet 🫶🏼 yes a little regret about my past experiences but I can only learn from them. So hopefully I do 😭🤣,1krdu1o
1.0,0,0,,0.0,,,1kicpu0
0.7,6,0,0.4661,0.0,,,1kf6oyt
1.0,2,0,0.8474,0.0,,,1kcucyv
1.0,2,2,0.7513,0.0,,"I am highly considering going the EMT route actually. I don’t have the funds or the backing from family currently to go back to school for nursing or something similar, as we are dealing with a lot of",1k7056b
1.0,2,0,0.2873,0.0,,,1k5am7b
0.5,3,1,0.8778,0.0,,"I appreciate your advice. I agree, maybe it's my upbringing, but not screwing up at an early age are massive drivers of my anxiety. I'm also up for promotion this year, but I don't want to keep waitin",1k0of5i
1.0,0,0,,0.0,,,1jy1fhz
0.5,2,1,0.9104,0.0,,"Thank you for your response! I will definitely check out those channels.

My biggest barrier is that I usually need some sort of support system in the form of friends or family. I happened to make a b",1jxhnve
1.0,1,0,0.8446,0.0,,,1jvi9rx
1.0,0,0,,0.0,,,1jvee1c
1.0,0,0,,0.0,,,1juaqiv
1.0,2,0,0.4854,0.0,,,1jt7p0l
1.0,2,0,0.0,0.0,,,1jsho5d
0.3,9,9,-0.2516,0.0,,I think it's easier said then done. Like I said i've made progress but it will take time.,1jo4w5e
0.5,1,0,0.9455,0.0,,,1jcw895
0.5,1,1,0.0772,0.0,,In 5 years in terms of career or lifestyle?,1jahpg8
0.81,3,0,0.8424,0.0,,,1j7hwek
0.83,6,6,0.2688,0.0,,"I would like to go travel for a while and then go back to college, that’s the happy path, however I know a lot of times things don’t go as planned haha, thanks for your advice!",1j2zkzw
0.66,0,0,,0.0,,,1j0gz9k
1.0,0,0,,0.0,,,1izvr05
1.0,0,0,,0.0,,,1izsypr
0.5,0,0,,0.0,,,1izhzrx
1.0,1,1,0.9944,0.0,,Thanks for writing.,1iw0hwp
0.88,12,1,0.1596,0.0,,Never been to Taos but have heard sick things. Cheers,1ipqmvn
1.0,1,0,0.754,0.0,,,1imkdsc
1.0,2,1,0.4618,0.0,,Thank you very much for your valuable suggestion. I am trying to get into any of these jobs. But so far I didn't get any response from employers.,1ij78dw
1.0,3,3,0.6918,0.0,,That’s encouraging to hear that others have been able to do it after failing out!! I think you’re right…I’ve been wondering “what if” for years now so I might as well just go for it!,1ihmixs
1.0,0,0,,0.0,,,1iglc29
1.0,2,2,0.7069,0.0,,"Thanks for the comment. Well, family, girlfriend and friends are here, so a permanent move isn’t a possibility.",1ifeoty
1.0,0,0,,0.0,,,1iez5s3
1.0,1,0,0.4588,0.0,,,1idcby6
1.0,3,1,0.5675,0.0,,"Thank you! I have a husband who just lost his job. No kids. 

About the bonus, yes you are right. It says I need to stay for a year or pay it back.",1icmq87
1.0,1,1,0.8805,0.0,,"Thank you for your reply! And all of this is very insightful to me! I don't think I've ever heard of GradSimple, so I'll be checking that out! I thought about HR but I'm scared my dad may say it's a l",1ib4899
1.0,7,2,-0.0521,0.0,,I m not sure what's better - taking class which s gonna last 3-4 years or spend this time abroat  making money for house and gaining experince...,1i5ula9
1.0,4,0,0.341,0.0,,,1i36lxn
0.78,11,4,0.7369,0.0,,This is great!!!👍,1i2obyo
0.9,7,3,-0.0527,0.0,,"I apply to any role that I can find, I have 2 summer internships and a co-op. And have been working an assembly job since graduating that I can word to sound way better in my resume.",1i25ywb
1.0,0,0,,0.0,,,1i1kko6
0.44,36,0,-0.1091,0.0,,,1hr6khe
0.86,32,5,0.3914,0.3333,applied,Probably I clearly didn’t speak to one though lol I was young and thought that psychology was what I wanted to do,1hr5qhx
1.0,2,2,0.8563,0.0,,Thank you!! I definitely need the encouragement.,1hpp4wl
0.5,1,0,-0.5106,0.0,,,1hgmalp
1.0,0,0,,0.0,,,1hf0t1z
1.0,4,4,0.4401,0.0,,"The problem is the area I have a passion for is completely different. I love technology and computers and am very interested in programming.

I don't know how I'd be able to make that work without a r",1hd97ew
1.0,2,1,0.4345,0.0,,MIGHT come with severance is the problem. They are under no obligation to provide that. Being out of work really would put a strain on my family. Wouldn’t it be better to get out ahead of it? With the,1hacl14
0.33,2,1,0.7222,0.0,,Thank you for the recommendation,1h9200a
1.0,0,0,,0.0,,,1h75mql
1.0,1,1,0.4404,0.0,,"I am not, but I will browse through the sub, there may be some good suggestions in there. Thank you for the suggestion.",1r16cqh
1.0,3,0,0.6395,0.0,,,1qv1kmu
1.0,5,1,0.1526,0.0,,"Agreed. Unfortunately, flashy is rewarded more in many organizations.",1qt5i2m
1.0,1,0,0.7351,0.0,,,1qjh80u
0.5,1,0,0.936,0.0,,,1q4ly1j
1.0,3,0,0.7618,0.0,,,1pxhqj7
0.67,2,0,-0.5957,0.0,,,1pvw575
0.84,4,2,0.6505,0.0,,I couldn't find my way through it.,1pmxsnt
1.0,4,0,0.3613,0.0,,,1phhydp
1.0,3,1,0.6791,0.0,,Thank you so much that honestly really felt nice to read. I appreciate you being kind,1pf2jaj
1.0,4,0,0.4564,0.0,,,1p2zu6u
1.0,2,0,0.4548,0.0,,,1oz7aug
0.75,1,0,0.9567,0.0,,,1opflxb
1.0,1,1,0.9606,0.0,,Thanks for the advice!,1oh4f5d
0.67,5,0,0.7037,0.0,,,1o155ow
0.94,10,0,0.2034,0.0,,,1nuuirt
1.0,1,0,-0.1779,0.0,,,1nup299
0.96,7,4,0.5964,0.0,,"Oh I absolutely agree, in the end, you just end up being another lapdog. Not worth it.",1nojr6f
1.0,2,1,0.2009,0.0,,"Funnily enough, I have family ties to the health insurance industry. However, due to personal reasons regarding my family I made the personal choice to stay away from that industry. No hate to any ins",1nb9d8n
0.92,18,0,0.462,0.0,,,1n6xywb
0.97,11,0,0.1857,0.0,,,1mz0yrs
0.8,1,0,0.902,0.0,,,1muprxl
1.0,2,1,0.2789,0.0,,"Just curious, why do you hate nursing?",1mfima3
0.67,2,1,0.1006,0.0,,I can’t even sleep this sucks. Am I cooked,1m66awo
1.0,2,2,0.431,0.0,,"I would, but school + work doesn't give me enough time. I'm taking summer classes right now :(",1m62z6x
0.67,0,0,,0.0,,,1lu2w6j
0.89,20,4,0.1759,0.0,,i'd certainly be interested in that.,1lmy8oo
0.75,2,1,0.7843,0.0,,"Thanks, I would like to have a role where my strengths are valued. It's hard to even identify my strengths because I feel like I'm always coming up short in this role.",1la7xf6
1.0,1,1,0.7184,0.0,,"This is sincerely so helpful, thank you!",1l9opee
1.0,4,2,0.5471,0.3333,applied,"Hi, my apologies I thought maybe it wouldn't be necessary to include my country. I'm from South Africa!

I can take a look at that! Would AI affect this field at all?",1l9j6eh
1.0,1,1,-0.4954,0.0,,"I  have every intention of leaving, but I've been searching for a new role since the acquisition 8 months ago. I'm definitely going to be more aggressively searching now, but I don't know what to do i",1l5kzh3
1.0,1,1,0.9694,0.0,,"Thank you so much for the response, super helpful!",1l2sy7j
1.0,2,0,0.7042,0.0,,,1klnltp
1.0,2,0,0.9706,0.0,,,1kl02rb
0.93,38,0,0.5734,0.0,,,1kfcwl3
1.0,3,0,0.9882,0.0,,,1k80tjg
0.88,3,0,0.2189,0.0,,,1k6czkd
1.0,1,0,0.9644,0.0,,,1k0slb2
1.0,2,0,0.8766,0.0,,,1k0cfrq
0.66,1,0,0.9897,0.0,,,1k0ba1y
1.0,1,1,0.9337,0.0,,"That's awesome, I'm looking into it.",1jz9s3s
1.0,0,0,,0.0,,,1jz408w
1.0,2,0,0.8068,0.0,,,1jt6v4c
1.0,2,0,0.0368,0.0,,,1jih6wl
0.94,1,0,-0.9428,0.0,,,1j91h7k
0.6,5,3,0.5253,0.3333,accepted,"In my experience, no. I tried really hard to go back for nursing. I saved up money. I got accepted into the program after taking the pre reqs (already had most of them). Then I did orientation, crunch",1j6wn56
1.0,2,2,0.9608,0.0,,"Thank you so much for your thorough answer and support. You are absolutely right, I will now begin working on small side projects for VR/AR and Data Science and see how it makes me feel! I appreciate ",1j5wf1v
1.0,2,1,0.9612,0.0,,"Thank you— I did finish my degree and got my bachelors in psychology. I just finished it on….not great terms, and now it’s closed for good.",1j4iljr
1.0,1,0,0.9677,0.0,,,1io3evf
1.0,2,0,0.2787,0.0,,,1ih9j7u
0.9,19,1,-0.1012,0.0,,"Thanks, this is a very good way of viewing it. It truly was traumatizing. I know it sounds slightly ridiculous but the public execution of my reputation has really been difficult for me.",1i478iz
1.0,2,0,0.4802,0.0,,,1hyaunn
1.0,0,0,,0.0,,,1g9q87d
0.73,11,0,0.3265,0.0,,,1g7iq7z
1.0,1,0,0.8438,0.0,,,1g21tmq
,0,0,,0.0,,,1g1afgr
1.0,7,7,0.5529,0.0,,"Oh I've been trying, but I feel like the job that matches my dream list doesn't exist. Admittedly because some of my own wants contradict the others... 

- I like working with my hands, but also using",1g0q618
1.0,1,0,0.4767,0.0,,,1g0f8ut
1.0,1,1,0.4404,0.0,,"I don’t know how to code well though. I am still a novice, since they are still basic.",1fq9550
1.0,1,0,0.9715,0.0,,,1fnn0jy
1.0,0,0,,0.0,,,1fleej1
1.0,0,0,,0.0,,,1fkwyh5
1.0,0,0,,0.0,,,1fiinpw
1.0,0,0,,0.0,,,1fahghz
1.0,4,1,-0.2947,0.0,,I just want to feel like what I'm doing has a purpose. Right now my purpose is to meet irs deadline so that money can exchange from one account to another and just feel so cosmicly pointless,1f3vp22
1.0,0,0,,0.0,,,1f31kv6
1.0,1,0,-0.714,0.0,,,1f1cfev
1.0,2,1,0.822,0.0,,"I really like the creative end when it comes to producing/filming. The metrics/admin work can be a drag, but if there's a job where I can make more money using those analytical skills, I'll switch.",1ex7dw7
1.0,2,1,0.4308,0.0,,"Yeah honestly facts. I don’t necessarily hate my job, just the people above me and how they manage things.",1emtdps
0.64,6,0,0.0972,0.0,,,1e5nk4q
1.0,3,2,0.4278,0.3333,applied,"Well in terms of sports I have been applying to entry level partnership coordinator positions, ticket sales, event coordinator, etc. 

For business related jobs I’ve applied to entry level finance job",1e4frgd
1.0,2,2,0.7964,0.0,,Thank you! Yeah maybe I’ll just go for it,1e2ueiv
0.71,4,1,0.3099,0.0,,"I’ve recently started freelancing eternal floral arrangements a couple months ago. But after major holidays like valentines, Mother’s Day, Father’s Day etc. there’s no traction. I’ve never thought abo",1dy43o7
0.83,6,3,0.548,0.0,,"I feel this immense pressure of time to choose right. I guess I should stop thinking and just take action. Thank you so much.

How do you remind yourself of your youth? Of your time. How do you reinfo",1dkr9sk
0.75,7,0,0.155,0.0,,,1d7dx6c
0.82,16,2,0.6294,0.3333,left,I do understand that. However it’s safe to assume based on one’s personality. They can have a career that best fits their personality. I guess that’s what I’m trying to find. It doesn’t have to be my ,1d1ehhk
0.81,2,1,0.8299,0.3333,quit,"I actually have quite a few of those, I have been doing digital art since I was 13, I also have taken a digital art class and have very basic knowledge about how to use photoshop, illustrator, and lig",1cp5vu3
1.0,1,1,-0.2023,0.0,,My previous job I was there for 20 years before I had enough. Now my current job is starting to become the same way. I don’t want to look like I’m giving up but I feel in the next few years if I stay ,1cn4l4h
1.0,0,0,,0.0,,,1c6600j
1.0,0,0,,0.0,,,1bq8cw0
1.0,0,0,,0.0,,,1bhtt6o
0.86,18,14,0.6942,0.0,,I got started as a temp working on a marketing team cleaning up their reports and data. I did everything I could to prove myself valuable and take on more responsibilities until I convinced them to hi,1b5fyum
1.0,1,1,-0.7348,1.0,"quit,left,went back","Hi, thanks for your two cents, I’ll update you on my end, but I wanna give you some two cents back (a lil advice if you will). 

For starters, I don’t know WHAT your current major was in (I’m gonna as",1b09u8n
1.0,1,0,0.9081,0.0,,,18dpt2x
1.0,1,0,0.296,0.0,,,18bb3zy
1.0,0,0,,0.0,,,17sdjvs
1.0,1,1,0.659,0.0,,"true, but I am kinda stuck between whether to seek new job for new challenges or learn by myself",17ndf3h
1.0,3,0,-0.2526,0.0,,,17lptwg
0.94,3,3,0.5538,0.3333,left,"I appreciate your kind words. Having perspective towards the situation has taught me that I'm not alone, and it's defiantly not a unique problem that only I have. I feel blessed that so many other asp",17hrph2
1.0,1,1,,0.0,,Thank you so much for the thoughtful reply! I will dig into each of those a little more.,17b0zbh
0.67,33,10,0.2641,0.0,,"Thank you so much. 



Is it okay if I chat with you in your dm?",170je5t
1.0,0,0,,0.0,,,16p0oqf
1.0,0,0,,0.0,,,16opypu
1.0,3,3,0.3014,0.0,,"Apprenticeship is 3,5 years here usually. if i have another one already i can shorten plumber to 2 years",16b1ccd
1.0,0,0,,0.0,,,163w87a
0.5,0,0,,0.0,,,15mf9o0
1.0,1,0,-0.0026,0.0,,,151alwx
1.0,1,0,0.5343,0.0,,,150ojqc
1.0,0,0,,0.0,,,14fhfdv
1.0,0,0,,0.0,,,148lc6q
1.0,0,0,,0.0,,,136s1bo
0.75,32,1,0.5584,0.0,,"Wow, I am literally going through the exact same situation, it sounds like I wrote this! I totally understand and this weather is making it very hard to even do the bare minimum at work. I even used t",12lxlae
1.0,1,0,0.2023,0.0,,,11pld43
1.0,1,1,0.0,0.0,,Thank you! I'm looking into this direction.,11m8vje
0.67,0,0,,0.0,,,11a463i
1.0,2,0,0.4839,0.0,,,1128rzt
1.0,1,0,-0.4203,0.0,,,zo1435
0.92,7,0,0.4412,0.0,,,zcqkki
0.67,1,1,0.943,0.0,,Errr I guess I am wandering if I should get a business degree of some sort? I’d like to have some sort of higher paying job in administration (advertising would be cool). I don’t have much creative sp,z5blh7
1.0,0,0,,0.0,,,z3udpx
1.0,1,0,0.9979,0.0,,,yors7k
1.0,0,0,,0.0,,,ydm0sj
1.0,1,0,0.8645,0.0,,,y8fy6k
1.0,0,0,,0.0,,,wy2u0a
1.0,2,0,0.5999,0.0,,,w6odgj
1.0,0,0,,0.0,,,vxccgk
1.0,0,0,,0.0,,,vsbp0v
0.75,0,0,,0.0,,,vp3pw7
1.0,3,2,0.3532,0.3333,quit,I've definitely learned to get out of my comfort and experience as much as I can at the various companies I've worked for. It was always fun to do something new to break up the monotony and It's helpe,viajbr
,0,0,,0.0,,,utcfux
,0,0,,0.0,,,udbkua
1.0,1,0,0.2639,0.0,,,u8taun
1.0,5,4,0.0547,0.6667,"ended it,left",I have a really hard time believing things will get better at this job! Thank you for the solid advice,u5wh8a
1.0,0,0,,0.0,,,u3uymc
0.72,2,2,0.6861,0.0,,Thank you! It will be challenging forsure but as long as I remind myself of the mission I’m hopeful it will be a good resource.,tjfu8t
1.0,0,0,,0.0,,,tdjry5
0.83,1,0,0.4574,0.0,,,tcovbv
1.0,4,4,0.6251,0.0,,Sigh im so lost…,s7esl2
1.0,7,0,0.6611,0.0,,,s5q8cl
0.99,26,9,0.3601,0.0,,Absolutely,qry5kx
1.0,3,0,0.4152,0.0,,,osc055
1.0,2,1,0.6803,0.0,,"What kind of work are you doing right now? I'm having a hard time even getting my resume looked at at the moment. Also, would you mind telling me where you found those free comms classes? Just in case",m6ndn6
1.0,1,1,0.9173,0.3333,quit,"Hi, thanks for replying. I actually was under the impression after talking to many PMMs that it was quite hard to prove business value as KPIs are harder to track and measure than other marketing role",izcec2
0.98,34,3,0.5371,0.0,,"Thank you so much, I'll look into this.",isrekv
1.0,1,0,-0.2263,0.0,,,ib8gql
1.0,2,2,-0.0074,0.0,,"True but I don't think there are many jobs without long hours and/or stress, especially if I want decent pay. So it's just whatever is the least not my cup of tea lol",iaxgck
0.5,0,0,,0.0,,,hszixt
,0,0,,0.0,,,h9g1fl
1.0,5,2,0.8919,0.0,,"&gt;just because you hate your Computer Science classes does not mean you would hate a career in software development.

This made me smile. I genuinely appreciate you sharing this with me, 'cause tbh ",h09fi0
1.0,0,0,,0.0,,,fr9wou
1.0,3,0,-0.1252,0.0,,,exdmj5
0.67,3,2,0.6467,0.0,,Hi thanks for your reply. I actually bought an intro to python book yesterday! Never got any exposure to coding during my undergrad but I'm gonna try to learn a bit. I feel like python is a good place,euz4ie
1.0,5,5,0.7964,0.0,,"I am good at explaining things for sure. But I’m not much into the technological part haha. I am more into the civilizations and their cultures, traditions and conquests.",efza86
0.5,1,1,0.6298,0.0,,Yes. He’s in college and makes money from going and we plan to love with his father because his house is big so he has time to teach me to drive and help me get to work until I can do it myself.,e9j7sw
1.0,2,0,0.352,0.0,,,cxp2zl
1.0,0,0,,0.0,,,cud79n
0.88,2,0,0.9714,0.0,,,cplbxs
0.97,15,6,0.8536,0.3333,quit,"I think you got me pretty accurately about not being able to tolerate less than ideal circumstance.  And what you wrote in your other comment is true about relationships, too.  I tend to break up at t",cpcn2w
0.5,3,3,0.5726,0.0,,"Thanks, my big concern is trying to iron it all out before starting. Also trying to balance giving notice at the current 9-5",cnllt4
0.6,2,1,0.6907,0.0,,"I’ve looked at before and my best friend is Chinese, something he’s also suggested but I don’t think I’m too interested in that.",cjuus7
0.83,2,0,-0.4516,0.0,,,cg6y9v
1.0,2,0,0.1134,0.0,,,c4xtmq
1.0,1,0,0.7506,0.0,,,b5rsp4
0.83,6,0,0.4832,0.0,,,auim0b
1.0,0,0,,0.0,,,aniwd3
0.88,8,6,0.7273,0.0,,"Thank you for sharing your experience. I agree, it is not easy to get a start. I had challenges too and now it's basically a redo as it seems like I'm starting from scratch again.

I agree with your a",aj5xt3
1.0,1,1,-0.0516,0.0,,How did you get an IT position after working in retail for awhile with an archaeology degree? In our fucked up time employers ask for experience even for entry-level positions ,a678t5
1.0,1,1,0.9827,0.0,,Thank you very much that was actually really helpful! Did you have to pay anything to go to these agencies? At this point I’d like to get some sort of 9-5 that pays the bills while I take the time to ,9vxcmh
0.4,3,2,0.0201,0.0,,"It's not that hard of a read. My ethical self wants to do what is right, which is working and doing the document. My other self is saying fuck them and what they want, especially when what they want i",9vbgb9
1.0,3,3,0.7605,0.0,,Just the choices I've kind of narrowed it down to. I honestly have looked at so many jobs with working with children with special needs and many are unfortunately much more demanding than teaching and,97sgpj
1.0,2,2,0.4506,0.0,,Anyone?,8jrdjm
0.92,3,0,-0.0974,0.0,,,73kteq
1.0,1,0,0.8513,0.0,,,5mr0f1
0.93,3,2,0.6664,0.0,,"Ha, that's what my dad did for 40 years for a phone company. :) Unfortunately I can't be on my feet, I need a desk job.",5ic97v
0.88,1,0,0.6705,0.0,,,4qfyho
1.0,0,0,,0.0,,,4qat29
1.0,1,0,0.9903,0.0,,,4hinz1
0.5,1,1,0.7717,0.0,,"Appreciate the advice/encouragement, cheers.",2ob9nu
0.68,1,0,0.2732,0.0,,,1q79wo
0.67,0,0,,0.0,,,1odtwxt
1.0,0,0,,0.0,,,1iqmm45
1.0,0,0,,0.0,,,1ikq9hp
1.0,0,0,,0.0,,,1ikefo5
1.0,6,0,0.3127,0.0,,,1ic174p
1.0,0,0,,0.0,,,1f1j45e
1.0,1,0,-0.0267,0.0,,,18xmft8
0.88,10,7,0.1499,0.3333,went back,"Thanks. So when you went back, how did you manage the other parts of your life?

Like were you working, where were you living, did you have insurance, any romantic partners?",1650tdx
1.0,1,1,0.9562,0.0,,I really dont mind working alot if im making good money. But then again i dont mind a 9-5 job with a decent salary with benefits. Right now i just want to leave the banking world!,13lfbdv
1.0,1,0,0.6808,0.0,,,wt1rd8
1.0,1,1,0.0,0.0,,"I understand and am not taking the offer I have for granted, though that's kind of the question I'm asking. The part of this that's most tricky for me is whether or not it's too unprofessional for me ",wdrwq6
0.9,1,1,,0.0,,"On the LCA (Labor Condition Application) form, my WA home address is mentioned as the ""place of employment"". This same WA home address is also mentioned in the H1B visa petition as ""address where bene",lwihd2
1.0,0,0,,0.0,,,i3mffr
0.5,1,0,0.5264,0.0,,,cc1ebu
0.75,2,2,0.0528,0.0,,"Thanks a lot for your help. I currently work as a project manager, but it's in an unrelated industry. I work for a renovation/remodeling business. I will send you a PM later today and maybe you can lo",8rft9x
1.0,5,2,-0.1453,0.0,,It's the guilt trip... They're understaffed. Heavily understaffed. In the mids of the bad air that started brewing I ended up accepting... Our employer let go of people last year bc of financial issue,1ktj244
1.0,1,0,0.3818,0.0,,,1r4o522
1.0,1,1,0.6209,0.3333,quit,"UPDATE: After consulting with my parents, I told them the same concerns, and I decided to quit my job. I have also decided to apply for college and get a local job once I get started!!!! Thanks for al",1r1x2re
1.0,2,1,0.9662,0.0,,honestly thwse job postings where it has something with sustainability in construction has 100 people applying to them its insane. And i dont evrn have a background in that so impossible for me to get,1r1org8
1.0,4,1,0.3536,0.0,,"I'm currently 23

",1qwfxdi
1.0,3,2,0.6364,0.0,,"Thanksss, that actually makes a lot of sense. Ig I’ve been thinking about a second degree because I feel like I need a “structured” way to get experience here, but you’re right, maybe I should try tha",1qsfjd1
0.83,1,0,0.0,0.0,,,1qn30qm
1.0,4,2,-0.0517,0.0,,"Not particularly from what I've heard but there were a few instances where he got to help out with builds while I was doing general grunt work during the first month.

I'm not planning on giving up th",1ql5j8g
1.0,0,0,,0.0,,,1qh8vot
1.0,1,1,-0.4753,0.0,,"Well I don't drink so I've got that part covered. I'll try meditating and journaling, I would be exercising but I'm currently recovering from a pinched nerve at the L3-L5 area. It's just frustrating b",1qcscnp
1.0,2,2,0.1108,0.0,,"I didn't, a little bit of sadness after I found out and then put it in the back of my mind while i focus on applying/interviewing for different job's 😁",1qbn73u
0.99,1,0,0.7845,0.0,,,1q809km
1.0,0,0,,0.0,,,1q4nk1d
1.0,1,1,0.413,0.0,,Could you provide more detail on how you came to finding your mentor via LinkedIn?  How did you determine they would be a potential match?  How often did you meet with them?  Was it text-based or did ,1q3eryn
0.5,4,0,-0.3054,0.0,,,1puapjy
1.0,0,0,,0.0,,,1ptx5g2
1.0,0,0,,0.0,,,1poirn8
0.67,2,2,0.4862,0.0,,"Thanks for replying. 
I’ve done a lot of technical problem-solving, coding academic tasks, writing Python and other language solutions. Do you think I can present that as a software development experi",1pi1j31
1.0,1,0,0.296,0.0,,,1pgn7fz
0.5,0,0,,0.0,,,1pep3io
1.0,11,0,0.2263,0.0,,,1pdtvzs
0.67,3,0,0.1445,0.0,,,1pbn4q4
1.0,1,1,0.9012,0.0,,This is so kind and helpful thank you 🫶,1pbi61l
0.86,6,0,0.3979,0.0,,,1p80eil
1.0,1,1,,0.0,,Thanks so much! During my unemployment I’m going to earn certs under my belt. Just to keep myself busy. I do think I’m starting to feel like a certification junky..,1p3qdto
0.5,1,0,,0.0,,,1ovq14j
1.0,0,0,,0.0,,,1ou12ag
0.67,7,4,0.2415,0.0,,Thank you!,1omybip
0.99,3,1,0.6318,0.0,,"Ofcourse ,I will Finish ..",1om8ntj
1.0,2,1,0.7137,0.0,,thanks! 👍,1olsvqr
1.0,1,0,0.8206,0.0,,,1oksjg6
0.2,1,1,0.9509,0.0,,"I was really naive with no experience in office politics, and didn’t realize how it could be misinterpreted at the time. Had nothing to do with the boss but I should have considered how it would refle",1okezjv
0.5,1,1,0.9694,0.0,,This sounds like great advice. I see the error I made,1oi857n
0.43,13,0,0.4197,0.0,,,1ofbtwh
0.95,18,1,0.495,0.0,,[deleted],1ocrt22
1.0,1,1,0.6996,0.0,,Sorry for my very delayed reply. I read your advice yet chose not to leave a reply showing my gratitude. Thank you for spending the time to read my post and give me your candid opinion and feedback. B,1ob9dkj
1.0,3,0,0.7985,0.0,,,1oa46z7
0.94,31,2,0.1819,0.0,,What else am I supposed to do with my life at this point? I studied computer science but idk if that will get me anywhere ,1o927xj
1.0,5,2,0.8723,0.3333,quit,Thank you for putting a name to that. You've perfectly described the difficulty of managing my own high standards when the feedback loop is fundamentally unreliable and actively misleading. That dynam,1o7c8da
,0,0,,0.0,,,1o5cdv2
,0,0,,0.0,,,1o1q142
,0,0,,0.0,,,1ntlymg
1.0,2,0,0.1575,0.0,,,1nqc1p5
1.0,1,0,0.9705,0.0,,,1npuhbe
1.0,1,0,0.4754,0.0,,,1ndqdly
0.76,1,0,0.79,0.0,,,1nb3f4v
0.5,1,0,0.4019,0.0,,,1msnzk5
1.0,2,1,0.8613,0.0,,"Yeah that is exactly how I'm feeling. The issue is there are no jobs in the field that allow the timings to prepare for exams also, but i can surely try. I want to go with the jobs but i really am str",1mo2clm
1.0,0,0,,0.0,,,1miwhsl
1.0,0,0,,0.0,,,1micnkc
0.75,8,2,0.2493,0.0,,"told the recruiter I thought it would be better if she got everything from the company. It has worked out, I've since had a chance to talk to my new boss, this was definitely the right call. Thank you",1ma9om0
1.0,1,0,0.0,0.0,,,1m42znl
1.0,0,0,,0.0,,,1lxbw7f
0.66,0,0,,0.0,,,1lxb4ia
1.0,0,0,,0.0,,,1lp1hpm
1.0,1,1,0.9153,0.0,,"I have looked a little into industrial engineering, but I didn't include that as I wanted to see if anyone would come to a similar conclusion
From the people I've talked to and online content I've see",1lkc9lh
0.67,10,8,0.2633,0.3333,left,Understood. I have been very cautious of staying out of trouble since. I don’t even drink or consume weed anymore out of fear of something even minor happening again such as public intoxication becaus,1lfirhk
1.0,1,0,0.2058,0.0,,,1lcrrds
1.0,1,0,0.8398,0.0,,,1l91i8c
0.75,2,2,-0.6191,0.0,,I needed to hear this. Thanks for the advice! 😢,1l7r46e
0.89,11,7,0.4327,0.0,,I will try and search local medical sales positions.,1l7p0r5
0.8,25,3,0.3092,0.0,,"Yes, I know, I really need the job ): But you're right, I'll try to get paid and leave ASAP.",1l6e3sy
1.0,0,0,,0.0,,,1l4sazz
1.0,4,0,0.7381,0.0,,,1kwrad8
1.0,0,0,,0.0,,,1kvdkt4
1.0,4,2,0.2817,0.0,,I understand I have friends with the same degree and similar experience hopefully this thread blows up for us struggling art students with some good ideas to not make us settle for a career we’ll hate,1ku4t62
1.0,0,0,,0.0,,,1kpmfoi
0.86,4,0,0.8354,0.0,,,1kmqscg
1.0,0,0,,0.0,,,1kctbje
0.84,16,2,-0.1823,0.0,,I've considered that the case. Only think that made no sense why say my end of year review will be bad if they could just fire me. Wouldn't that imply is be here until November/December? That was the ,1k650ss
0.67,3,1,0.4719,0.0,,Thank you for your answer mate.Let me hope for the best,1k1zxr5
0.67,11,4,0.4405,0.3333,took the job,"The concern is that it’s going to take years to get the department functioning properly. The job also will always be highly politically charged, night meetings 3x a month, and they have no plans for f",1jy5juj
0.25,5,2,0.33,0.0,,Ok thank you for the detailed suggestion. Hopefully I will at least get an opportunity to interview this time.,1jq1xky
0.6,1,0,-0.8798,0.0,,,1jni0al
1.0,1,0,0.3724,0.0,,,1jkxkpk
1.0,1,0,0.128,0.0,,,1jgaa9j
0.5,1,1,-0.5719,0.0,,"just to add, i did call the customer monday i think and told them im sorry that the parts are coming. But damn i got side swiped and still forgot.",1jfjt4x
0.67,0,0,,0.0,,,1jcg7kd
0.67,2,2,-0.7218,0.0,,Can I tell them to disregard the email?,1j9mvui
0.5,3,3,-0.3682,0.0,,I did talk to him about it so I thought maybe there was a bigger fish I could speak with? Idk i’m new to this corporate stuff 😭,1j9mv37
0.83,3,0,-0.6185,0.0,,,1j81i9e
1.0,0,0,,0.0,,,1j6n2gy
1.0,1,0,0.9424,0.0,,,1is7d30
0.67,2,2,-0.0841,0.0,,Okay l get it thank you for clarification. Let me polish up my skills so that l will become competitive in industry.,1iky8u3
0.5,0,0,,0.0,,,1ifd2wr
1.0,4,2,0.4531,0.0,,"Any and every job essentially. Government, county, Law Offices, Corporate… I’ve even started applying to retail, warehouse, etc and nothing 😭😭",1ic29m8
1.0,0,0,,0.0,,,1ibuvor
0.72,12,0,0.3533,0.0,,,1i9xyfk
1.0,2,1,0.4113,0.3333,applied,"Thank you so much for responding. You are right, I didnt allow myself to full process the emotions part of this outcome and have been doing so since reading your response days ago. 

Everyday I have b",1i852gx
1.0,1,0,0.9652,0.0,,,1i5jces
0.86,7,3,0.1962,0.0,,I did and now I'm fine? Please read posts from start to finish before you comment.,1i3bvyd
1.0,1,1,0.8338,0.3333,quit,"I actually have a meeting with an Officer Recruiter this week! But yeah, it would be a long haul (although to be fair, it is quite possible I wouldn't ship to basic any faster going enlisted, I've hea",1huf4g2
1.0,0,0,,0.0,,,1hsl8ws
0.86,2,0,0.1806,0.0,,,1hqvjjv
0.84,5,0,0.2219,0.0,,,1hieh44
1.0,0,0,,0.0,,,1hgwob8
0.5,0,0,,0.0,,,1hgmsea
1.0,1,1,,0.0,,"You do nothing else then forex trading? No job/business or anything? And what about capital, how much capital do you trade with?",1helmcv
0.33,4,0,-0.5546,0.0,,,1hd2jpr
0.42,9,3,0.137,0.0,,Damn. What about penetration testing and stuff like that,1h82806
0.75,2,2,0.8077,0.0,,That's a good perspective. I didn't think about how my bf might realize this isn't for him after all. Thanks for the ease,1h7y89p
0.66,2,2,0.8398,0.0,,Thank you so much. Update I got a B so I won't be able to continue with the program hopefully I get that certificate.  I'll definitely check that newsletter. Thank you,1h7qocj
1.0,1,0,0.9956,0.0,,,1h6phgr
1.0,0,0,,0.0,,,1h4xqi9
0.96,13,12,0.5432,0.0,,I think reframing would be helpful. Thank you!,1grkg1g
0.22,9,2,0.5005,0.0,,[removed],1gq4kpn
0.5,6,6,0.4913,0.0,,Thank you! I’m going to. Still just terrified of what they’ll say. I’m so embarrassed. ,1gfcq91
1.0,2,0,-0.17,0.0,,,1gd8v0c
0.95,21,4,0.279,0.0,,Yeah I'm already applying elsewhere. I lost all respect for the company,1gazxff
1.0,0,0,,0.0,,,1g5ts85
0.67,6,2,0.6553,0.0,,Thank you. I feel like I have always had an issue taking the initiative and meeting people. I think that that is one of the main reasons why I am where I am at today. Any advice for meeting new people,1g0jy8b
1.0,0,0,,0.0,,,1fpwfhw
1.0,0,0,,0.0,,,1fmpqd9
0.92,32,0,-0.0011,0.0,,,1fmjbrz
1.0,3,1,0.4142,0.0,,I don’t have any of their contact info unfortunately only the email of the hr who set up the interviews,1ffcm0a
1.0,2,0,0.9656,0.0,,,1fc2f62
1.0,0,0,,0.0,,,1f9x5r0
1.0,4,0,0.3048,0.0,,,1f4nblc
1.0,2,2,0.17,0.0,,"Good point, I’ll try to apply for other positions and do some research on how much other designers get paid. Thanks for your reply!",1f3t1fo
0.83,1,1,-0.296,0.0,,"Thanks , .I guess I was working on making my life look a certain way when I'm 64 . ButI guess to your point the best laid plans often produce unexpected results.  Honesltly, been working the better pa",1exrg8u
1.0,0,0,,0.0,,,1ewqxiq
1.0,2,0,0.4882,0.0,,,1eudgak
1.0,0,0,,0.0,,,1emkxfo
0.6,2,0,-0.0259,0.0,,,1elvg2r
0.7,17,0,-0.042,0.0,,,1e7p3h1
0.86,3,0,0.6216,0.0,,,1e5dm56
1.0,2,0,-0.1816,0.0,,,1e4vj8f
1.0,2,0,0.5583,0.0,,,1e18lpe
0.67,1,0,0.2023,0.0,,,1dx90hh
1.0,1,0,0.9915,0.0,,,1ducxbk
1.0,0,0,,0.0,,,1dmrqlk
1.0,0,0,,0.0,,,1dmeky4
1.0,3,2,0.2724,0.0,,I’ve got 2.5 years so not a lot and have been getting conflicting advice . I do see some “return to work” programs in the IT industry but not in my field. Having kids makes everything so complicated (,1dasmsd
1.0,1,1,0.8799,0.0,,Thank you for the advice!,1d6pmyp
1.0,0,0,,0.0,,,1d5w4qj
0.89,6,3,0.3171,0.0,,I’ve found it hard to branch out. I’m in software development/ digital marketing. It wouldn’t be easy to transition to something like construction. Usually you would need prior experience in the same ,1d463t1
0.67,4,0,-0.1751,0.0,,,1d3lgpp
1.0,0,0,,0.0,,,1cxsf7o
1.0,1,0,0.2732,0.0,,,1cs33da
1.0,0,0,,0.0,,,1cr2fwb
0.67,3,0,0.5582,0.0,,,1cbb7u0
0.75,3,0,-0.2354,0.0,,,1c7qosy
,0,0,,0.0,,,1c7l5e5
,0,0,,0.0,,,1bwrdqf
,0,0,,0.0,,,1bt1c4c
0.83,6,3,-0.3148,0.0,,Hey!  I’m sorry about that.  Check my current post.  Although I’m not happy where I’m at I did what I had to do and hopefully it will pay off as right now I just need the experience.  You are not alon,1bgarbk
1.0,2,0,0.6201,0.0,,,1bbc0yw
1.0,2,2,0.4345,0.0,,I did try googling her name and only her linkedin came up but no email there,1ba3uxu
1.0,1,1,0.9273,0.0,,"I definitely will not be doing this again... and agreed, I'm not sure why I waited so long to follow-up. Thank you!",1ap0yco
0.43,6,2,0.2375,0.0,,I can probably swing a CS degree at the college I graduated from. I took close to 5 coding courses that overlap with CS specific requirements. I wish I could combine them. Chemistry with just a BS doe,192kai3
0.5,2,2,-0.2633,0.0,,"Thanks ig, I mean yeah I’d love to choose what I wanted to, but now that I missed that opportunity, not sure what to choose anymore yk😭",18okzjo
1.0,4,2,0.1653,0.3333,quit,"Oh okay thanks, this rlly helps alot. I researched about the Criminal Justice Degree but read alot of people said it’s quite useless so I’m very hesitant. Nah I’m not in the US, I’m right now studying",18okw7s
1.0,0,0,,0.0,,,18kkur3
1.0,1,0,0.2721,0.0,,,18c8cfs
0.5,4,0,0.005,0.0,,,17qy2vr
0.41,9,2,0.1242,0.3333,filed,"I didn’t realize until too late that my lawyer didn’t really know what they were doing. They said everything was fine, but some basic paperwork was never actually filed. I trusted them, assumed I was ",1pyqjy6
0.38,2,0,0.8861,0.0,,,1lqcs4x
0.98,18,4,0.5053,1.0,"quit,left,applied","Figuring out practical stuff is the most infuriating when you first get to a country. You don't realize how much stuff you just ""know how to do"" in your home country. My brother has this example of wh",cdf34y
0.96,19,7,0.2461,0.0,,Jesus Christ. I'm so sorry you went through that! Sounds like the immigration officers all around are difficult to deal with. They really don't know how to manage with all the people coming in.,cf8coh
0.91,13,12,0.5218,0.3333,submitted,Great question. Absolutely and even more so in my opinion. What clinched it for me at the end was being able to show I'd hit the ground running even with 0 full years experience - you could do this mo,2719ki
0.29,6,2,-0.2389,0.0,,"Thank you, I chose it because I’m of Southeast Asian descent. I understand the culture and believe I can assimilate pretty well. Plus my military retirement pay is more than enough to retire in that c",1e7kgni
0.55,6,4,0.0473,0.0,,How much can that one year help? I assume i'll be able to really only work minimum wage and i'm not sure if learning German for a year is good enough to do a degree? So like if I go there for the year,18bhsla
0.77,11,0,0.1783,0.0,,,16okmjp
0.8,2,2,-0.6652,0.0,,Thanks for your response. I guess its a harsh reality I have to face. It's why I'm also open to the UK or other EU countries. I just don't know what to do or where to start.,10dhk7h
0.45,2,0,0.2824,0.0,,,qaaknw
0.89,8,4,0.0632,0.3333,quit,"Yep I'm definitely still a dual national, I just recently renewed my Dutch passport which is good for another 10 years. So I was born in New Zealand and I got the Dutch citizenship through my dad",mfizc0
0.82,5,4,0.0668,0.0,,"There's no job I would particularly be looking for. Pretty much anything that I'm able to do, I'll do. If I do end up moving, I wanna eventually join their military. I speak English and Mandarin fluen",jhkvfe
1.0,1,0,0.959,0.0,,,hynsfi
0.91,8,0,0.3911,0.0,,,bzdm1v
0.57,2,2,-0.0307,0.0,,"appreciate the reply... My mom says I'm special... I take this way more seriously now as well, so it will be a good fit.  it is an incredibly humiliating thing to go through and rightfully so... I won",6bhhwi
0.6,4,2,0.4307,0.0,,Thank you for the advice. I'll keep it in mind. :),64vpvi
0.61,6,5,-0.3675,0.3333,moved back,"It's not that black and white. But thanks, I'll consider your advice.",3uo6wc
1.0,4,0,0.5481,0.0,,,3tllbw
0.5,3,0,0.7921,0.0,,,3opycf
0.71,1,1,0.4215,0.0,,Fortunately yes I have both an Australian passport and the citizen certificate.,2v9qte
0.5,1,1,,0.0,,"The FFL thing isn't really my tpe of thing, thanks though. I mean I am fairly fit, but if I wanted to join something like that I'd just join regular army and take night classes for some languages / de",snnfj
0.37,6,3,0.1465,0.0,,"Thanks, I appreciate it. I was also thinking the income threshold for PT was going to be too high for us.",1kqh95j
0.71,11,4,-0.0846,0.0,,"Noted, I want extra citizenships as an insurance policy. I really believe having 2 or less nationalities is a liability. I also want the ability to vacation to other countries without strict requireme",x04aql
0.73,2,0,0.4799,0.0,,,t4hlmf
0.84,7,2,0.4595,0.3333,accepted,"Why the fuck would you want to move to turkey?! Well actually if ur wage is dolar or euro based, and you dont care about politics turkey can be kinda fun in the costal cities or in istanbul and stuff.",lmlmdj
0.66,5,3,-0.1162,0.0,,"Wow, thanks for the information.

\- I hadn't seriously looked into TEFL, I'm worried that it might not be a great fit for me, but I will certainly have to do some research since it seems like it open",j5qaqq
0.87,11,4,0.2367,0.0,,Wouldn't I need a lot saved to be able to do that though?,e2v6k4
0.44,2,1,0.0,0.0,,PM me why you want out and your resume,89bb6j
0.67,4,0,0.0621,0.0,,,5n1xeb
0.75,3,0,0.7643,0.0,,,5mix6y
0.84,7,0,0.1056,0.0,,,3i7q8i
0.82,23,1,0.4596,0.0,,"Yeah, I agree. :) Japan and Norway both have working holiday visa, so we are thinking that this is the best option. She has been to Norway before and I've been to Japan many times, we like both places",1e8mbl
0.91,10,10,0.2889,0.0,,"For working visas in the UK currently, they've essentially closed the borders for people who aren't skilled workers. As you probably already know, the UK has been through a really tough bout of recess",ux0z1
0.86,5,1,0.4145,0.0,,"That is somewhat comforting. I figured marriage would make things much easier. Having someone there to speak German and help me along will be REALLY helpful! Haha :)

Thank you for easing my mind!",s1xdb
0.88,16,0,0.3585,0.0,,,5oqmdt
1.0,0,0,,0.0,,,177nsj8
0.39,8,6,0.4271,0.0,,"I want to hear personal experiences in the country they are in if they respond and evaluate from there as I gain information. Background-wise, I do work as an electrician, but id rather work more year",vcmj6h
0.5,8,0,0.2743,0.0,,,uor7gd
0.53,2,1,-0.2348,0.0,,I agree that US pays more. My friends in US are making 100k+ but some had to come back too! You are far more likely to become a permanent residence in Canada than in US.,o3nc7x
0.83,3,1,0.4448,0.0,,"Thanks! I'll read more about working holiday visas (I was previously under the impression you couldn't essentially work for one employer but that doesn't always seem to be the case). 

The driving is ",mni9ie
0.6,4,1,-0.237,0.0,,"Line of work is Accounting, though probably not skilled enough for remote work or work in a company where English is not the dominant language. ",7u9ajk
0.8,15,10,0.2,0.0,,"You were right, thanks for the heads up. I screwed up the table function, and lost a column. ",4njy4p
0.75,1,1,-0.2675,0.0,,Thanks for the response. I just started looking into the holiday visa for Australia and am currently in the process of applying. I hear you on writing not being an in-demand skill (wish someone would',1yumvt
0.55,12,3,0.1407,0.3333,left,❤️,1qv5km9
0.9,21,8,-0.2666,0.0,,"Look at the Indian driver here in Canada . Crashed his truck into a bus carrying a hockey team . 16 killed 

https://en.m.wikipedia.org/wiki/Humboldt_Broncos_bus_crash

And now he’s fighting to be dep",1mz6z5t
0.97,23,11,0.7208,0.3333,submitted,Wow thank you so much! Already submitted to join :),1nfcq52
0.71,21,1,-0.2762,0.0,,Any suggestions on how to find a good one? I tried to go in like into Google and all that and there’s just so many. I don’t even know how to start looking for a good one.,1ljgqe4
0.95,18,8,0.1663,0.0,,I really cannot say what is or is not wise because it’s not my life but I do have USC friends who are thinking about leaving to Mexico also so I understand anyone feeling the need to get out. I’m so s,1go1txh
0.63,22,12,0.5155,0.3333,quit,"Unfortunately, a remote job is not an option for me. But looking into Canada!",1pzvcgo
0.13,8,1,0.4601,0.0,,"I am considering - yes.

I was making this post to see what people thought and to help me with priorities.",1psk03i
0.33,1,1,0.0,0.3333,submitted,"Im not sure where in my post I said that we don’t. We do have a joint account, I said I only submitted a letter from the bank confirming the account exists, I didn’t submit statements, just like I did",1onerms
0.5,3,0,0.4987,0.0,,,1khy4qt
