id,subreddit,title,selftext,created_utc,created_dt,num_comments,score,permalink,url,full_text,keep,exclude
1qv5km9,immigration,"Repost for Clarification: My close friend crossed into Mexico on accident, and that's that.","I don’t really expect much sympathy from Reddit. In my opinion, this app is designed to hijack people’s nervous systems and push them into a constant state of fight-or-flight.

One of the contradictions I see in the aggressive politicization Reddit has become is this: people protest on the basis of empathy while simultaneously fueling a culture that incites rage rather than calm or understanding. Ironically, calm and empathy are exactly what are needed to make sound decisions. That contradiction leaves me with little hope in posting this.

Still, I’m posting it anyway. Right now, the truth and the pain are very real. This literally happened, and I’m still confused as to why it happened.

I don’t expect sympathy...but needing it, at least in part, is why I’m here.


Alright. So why the preface? I'll tell you.

The main reason, is because when I originally posted this story I was met with dismissals of sarcasm. People saying ""fake af"" - ""yawn"" - ""yeah right"" - I even had people telling me that my story was ""AI Generated"" etc etc. which immediately lead me to question the legiticamacy of the Reddit platform in it's entirety and the very movement itself. The very movement, which I do not care for. I do not agree with this current administrations immigration Policy, nor do I care much for their gestapo-like tactics in how they are enforcing it. That said, I also do not agree to giving way to blind rage and making uncoordinated / uncalculated actions in the heat of the moment, and practicing ceasless exercises in rage 24/7...

So again... why the preface? It's this...

**Some people come to this Reddit platform with some serious plight/woes, and all I ask is for Reddit to slow the f***ck down and take peoples stories into consideration
**

End rant. 


As for the event. This is what I had previously stated. I'll try to make it short.

First off, I'm a single guy in my late 30's, and live in a small town. My social life is pretty much non-existent, and the majority of my time is spent walking in nature, or hiking alone. Not a glamorous life. But it's what I was used to.

8 months ago I met a woman. We kinda started seeing each other casually. By the 4th month, even though I had already gotten too close.. She revealed to me that she was an illegal immigrant. ""Fuck"" - I thought. I didn't care about that. In fact, we had already previously talked about the current administrations capacity for intolerance to the current immigration situation. This put a damper on the current situation, but I accepted it ""as is"" - I didn't have much worry or fear as we generally do not believe in living a life in fear. ...Fast forward another 4 months.

By this point we had become closer and it was 8 months into the relationship. Suddenly, I wasn't a loner hiking in the foothills of my local town or walking my dog alone. I had a companion. A friend.

One day I wake up and I get a text.

""I fucked up."" was what she said.

Not too get into the back and fourth, in a nut shell, she went to visit a family member near the border. When she got there, she took a trip to the store. She went to type in the name of her family member in the GPS (She saved it under a hispanic name) - Well, because she was near the border, there are tons of Mexican restaraunts and businesses with that very name, and the GPS latched onto one of the said business. The following events have been a point of contention and debate between us, (to which I probably will never have a satisfactory answer to) - but for some reason she found herself enterins the ""Otay / Mesa"" border entrance and by the time she realized what was going on, it was too late.

She freaked out at the appearance of border guards everywhere. So stopping and getting out of the car wasn't an option.

And just like that, the trajectory of her life (and ours) changed in an instant. There's no ""coming back"" from that mistake. The current application she had been applying for (I wont go into specifics) - automatically gets canceled out, and the 10-year bar now went into effect the moment she left the country. On top of that, she has to start the process all over again with the Mexican consulate which might be 2-3 years in the making.

I'm not going to say I will never see her again in person. I have my passport, and I am a US Citizen. Right now, she is debating on wether to stay near the border (In Tijuana) - or to fly back to her origin home of Southern Mexico. I told her to make the best decision that she feels most comfortable with.

I guess the point of me sharing this story is this. I went from having a friend I could drive 10 minutes away from, and meet up at the Gym, to meet up and have lunch, to meet up and go for a nice walk or a hike in the foothills, or even a drive; to basically now... back to square one. Friend is gone, and my social life non-existent. Maybe I am posting this for some sympathy, but that's not necessarily why I am posting this. Maybe I'm posting this to let the world (or Reddit) know,,,, that this shit happens. That I am in utter and disbelief that someone I built a close connection to, is suddenly gone from being near me now for the next 2-3 years (or even longer is her case is denied) - all from one stupid little mistake.

And on top of it? I don't even know if she is going to choose to stick around. As it seems, it looks like she's going to hop on a plane and fly back down to Southern Mexico. And that will be that.

I want to weigh in on WHY this is so especially painful. I truly loved this person. I have spent my life in America and can't honestly say that I've always been aquainted with or befriended with ""top quality"" people. My friend, despite her immigration status, was an EXCEPTIONAL person. She was loved and trusted by many. Absolutely Cherished and adored. My family especially took a liking to her. She was honest, loyla, hardworking, understanding. Just an absolute gem of a person. And I RARELY if ever meet people of that caliber in my life. 

And now she's gone. Out of the country. 

This isn't a political letter. I'm not here to tell you what to believe or to try and dissuade your opinion one way or another. This is just one man just letting out his pain. Because now thats all I have left. Is a huge fucking void in my life, and pain. That's it. 



If it can happen to her, or me, it can happen to anyone.








",1770155722.0,2026-02-03T21:55:22,39,4,/r/immigration/comments/1qv5km9/repost_for_clarification_my_close_friend_crossed/,https://www.reddit.com/r/immigration/comments/1qv5km9/repost_for_clarification_my_close_friend_crossed/,"repost for clarification: my close friend crossed into mexico on accident, and that's that.
i don’t really expect much sympathy from reddit. in my opinion, this app is designed to hijack people’s nervous systems and push them into a constant state of fight-or-flight.

one of the contradictions i see in the aggressive politicization reddit has become is this: people protest on the basis of empathy while simultaneously fueling a culture that incites rage rather than calm or understanding. ironically, calm and empathy are exactly what are needed to make sound decisions. that contradiction leaves me with little hope in posting this.

still, i’m posting it anyway. right now, the truth and the pain are very real. this literally happened, and i’m still confused as to why it happened.

i don’t expect sympathy...but needing it, at least in part, is why i’m here.


alright. so why the preface? i'll tell you.

the main reason, is because when i originally posted this story i was met with dismissals of sarcasm. people saying ""fake af"" - ""yawn"" - ""yeah right"" - i even had people telling me that my story was ""ai generated"" etc etc. which immediately lead me to question the legiticamacy of the reddit platform in it's entirety and the very movement itself. the very movement, which i do not care for. i do not agree with this current administrations immigration policy, nor do i care much for their gestapo-like tactics in how they are enforcing it. that said, i also do not agree to giving way to blind rage and making uncoordinated / uncalculated actions in the heat of the moment, and practicing ceasless exercises in rage 24/7...

so again... why the preface? it's this...

**some people come to this reddit platform with some serious plight/woes, and all i ask is for reddit to slow the f***ck down and take peoples stories into consideration
**

end rant. 


as for the event. this is what i had previously stated. i'll try to make it short.

first off, i'm a single guy in my late 30's, and live in a small town. my social life is pretty much non-existent, and the majority of my time is spent walking in nature, or hiking alone. not a glamorous life. but it's what i was used to.

8 months ago i met a woman. we kinda started seeing each other casually. by the 4th month, even though i had already gotten too close.. she revealed to me that she was an illegal immigrant. ""fuck"" - i thought. i didn't care about that. in fact, we had already previously talked about the current administrations capacity for intolerance to the current immigration situation. this put a damper on the current situation, but i accepted it ""as is"" - i didn't have much worry or fear as we generally do not believe in living a life in fear. ...fast forward another 4 months.

by this point we had become closer and it was 8 months into the relationship. suddenly, i wasn't a loner hiking in the foothills of my local town or walking my dog alone. i had a companion. a friend.

one day i wake up and i get a text.

""i fucked up."" was what she said.

not too get into the back and fourth, in a nut shell, she went to visit a family member near the border. when she got there, she took a trip to the store. she went to type in the name of her family member in the gps (she saved it under a hispanic name) - well, because she was near the border, there are tons of mexican restaraunts and businesses with that very name, and the gps latched onto one of the said business. the following events have been a point of contention and debate between us, (to which i probably will never have a satisfactory answer to) - but for some reason she found herself enterins the ""otay / mesa"" border entrance and by the time she realized what was going on, it was too late.

she freaked out at the appearance of border guards everywhere. so stopping and getting out of the car wasn't an option.

and just like that, the trajectory of her life (and ours) changed in an instant. there's no ""coming back"" from that mistake. the current application she had been applying for (i wont go into specifics) - automatically gets canceled out, and the 10-year bar now went into effect the moment she left the country. on top of that, she has to start the process all over again with the mexican consulate which might be 2-3 years in the making.

i'm not going to say i will never see her again in person. i have my passport, and i am a us citizen. right now, she is debating on wether to stay near the border (in tijuana) - or to fly back to her origin home of southern mexico. i told her to make the best decision that she feels most comfortable with.

i guess the point of me sharing this story is this. i went from having a friend i could drive 10 minutes away from, and meet up at the gym, to meet up and have lunch, to meet up and go for a nice walk or a hike in the foothills, or even a drive; to basically now... back to square one. friend is gone, and my social life non-existent. maybe i am posting this for some sympathy, but that's not necessarily why i am posting this. maybe i'm posting this to let the world (or reddit) know,,,, that this shit happens. that i am in utter and disbelief that someone i built a close connection to, is suddenly gone from being near me now for the next 2-3 years (or even longer is her case is denied) - all from one stupid little mistake.

and on top of it? i don't even know if she is going to choose to stick around. as it seems, it looks like she's going to hop on a plane and fly back down to southern mexico. and that will be that.

i want to weigh in on why this is so especially painful. i truly loved this person. i have spent my life in america and can't honestly say that i've always been aquainted with or befriended with ""top quality"" people. my friend, despite her immigration status, was an exceptional person. she was loved and trusted by many. absolutely cherished and adored. my family especially took a liking to her. she was honest, loyla, hardworking, understanding. just an absolute gem of a person. and i rarely if ever meet people of that caliber in my life. 

and now she's gone. out of the country. 

this isn't a political letter. i'm not here to tell you what to believe or to try and dissuade your opinion one way or another. this is just one man just letting out his pain. because now thats all i have left. is a huge fucking void in my life, and pain. that's it. 



if it can happen to her, or me, it can happen to anyone.








",True,False
1mz6z5t,immigration,The world doesn’t want us anymore: Indians facing backlash everywhere,"It feels like our own people have destroyed the younger generation’s chances of building a life abroad. Indians are everywhere, and I believe that within the next 4–5 years most countries will completely shut their doors to us. Canada has already tightened visas, racism against Indians is on the rise, and what recently happened in Ireland is only the beginning. The Irish, known to be among the friendliest people, have now reached their breaking point. Australia is even seeing mass deportation protests scheduled for August 31. Everywhere I’ve travelled—the U.S., UAE, Thailand—the sentiment is the same,communities don’t want us there anymore. It’s a harsh reality, but perhaps it’s time to rethink our obsession with settling abroad. Maybe the wiser path is to focus on building a stable life here at home, and reserve foreign travel for vacations rather than permanent migration.

**Update**

Thank you all for the comments—both positive and critical. I’m a doctor, living in India, and I travel abroad once a year. While I can’t reply to everyone, I want to address one important point.

The driver in Florida who killed three people showed no remorse, and his actions were inexcusable. Someone who displays such reckless disregard for human life deserves a life sentence. His punishment should also serve as a wake-up call to undocumented individuals who think they can exploit the system without consequence.
Unfortunately, this is not an isolated case. Many undocumented people somehow manage to obtain driving licenses, and how that happens is a serious concern. As an Indian, I feel deeply sorry for the harm some of our people are causing abroad. I’ve seen firsthand how kind and welcoming many white people are, and I regret that their goodwill is being abused. That’s why I support stronger enforcement,even policies like Trump’s—because they aim to protect the country from illegals and opportunists.",1756068340.0,2025-08-24T20:45:40,492,3279,/r/immigration/comments/1mz6z5t/the_world_doesnt_want_us_anymore_indians_facing/,https://www.reddit.com/r/immigration/comments/1mz6z5t/the_world_doesnt_want_us_anymore_indians_facing/,"the world doesn’t want us anymore: indians facing backlash everywhere
it feels like our own people have destroyed the younger generation’s chances of building a life abroad. indians are everywhere, and i believe that within the next 4–5 years most countries will completely shut their doors to us. canada has already tightened visas, racism against indians is on the rise, and what recently happened in ireland is only the beginning. the irish, known to be among the friendliest people, have now reached their breaking point. australia is even seeing mass deportation protests scheduled for august 31. everywhere i’ve travelled—the u.s., uae, thailand—the sentiment is the same,communities don’t want us there anymore. it’s a harsh reality, but perhaps it’s time to rethink our obsession with settling abroad. maybe the wiser path is to focus on building a stable life here at home, and reserve foreign travel for vacations rather than permanent migration.

**update**

thank you all for the comments—both positive and critical. i’m a doctor, living in india, and i travel abroad once a year. while i can’t reply to everyone, i want to address one important point.

the driver in florida who killed three people showed no remorse, and his actions were inexcusable. someone who displays such reckless disregard for human life deserves a life sentence. his punishment should also serve as a wake-up call to undocumented individuals who think they can exploit the system without consequence.
unfortunately, this is not an isolated case. many undocumented people somehow manage to obtain driving licenses, and how that happens is a serious concern. as an indian, i feel deeply sorry for the harm some of our people are causing abroad. i’ve seen firsthand how kind and welcoming many white people are, and i regret that their goodwill is being abused. that’s why i support stronger enforcement,even policies like trump’s—because they aim to protect the country from illegals and opportunists.",True,False
1nfcq52,immigration,The Lone Wolf in Mexico ( deported),"Hello,
Today marks seven months since I got deported to Mexico this passing February. I grew up in Texas since I was two years old. I'm 27 now. 25 years in the US and not once coming to Mexico. My parents always scared me with these stories about how awful it can be where we're from because of ""La maña"" (cartels). I'm from Guanajuato. Being here for this long has been quite a journey. When I got here, I was so scared and I never went out of my grandma's house because I didn't want people to know that I came from the US, but when you live in a little pueblito, gossip runs like wildfire. Eventually boredom took over and I started walking around town. It's quite different in a way but very similar the way people live. My town always reminds me of Fort Worth, Texas. And if you've been to the hood in Fort Worth you'd understand why because it's literally little Mexico. You can pretty much find anything you'd like over here, product wise. One thing I am getting used to is that people have a staring problem and since I'm covered in tattoos, they think I'm up to no good. So I tried to always have a long sleeve shirt and jeans on in the beginning.

 Depression hit after the third week and I started drinking hard liquor and smoking weed. After like two months, I snapped out of it and decided to get a job and see what the work environment was like in Mexico. I went through a lot of obstacles because I didn't have any proper paperwork like an INE, RFC, or my CURP, and since most places require a high school diploma as the minimum I had to validate that with the secretary of education as well. Luckily, since I know English, and I'm very good with people, I got a job as a manager at some high-end rooftop restaurant. It was OK but for some reason, they are very strict with pointless things and very sketchy with their payroll. I worked there for two months making a total of 50,000 pesos which wasn't bad apparently. I've been living off my savings that I had in America. I got a truck so I can move around and a nice little apartment for 7000 pesos a month all utilities included. I'm still getting used to the money and the value of things. In the beginning, I would just tell the merchant to keep the change or still tip 20% in restaurants. Looking back on things now I know damn straight these people were ripping me off and charging me more than the original price. Since I have an accent when I talk in Spanish people always know that I come from the US, but I've been working on it and just trying to talk with a better vocabulary since I don't think I can ever fix my accent. Now I'm getting bored again and I feel like I need to move to a city like Queretaro, Monterey, or Mexico City. 

However, sometimes when I apply for a job, I get scared because I don't want them to run a background check and see that I got deported or I don't know if your criminal history in the United States stays in the United States?

I know that life in Mexico can be different from the US. Time is slower. Good jobs are hard to come by if you don’t have “ palanca” ( basically a connect). 

But I know that it is possible, I've seen it with my own eyes. All the luxuries that are in the US are in Mexico as well. It is possible.

I really wish there was a group of people, a page, or a community about young (sort of) mexicans, coming back to their homeland after being in America all their lives. I wish I had guidance. I wish I had friends I can trust. I wish I knew exactly what to do next... In this next chapter in my life, I feel like I really am, a Lone Wolf in Mexico.

If you or you know anyone who is going through what I am going through, please don't hesitate to share their progress or tips. ",1757706081.0,2025-09-12T19:41:21,183,1550,/r/immigration/comments/1nfcq52/the_lone_wolf_in_mexico_deported/,https://www.reddit.com/r/immigration/comments/1nfcq52/the_lone_wolf_in_mexico_deported/,"the lone wolf in mexico ( deported)
hello,
today marks seven months since i got deported to mexico this passing february. i grew up in texas since i was two years old. i'm 27 now. 25 years in the us and not once coming to mexico. my parents always scared me with these stories about how awful it can be where we're from because of ""la maña"" (cartels). i'm from guanajuato. being here for this long has been quite a journey. when i got here, i was so scared and i never went out of my grandma's house because i didn't want people to know that i came from the us, but when you live in a little pueblito, gossip runs like wildfire. eventually boredom took over and i started walking around town. it's quite different in a way but very similar the way people live. my town always reminds me of fort worth, texas. and if you've been to the hood in fort worth you'd understand why because it's literally little mexico. you can pretty much find anything you'd like over here, product wise. one thing i am getting used to is that people have a staring problem and since i'm covered in tattoos, they think i'm up to no good. so i tried to always have a long sleeve shirt and jeans on in the beginning.

 depression hit after the third week and i started drinking hard liquor and smoking weed. after like two months, i snapped out of it and decided to get a job and see what the work environment was like in mexico. i went through a lot of obstacles because i didn't have any proper paperwork like an ine, rfc, or my curp, and since most places require a high school diploma as the minimum i had to validate that with the secretary of education as well. luckily, since i know english, and i'm very good with people, i got a job as a manager at some high-end rooftop restaurant. it was ok but for some reason, they are very strict with pointless things and very sketchy with their payroll. i worked there for two months making a total of 50,000 pesos which wasn't bad apparently. i've been living off my savings that i had in america. i got a truck so i can move around and a nice little apartment for 7000 pesos a month all utilities included. i'm still getting used to the money and the value of things. in the beginning, i would just tell the merchant to keep the change or still tip 20% in restaurants. looking back on things now i know damn straight these people were ripping me off and charging me more than the original price. since i have an accent when i talk in spanish people always know that i come from the us, but i've been working on it and just trying to talk with a better vocabulary since i don't think i can ever fix my accent. now i'm getting bored again and i feel like i need to move to a city like queretaro, monterey, or mexico city. 

however, sometimes when i apply for a job, i get scared because i don't want them to run a background check and see that i got deported or i don't know if your criminal history in the united states stays in the united states?

i know that life in mexico can be different from the us. time is slower. good jobs are hard to come by if you don’t have “ palanca” ( basically a connect). 

but i know that it is possible, i've seen it with my own eyes. all the luxuries that are in the us are in mexico as well. it is possible.

i really wish there was a group of people, a page, or a community about young (sort of) mexicans, coming back to their homeland after being in america all their lives. i wish i had guidance. i wish i had friends i can trust. i wish i knew exactly what to do next... in this next chapter in my life, i feel like i really am, a lone wolf in mexico.

if you or you know anyone who is going through what i am going through, please don't hesitate to share their progress or tips. ",True,False
1ljgqe4,immigration,I’m married to a US citizen and have had a baby here… I’m Ukrainian my I-130 got denied. What do I do?,"I am 35 years old. I have been in America pretty much most of my life. I came here when I was three in 1993 lived here until 2017… went to school here went to college here I had a green card. I then got into some trouble and was deported or granted “voluntary departure” in 2017. I
 do have a bit of a record, no felonies no violent charges however, there are some entanglements with drugs. I was sent back to Ukraine where I lived for five years until this war began, and I came back on a whim just in case and they did. I came in legally however, my Paperwork my I94 expired after a year and I had tried to renew it, but was told since I am married to a USA now and have a US citizen Babiy to just go ahead and apply for the I 30, which is the family reunification I did and I got rejected due to case abandonment I didn’t turn something in on time. 
I’m wondering what I do now I haven’t the slightest idea where to turn to my marriage is on the verge of divorce. I was thinking about a U visa since I do have a domestic case pending. I’m just so lost. I don’t know what to do. I can’t go back. I can’t leave my son here and go back to war torn country. It was bad enough living there when things were not as as they are now or will be if someone could just please tell me what to do what to file forward to apply for. I don’t know. 
I made mistakes in when I was younger, running around with the wrong people. I’m still paying for those mistakes. I feel like I’ll be paying for those for the rest of my life like I said I don’t have any violent charges. I never did like years in jail or anything. It was all misdemeanors, but quite a few. they me a habitual offender, however I’ve changed my whole life around and I’m not even person I used to be. 
 
how how do I maneuver from here? What do I do? Any advice would be helpful. Oh, and my whole family is here my parents my siblings. When I moved back I was completely alone. I had no family there, and my biggest mistake was just not applying for citizenship when I turned 18 which I could’ve done and gotten easily. I just never gave it much thought considering that I grew up here. I consider myself American. I’ve been in the states since I was three years old.
I have not so much has gotten a speeding tickets since I’ve been here I have not gotten into in trouble or any kind of interactions with police aside from the domestic case we have, were I am the victim. And the only reason that I wasn’t able to turn in paperwork on time for the I 30 was because my husband intentionally withheld it. I’m not sure what to do now he says he’s sorry for what he did, but that’s not doing me any good… 
People talk about marrying US citizen and getting paperwork and things like that it’s not that easily done. I’m married to a US citizen. I have his baby, which is a US citizen. I think that I should be granted some kind of leniency because of that, but it is ice and second chances are not what they’re known for.",1750784805.0,2025-06-24T17:06:45,281,182,/r/immigration/comments/1ljgqe4/im_married_to_a_us_citizen_and_have_had_a_baby/,https://www.reddit.com/r/immigration/comments/1ljgqe4/im_married_to_a_us_citizen_and_have_had_a_baby/,"i’m married to a us citizen and have had a baby here… i’m ukrainian my i-130 got denied. what do i do?
i am 35 years old. i have been in america pretty much most of my life. i came here when i was three in 1993 lived here until 2017… went to school here went to college here i had a green card. i then got into some trouble and was deported or granted “voluntary departure” in 2017. i
 do have a bit of a record, no felonies no violent charges however, there are some entanglements with drugs. i was sent back to ukraine where i lived for five years until this war began, and i came back on a whim just in case and they did. i came in legally however, my paperwork my i94 expired after a year and i had tried to renew it, but was told since i am married to a usa now and have a us citizen babiy to just go ahead and apply for the i 30, which is the family reunification i did and i got rejected due to case abandonment i didn’t turn something in on time. 
i’m wondering what i do now i haven’t the slightest idea where to turn to my marriage is on the verge of divorce. i was thinking about a u visa since i do have a domestic case pending. i’m just so lost. i don’t know what to do. i can’t go back. i can’t leave my son here and go back to war torn country. it was bad enough living there when things were not as as they are now or will be if someone could just please tell me what to do what to file forward to apply for. i don’t know. 
i made mistakes in when i was younger, running around with the wrong people. i’m still paying for those mistakes. i feel like i’ll be paying for those for the rest of my life like i said i don’t have any violent charges. i never did like years in jail or anything. it was all misdemeanors, but quite a few. they me a habitual offender, however i’ve changed my whole life around and i’m not even person i used to be. 
 
how how do i maneuver from here? what do i do? any advice would be helpful. oh, and my whole family is here my parents my siblings. when i moved back i was completely alone. i had no family there, and my biggest mistake was just not applying for citizenship when i turned 18 which i could’ve done and gotten easily. i just never gave it much thought considering that i grew up here. i consider myself american. i’ve been in the states since i was three years old.
i have not so much has gotten a speeding tickets since i’ve been here i have not gotten into in trouble or any kind of interactions with police aside from the domestic case we have, were i am the victim. and the only reason that i wasn’t able to turn in paperwork on time for the i 30 was because my husband intentionally withheld it. i’m not sure what to do now he says he’s sorry for what he did, but that’s not doing me any good… 
people talk about marrying us citizen and getting paperwork and things like that it’s not that easily done. i’m married to a us citizen. i have his baby, which is a us citizen. i think that i should be granted some kind of leniency because of that, but it is ice and second chances are not what they’re known for.",True,False
1go1txh,immigration,Thoughts from a (FORMER) immigration attorney who did a LOT of work post 2016,"**Disclaimer: This DOES NOT constitute legal advice**. I am not your lawyer nor am I anyone's lawyer. I am simply sharing my personal thoughts as someone who was an immigration lawyer (mainly for children and DV survivors) for 10+ years. In the wake of 2016 I spent most of 2017 traveling around the US advising folks on their rights, offering consultations, and training allies on what they could do. I am NO longer practicing and can't answer any individual questions in chat or DM's about your specific case and I apologize about that in advance. 

So, with that being said, here are some things I've been thinking and sharing with folks who have asked, in case it is helpful to any of you. 

**1) We have no idea what will happen.** 

Take a deep breathe because no one, and I mean no one has any idea what will actually occur on Jan 21st. We know there is a desire for mass raids from folks who will be in power. 

 We know there are governors who have said they will ""use every tool at their disposal"" to fight against any attempted mass deportations. 

We know there are constitutional protections in place (and yes, many aspects of the Constitution protect you even if you aren't a citizen).

Yet - we **also** know there are examples of horrific events like that that have happened throughout history regardless of what protections are in place.  

These are just the facts. The reality is we are all clueless and guessing and anyone who says they know anything else for sure or can guarantee you XYZ will or won't happen is deluding you and/or themselves. It is important to know that nothing is known. 

  
**2) There will be MANY vile, opportunistic immigration ""lawyers"" who come out of the woodwork**

Immigration lawyers are some of the best and worst lawyers I have ever met. Because so many undocumented folks are desperate, because they are then afraid to report lawyers who took advantage of them, because immigration law is (purposefully) ridiculously complicated and there are endless loopholes and pitfalls and it all comes down to discretion anyways, ***be incredibly wary of private immigration lawyers charging a fee right now.*** Again, there are a LOT of brilliant, wonderful, ethical immigration lawyers who charge thousands and do it right. 

Unfortunately, I would say they can be the exception, not the rule. I've seen immigration lawyers who work with human traffickers, immigration lawyers who lie to their clients to apply for a ""work permit"" when they're actually lining them up for deportation proceedings by promising the work permit on a false claim (because then they can charge court fees too!). The list goes on and on. 

I have reason to think a LOT of slimey folks are in this sub based on what I've observed being downvoted in the past couple of days (curious how this post will go). 

NEVER trust a lawyer who says they can ""guarantee"" anything. Immigration is discretionary and no they cannot.   
NEVER trust a lawyer who says it will be ""simple."" Again, it COULD be simple. But if they say it DEFINITELY will be that is a lie. 

NEVER trust a lawyer who does not advise you on the CONSEQUENCES of filing an application (more on that below). They should counsel you on all possible risks, all possible negative outcomes, and all possible consequences of submitting anything to USCIS, DHS, or anywhere else. YOU are the only one who can decide what is right for you but you can ONLY do that if you have full knowledge of what could be at stake. Not for scare tactics, for the reality of allowing you to make the best choice for your family. 

  
**3) If you aren't on immigration's ""radar"", submitting paperwork is like putting up a sign that says, ""heyo, I'm here!""** 

Submitting paperwork to immigration means reporting your address, getting your fingerprints taken, listing family members, etc etc. One of the most heartbreaking things during DACA was that many people were NOT counseled on the fact that submitting paperwork means making a record of yourself with the federal government that they can trace and follow. Which, of course, is worth it for millions and millions of people.  But again, you should know and be aware of this so you can make an INFORMED choice of what is right for YOU and YOUR family. 

It is my OPINION that you want to think especially hard about this if you are applying for something that just basically puts you in a very long line but doesn't grant any sort of status right away. Be very cautious and talk and think through all possibilities before determining if it is right for you. 

  
**4) Reminder - THERE IS NO ""PATH"" TO LEGAL IMMIGRATION STATUS IN THE US**

Yes, there are ""paths"" for folks who fit into certain categories. They can be over simplified and broken into three categories:

*  Are you rich or skilled? 
* Do you have immediate relatives who are USC or LPR with ten billion asterisks attached? 
* Has some really horrible shit happened to you and are you willing to report it/talk about it and is it the right kind of horrible shit). 

That's it folks. And this can't be shared enough because the narrative out there is WILD about folks having to do it the ""right way"" when that's just not real. I have met hundreds of folks who have lived here for decades, have filed taxes, have US citizen children, who have never been arrested, etc etc etc and for whom there is NO PATH and NO WAY to do anything ""legally."" Oh and by the way all my great great grandparents had to do was get in a boat and sign a piece of paper. So let's not pretend that we're all over here high and mighty when the rules have changed. 

  
**5) If it were my family, I would begin safety planning** 

Not to panic. Not to begin leaving life in fear. And with the hope in your mind it will all be for naught and you can laugh in a decade about how worried you were. 

And

I used to run the legal department of a DV agency and the best thing to do when you know there could be risk of danger is to be prepared for what you would do if you need it. 

  
Know where all your important documents and papers are. Get a file with copies and keep it with some cash and a change of clothes in a backpack and/or duffle which you know where it is at all times. If you have a trusted friend or neighbor, talk to them about using their home as a meeting spot should you need to. 

If you are a church community member and feel comfortable, open up to them about being willing to help if a hard moment comes.  I was involved in sanctuary efforts (where undocumented folks take refuge in a religious institution) from 2017-2020 and Churches were one of the only places the administration didn't raid or detain folks in/from. Not saying it is any sort of guarantee, just the reality of what happened before. 

(and side note, if you are an ally reading this who is a part of a religious community please talk to them about looking into becoming a sanctuary church). 

**6) Remember, Hope is a muscle** 

I wish I had better words to say but I try and remind myself of the words of those who came before us and led with light. Look into cognitive behavioral therapy techniques to practice optimism. Sounds F;d, I know, after everything I wrote before, and yet the biggest changes have also happened during repressive moments. There will be pain and needless suffering and cruelty. And we can also deeply wish this is the ""darkness of the womb, and not the darkness of the tomb"" [as spoken by Valerie Kaur](https://valariekaur.com/2016/11/a-sikh-prayer-for-america-on-november-9th-2016/). And we all need to practice that hope now. 

  
Stay safe. Check on your neighbors. Trust your gut. No one knows. ",1731248875.0,2024-11-10T14:27:55,265,851,/r/immigration/comments/1go1txh/thoughts_from_a_former_immigration_attorney_who/,https://www.reddit.com/r/immigration/comments/1go1txh/thoughts_from_a_former_immigration_attorney_who/,"thoughts from a (former) immigration attorney who did a lot of work post 2016
**disclaimer: this does not constitute legal advice**. i am not your lawyer nor am i anyone's lawyer. i am simply sharing my personal thoughts as someone who was an immigration lawyer (mainly for children and dv survivors) for 10+ years. in the wake of 2016 i spent most of 2017 traveling around the us advising folks on their rights, offering consultations, and training allies on what they could do. i am no longer practicing and can't answer any individual questions in chat or dm's about your specific case and i apologize about that in advance. 

so, with that being said, here are some things i've been thinking and sharing with folks who have asked, in case it is helpful to any of you. 

**1) we have no idea what will happen.** 

take a deep breathe because no one, and i mean no one has any idea what will actually occur on jan 21st. we know there is a desire for mass raids from folks who will be in power. 

 we know there are governors who have said they will ""use every tool at their disposal"" to fight against any attempted mass deportations. 

we know there are constitutional protections in place (and yes, many aspects of the constitution protect you even if you aren't a citizen).

yet - we **also** know there are examples of horrific events like that that have happened throughout history regardless of what protections are in place.  

these are just the facts. the reality is we are all clueless and guessing and anyone who says they know anything else for sure or can guarantee you xyz will or won't happen is deluding you and/or themselves. it is important to know that nothing is known. 

  
**2) there will be many vile, opportunistic immigration ""lawyers"" who come out of the woodwork**

immigration lawyers are some of the best and worst lawyers i have ever met. because so many undocumented folks are desperate, because they are then afraid to report lawyers who took advantage of them, because immigration law is (purposefully) ridiculously complicated and there are endless loopholes and pitfalls and it all comes down to discretion anyways, ***be incredibly wary of private immigration lawyers charging a fee right now.*** again, there are a lot of brilliant, wonderful, ethical immigration lawyers who charge thousands and do it right. 

unfortunately, i would say they can be the exception, not the rule. i've seen immigration lawyers who work with human traffickers, immigration lawyers who lie to their clients to apply for a ""work permit"" when they're actually lining them up for deportation proceedings by promising the work permit on a false claim (because then they can charge court fees too!). the list goes on and on. 

i have reason to think a lot of slimey folks are in this sub based on what i've observed being downvoted in the past couple of days (curious how this post will go). 

never trust a lawyer who says they can ""guarantee"" anything. immigration is discretionary and no they cannot.   
never trust a lawyer who says it will be ""simple."" again, it could be simple. but if they say it definitely will be that is a lie. 

never trust a lawyer who does not advise you on the consequences of filing an application (more on that below). they should counsel you on all possible risks, all possible negative outcomes, and all possible consequences of submitting anything to uscis, dhs, or anywhere else. you are the only one who can decide what is right for you but you can only do that if you have full knowledge of what could be at stake. not for scare tactics, for the reality of allowing you to make the best choice for your family. 

  
**3) if you aren't on immigration's ""radar"", submitting paperwork is like putting up a sign that says, ""heyo, i'm here!""** 

submitting paperwork to immigration means reporting your address, getting your fingerprints taken, listing family members, etc etc. one of the most heartbreaking things during daca was that many people were not counseled on the fact that submitting paperwork means making a record of yourself with the federal government that they can trace and follow. which, of course, is worth it for millions and millions of people.  but again, you should know and be aware of this so you can make an informed choice of what is right for you and your family. 

it is my opinion that you want to think especially hard about this if you are applying for something that just basically puts you in a very long line but doesn't grant any sort of status right away. be very cautious and talk and think through all possibilities before determining if it is right for you. 

  
**4) reminder - there is no ""path"" to legal immigration status in the us**

yes, there are ""paths"" for folks who fit into certain categories. they can be over simplified and broken into three categories:

*  are you rich or skilled? 
* do you have immediate relatives who are usc or lpr with ten billion asterisks attached? 
* has some really horrible shit happened to you and are you willing to report it/talk about it and is it the right kind of horrible shit). 

that's it folks. and this can't be shared enough because the narrative out there is wild about folks having to do it the ""right way"" when that's just not real. i have met hundreds of folks who have lived here for decades, have filed taxes, have us citizen children, who have never been arrested, etc etc etc and for whom there is no path and no way to do anything ""legally."" oh and by the way all my great great grandparents had to do was get in a boat and sign a piece of paper. so let's not pretend that we're all over here high and mighty when the rules have changed. 

  
**5) if it were my family, i would begin safety planning** 

not to panic. not to begin leaving life in fear. and with the hope in your mind it will all be for naught and you can laugh in a decade about how worried you were. 

and

i used to run the legal department of a dv agency and the best thing to do when you know there could be risk of danger is to be prepared for what you would do if you need it. 

  
know where all your important documents and papers are. get a file with copies and keep it with some cash and a change of clothes in a backpack and/or duffle which you know where it is at all times. if you have a trusted friend or neighbor, talk to them about using their home as a meeting spot should you need to. 

if you are a church community member and feel comfortable, open up to them about being willing to help if a hard moment comes.  i was involved in sanctuary efforts (where undocumented folks take refuge in a religious institution) from 2017-2020 and churches were one of the only places the administration didn't raid or detain folks in/from. not saying it is any sort of guarantee, just the reality of what happened before. 

(and side note, if you are an ally reading this who is a part of a religious community please talk to them about looking into becoming a sanctuary church). 

**6) remember, hope is a muscle** 

i wish i had better words to say but i try and remind myself of the words of those who came before us and led with light. look into cognitive behavioral therapy techniques to practice optimism. sounds f;d, i know, after everything i wrote before, and yet the biggest changes have also happened during repressive moments. there will be pain and needless suffering and cruelty. and we can also deeply wish this is the ""darkness of the womb, and not the darkness of the tomb"" [as spoken by valerie kaur](https://valariekaur.com/2016/11/a-sikh-prayer-for-america-on-november-9th-2016/). and we all need to practice that hope now. 

  
stay safe. check on your neighbors. trust your gut. no one knows. ",True,False
1pzvcgo,immigration,I am a TPS holder from Haiti (ending in February). What are my options?,"Hi Reddit community, I am a TPS holder from Haiti and have spoken to countless people about what to do. I’m hoping someone here can provide some new insight.

For context, I came to the US at a very young age and got TPS, which allowed me to go to a very good school and eventually work at a prestigious place. I’ve assimilated to the US well and have done quite well for myself. I have been in the US for over a decade.

I did not know much about the status until I got older and did my own research. With such little knowledge, I wish I had done a lot of things differently but that doesn’t matter now. 

**Given that Haiti is currently under travel ban and has a travel advisory, is my only option to leave the U.S since I can’t apply for a visa?** 

\*Please note that TPS does not offer ANY path to citizenship. 

\*Yes I understand this is a temporary program, I am not here to discuss this issue",1767132650.0,2025-12-30T22:10:50,130,39,/r/immigration/comments/1pzvcgo/i_am_a_tps_holder_from_haiti_ending_in_february/,https://www.reddit.com/r/immigration/comments/1pzvcgo/i_am_a_tps_holder_from_haiti_ending_in_february/,"i am a tps holder from haiti (ending in february). what are my options?
hi reddit community, i am a tps holder from haiti and have spoken to countless people about what to do. i’m hoping someone here can provide some new insight.

for context, i came to the us at a very young age and got tps, which allowed me to go to a very good school and eventually work at a prestigious place. i’ve assimilated to the us well and have done quite well for myself. i have been in the us for over a decade.

i did not know much about the status until i got older and did my own research. with such little knowledge, i wish i had done a lot of things differently but that doesn’t matter now. 

**given that haiti is currently under travel ban and has a travel advisory, is my only option to leave the u.s since i can’t apply for a visa?** 

\*please note that tps does not offer any path to citizenship. 

\*yes i understand this is a temporary program, i am not here to discuss this issue",True,False
1psk03i,immigration,Is it safe to attend college in the United States for an Ukrainian under Ukrainian Humanitarian Parole?,"This isn't really a safety question, but more of a legal one.

With all the political turmoil that has been happening in the United States, many groups of people including Venezuelans, Haitians, Afghans and many others have had their Temporary Protected Status just taken away in a blink with no warning.

And I fear that the fate of Ukrainians admitted through UHP is a matter of time just like what happened to these people ... but how true is that? 

Ukrainian Humanitarian Parole for all Ukrainians will be ending in October 2026. 

I am wondering about the potential consequences of attending a college in the US and the political scene. Is there a world where the Ukrainian Humanitarian Parole could just end on October 2026 and never be renewed? Is there a world where a peace deal could be signed after that date and every Ukrainian's status would be terminated and every Ukrainian without parole/TPS in the US will be up for deportation?

What would happen to the Ukrainian students studying under Ukrainian Humanitarian Parole in the United States? Would they be forced to leave the country mid degree? Getting a student visa is not a quick thing either - and universities will likely have to comply, unless I'm missing something. Especially universities that would provide the most significant aid.

Ivy leagues would likely meet near 100% aid for low income students, but getting admitted into them is a different story... Not to talk about how Trump has already pressured these universities to comply before...

The sad reality is I am considered an international applicant by many of these universities, despite living in the United States and my parents having been paying taxes for the past 4 years to the government and receiving aid from the government too. 

I got admitted to my state school, yet, I do not qualify for my state school's in-state tuition and are expected to pay 200k$ for all 4 years for a STATE school. I have maintained near perfect grades, I'm taking the IBDP (one of the most rigorous program in the whole world), and have kept up with extracurriculars with dreams of becoming a veterinarian and maybe building some nonprofit zoological facility of my own in the future. I live 4 miles from my state's university (15 min by car), yet I am not an in-state applicant, because I am not a resident.

And that's when I started having an existential crisis. What am I even a resident of? Not a resident in Ukraine, because my apartment got bombed and Zelensky issued an order to stop renewing passports for Ukrainians abroad, neither do I want to comeback- I'm not a resident of the state I live in and don't even qualify for in-state tuition. What am I? I'm just a stray. Nothing more.

I almost just crashed out yesterday when an university requested me to give proof that I can speak English. The English test costs 200$. I felt dehumanized. What do you mean I need to prove I can speak English!? I almost finished IBDP at an US high school...

I realized, this system wasn't built for people like me. And it will not be built for people like me.

US citizens are fighting for their own freedom, why would the government worry about some mere Ukrainian kiddo that wants to go to college??? 

Am I misunderstanding and becoming crazy for nothing? Why do I need to pay 200k$ for a mere useless undergrad education when it's not even near for me to even go to vet school and pay the extra 316k$ (actual number I calculated for NCSU vet school - ""my"" state school).

When my parents are driving a car so beat up that you can't even put it on sale realistically, while friends of mine (American citizens - no shade) are driving 27k$, 46k$, and 20k$ cars and are expected to pay 8k$ per year for their whole education at the state school, you really start to question life.

My dad makes the amount of money in a year, the same value of these cars my high school friends are driving to school. It's a shame really, that I am expected to pay the price of a possible house for a public state school education. It's hard to not feel jealous.

They put the bare minimum effort at school and are open about it - they didn't go through the same suffering and yet rewarded. I do not wish them the suffering I had, they are great friends that have helped me a lot, but I really do be feeling like an animal a bit, which is kinda ironic, because I spent my high school years taking in pets in need of a home and providing them with the home I wish I had... lol

Despite that, I don't want sympathy. There's better places and people to spend that sympathy on. I need advice. What do y'all think of this situation? 

On one hand, I could probably pursue my studies outside the US. Would remove some pain and suffering, and I will be free to leave the United States and travel the world.

It's a shame, really. I love the United States. I love the South East. The beautiful cypress swamps with Spanish moss hanging from branches, the Appalachian mountains, the coast, the palm trees.... There's nothing quite like it back from where I came from. The prices for houses, although really not good seem to be not so bad in rural/suburban areas still, and are somewhat affordable to a certain extent. The salaries are high. 

I'm anxious about moving away from my family and starting from scratch. I am Christian and we are apart of a movement and there are Christians from my movement around the world who can help out when I get there, but still. What IF the Ukrainian Humanitarian Parole gets renewed when I leave? What IF I will never be able to return to this beautiful country and will regret pursuing my studies elsewhere? I will not be able to return here unless I marry - time will have to tell. 

However, I have less than 30 days to apply to all my colleges, and I had about ~19 total US private colleges (including two public schools within my state) and might potentially have even less time for colleges abroad. My time is ticking. What should I prioritize, I feel lost.

I don't want to return to Ukraine. I'm 17. I deserve to live. Many Americans I've spoken to, judged me for this - even those of my age. I don't even feel safe mentioning I'm Ukrainian anymore. Dude, Americans are the nicest people I've ever met, but this country is so divided politically and there is so much propaganda at play that I feel like people tend to look at me negatively. I'm a bold guy too. Very open - I try to stand for what's right an not let people roll on me, maybe that's what rubs off on people wrongly. Even this post feels like I'm writing for sympathy - I DON'T WANT SYMPATHY. I want advice. I'm not a victim and don't want to victimize myself. I want to build, not ask others to build me. And to think I had dreams a few days ago... Naive, silly me... I don't want to survive anymore. I want to live.

There's plenty of Ukrainians in US colleges, but something feels wrong. What will happen to them when they graduate and the Ukrainian Humanitarian Parole gets expired? Will their degree be rendered useless, in a way? Do they just hope that nothing will happen? It seems foolish in a world like this.

Sorry if I sound a bit harsh, I'm really not like that - but no, seriously I have been questioning my sanity recently. I've been feeling a lot like a philosopher recently. Nature feels brighter in a way. And I've come to the realization that if I wasn't an Ukrainian myself, I would not have cared for posts like the one I'm writing - not because I'm malicious, but because there is that much sympathy you can give, before you start turning into a crazy philosopher. ",1766358889.0,2025-12-21T23:14:49,21,0,/r/immigration/comments/1psk03i/is_it_safe_to_attend_college_in_the_united_states/,https://www.reddit.com/r/immigration/comments/1psk03i/is_it_safe_to_attend_college_in_the_united_states/,"is it safe to attend college in the united states for an ukrainian under ukrainian humanitarian parole?
this isn't really a safety question, but more of a legal one.

with all the political turmoil that has been happening in the united states, many groups of people including venezuelans, haitians, afghans and many others have had their temporary protected status just taken away in a blink with no warning.

and i fear that the fate of ukrainians admitted through uhp is a matter of time just like what happened to these people ... but how true is that? 

ukrainian humanitarian parole for all ukrainians will be ending in october 2026. 

i am wondering about the potential consequences of attending a college in the us and the political scene. is there a world where the ukrainian humanitarian parole could just end on october 2026 and never be renewed? is there a world where a peace deal could be signed after that date and every ukrainian's status would be terminated and every ukrainian without parole/tps in the us will be up for deportation?

what would happen to the ukrainian students studying under ukrainian humanitarian parole in the united states? would they be forced to leave the country mid degree? getting a student visa is not a quick thing either - and universities will likely have to comply, unless i'm missing something. especially universities that would provide the most significant aid.

ivy leagues would likely meet near 100% aid for low income students, but getting admitted into them is a different story... not to talk about how trump has already pressured these universities to comply before...

the sad reality is i am considered an international applicant by many of these universities, despite living in the united states and my parents having been paying taxes for the past 4 years to the government and receiving aid from the government too. 

i got admitted to my state school, yet, i do not qualify for my state school's in-state tuition and are expected to pay 200k$ for all 4 years for a state school. i have maintained near perfect grades, i'm taking the ibdp (one of the most rigorous program in the whole world), and have kept up with extracurriculars with dreams of becoming a veterinarian and maybe building some nonprofit zoological facility of my own in the future. i live 4 miles from my state's university (15 min by car), yet i am not an in-state applicant, because i am not a resident.

and that's when i started having an existential crisis. what am i even a resident of? not a resident in ukraine, because my apartment got bombed and zelensky issued an order to stop renewing passports for ukrainians abroad, neither do i want to comeback- i'm not a resident of the state i live in and don't even qualify for in-state tuition. what am i? i'm just a stray. nothing more.

i almost just crashed out yesterday when an university requested me to give proof that i can speak english. the english test costs 200$. i felt dehumanized. what do you mean i need to prove i can speak english!? i almost finished ibdp at an us high school...

i realized, this system wasn't built for people like me. and it will not be built for people like me.

us citizens are fighting for their own freedom, why would the government worry about some mere ukrainian kiddo that wants to go to college??? 

am i misunderstanding and becoming crazy for nothing? why do i need to pay 200k$ for a mere useless undergrad education when it's not even near for me to even go to vet school and pay the extra 316k$ (actual number i calculated for ncsu vet school - ""my"" state school).

when my parents are driving a car so beat up that you can't even put it on sale realistically, while friends of mine (american citizens - no shade) are driving 27k$, 46k$, and 20k$ cars and are expected to pay 8k$ per year for their whole education at the state school, you really start to question life.

my dad makes the amount of money in a year, the same value of these cars my high school friends are driving to school. it's a shame really, that i am expected to pay the price of a possible house for a public state school education. it's hard to not feel jealous.

they put the bare minimum effort at school and are open about it - they didn't go through the same suffering and yet rewarded. i do not wish them the suffering i had, they are great friends that have helped me a lot, but i really do be feeling like an animal a bit, which is kinda ironic, because i spent my high school years taking in pets in need of a home and providing them with the home i wish i had... lol

despite that, i don't want sympathy. there's better places and people to spend that sympathy on. i need advice. what do y'all think of this situation? 

on one hand, i could probably pursue my studies outside the us. would remove some pain and suffering, and i will be free to leave the united states and travel the world.

it's a shame, really. i love the united states. i love the south east. the beautiful cypress swamps with spanish moss hanging from branches, the appalachian mountains, the coast, the palm trees.... there's nothing quite like it back from where i came from. the prices for houses, although really not good seem to be not so bad in rural/suburban areas still, and are somewhat affordable to a certain extent. the salaries are high. 

i'm anxious about moving away from my family and starting from scratch. i am christian and we are apart of a movement and there are christians from my movement around the world who can help out when i get there, but still. what if the ukrainian humanitarian parole gets renewed when i leave? what if i will never be able to return to this beautiful country and will regret pursuing my studies elsewhere? i will not be able to return here unless i marry - time will have to tell. 

however, i have less than 30 days to apply to all my colleges, and i had about ~19 total us private colleges (including two public schools within my state) and might potentially have even less time for colleges abroad. my time is ticking. what should i prioritize, i feel lost.

i don't want to return to ukraine. i'm 17. i deserve to live. many americans i've spoken to, judged me for this - even those of my age. i don't even feel safe mentioning i'm ukrainian anymore. dude, americans are the nicest people i've ever met, but this country is so divided politically and there is so much propaganda at play that i feel like people tend to look at me negatively. i'm a bold guy too. very open - i try to stand for what's right an not let people roll on me, maybe that's what rubs off on people wrongly. even this post feels like i'm writing for sympathy - i don't want sympathy. i want advice. i'm not a victim and don't want to victimize myself. i want to build, not ask others to build me. and to think i had dreams a few days ago... naive, silly me... i don't want to survive anymore. i want to live.

there's plenty of ukrainians in us colleges, but something feels wrong. what will happen to them when they graduate and the ukrainian humanitarian parole gets expired? will their degree be rendered useless, in a way? do they just hope that nothing will happen? it seems foolish in a world like this.

sorry if i sound a bit harsh, i'm really not like that - but no, seriously i have been questioning my sanity recently. i've been feeling a lot like a philosopher recently. nature feels brighter in a way. and i've come to the realization that if i wasn't an ukrainian myself, i would not have cared for posts like the one i'm writing - not because i'm malicious, but because there is that much sympathy you can give, before you start turning into a crazy philosopher. ",True,False
1onerms,immigration,Anxiety is eating me alive i751,"I’ve never considered myself an anxious person but these days I can’t sleep. I got married to my USC husband in June 2021, submitted i130 and i485 in Sep 2021 and received conditional green card in April 2022. I submitted i751 (removal of conditions) with my husband in March 2024.

During that time my husband and I were going through a very difficult time in our marriage we were fighting all the time, and I eventually moved out to live with my family late April. The huge problem is that my drivers license was expiring in May, so when I went to renew it at the DMV, I changed my address to my family’s address, I feel it was a little impulsive because we didn’t try to fix the relationship before i decided “I was done”. However, my husband and I reconciled shortly after, and within a few weeks I was back home with my husband. So yes, we separated and got back together but never divorced.  I updated my address with DMV, wrote my change of address on the back of the ID but never requested a new card from DMV because it felt wasteful and I don’t like waste.

June 2024, I got an RFE to which I responded with my husband and my ID intending to show same address, for mine I also showed a screenshot of DMV website showing my address on file matching the address written on the back, our health and dental insurance cards showing we are under the same plan, a letter from the bank stating that we have a joint bank account and signed NYS health care proxy designating each other as proxy. I genuinely thought that was enough. I only realized it wasn’t enough when I got an interview notice scheduled for November.

My husband already had his apartment when I moved in, and we didn’t think it wise to add me to the lease as it would potentially cause the rent to increase.  Which isn’t practical for us right now as I am in school and only work part time, so an increased rent would put us in a tight financial position. Also, because I am in school and my husband is supporting me, he pays all the bills so I do not have a bill in my name. Now I am worried that USCIS won’t believe us because we don’t have enough evidence. I feel like we should’ve added my name to these things just to have them to show to USCIS, but I can’t do it now because it’s close to the interview and it’s gonna look like it was only done as a way to fabricate evidence.  My names on the bills and the lease just isn’t a reality in the relationship, but I’m dying inside because we don’t have it.  I wish we went to marriage counseling to fix our break up last year so I can have some proof to show for it but we didn’t, we just read books and spoke to people in our lives and worked on ourselves. I wish I had ordered a new ID card from DMV when we got that RFE, that would’ve shown my address printed on the front but I didn’t want it to seem like I only did that within that timeframe to create evidence. But I feel like I screwed myself by not doing that.  What if they don’t believe us in the interview?? I overlooked the part where the bank account has to show transactions because we submitted a similar letter for i485 without transaction history, but I will print out statements to bring to the interview. I will also print out statements from my personal account  to show Zelle transfers between me and my husband, I also remembered that I am an authorized user on his credit card so I will print out statements and bring evidence of that as well. I also plan to bring a recent Explanatjon of Benefits from our insurance to prove that the insurance is still active and lists both our names, and I also started a new job over the summer that has 401K, and he’s listed as my beneficiary. I’m just worried they won’t think it’s enough still and that they won’t believe we got back together because we never went to marriage counseling.",1762183753.0,2025-11-03T15:29:13,2,0,/r/immigration/comments/1onerms/anxiety_is_eating_me_alive_i751/,https://www.reddit.com/r/immigration/comments/1onerms/anxiety_is_eating_me_alive_i751/,"anxiety is eating me alive i751
i’ve never considered myself an anxious person but these days i can’t sleep. i got married to my usc husband in june 2021, submitted i130 and i485 in sep 2021 and received conditional green card in april 2022. i submitted i751 (removal of conditions) with my husband in march 2024.

during that time my husband and i were going through a very difficult time in our marriage we were fighting all the time, and i eventually moved out to live with my family late april. the huge problem is that my drivers license was expiring in may, so when i went to renew it at the dmv, i changed my address to my family’s address, i feel it was a little impulsive because we didn’t try to fix the relationship before i decided “i was done”. however, my husband and i reconciled shortly after, and within a few weeks i was back home with my husband. so yes, we separated and got back together but never divorced.  i updated my address with dmv, wrote my change of address on the back of the id but never requested a new card from dmv because it felt wasteful and i don’t like waste.

june 2024, i got an rfe to which i responded with my husband and my id intending to show same address, for mine i also showed a screenshot of dmv website showing my address on file matching the address written on the back, our health and dental insurance cards showing we are under the same plan, a letter from the bank stating that we have a joint bank account and signed nys health care proxy designating each other as proxy. i genuinely thought that was enough. i only realized it wasn’t enough when i got an interview notice scheduled for november.

my husband already had his apartment when i moved in, and we didn’t think it wise to add me to the lease as it would potentially cause the rent to increase.  which isn’t practical for us right now as i am in school and only work part time, so an increased rent would put us in a tight financial position. also, because i am in school and my husband is supporting me, he pays all the bills so i do not have a bill in my name. now i am worried that uscis won’t believe us because we don’t have enough evidence. i feel like we should’ve added my name to these things just to have them to show to uscis, but i can’t do it now because it’s close to the interview and it’s gonna look like it was only done as a way to fabricate evidence.  my names on the bills and the lease just isn’t a reality in the relationship, but i’m dying inside because we don’t have it.  i wish we went to marriage counseling to fix our break up last year so i can have some proof to show for it but we didn’t, we just read books and spoke to people in our lives and worked on ourselves. i wish i had ordered a new id card from dmv when we got that rfe, that would’ve shown my address printed on the front but i didn’t want it to seem like i only did that within that timeframe to create evidence. but i feel like i screwed myself by not doing that.  what if they don’t believe us in the interview?? i overlooked the part where the bank account has to show transactions because we submitted a similar letter for i485 without transaction history, but i will print out statements to bring to the interview. i will also print out statements from my personal account  to show zelle transfers between me and my husband, i also remembered that i am an authorized user on his credit card so i will print out statements and bring evidence of that as well. i also plan to bring a recent explanatjon of benefits from our insurance to prove that the insurance is still active and lists both our names, and i also started a new job over the summer that has 401k, and he’s listed as my beneficiary. i’m just worried they won’t think it’s enough still and that they won’t believe we got back together because we never went to marriage counseling.",True,False
1khy4qt,immigration,Finding it hard to integrate—anyone feel the same?,"I moved from HK to NL 2.5 years ago with my wife and two daughters. In many ways, we feel grateful—our material life is stable, and our kids are growing up happy.

But my wife and I both feel it’s difficult to truly integrate into Dutch society. We were raised in a very different culture, and although we’ve met some nice people (especially other expats), we don’t feel we really belong yet. I wish I had more meaningful interaction with local neighbors or felt more part of the community. Without it, I often feel like an outsider.

Has anyone experienced something similar? How did you handle it? I’d really appreciate hearing others’ perspectives.
",1746730670.0,2025-05-08T18:57:50,3,0,/r/immigration/comments/1khy4qt/finding_it_hard_to_integrateanyone_feel_the_same/,https://www.reddit.com/r/immigration/comments/1khy4qt/finding_it_hard_to_integrateanyone_feel_the_same/,"finding it hard to integrate—anyone feel the same?
i moved from hk to nl 2.5 years ago with my wife and two daughters. in many ways, we feel grateful—our material life is stable, and our kids are growing up happy.

but my wife and i both feel it’s difficult to truly integrate into dutch society. we were raised in a very different culture, and although we’ve met some nice people (especially other expats), we don’t feel we really belong yet. i wish i had more meaningful interaction with local neighbors or felt more part of the community. without it, i often feel like an outsider.

has anyone experienced something similar? how did you handle it? i’d really appreciate hearing others’ perspectives.
",True,False
1katr4i,immigration,Do you regret your immigration journey?,"\*I apologize in advance. Please move on if this does not apply to you. I'm aware that for many, immigration is the only path to survive, and that I'm privileged enough to even think about this.

I'm from a developing country (SEA), and my family is comfortably middle class by developing countries' standards. Even though I'm not spoiled (my parents grew up poor), life has been very cushy for me, and since high school, I've wanted to go abroad and see the world. And I did, on scholarships and salaries, though objectively, I'm average at best.

Like many of my peers, I shot for the U.S. I have been working/studying here for 5 years. I'm exhausted, and nothing feels enough. I don't want to quit without a title, a degree, something to show for. But life here has been rough, both financially and emotionally. I've been in and out of therapy for depression, but over time, it feels cliche and not helpful.

This year especially has been a sh!tshow with medical bills, car repairs, and fees. My spouse has been supportive, filing a GC so I can have peace of mind and more job security, but I've regretted it ever since. To do everything ""the right way"", and still, I feel hopeless about the future. I don't think I have it in me to ""hustle"" to survive in this country.

My visa only lasts a year, so I couldn't go home as often as I would like, and I miss my family terribly. Every time I video call them and notice how fast they're aging, I wish I had made a different choice. Now, if I go home, I have to accept that the past 5 years are mostly wasted. But I can continue living my cushy life. If not, I have to wake up every day, depressed, scared, and tired of everything. 

Wonder if anyone else feels this way? Will it be worth it to get a green card in hand?



 ",1745947821.0,2025-04-29T17:30:21,4,2,/r/immigration/comments/1katr4i/do_you_regret_your_immigration_journey/,https://www.reddit.com/r/immigration/comments/1katr4i/do_you_regret_your_immigration_journey/,"do you regret your immigration journey?
\*i apologize in advance. please move on if this does not apply to you. i'm aware that for many, immigration is the only path to survive, and that i'm privileged enough to even think about this.

i'm from a developing country (sea), and my family is comfortably middle class by developing countries' standards. even though i'm not spoiled (my parents grew up poor), life has been very cushy for me, and since high school, i've wanted to go abroad and see the world. and i did, on scholarships and salaries, though objectively, i'm average at best.

like many of my peers, i shot for the u.s. i have been working/studying here for 5 years. i'm exhausted, and nothing feels enough. i don't want to quit without a title, a degree, something to show for. but life here has been rough, both financially and emotionally. i've been in and out of therapy for depression, but over time, it feels cliche and not helpful.

this year especially has been a sh!tshow with medical bills, car repairs, and fees. my spouse has been supportive, filing a gc so i can have peace of mind and more job security, but i've regretted it ever since. to do everything ""the right way"", and still, i feel hopeless about the future. i don't think i have it in me to ""hustle"" to survive in this country.

my visa only lasts a year, so i couldn't go home as often as i would like, and i miss my family terribly. every time i video call them and notice how fast they're aging, i wish i had made a different choice. now, if i go home, i have to accept that the past 5 years are mostly wasted. but i can continue living my cushy life. if not, i have to wake up every day, depressed, scared, and tired of everything. 

wonder if anyone else feels this way? will it be worth it to get a green card in hand?



 ",True,False
1gkeext,immigration,please tell me anything you know about my situation,"hello, i apologize if this is in the wrong place. i truly do not know where else to go for this information. 

i am a US born citizen and my parents are not. they are divorced and my mother lives in syria. she was in the US but went back to syria around 12 years ago. 
my situation is that my mother has been waiting on me until my 21st birthday to apply for her to come to america. whether she means a visa, green card, or anything of that sort, because personally i have no clue about any of that, she wants me to do it now. my problem is that i dont want to do this for her, there are familial issues lets say. however it is not easy to simply reject her. i discovered that in the past she had a criminal record of theft i believe before leaving america. because of this my father said that even if i apply for her they wont approve because of the criminal record. i am at a cross road, i do not know if she will actually be able to get approved or she ends up wasting her money. i wish i had more information about her details or the record, but none of my family shares anything with me. do any of you know if her record could actually prevent her from being approved?

she also says that i have to apply for it and she will send the money. others have told me that for this process someone has to sign as her support and that they will provide for her or something like that. she stated she does have someone. is there anything i should be warned about in any of this process that she might trick into placing the responsibility on me?

ive seen some people say to get a immigration lawyer but i simply do not have the money or capability for that. i barely just turned 21, im a college student, and have had this weight on me since i was 9. and even if i had the money, i dont know the resources or where to even find someone to help. on top of that my family doesnt approve of this. my father remarried so if i were to get legal help my stepmother would find out and cause even more issues for me. so please just any information or personal experiences would be immensely helpful at this time",1730833353.0,2024-11-05T19:02:33,7,0,/r/immigration/comments/1gkeext/please_tell_me_anything_you_know_about_my/,https://www.reddit.com/r/immigration/comments/1gkeext/please_tell_me_anything_you_know_about_my/,"please tell me anything you know about my situation
hello, i apologize if this is in the wrong place. i truly do not know where else to go for this information. 

i am a us born citizen and my parents are not. they are divorced and my mother lives in syria. she was in the us but went back to syria around 12 years ago. 
my situation is that my mother has been waiting on me until my 21st birthday to apply for her to come to america. whether she means a visa, green card, or anything of that sort, because personally i have no clue about any of that, she wants me to do it now. my problem is that i dont want to do this for her, there are familial issues lets say. however it is not easy to simply reject her. i discovered that in the past she had a criminal record of theft i believe before leaving america. because of this my father said that even if i apply for her they wont approve because of the criminal record. i am at a cross road, i do not know if she will actually be able to get approved or she ends up wasting her money. i wish i had more information about her details or the record, but none of my family shares anything with me. do any of you know if her record could actually prevent her from being approved?

she also says that i have to apply for it and she will send the money. others have told me that for this process someone has to sign as her support and that they will provide for her or something like that. she stated she does have someone. is there anything i should be warned about in any of this process that she might trick into placing the responsibility on me?

ive seen some people say to get a immigration lawyer but i simply do not have the money or capability for that. i barely just turned 21, im a college student, and have had this weight on me since i was 9. and even if i had the money, i dont know the resources or where to even find someone to help. on top of that my family doesnt approve of this. my father remarried so if i were to get legal help my stepmother would find out and cause even more issues for me. so please just any information or personal experiences would be immensely helpful at this time",True,False
1cwa83q,immigration,Indian wanting to immigrate,"Hi all. I’m a 28yo with 6+ years of work experience. I’ve been in the ed-tech industry (overseeing product but in content, not tech) for 5 years and have recently transitioned to corporate learning &amp; l&amp;d. 
I have a bachelors and masters degree, and a post grad diploma. 
I am exploring options to immigrate for better status of living,(hopefully) more savings, etc. Which country can I consider? And how?

Full disclosure: I am fairly content with my life in India; I live a comfortable life; ofc I wish I had more money (who doesn’t?). I’m under immense pressure from my parents to go ‘abroad’ as they think I’m wasting my potential here. They want me to be able to support them better financially, live a better life, etc. I don’t want to move to a country and then find myself without a job. 

",1716192184.0,2024-05-20T08:03:04,2,0,/r/immigration/comments/1cwa83q/indian_wanting_to_immigrate/,https://www.reddit.com/r/immigration/comments/1cwa83q/indian_wanting_to_immigrate/,"indian wanting to immigrate
hi all. i’m a 28yo with 6+ years of work experience. i’ve been in the ed-tech industry (overseeing product but in content, not tech) for 5 years and have recently transitioned to corporate learning &amp; l&amp;d. 
i have a bachelors and masters degree, and a post grad diploma. 
i am exploring options to immigrate for better status of living,(hopefully) more savings, etc. which country can i consider? and how?

full disclosure: i am fairly content with my life in india; i live a comfortable life; ofc i wish i had more money (who doesn’t?). i’m under immense pressure from my parents to go ‘abroad’ as they think i’m wasting my potential here. they want me to be able to support them better financially, live a better life, etc. i don’t want to move to a country and then find myself without a job. 

",True,False
19by8n0,immigration,Renouncing US citizenship to regain Japanese citizenship,"Has anyone had an experience renouncing their US citizenship to obtain citizenship of another country but later getting US citizenship reinstated? I read on a legal webpage that if you desired to keep your status as a U.S. citizen, but were forced to swear a renunciatory declaration or oath to gain dual citizenship in a foreign country it’s possible to get the US citizenship reinstated. Trying to find a source to check if this is true.

Edit to add: I am born in Japan but naturalized many years ago to become a U.S. citizen. Now that I have young kids, I wish I had kept my Japan citizenship and remained on green card until I can get their Japanese citizenship. My only way of getting my kids Japanese citizenship is if I give up my US citizenship and get my Japanese citizenship back. But I would like my US citizenship reinstated in the long run since I intend to live in the US. ",1705823289.0,2024-01-21T07:48:09,12,0,/r/immigration/comments/19by8n0/renouncing_us_citizenship_to_regain_japanese/,https://www.reddit.com/r/immigration/comments/19by8n0/renouncing_us_citizenship_to_regain_japanese/,"renouncing us citizenship to regain japanese citizenship
has anyone had an experience renouncing their us citizenship to obtain citizenship of another country but later getting us citizenship reinstated? i read on a legal webpage that if you desired to keep your status as a u.s. citizen, but were forced to swear a renunciatory declaration or oath to gain dual citizenship in a foreign country it’s possible to get the us citizenship reinstated. trying to find a source to check if this is true.

edit to add: i am born in japan but naturalized many years ago to become a u.s. citizen. now that i have young kids, i wish i had kept my japan citizenship and remained on green card until i can get their japanese citizenship. my only way of getting my kids japanese citizenship is if i give up my us citizenship and get my japanese citizenship back. but i would like my us citizenship reinstated in the long run since i intend to live in the us. ",True,False
158wnlu,immigration,Traveling overseas on an expired green card.,"I made a reddit account specifically to get a satisfying answer. To try to explain in as much detail as possible, my temp green card expired in 2020 and I have only received a letter May 2022 stating that my petition to remove conditions was not satisfactory to the agency. So I resubmitted with more evidence including pictures, LLC documentation and other things that I hope to cover all my bases. 

Now, couple of weeks ago I got a letter stating that my case had been moved to another office's jurisdiction. I was hoping to finally get the 10 year soon as my father got sick and I would love to see him this summer. I wish I had seen him when I had the two year since I haven't been home in close to a decade. My husband and I were not making that much at the time so we thought we could postpone the visit. Now I feel as if I'm in limbo. 

So, to get back to the main point, I got advice from a lawyer who stated that there has been a policy change and I may travel overseas with the expired card and any correspondence from USCIS. I don't doubt his knowledge of this policy, but I want to make sure I'm not at the mercy of customs when I try to make my re-entry into the US.",1690256538.0,2023-07-25T03:42:18,22,1,/r/immigration/comments/158wnlu/traveling_overseas_on_an_expired_green_card/,https://www.reddit.com/r/immigration/comments/158wnlu/traveling_overseas_on_an_expired_green_card/,"traveling overseas on an expired green card.
i made a reddit account specifically to get a satisfying answer. to try to explain in as much detail as possible, my temp green card expired in 2020 and i have only received a letter may 2022 stating that my petition to remove conditions was not satisfactory to the agency. so i resubmitted with more evidence including pictures, llc documentation and other things that i hope to cover all my bases. 

now, couple of weeks ago i got a letter stating that my case had been moved to another office's jurisdiction. i was hoping to finally get the 10 year soon as my father got sick and i would love to see him this summer. i wish i had seen him when i had the two year since i haven't been home in close to a decade. my husband and i were not making that much at the time so we thought we could postpone the visit. now i feel as if i'm in limbo. 

so, to get back to the main point, i got advice from a lawyer who stated that there has been a policy change and i may travel overseas with the expired card and any correspondence from uscis. i don't doubt his knowledge of this policy, but i want to make sure i'm not at the mercy of customs when i try to make my re-entry into the us.",True,False
u81268,immigration,Should I get a divorce on E3 visa?,"I've been married for 7 years and we have one daughter who is nearly 3. I moved to the US last year on an E3 visa. My wife and daughter are both on E3-D. 

I feel extremely controlled in my marriage. She has my phone login details. We have only 1 car and whenever I go out (which is very rarely) I will have to constantly report what I am doing. She treats me like I am dumb and has even claimed I am autistic. The main interactions we have is her telling me what I am doing wrong or ordering me around. 

I married her before I was ready because she was an immigrant in Australia and she was losing her job and would have had to return back to her home country. She is now an Australian citizen through our marriage. 

My family believes she is controlling me but I am not really close with them so they don't really care too much.

I am the main bread winner of the family and she is currently working part time and studying to be a nurse. She has the freedom to travel wherever and whenever and I wish I had similar freedom. 

The area we live in is extremely expensive (bay area) so even if we do separate we may have to still live in the same house due to high rental costs.

When we have fought before she has threatened to leave the US with my daughter and go back to Australia and live in the house we bought there ( which is currently being rented out).  She says she is doing it to protect our daughter from me as my mood swings are affecting her negatively.

My greatest fear is that I divorce or legally separate and my wife and daughter have to leave the  US and I will never get to see my daughter again. I am interested in having 50/50 custody. I don't mind supporting her to finish her nursing degree and am interested in an amicable separation. 

I just don't think it's possible at the moment because of our visa status so I either have to wait an unknown period of time until we are American citizens or just leave and potentially lose access to my daughter as she may be overseas.",1650473828.0,2022-04-20T16:57:08,4,2,/r/immigration/comments/u81268/should_i_get_a_divorce_on_e3_visa/,https://www.reddit.com/r/immigration/comments/u81268/should_i_get_a_divorce_on_e3_visa/,"should i get a divorce on e3 visa?
i've been married for 7 years and we have one daughter who is nearly 3. i moved to the us last year on an e3 visa. my wife and daughter are both on e3-d. 

i feel extremely controlled in my marriage. she has my phone login details. we have only 1 car and whenever i go out (which is very rarely) i will have to constantly report what i am doing. she treats me like i am dumb and has even claimed i am autistic. the main interactions we have is her telling me what i am doing wrong or ordering me around. 

i married her before i was ready because she was an immigrant in australia and she was losing her job and would have had to return back to her home country. she is now an australian citizen through our marriage. 

my family believes she is controlling me but i am not really close with them so they don't really care too much.

i am the main bread winner of the family and she is currently working part time and studying to be a nurse. she has the freedom to travel wherever and whenever and i wish i had similar freedom. 

the area we live in is extremely expensive (bay area) so even if we do separate we may have to still live in the same house due to high rental costs.

when we have fought before she has threatened to leave the us with my daughter and go back to australia and live in the house we bought there ( which is currently being rented out).  she says she is doing it to protect our daughter from me as my mood swings are affecting her negatively.

my greatest fear is that i divorce or legally separate and my wife and daughter have to leave the  us and i will never get to see my daughter again. i am interested in having 50/50 custody. i don't mind supporting her to finish her nursing degree and am interested in an amicable separation. 

i just don't think it's possible at the moment because of our visa status so i either have to wait an unknown period of time until we are american citizens or just leave and potentially lose access to my daughter as she may be overseas.",True,False
nxd9qu,immigration,"ESTA visit during the pandemic, affecting future reentry.","I entered the USA from the UK on my ESTA visa using the spousal exemption from the President Proclamation due to COVID 19. Because of the expense of testing, and the length of quarantine either side of my trip from the UK, I stayed for the full 90 days, especially due to not knowing the next time I would see my Husband due to the restricted travel “to make the most of it”. I then returned home for 80 days and then returned again to the US under the same circumstances for 80 more days to cover my 30th Birthday, thanks giving and Christmas etc as it was our first since being married and normally we are working away on ships. 

I honestly, genuinely, did not know that I’d be causing issues for future travel by staying 90 days and then 80 quite close together, as I read the rules extensively and as you all know, they clearly say for multiple visits of up to 90 days, no set time needed in between as long as not intending to live there. 

I’m not in any way trying to move to America, once the pandemic is over we will live in the UK as I am extremely close with my family and my husband is a dual US/EU citizen. We never even applied for any US fiancé or spouse visa as it felt unnecessary (oh how I wish I had it now for this specific situation.) I currently live with my parents as they own a big house so I don’t have any rent to show as proof. I work as a seafarer and have a C1/D Visa, my Husband works there too, hence the amount of time I have off between contracts and the no need to own a home. We usually travel between contracts. I have over $100,000 in my UK bank account due to saving up for over 10 years when working away on the ship. I am currently working for the NHS whilst I wait for cruising to resume again and have been receiving payment continuously so could show that as a tie to home. I also booked the time off so could show the rota. I also have a stay in a hotel booked in the UK for August due to my best friends’s Wedding that I could show as another intent to leave. I also purchased health insurance to cover my trip which shows I intend to leave on the date I stated. 

I am desperate to go back to America to see my Husband again and his sick father, my husband does not feel comfortable leaving the country while his Dad is so sick and travel remains so fragile, so it falls on me to make the trip again. 

The dates so far fall over two different years - 90 days from July to sept in 2020, then nov - feb 9 2021. I would now have been out of the states for at least 143 days since I last left if I go back in July 2021. I want to go just for three weeks this time. But I absolutely do not want to put my ESTA at risk. I’m so, so confused as to whether I would be walking in to trouble. 

As far as all the official wording on the ESTA rules, I’m not doing anything wrong. But according to many Internet threads, I’m high risk of being denied entry. I honestly never knew that by staying 90 days last year and then the other long stay, it might mean I can’t go again. I checked before and it clearly states there is no limit. But being the anxious person that I am, I have now researched so much that I learned a lot that I wish I’d known sooner, but also discovered horror stories. Any advice would be hugely appreciated please.",1623409333.0,2021-06-11T11:02:13,10,2,/r/immigration/comments/nxd9qu/esta_visit_during_the_pandemic_affecting_future/,https://www.reddit.com/r/immigration/comments/nxd9qu/esta_visit_during_the_pandemic_affecting_future/,"esta visit during the pandemic, affecting future reentry.
i entered the usa from the uk on my esta visa using the spousal exemption from the president proclamation due to covid 19. because of the expense of testing, and the length of quarantine either side of my trip from the uk, i stayed for the full 90 days, especially due to not knowing the next time i would see my husband due to the restricted travel “to make the most of it”. i then returned home for 80 days and then returned again to the us under the same circumstances for 80 more days to cover my 30th birthday, thanks giving and christmas etc as it was our first since being married and normally we are working away on ships. 

i honestly, genuinely, did not know that i’d be causing issues for future travel by staying 90 days and then 80 quite close together, as i read the rules extensively and as you all know, they clearly say for multiple visits of up to 90 days, no set time needed in between as long as not intending to live there. 

i’m not in any way trying to move to america, once the pandemic is over we will live in the uk as i am extremely close with my family and my husband is a dual us/eu citizen. we never even applied for any us fiancé or spouse visa as it felt unnecessary (oh how i wish i had it now for this specific situation.) i currently live with my parents as they own a big house so i don’t have any rent to show as proof. i work as a seafarer and have a c1/d visa, my husband works there too, hence the amount of time i have off between contracts and the no need to own a home. we usually travel between contracts. i have over $100,000 in my uk bank account due to saving up for over 10 years when working away on the ship. i am currently working for the nhs whilst i wait for cruising to resume again and have been receiving payment continuously so could show that as a tie to home. i also booked the time off so could show the rota. i also have a stay in a hotel booked in the uk for august due to my best friends’s wedding that i could show as another intent to leave. i also purchased health insurance to cover my trip which shows i intend to leave on the date i stated. 

i am desperate to go back to america to see my husband again and his sick father, my husband does not feel comfortable leaving the country while his dad is so sick and travel remains so fragile, so it falls on me to make the trip again. 

the dates so far fall over two different years - 90 days from july to sept in 2020, then nov - feb 9 2021. i would now have been out of the states for at least 143 days since i last left if i go back in july 2021. i want to go just for three weeks this time. but i absolutely do not want to put my esta at risk. i’m so, so confused as to whether i would be walking in to trouble. 

as far as all the official wording on the esta rules, i’m not doing anything wrong. but according to many internet threads, i’m high risk of being denied entry. i honestly never knew that by staying 90 days last year and then the other long stay, it might mean i can’t go again. i checked before and it clearly states there is no limit. but being the anxious person that i am, i have now researched so much that i learned a lot that i wish i’d known sooner, but also discovered horror stories. any advice would be hugely appreciated please.",True,False
knxhe7,immigration,Boyfriend overstayed visa question...,"Sorry if this has been asked before...I searched and couldn’t find exactly the answer I’m after. 

My boyfriend was deported yesterday. He had a tourist visa and overstayed. 

He flew back to Mexico to visit family and was stopped when he returned on Tuesday. He’s been banned from returning to the US for five years. 

My question is how can I get him back? Can he apply for the waiver to return before the 5 years? If we married (already planning to do this at some point) would that make the process easier for him to return? 

I wish I had known more about his visa and the rules before this all started. I am the stupid American that never realized how complicated the visa process is or the rules to follow.  Thanks for your help.",1609446700.0,2020-12-31T20:31:40,15,1,/r/immigration/comments/knxhe7/boyfriend_overstayed_visa_question/,https://www.reddit.com/r/immigration/comments/knxhe7/boyfriend_overstayed_visa_question/,"boyfriend overstayed visa question...
sorry if this has been asked before...i searched and couldn’t find exactly the answer i’m after. 

my boyfriend was deported yesterday. he had a tourist visa and overstayed. 

he flew back to mexico to visit family and was stopped when he returned on tuesday. he’s been banned from returning to the us for five years. 

my question is how can i get him back? can he apply for the waiver to return before the 5 years? if we married (already planning to do this at some point) would that make the process easier for him to return? 

i wish i had known more about his visa and the rules before this all started. i am the stupid american that never realized how complicated the visa process is or the rules to follow.  thanks for your help.",True,False
7bst8m,immigration,Immigrant deciding between UK and Canada - Any relevant experience would be appreciated,"Hi everyone,

I'm in a very difficult situation. The situation itself isn't difficult, but it's very hard to decide and I can't stop thinking about it, I get very stressed about major decision, so I really hope people can help. I'm thinking specially of people who have relevant experience (immigrants who lived in UK and Canada).

Basically, I have been in the UK for 7 years now. I have 3 more years to get citizenship here. I also have been accepted into Canada and earned a PR (Express Entry) and I'm considering moving there.

Here is my situation:

Myself:

- 26 years old
- BSc and MSc Computer science. BSc mid-tier university, MSc top-tier university (Oxford).
- Have a Moslem name (I suspect it is affecting my chances). I intend to change my name later once I earn citizenship in either place.


UK:

- 7 years in the UK. Did both BSc and MSc (computer science) here and was fortunate enough to go to one of the top schools.
- My job pays good money (65k + varying bonus) but I hate the industry (finance, but the company is only made up of tech people and researchers) and we don't do anything exciting (old technologies). Basically, it's alright but it's not a proper tech company. In the US, people make more money working for pure tech companies.
- **3 more years to get citizenship** (2 to get permanent residence then 1 more for citizenship).
- Just to give an idea about finding jobs here: during my MSc, I applied to 7 different banks (at the time, I thought they were good... I was wrong), only 3 of them gave me a phone interview and only 1 gave me an interview (also offer). Bear in mind I was a top candidate on paper (programming since early age, one of the top schools in the country, 1 year internship before). When I started working at that bank, I realised that banks actually take pretty low-quality people and honestly I should have been accepted into all of the ones I applied to. I truly believe there is no way this experience would have happened to a native person with the same credentials.
- London just has a great economy... despite the difficulties with the visa and all that, it's still a very very strong city if you want to make money. This was one of the main reasons that was holding me here.

Canada:

- Already have PR which gives me peace of mind. I hate the fact that I'm bound to my company in the UK (and will be the case for the next 2 years). Moving jobs here is hard, it took me three months after accepting an offer to move from old company to this one (they do market test, then visa application then 1 month notice).

- **3 years to get citizenship** (I wish I had left earlier, it would have been only 1.5 years left now but I wasn't sure and the requirement was 4 years then was reduced recently under Trudeau)

- I want to move into Machine Learning and leave pure Software Dev behind and Canada seems to be actually doing pretty well in that field. My very good professor (Nando de Freitas) was from UBC, there is Geoffrey Hinton (back propagation guy), read more [here](https://www.rdmag.com/article/2017/07/why-canada-becoming-hub-ai-research) and [this government initiative](http://vectorinstitute.ai/).

- I think people are more welcoming to immigrants. I spent some time in Toronto/Vancouver and I ""felt"" that people are more open to talk and socialise. Girls in the UK (natives) pretty much completely shun me, whereas in Canada I went to one bar (very limited anecdotal experience) and didn't get that feeling of being an outsider, some girls looked at me and an older couple (man and woman) started talking to me and my friend to play darts etc. I just felt like I could be one of them rather than here I feel like I'll always live in my own little bubble. My only good friends here are not native. English people just seem so cold, they always keep you at arm's length, it's like a professional relationship, not friendship. Let's also see the contrast between Brexit (UK) and Trudeau (very liberal guy).

-------------------------

I know this is full of anecdotes and ""feelings"". I hope people can give me some insights and share relevant experiences.

I appreciate every single response I get


Cheers,  
ever_restless",1510228074.0,2017-11-09T11:47:54,41,14,/r/immigration/comments/7bst8m/immigrant_deciding_between_uk_and_canada_any/,https://www.reddit.com/r/immigration/comments/7bst8m/immigrant_deciding_between_uk_and_canada_any/,"immigrant deciding between uk and canada - any relevant experience would be appreciated
hi everyone,

i'm in a very difficult situation. the situation itself isn't difficult, but it's very hard to decide and i can't stop thinking about it, i get very stressed about major decision, so i really hope people can help. i'm thinking specially of people who have relevant experience (immigrants who lived in uk and canada).

basically, i have been in the uk for 7 years now. i have 3 more years to get citizenship here. i also have been accepted into canada and earned a pr (express entry) and i'm considering moving there.

here is my situation:

myself:

- 26 years old
- bsc and msc computer science. bsc mid-tier university, msc top-tier university (oxford).
- have a moslem name (i suspect it is affecting my chances). i intend to change my name later once i earn citizenship in either place.


uk:

- 7 years in the uk. did both bsc and msc (computer science) here and was fortunate enough to go to one of the top schools.
- my job pays good money (65k + varying bonus) but i hate the industry (finance, but the company is only made up of tech people and researchers) and we don't do anything exciting (old technologies). basically, it's alright but it's not a proper tech company. in the us, people make more money working for pure tech companies.
- **3 more years to get citizenship** (2 to get permanent residence then 1 more for citizenship).
- just to give an idea about finding jobs here: during my msc, i applied to 7 different banks (at the time, i thought they were good... i was wrong), only 3 of them gave me a phone interview and only 1 gave me an interview (also offer). bear in mind i was a top candidate on paper (programming since early age, one of the top schools in the country, 1 year internship before). when i started working at that bank, i realised that banks actually take pretty low-quality people and honestly i should have been accepted into all of the ones i applied to. i truly believe there is no way this experience would have happened to a native person with the same credentials.
- london just has a great economy... despite the difficulties with the visa and all that, it's still a very very strong city if you want to make money. this was one of the main reasons that was holding me here.

canada:

- already have pr which gives me peace of mind. i hate the fact that i'm bound to my company in the uk (and will be the case for the next 2 years). moving jobs here is hard, it took me three months after accepting an offer to move from old company to this one (they do market test, then visa application then 1 month notice).

- **3 years to get citizenship** (i wish i had left earlier, it would have been only 1.5 years left now but i wasn't sure and the requirement was 4 years then was reduced recently under trudeau)

- i want to move into machine learning and leave pure software dev behind and canada seems to be actually doing pretty well in that field. my very good professor (nando de freitas) was from ubc, there is geoffrey hinton (back propagation guy), read more [here](https://www.rdmag.com/article/2017/07/why-canada-becoming-hub-ai-research) and [this government initiative](http://vectorinstitute.ai/).

- i think people are more welcoming to immigrants. i spent some time in toronto/vancouver and i ""felt"" that people are more open to talk and socialise. girls in the uk (natives) pretty much completely shun me, whereas in canada i went to one bar (very limited anecdotal experience) and didn't get that feeling of being an outsider, some girls looked at me and an older couple (man and woman) started talking to me and my friend to play darts etc. i just felt like i could be one of them rather than here i feel like i'll always live in my own little bubble. my only good friends here are not native. english people just seem so cold, they always keep you at arm's length, it's like a professional relationship, not friendship. let's also see the contrast between brexit (uk) and trudeau (very liberal guy).

-------------------------

i know this is full of anecdotes and ""feelings"". i hope people can give me some insights and share relevant experiences.

i appreciate every single response i get


cheers,  
ever_restless",True,False
25o1ec,immigration,Illegal in the US for 13 years now...,"This is something I wrote about 3 years ago as a sophmore in college. I just ran across it again and I think it will do well to show how some of us feel. I will say that with the implemantation of DACA my situation has significantly improved in the past two years:

I am an illegal immigrant. I am nineteen years old and my parents brought me to this country ten years ago. I did not know that I was going to be illegal. I did not even know what it means to be illegal. My parents quickly told me about my situation, but being a little kid I didn't think about it. Back then it didn't matter. After all, no third graders drove or had jobs. Therefore, the problems of illegals were not my problems. I just always figured that something would change, that some form of immigration reform would pass. One can only ignore a problem for so long before it comes back to hurt them. Well here I am ten years later... 

I graduated high school with a 4.47 GPA, tenth in my class of 420 students. I attend a private suburban college from which I received a 16 thousand dollar scholarship. Currently my GPA is a 3.97 on a 4 point scale. Even with the scholarship my parents have to pay twenty one thousand dollars a year out of pocket- I do not qualify for any loans. Do you know how hard it is to come up with that sort of money? 

I do not have a Social Security card, nor have I ever had a job. I cannot drive and I never have driven. It is becoming more and more difficult to invent excuses to my friends as to why I cannot be their designated driver when they go out on the weekends (I never join them). How much longer can I live a lie? 

The funny part in all of this is that you could not tell me apart from any European American. You reading this are probably imagining a Hispanic kid with a heavy accent. Well, I'm not. I as white as white can be. I know more about American history and the American government then most Americans, and I would have no problem passing the citizenship exam. Seriously, the questions on it are absolute jokes. I speak English better then I speak Polish. I am unwanted here but this is my country. 

How can I go back to Europe now?  I won't be allowed back for ten years... How can I leave my family behind? I am very dependent on them; my mom would not survive me leaving her here. 

I cannot describe to you the pain I felt in December when the Republicans in the Senate filibustered the Dream Act which had already passed the House. As the votes were announced I sat there and cried. I cannot describe to you the pain I felt when my friends brought up the vote and started spouting out incredible misinformation and attacked people like me. I cannot describe to you the pain I feel every single day when I think about the fact that I have no way to support myself, the fact that I cannot drive, the fact that I owe everything to my parents and their tireless love. I cannot describe to you how lucky you are to have been born in this country. I cannot describe to you how you take what you have for granted.

I wish I had felt the anticipation most do when turning 16. I wish I could have felt it at 18. I didn't; it didn't matter. I am so used to this way of life, so used to living in the shadows that I can't even bring myself to dream what life would be like if I was legal. I cannot even imagine how happy I would be and what I would do first; how I would start to get involved in the community and get a job to help out my parents. I speak for thousands around this country. Thousands just like me, of different nationalities and different ethnicities, who have so much to offer, and yet no way to express themselves. 

Something must be done. The Congressmen and Congresswomen in Washington have been  deaf to our pleas. We have no rights in this country, they do not serve us. But you do. As an American it is your senators and representative's duty to listen to you. Please do not throw away the power your birth has given you. Do not take your position for granted. Please put aside personal biases and help us. We can truly make this country a better place. Contact your representatives and senators and plead for immigration reform. I do not deserve anything. But I am human. Right now, your dog has more rights in this nation then me...

",1400195413.0,2014-05-15T23:10:13,4,13,/r/immigration/comments/25o1ec/illegal_in_the_us_for_13_years_now/,https://www.reddit.com/r/immigration/comments/25o1ec/illegal_in_the_us_for_13_years_now/,"illegal in the us for 13 years now...
this is something i wrote about 3 years ago as a sophmore in college. i just ran across it again and i think it will do well to show how some of us feel. i will say that with the implemantation of daca my situation has significantly improved in the past two years:

i am an illegal immigrant. i am nineteen years old and my parents brought me to this country ten years ago. i did not know that i was going to be illegal. i did not even know what it means to be illegal. my parents quickly told me about my situation, but being a little kid i didn't think about it. back then it didn't matter. after all, no third graders drove or had jobs. therefore, the problems of illegals were not my problems. i just always figured that something would change, that some form of immigration reform would pass. one can only ignore a problem for so long before it comes back to hurt them. well here i am ten years later... 

i graduated high school with a 4.47 gpa, tenth in my class of 420 students. i attend a private suburban college from which i received a 16 thousand dollar scholarship. currently my gpa is a 3.97 on a 4 point scale. even with the scholarship my parents have to pay twenty one thousand dollars a year out of pocket- i do not qualify for any loans. do you know how hard it is to come up with that sort of money? 

i do not have a social security card, nor have i ever had a job. i cannot drive and i never have driven. it is becoming more and more difficult to invent excuses to my friends as to why i cannot be their designated driver when they go out on the weekends (i never join them). how much longer can i live a lie? 

the funny part in all of this is that you could not tell me apart from any european american. you reading this are probably imagining a hispanic kid with a heavy accent. well, i'm not. i as white as white can be. i know more about american history and the american government then most americans, and i would have no problem passing the citizenship exam. seriously, the questions on it are absolute jokes. i speak english better then i speak polish. i am unwanted here but this is my country. 

how can i go back to europe now?  i won't be allowed back for ten years... how can i leave my family behind? i am very dependent on them; my mom would not survive me leaving her here. 

i cannot describe to you the pain i felt in december when the republicans in the senate filibustered the dream act which had already passed the house. as the votes were announced i sat there and cried. i cannot describe to you the pain i felt when my friends brought up the vote and started spouting out incredible misinformation and attacked people like me. i cannot describe to you the pain i feel every single day when i think about the fact that i have no way to support myself, the fact that i cannot drive, the fact that i owe everything to my parents and their tireless love. i cannot describe to you how lucky you are to have been born in this country. i cannot describe to you how you take what you have for granted.

i wish i had felt the anticipation most do when turning 16. i wish i could have felt it at 18. i didn't; it didn't matter. i am so used to this way of life, so used to living in the shadows that i can't even bring myself to dream what life would be like if i was legal. i cannot even imagine how happy i would be and what i would do first; how i would start to get involved in the community and get a job to help out my parents. i speak for thousands around this country. thousands just like me, of different nationalities and different ethnicities, who have so much to offer, and yet no way to express themselves. 

something must be done. the congressmen and congresswomen in washington have been  deaf to our pleas. we have no rights in this country, they do not serve us. but you do. as an american it is your senators and representative's duty to listen to you. please do not throw away the power your birth has given you. do not take your position for granted. please put aside personal biases and help us. we can truly make this country a better place. contact your representatives and senators and plead for immigration reform. i do not deserve anything. but i am human. right now, your dog has more rights in this nation then me...

",True,False
1qc6rr7,immigration,I got laid off a year ago,"I’m an immigrant. I been out of a job for over a year. I been working under the table here and there to manage my daily life and to provide for my daughter back in my country. I met my husband 1 month prior to me getting laid off. I would go above and beyond for him, even after losing my job, I’d use  my credit cards just to get by and making sure he’s ok as well. Clothes, shoes, assistance with his credit card a few times so he could build his credit. When we met, I’d snuck him in my room whenever I could. I didn’t introduce to my siblings until a few weeks later. I finally introduced him, we became closer and always wanted to be around each other.Getting closer to him was when we became more and more transparent with each other about our situation. He would sleep at one of his mom’s house(in the backyard ,not in the house). I explained my expired visa situation to him. He offered to help and I said Yes.  I was really happy because I was really excited that I’d get to marry someone I love as well as obtaining my green card status. At the time I was still able to work registry as a caregiver because I still had my license. Before 6 months into the marriage everything was slowly going downhill. He couldn’t keep a job, he’d act weird at times (things that made me question his mental state, which I had asked him in the beginning,”how is your mental health?”, let’s just say he had given me the answer I’m looking for and not what I wanna hear. I did my own research and some of his behavior was related to bipolar,adult autism.I was still unsure. He’d be in his feelings for the simplest of reasons, he’d be petty, he’d tell me how much he loves and appreciates me but his actions were not the same. Not to brag but I’d do the things that is required of a wife or in a woman. I’d feel like his mom sometimes; constantly trying to keep him on track with his life. Before the 6th month of marriage, I told him we could file for annulment. He declined and wanted us to work things through because relationships are hard and we are newly married. He convinced me and I too wanted to work things through together because I know relationships are tough, especially marriages. I conditioned my mind that it wouldn’t be easy and that I shouldn’t look to run away from pressure. Jan 14th will be our 1 year anniversary and I can’t say I’m happy to celebrate it. I still love him. I still want the best for him. The question is.. do I continue to turn a blind eye and suffer for it. That’s what it feels like; like I’m suffering. I’m mentally and emotionally drained. My sister faked getting evicted so she could get rid of us which forced me to reach out to his mom and begged her to have us stay at one of her houses for 6 months and I’d manage the bills until I can get a job and get back on our feet. I did that for us. It was so much pressure to do it because he wouldn’t even try and talk to her. It’s like he knew that she would immediately shut it down because of how irresponsible he was in the past. I use to take care of his God’s mother’s mom and she’d pay me under the table; she transitioned November and now I have no form of income. He got back a job recently and so I’m hoping that he keeps it so these bills can be paid. For me, I feel like I’m stuck, not being able to provide for my daughter, not being able to pay my credit cards or contribute towards the bills. I’m basically dependent on him to eat food and nothing more. I wanna go home to my daughter. I wanna start over.  I messed up. Thank God I’m not homeless but I’m not far from it. His mom said it was temporary and this is our eighth month. I don’t know what’s worse…giving myself up to ICE or ride out the storm. ",1768346200.0,2026-01-13T23:16:40,5,0,/r/immigration/comments/1qc6rr7/i_got_laid_off_a_year_ago/,https://www.reddit.com/r/immigration/comments/1qc6rr7/i_got_laid_off_a_year_ago/,"i got laid off a year ago
i’m an immigrant. i been out of a job for over a year. i been working under the table here and there to manage my daily life and to provide for my daughter back in my country. i met my husband 1 month prior to me getting laid off. i would go above and beyond for him, even after losing my job, i’d use  my credit cards just to get by and making sure he’s ok as well. clothes, shoes, assistance with his credit card a few times so he could build his credit. when we met, i’d snuck him in my room whenever i could. i didn’t introduce to my siblings until a few weeks later. i finally introduced him, we became closer and always wanted to be around each other.getting closer to him was when we became more and more transparent with each other about our situation. he would sleep at one of his mom’s house(in the backyard ,not in the house). i explained my expired visa situation to him. he offered to help and i said yes.  i was really happy because i was really excited that i’d get to marry someone i love as well as obtaining my green card status. at the time i was still able to work registry as a caregiver because i still had my license. before 6 months into the marriage everything was slowly going downhill. he couldn’t keep a job, he’d act weird at times (things that made me question his mental state, which i had asked him in the beginning,”how is your mental health?”, let’s just say he had given me the answer i’m looking for and not what i wanna hear. i did my own research and some of his behavior was related to bipolar,adult autism.i was still unsure. he’d be in his feelings for the simplest of reasons, he’d be petty, he’d tell me how much he loves and appreciates me but his actions were not the same. not to brag but i’d do the things that is required of a wife or in a woman. i’d feel like his mom sometimes; constantly trying to keep him on track with his life. before the 6th month of marriage, i told him we could file for annulment. he declined and wanted us to work things through because relationships are hard and we are newly married. he convinced me and i too wanted to work things through together because i know relationships are tough, especially marriages. i conditioned my mind that it wouldn’t be easy and that i shouldn’t look to run away from pressure. jan 14th will be our 1 year anniversary and i can’t say i’m happy to celebrate it. i still love him. i still want the best for him. the question is.. do i continue to turn a blind eye and suffer for it. that’s what it feels like; like i’m suffering. i’m mentally and emotionally drained. my sister faked getting evicted so she could get rid of us which forced me to reach out to his mom and begged her to have us stay at one of her houses for 6 months and i’d manage the bills until i can get a job and get back on our feet. i did that for us. it was so much pressure to do it because he wouldn’t even try and talk to her. it’s like he knew that she would immediately shut it down because of how irresponsible he was in the past. i use to take care of his god’s mother’s mom and she’d pay me under the table; she transitioned november and now i have no form of income. he got back a job recently and so i’m hoping that he keeps it so these bills can be paid. for me, i feel like i’m stuck, not being able to provide for my daughter, not being able to pay my credit cards or contribute towards the bills. i’m basically dependent on him to eat food and nothing more. i wanna go home to my daughter. i wanna start over.  i messed up. thank god i’m not homeless but i’m not far from it. his mom said it was temporary and this is our eighth month. i don’t know what’s worse…giving myself up to ice or ride out the storm. ",True,False
1no9kc7,immigration,Did not include payment form on I-751,"Hi,
Could someone please help me… I messed up badly, last week I filed my I-751 and I realized now I did not include the form for payment. The GC expires next week. What should I do? Should I wait for the forms to be sent back? Or can I file all the documents again asap? I also have a trip scheduled (within the US) this week but I am worried to go in this situation… Also, can this affect my employment? 


",1758607086.0,2025-09-23T05:58:06,4,0,/r/immigration/comments/1no9kc7/did_not_include_payment_form_on_i751/,https://www.reddit.com/r/immigration/comments/1no9kc7/did_not_include_payment_form_on_i751/,"did not include payment form on i-751
hi,
could someone please help me… i messed up badly, last week i filed my i-751 and i realized now i did not include the form for payment. the gc expires next week. what should i do? should i wait for the forms to be sent back? or can i file all the documents again asap? i also have a trip scheduled (within the us) this week but i am worried to go in this situation… also, can this affect my employment? 


",True,False
1n4z5ln,immigration,"Conditional GC expiring soon on felony probation, should I file I-751 or stay quiet to finish probation?","
Hi all,
I’m 30. Came to the U.S. on F-1, later married a U.S. citizen and got a 2-year conditional green card. My GC expires in about one month.
Earlier this year I made a serious mistake at a music festival and was charged. I ultimately pled to felony acid possession (first offense). I was placed into a first-offender/deferred program and have been on probation for ~8 months with no ICE contact so far. If I complete everything, it should be dismissed at the state level, but I understand immigration is federal and may still treat this as a “conviction,” making it a deportable offense. I also know that if I don’t file the I-751 and let the card expire, I’ll become out of status and still removable.
My only goal now is simple: finish probation and leave on my own terms. I’m not trying to game anything just want to avoid detention. My spouse and I plan to move to Canada afterwards. I also have a signed U visa certification (Form I-918) from an assault in 2021, but I never filed because I had a GC; with recent policy changes, I’m unsure it offers any protection against ICE.
Questions where I’d appreciate real-world experience (not legal advice):
In practice, does filing I-751 now (with the arrest disclosed) make detention/ICE involvement more likely, or does it usually buy some time (receipt, extension, possible RFE/biometrics reuse) before any decision?
If I don’t file and just let the GC expire, does being out of status typically increase the risk of ICE contact compared to having an I-751 pending?
For someone in my shoes, is filing a U visa (I-918) now helpful at all in avoiding detention, or is it unlikely to matter for that?
Given I only need about 4 more months to finish probation and then depart voluntarily, which path have you seen least likely to result in detention during that window?
I know I messed up. I’ve lived here 5 years and should have understood immigration law better. I’m not asking for judgment, just trying to avoid making things worse and to leave responsibly once probation ends. Any first-hand timelines or outcomes would really help. Thank you.",1756657724.0,2025-08-31T16:28:44,20,5,/r/immigration/comments/1n4z5ln/conditional_gc_expiring_soon_on_felony_probation/,https://www.reddit.com/r/immigration/comments/1n4z5ln/conditional_gc_expiring_soon_on_felony_probation/,"conditional gc expiring soon on felony probation, should i file i-751 or stay quiet to finish probation?

hi all,
i’m 30. came to the u.s. on f-1, later married a u.s. citizen and got a 2-year conditional green card. my gc expires in about one month.
earlier this year i made a serious mistake at a music festival and was charged. i ultimately pled to felony acid possession (first offense). i was placed into a first-offender/deferred program and have been on probation for ~8 months with no ice contact so far. if i complete everything, it should be dismissed at the state level, but i understand immigration is federal and may still treat this as a “conviction,” making it a deportable offense. i also know that if i don’t file the i-751 and let the card expire, i’ll become out of status and still removable.
my only goal now is simple: finish probation and leave on my own terms. i’m not trying to game anything just want to avoid detention. my spouse and i plan to move to canada afterwards. i also have a signed u visa certification (form i-918) from an assault in 2021, but i never filed because i had a gc; with recent policy changes, i’m unsure it offers any protection against ice.
questions where i’d appreciate real-world experience (not legal advice):
in practice, does filing i-751 now (with the arrest disclosed) make detention/ice involvement more likely, or does it usually buy some time (receipt, extension, possible rfe/biometrics reuse) before any decision?
if i don’t file and just let the gc expire, does being out of status typically increase the risk of ice contact compared to having an i-751 pending?
for someone in my shoes, is filing a u visa (i-918) now helpful at all in avoiding detention, or is it unlikely to matter for that?
given i only need about 4 more months to finish probation and then depart voluntarily, which path have you seen least likely to result in detention during that window?
i know i messed up. i’ve lived here 5 years and should have understood immigration law better. i’m not asking for judgment, just trying to avoid making things worse and to leave responsibly once probation ends. any first-hand timelines or outcomes would really help. thank you.",True,False
1myyd6a,immigration,B1/B2 USA Visa from the UK with drug and drug driving charges.,"So this is my situation:

10 years ago I was arrested, charged and found guilty in court for possession of cannabis (under 1g) and driving under the influence of drugs and given a dr10 charge on my license. Not going into the reasons as it doesn't matter, it happened I messed up and here I am. 


Graduate from uni with both a undergraduate and master's degree, from a very prestigious university for it's chosen field.   It was a mistake due to things happening at the time. Anyways since then married, nice house, kids, good job. It was a blip in an otherwise from an outward prospective unlikely suspect to be part of that. 

Anyways we would like to go to the USA with the kids to visit the parks etc and tbh I'd love to go I've never been and have always wanted to. 

Obviously I have to apply for a visa, this will be denied and hoping the consulate will apply for a waiver for me. Totally understand that this is at the moment a 6-10 month process in itself.

My questions are:

Will it always be denied and a waiver be needed?

With the time lapse and the conditions of my life eg family house job etc be taken into account and how likely will I be granted a visa/waiver?

Will I be sent for a medical test? What testing do they do? Hair, blood, urine? What else will they be looking for? How soon will this be?

Will my phone and social media be checked? 

If I am denied how long will it be until I can apply again if ever?

Any advice would be appreciated. Tbh I know I've got a very slim.chance if none but just wanted to know everyone's thoughts/advice. 



",1756048805.0,2025-08-24T15:20:05,3,3,/r/immigration/comments/1myyd6a/b1b2_usa_visa_from_the_uk_with_drug_and_drug/,https://www.reddit.com/r/immigration/comments/1myyd6a/b1b2_usa_visa_from_the_uk_with_drug_and_drug/,"b1/b2 usa visa from the uk with drug and drug driving charges.
so this is my situation:

10 years ago i was arrested, charged and found guilty in court for possession of cannabis (under 1g) and driving under the influence of drugs and given a dr10 charge on my license. not going into the reasons as it doesn't matter, it happened i messed up and here i am. 


graduate from uni with both a undergraduate and master's degree, from a very prestigious university for it's chosen field.   it was a mistake due to things happening at the time. anyways since then married, nice house, kids, good job. it was a blip in an otherwise from an outward prospective unlikely suspect to be part of that. 

anyways we would like to go to the usa with the kids to visit the parks etc and tbh i'd love to go i've never been and have always wanted to. 

obviously i have to apply for a visa, this will be denied and hoping the consulate will apply for a waiver for me. totally understand that this is at the moment a 6-10 month process in itself.

my questions are:

will it always be denied and a waiver be needed?

with the time lapse and the conditions of my life eg family house job etc be taken into account and how likely will i be granted a visa/waiver?

will i be sent for a medical test? what testing do they do? hair, blood, urine? what else will they be looking for? how soon will this be?

will my phone and social media be checked? 

if i am denied how long will it be until i can apply again if ever?

any advice would be appreciated. tbh i know i've got a very slim.chance if none but just wanted to know everyone's thoughts/advice. 



",True,False
1mcuua1,immigration,Overstayed My Temporary Residency in Mexico – Pay the Fine or Regularize for 4-Year Permit? Need Advice!,"Hey everyone, I messed up by not being proactive with my temporary residency in Mexico, and now I’m in a bit of a bind. My 4-year temporary residency expired 30 days ago (thaught it was due for November), and I need to leave the country by mid-September, latest mid-October 2025. I don’t plan to return anytime soon. I’m trying to figure out the best move here and could use some insights, especially from anyone who’s been in a similar spot.

Here’s the deal: I can either try to regularize my status to get a new 1-year temporary residency permit—around 17,000 MXN in fines and fees, with no guarantee it’ll even go through. Plus, it’d only give me another year of residency, which I don’t really need since I’m leaving soon. 
The other option is to just show up at the airport 4 hours early, pay the overstay fine (I’ve heard it’s anywhere from 2,000 to 12,000 MXN, likely closer to 6,000 for my case), and bounce. I’ll have overstayed by about 85 days, well under the 180-day mark where things get dicier.
One thing I don’t get: I’m a super low-key person. I work remotely, study, hit the gym, grab groceries, and that’s it. I’m not out clubbing or roaming at night—literally always home. How did I let this slip? Anyway, has anyone dealt with this recently, especially at Cancun airport or similar? Is the fine-and-go route as straightforward as it seems, or am I missing some risks? Should I even bother with regularization if I’m leaving for good? Appreciate any advice or experiences you can share!

Thanks in advance ! ",1753842469.0,2025-07-30T02:27:49,2,0,/r/immigration/comments/1mcuua1/overstayed_my_temporary_residency_in_mexico_pay/,https://www.reddit.com/r/immigration/comments/1mcuua1/overstayed_my_temporary_residency_in_mexico_pay/,"overstayed my temporary residency in mexico – pay the fine or regularize for 4-year permit? need advice!
hey everyone, i messed up by not being proactive with my temporary residency in mexico, and now i’m in a bit of a bind. my 4-year temporary residency expired 30 days ago (thaught it was due for november), and i need to leave the country by mid-september, latest mid-october 2025. i don’t plan to return anytime soon. i’m trying to figure out the best move here and could use some insights, especially from anyone who’s been in a similar spot.

here’s the deal: i can either try to regularize my status to get a new 1-year temporary residency permit—around 17,000 mxn in fines and fees, with no guarantee it’ll even go through. plus, it’d only give me another year of residency, which i don’t really need since i’m leaving soon. 
the other option is to just show up at the airport 4 hours early, pay the overstay fine (i’ve heard it’s anywhere from 2,000 to 12,000 mxn, likely closer to 6,000 for my case), and bounce. i’ll have overstayed by about 85 days, well under the 180-day mark where things get dicier.
one thing i don’t get: i’m a super low-key person. i work remotely, study, hit the gym, grab groceries, and that’s it. i’m not out clubbing or roaming at night—literally always home. how did i let this slip? anyway, has anyone dealt with this recently, especially at cancun airport or similar? is the fine-and-go route as straightforward as it seems, or am i missing some risks? should i even bother with regularization if i’m leaving for good? appreciate any advice or experiences you can share!

thanks in advance ! ",True,False
1l3ia0s,immigration,F1 International Student,"I Recently got a speeding ticket in State of NY. Was doing 77 on 65. Now i am worried because of all things happening lately. I am planning to plea not guilty and knock my charge down but should i be worried about my status termination??? 

I have clean records in my 8 years at US ON F1 . This speeding ticket is only one time I messed up. 

Please suggest. ",1749074073.0,2025-06-04T21:54:33,2,2,/r/immigration/comments/1l3ia0s/f1_international_student/,https://www.reddit.com/r/immigration/comments/1l3ia0s/f1_international_student/,"f1 international student
i recently got a speeding ticket in state of ny. was doing 77 on 65. now i am worried because of all things happening lately. i am planning to plea not guilty and knock my charge down but should i be worried about my status termination??? 

i have clean records in my 8 years at us on f1 . this speeding ticket is only one time i messed up. 

please suggest. ",True,False
1jpkzg3,immigration,What happens if you overstay of 2 days your ESTA visa in the US?,"I messed up and booked my flight tickets without checking properly. I thought it was 3 months, so 90 days, but turns out it's 92 days between my 2 flights. I can't cancel my tickets now because it's too late, I could change my return flight but it's going to be pretty expensive. 

Is 2 days overstay a big deal for an ESTA when you go to the US? What should I do?

Should I go to Canada for a few days to ""reboot"" my ESTA? 

What's your experience in this situation?",1743588338.0,2025-04-02T10:05:38,25,0,/r/immigration/comments/1jpkzg3/what_happens_if_you_overstay_of_2_days_your_esta/,https://www.reddit.com/r/immigration/comments/1jpkzg3/what_happens_if_you_overstay_of_2_days_your_esta/,"what happens if you overstay of 2 days your esta visa in the us?
i messed up and booked my flight tickets without checking properly. i thought it was 3 months, so 90 days, but turns out it's 92 days between my 2 flights. i can't cancel my tickets now because it's too late, i could change my return flight but it's going to be pretty expensive. 

is 2 days overstay a big deal for an esta when you go to the us? what should i do?

should i go to canada for a few days to ""reboot"" my esta? 

what's your experience in this situation?",True,False
1jmts52,immigration,Help me please 🙏,"Hi everyone, I’m desperate for guidance. Australia was my home for 6 years, but I messed up and lost it all. Here’s my story:  

*2019 Started a Bachelor’s in Australia but dropped out after a year due to family stress and mental health issues. 
*2020-2021 Switched to an Automotive Diploma (advised by agents for PR), but left when I refused to copy assignments like peers. Tried other colleges same issues.  
*2022-2023 Overstayed my visa by a year after failing to re-enroll. Eventually deported.  
Now Restarting my Bachelor’s in [home country], but my heart aches for Australia. It’s where I grew up, found myself, and still call “home.”  

My questions  
1. Is there any legal way to return after deportation?  
2. Would finishing my degree here help my chances?  
3. How do I address past visa issues/mental health in future applications?  

I own my mistakes. I’m not looking for shortcuts just a way to prove I’ve changed. Any advice or shared experiences would mean the world.",1743275557.0,2025-03-29T19:12:37,0,0,/r/immigration/comments/1jmts52/help_me_please/,https://www.reddit.com/r/immigration/comments/1jmts52/help_me_please/,"help me please 🙏
hi everyone, i’m desperate for guidance. australia was my home for 6 years, but i messed up and lost it all. here’s my story:  

*2019 started a bachelor’s in australia but dropped out after a year due to family stress and mental health issues. 
*2020-2021 switched to an automotive diploma (advised by agents for pr), but left when i refused to copy assignments like peers. tried other colleges same issues.  
*2022-2023 overstayed my visa by a year after failing to re-enroll. eventually deported.  
now restarting my bachelor’s in [home country], but my heart aches for australia. it’s where i grew up, found myself, and still call “home.”  

my questions  
1. is there any legal way to return after deportation?  
2. would finishing my degree here help my chances?  
3. how do i address past visa issues/mental health in future applications?  

i own my mistakes. i’m not looking for shortcuts just a way to prove i’ve changed. any advice or shared experiences would mean the world.",True,False
1jisksx,immigration,ESTA denied and no appointments for b2 visa UK,"Update: I applied to expedite my visa and it was approved - I got an interview a few days later. 

I am due to fly to the US on 11th April. I messed up and had no idea my ESTA would be denied due to a vacation in Cuba in 2023. 

The soonest appointment for an interview in London is in July.

Does anyone have any advice on where I can go from here? 

I have no cuba stamp on my passport so would it even be possible for them to know I went to cuba? Could I re-apply with ESTA and just say I didn’t go to cuba? 

I have also been debating whether to try and get an appointment at a US embassy in somewhere else in Europe. 

I noticed there is an option to expedite the application but I don’t have an emergency and I’m don’t know if they will even have appointments soon? I would literally need to get one by next week 😭 

Please any advice?

",1742828113.0,2025-03-24T14:55:13,2,1,/r/immigration/comments/1jisksx/esta_denied_and_no_appointments_for_b2_visa_uk/,https://www.reddit.com/r/immigration/comments/1jisksx/esta_denied_and_no_appointments_for_b2_visa_uk/,"esta denied and no appointments for b2 visa uk
update: i applied to expedite my visa and it was approved - i got an interview a few days later. 

i am due to fly to the us on 11th april. i messed up and had no idea my esta would be denied due to a vacation in cuba in 2023. 

the soonest appointment for an interview in london is in july.

does anyone have any advice on where i can go from here? 

i have no cuba stamp on my passport so would it even be possible for them to know i went to cuba? could i re-apply with esta and just say i didn’t go to cuba? 

i have also been debating whether to try and get an appointment at a us embassy in somewhere else in europe. 

i noticed there is an option to expedite the application but i don’t have an emergency and i’m don’t know if they will even have appointments soon? i would literally need to get one by next week 😭 

please any advice?

",True,False
1j82jba,immigration,"Current visa likely to expire when waiting for AOS, any suggestions?","Hi, I hope everyone is doing great. I'm currently an international student on F1 OPT. My boyfriend (USC) and I plan to get married next month, and we are learning about how to file an immigration case at the moment. I noticed that if your I-485 gets denied and you don't have any other legal status when USCIS makes the decision, you'll receive a removal letter, which made me worried. 

I believe my case should be straightforward, but I couldn't stop myself from worrying if I messed up with sth without realizing, or the political environment changes would affect my case. Unless I can find an employer who is willing to support my STEM OPT extension, my status will definitely expire before my I-485 outcome. 

**My mind is pretty messy and I don't know what the best move is:**

**1. Apply to jobs as usual and keep trying to find an employer for my STEM-OPT?** \-- My current start-up is reorganizing and they might cut me out. I have been applying to jobs for months, and once the HRs heard that I'm on OPT, the conversations ended with ""thank you but no thanks"", even though I said I would not ask for their sponsorship.

**2. Go back to school for the sake of keeping status** \-- My partner believes it's too big of an investment for a small risk, and he's worried that I'll regret it.

**3. Hire a lawyer and focus on the application only** \-- I'm also thinking about just removing all the noises and getting the thing down with professional's help, even though my partner thinks my case should be easy enough for us to handle ourselves.

Anyone who went through the process can share any thoughts? I know I tend to over-react, (well, I do have anxiety disorder) but I can't imagine how devastated a denial can be to our life. Thank you so much.",1741623689.0,2025-03-10T16:21:29,6,2,/r/immigration/comments/1j82jba/current_visa_likely_to_expire_when_waiting_for/,https://www.reddit.com/r/immigration/comments/1j82jba/current_visa_likely_to_expire_when_waiting_for/,"current visa likely to expire when waiting for aos, any suggestions?
hi, i hope everyone is doing great. i'm currently an international student on f1 opt. my boyfriend (usc) and i plan to get married next month, and we are learning about how to file an immigration case at the moment. i noticed that if your i-485 gets denied and you don't have any other legal status when uscis makes the decision, you'll receive a removal letter, which made me worried. 

i believe my case should be straightforward, but i couldn't stop myself from worrying if i messed up with sth without realizing, or the political environment changes would affect my case. unless i can find an employer who is willing to support my stem opt extension, my status will definitely expire before my i-485 outcome. 

**my mind is pretty messy and i don't know what the best move is:**

**1. apply to jobs as usual and keep trying to find an employer for my stem-opt?** \-- my current start-up is reorganizing and they might cut me out. i have been applying to jobs for months, and once the hrs heard that i'm on opt, the conversations ended with ""thank you but no thanks"", even though i said i would not ask for their sponsorship.

**2. go back to school for the sake of keeping status** \-- my partner believes it's too big of an investment for a small risk, and he's worried that i'll regret it.

**3. hire a lawyer and focus on the application only** \-- i'm also thinking about just removing all the noises and getting the thing down with professional's help, even though my partner thinks my case should be easy enough for us to handle ourselves.

anyone who went through the process can share any thoughts? i know i tend to over-react, (well, i do have anxiety disorder) but i can't imagine how devastated a denial can be to our life. thank you so much.",True,False
1j6f0sr,immigration,US B1/B2 Visa Rejection(India) - Feedback for next time,"Hello Everyone,

I had my OFC appointment on 2nd March in Kolkata - That went out smoothly without any issues.

On 4th March, i had my visa interview in Delhi, in which unfortunately i was rejected and was handed a single page mentioning that i haven't demonstrated strong ties to India. My travel to the US is genuine and is for a duration of 4 weeks - in the month of May. Will mention the conversation of the interview(retracted info.) so as to do it right next time.

Me - Good Morning Ma'am.

Officer - Good Morning! Hand over the passport pls.

O - So what is the purpose of your trip to US?

M - It is of dual nature, O - 'Dual' what?(i think some pronunciation issue from my side)

M - Dual for business and tourism. I aim to meet my company colleagues who work for the US entity while i work for the Indian entity as we plan to launch the product in the Indian market for which i am hired for. Also, i be meeting my friend in Boston and a distant relative in SF.

O - What is the size of the company? M - 10 ppl, all located in US.

O - What is your job title? M - It's 'Market access &amp;.. ', O - 'Market access'? M - Ya, Market access( Would have been better that i should have said 'Sales' rather than using Industry lingo)

O - What kind of education is required for that?

M - I did my engineering from IIT xxx.

O - Is it business meetings or internal meetings? M - Could be said internal meetings.

O - Since How long have you been working with them, pay and before work exp?

M - Aug of last year, xxLPA, AI - Rad, have been working for 6 years though.

O - Who is paying for your trips and where you be staying?

M - Flights by the Indian entity, staying at the founder's home for the start(we recently closed seed fund - need to use every penny wisely) while hotels during my meet with friends.

O - Have you ever travelled international before?

M - Unfortunately no, my previous plans couldn't work out.

O - Unfortunately, you couldn't qualify for the visa today. This document(no strong ties) will give you more info.

Thank you for going through the above conversation, can someone help me out where did i messed up. and should i be waiting for reapplication?",1741432453.0,2025-03-08T11:14:13,10,0,/r/immigration/comments/1j6f0sr/us_b1b2_visa_rejectionindia_feedback_for_next_time/,https://www.reddit.com/r/immigration/comments/1j6f0sr/us_b1b2_visa_rejectionindia_feedback_for_next_time/,"us b1/b2 visa rejection(india) - feedback for next time
hello everyone,

i had my ofc appointment on 2nd march in kolkata - that went out smoothly without any issues.

on 4th march, i had my visa interview in delhi, in which unfortunately i was rejected and was handed a single page mentioning that i haven't demonstrated strong ties to india. my travel to the us is genuine and is for a duration of 4 weeks - in the month of may. will mention the conversation of the interview(retracted info.) so as to do it right next time.

me - good morning ma'am.

officer - good morning! hand over the passport pls.

o - so what is the purpose of your trip to us?

m - it is of dual nature, o - 'dual' what?(i think some pronunciation issue from my side)

m - dual for business and tourism. i aim to meet my company colleagues who work for the us entity while i work for the indian entity as we plan to launch the product in the indian market for which i am hired for. also, i be meeting my friend in boston and a distant relative in sf.

o - what is the size of the company? m - 10 ppl, all located in us.

o - what is your job title? m - it's 'market access &amp;.. ', o - 'market access'? m - ya, market access( would have been better that i should have said 'sales' rather than using industry lingo)

o - what kind of education is required for that?

m - i did my engineering from iit xxx.

o - is it business meetings or internal meetings? m - could be said internal meetings.

o - since how long have you been working with them, pay and before work exp?

m - aug of last year, xxlpa, ai - rad, have been working for 6 years though.

o - who is paying for your trips and where you be staying?

m - flights by the indian entity, staying at the founder's home for the start(we recently closed seed fund - need to use every penny wisely) while hotels during my meet with friends.

o - have you ever travelled international before?

m - unfortunately no, my previous plans couldn't work out.

o - unfortunately, you couldn't qualify for the visa today. this document(no strong ties) will give you more info.

thank you for going through the above conversation, can someone help me out where did i messed up. and should i be waiting for reapplication?",True,False
1j59zja,immigration,Messed up with green card interview. Please advise me,"Me and my husband just finished a green card interview today. I messed up with question (my husband birth year, i only answered the correct region where he was born, not the exactly city)--i was mostly nervous and got tired from waiting in the room). However the interviewee asked for more new information and he kept them at the end. He didn't say we were approved or not and tell us to wait for a letter. Does anyone have more information about this? I am really scared now",1741305320.0,2025-03-06T23:55:20,9,5,/r/immigration/comments/1j59zja/messed_up_with_green_card_interview_please_advise/,https://www.reddit.com/r/immigration/comments/1j59zja/messed_up_with_green_card_interview_please_advise/,"messed up with green card interview. please advise me
me and my husband just finished a green card interview today. i messed up with question (my husband birth year, i only answered the correct region where he was born, not the exactly city)--i was mostly nervous and got tired from waiting in the room). however the interviewee asked for more new information and he kept them at the end. he didn't say we were approved or not and tell us to wait for a letter. does anyone have more information about this? i am really scared now",True,False
1gqe07q,immigration,Did  i messed up? I just missed My Interview call from immigration  im regretting it ? Are they gonna call me back or not,I got the call in the morning and i told them im busy with my class they asked me whats the right time to call and i answered it after tht they didnt called me. -student visa,1731507845.0,2024-11-13T14:24:05,31,3,/r/immigration/comments/1gqe07q/did_i_messed_up_i_just_missed_my_interview_call/,https://www.reddit.com/r/immigration/comments/1gqe07q/did_i_messed_up_i_just_missed_my_interview_call/,"did  i messed up? i just missed my interview call from immigration  im regretting it ? are they gonna call me back or not
i got the call in the morning and i told them im busy with my class they asked me whats the right time to call and i answered it after tht they didnt called me. -student visa",True,False
1gkd7ww,immigration,I applied for dv lottery and i think i messed up for photo requirements,"I checked the image i uploaded for the application on an ai called ""AiPassportPhoto"" and it shows that the head height for my photo wasn't correct soo idk will i be declined or not if you guys give some insights for me i will be appreciated.",1730830403.0,2024-11-05T18:13:23,1,0,/r/immigration/comments/1gkd7ww/i_applied_for_dv_lottery_and_i_think_i_messed_up/,https://www.reddit.com/r/immigration/comments/1gkd7ww/i_applied_for_dv_lottery_and_i_think_i_messed_up/,"i applied for dv lottery and i think i messed up for photo requirements
i checked the image i uploaded for the application on an ai called ""aipassportphoto"" and it shows that the head height for my photo wasn't correct soo idk will i be declined or not if you guys give some insights for me i will be appreciated.",True,False
1dftm70,immigration,I made a big mistake and can someone tell if i messed up?,"I am planning to move to either usa or canada from india for my masters degree in CS but i fail in one subject in university in india and now i have a backlog which i will be able to clear next sem. Can someone tell me if it will be a issue while getting visa or getting admission in university?  
Thanks for answer",1718379040.0,2024-06-14T15:30:40,0,0,/r/immigration/comments/1dftm70/i_made_a_big_mistake_and_can_someone_tell_if_i/,https://www.reddit.com/r/immigration/comments/1dftm70/i_made_a_big_mistake_and_can_someone_tell_if_i/,"i made a big mistake and can someone tell if i messed up?
i am planning to move to either usa or canada from india for my masters degree in cs but i fail in one subject in university in india and now i have a backlog which i will be able to clear next sem. can someone tell me if it will be a issue while getting visa or getting admission in university?  
thanks for answer",True,False
1d9ziij,immigration,can i leave the same day my u.s. visa expires?,"i messed up and accidentally booked my return flight the same day my visa expires. for example, my tourist visa expires july 17 and my flight back to mexico is booked for july 17 at 6am. so i’m leaving the country the same day it expires

am i gonna have any issues? i tried to change it but i can’t, i would have to cancel it and buy a new one and i honestly don’t think i can do that

edit: i love all of you, y’all are so helpful 🛐",1717725840.0,2024-06-07T02:04:00,32,1,/r/immigration/comments/1d9ziij/can_i_leave_the_same_day_my_us_visa_expires/,https://www.reddit.com/r/immigration/comments/1d9ziij/can_i_leave_the_same_day_my_us_visa_expires/,"can i leave the same day my u.s. visa expires?
i messed up and accidentally booked my return flight the same day my visa expires. for example, my tourist visa expires july 17 and my flight back to mexico is booked for july 17 at 6am. so i’m leaving the country the same day it expires

am i gonna have any issues? i tried to change it but i can’t, i would have to cancel it and buy a new one and i honestly don’t think i can do that

edit: i love all of you, y’all are so helpful 🛐",True,False
1d847nk,immigration,Our flight is booked for tomorrow and we didn't realize we need a US passport,"So I messed up. I didn't realize that our flight is tomorrow and I needed a US passport for our son. We're using ESTA for him. We thought we could just apply for a passport in the US and it doesn't matter. 

Cancelling the flight is NOT an option.

What are other options?",1717525454.0,2024-06-04T18:24:14,22,0,/r/immigration/comments/1d847nk/our_flight_is_booked_for_tomorrow_and_we_didnt/,https://www.reddit.com/r/immigration/comments/1d847nk/our_flight_is_booked_for_tomorrow_and_we_didnt/,"our flight is booked for tomorrow and we didn't realize we need a us passport
so i messed up. i didn't realize that our flight is tomorrow and i needed a us passport for our son. we're using esta for him. we thought we could just apply for a passport in the us and it doesn't matter. 

cancelling the flight is not an option.

what are other options?",True,False
1cesm82,immigration,Assault charge in the UK - have I messed up my chance?,"My wife is halfway through her UK citizenship journey. We have spoke about moving to America in the next 5-6 years.

Recently, I was arrested for ABH in the UK. I have not been charged or attended court. I am confident they'll be dropped, as what the ""victim"" said happened quite simply didn't happen. If police obtain CCTV, I know I'll be alright. And if they don't obtain CCTV, then I don't see how I can be charged based on somebody's word.

I guess now, though, I have to declare I have been arrested. Is this the case? I only have an ESTA at the moment, I would just like to know my options. My wife and daughter both have US passports, so the only person with an issue would be me! Once I am cleared of this arrest with No Further Action, do I need to declare it to somebody and lose my ESTA because of it? I have genuinely done nothing wrong, just been arrested pending an investigation.

Thanks all,",1714261850.0,2024-04-27T23:50:50,15,0,/r/immigration/comments/1cesm82/assault_charge_in_the_uk_have_i_messed_up_my/,https://www.reddit.com/r/immigration/comments/1cesm82/assault_charge_in_the_uk_have_i_messed_up_my/,"assault charge in the uk - have i messed up my chance?
my wife is halfway through her uk citizenship journey. we have spoke about moving to america in the next 5-6 years.

recently, i was arrested for abh in the uk. i have not been charged or attended court. i am confident they'll be dropped, as what the ""victim"" said happened quite simply didn't happen. if police obtain cctv, i know i'll be alright. and if they don't obtain cctv, then i don't see how i can be charged based on somebody's word.

i guess now, though, i have to declare i have been arrested. is this the case? i only have an esta at the moment, i would just like to know my options. my wife and daughter both have us passports, so the only person with an issue would be me! once i am cleared of this arrest with no further action, do i need to declare it to somebody and lose my esta because of it? i have genuinely done nothing wrong, just been arrested pending an investigation.

thanks all,",True,False
198h8vg,immigration,Changing name on green card before receiving it,"Long story short I messed up and put my non-married name as my last name on all my green card forms as that's what matches my passport etc.. Due to some circumstances this last name was still correct in my home country while in the US my married name would be the correct last name.

I just recently (few days ago) arrived in the US so I haven't received my green card yet. Is there any way to contact USCIS for a name change without filing an I-90 and paying 500$ or not?

Thanks!",1705447237.0,2024-01-16T23:20:37,3,2,/r/immigration/comments/198h8vg/changing_name_on_green_card_before_receiving_it/,https://www.reddit.com/r/immigration/comments/198h8vg/changing_name_on_green_card_before_receiving_it/,"changing name on green card before receiving it
long story short i messed up and put my non-married name as my last name on all my green card forms as that's what matches my passport etc.. due to some circumstances this last name was still correct in my home country while in the us my married name would be the correct last name.

i just recently (few days ago) arrived in the us so i haven't received my green card yet. is there any way to contact uscis for a name change without filing an i-90 and paying 500$ or not?

thanks!",True,False
18c2psn,immigration,Help for my second time reapply for f1 visa,"I applied for my first visa in China in December 4th, two days ago and got rejected for 214b. I was asked three questions which were: when I graduated, my desired degree and what I want to study. I failed on saying the degree I wanted to graduate on and to say the date of my graduation (I even had a diploma but I messed up). I am re applying in December 26th because I need the visa asap for my college in America. I heard that a re applying visa is very easy to get rejected, what should I do?? I’m really nervous and I feel like I messed up my entire future plan. I was thinking about maybe once arriving at the interviewer, to explain my mistake in the previous visa and show him my school diploma and my GED diploma. I would also like to tell him about my real state here in China so I can prove that I want to go back. I feel like I messed up real bad.",1701864963.0,2023-12-06T12:16:03,4,2,/r/immigration/comments/18c2psn/help_for_my_second_time_reapply_for_f1_visa/,https://www.reddit.com/r/immigration/comments/18c2psn/help_for_my_second_time_reapply_for_f1_visa/,"help for my second time reapply for f1 visa
i applied for my first visa in china in december 4th, two days ago and got rejected for 214b. i was asked three questions which were: when i graduated, my desired degree and what i want to study. i failed on saying the degree i wanted to graduate on and to say the date of my graduation (i even had a diploma but i messed up). i am re applying in december 26th because i need the visa asap for my college in america. i heard that a re applying visa is very easy to get rejected, what should i do?? i’m really nervous and i feel like i messed up my entire future plan. i was thinking about maybe once arriving at the interviewer, to explain my mistake in the previous visa and show him my school diploma and my ged diploma. i would also like to tell him about my real state here in china so i can prove that i want to go back. i feel like i messed up real bad.",True,False
17pq8gx,immigration,"DV Lottery Photo Mistake, have I messed up my chance?","For DV lottery. I filled the form everything was ok. But today, I was researching and saw there was an online tool where you could upload your photo.

It has said that that my image is overly compressed, beyond 20:1.

Do you think I’ve automatically failed my application?",1699348003.0,2023-11-07T09:06:43,2,3,/r/immigration/comments/17pq8gx/dv_lottery_photo_mistake_have_i_messed_up_my/,https://www.reddit.com/r/immigration/comments/17pq8gx/dv_lottery_photo_mistake_have_i_messed_up_my/,"dv lottery photo mistake, have i messed up my chance?
for dv lottery. i filled the form everything was ok. but today, i was researching and saw there was an online tool where you could upload your photo.

it has said that that my image is overly compressed, beyond 20:1.

do you think i’ve automatically failed my application?",True,False
15zk0rg,immigration,Spouse status change from B1 to F2,"I messed up. I knew I should have done this sooner, but I am still holding onto the last bit of hope, and consult the wisdom of /r/immigration.

Spouse entered US on B1, while I am on F1. She stayed for 5 month now, I-94 expiration date is 9.9.2023. I looked at B1 extension today, case time could be 3-6 month, and I don't see the option for premium processing. Then I looked into switch her from B1 to F2, premium processing is available. However, even if I apply today, her B1 allowed stay period will likely to expire before we have the F2 case approved.

What are my options?

1. If I submit the B1-&gt;F2 case today (premium processing), and she stays till F2 case is approved (but I-94 expires), are we in trouble?
2. Say if 1. is a no go. Is there any options other than sending her back, and apply for F2 there?

Sincerely,

\-Kay

&amp;#x200B;",1692832005.0,2023-08-23T23:06:45,6,2,/r/immigration/comments/15zk0rg/spouse_status_change_from_b1_to_f2/,https://www.reddit.com/r/immigration/comments/15zk0rg/spouse_status_change_from_b1_to_f2/,"spouse status change from b1 to f2
i messed up. i knew i should have done this sooner, but i am still holding onto the last bit of hope, and consult the wisdom of /r/immigration.

spouse entered us on b1, while i am on f1. she stayed for 5 month now, i-94 expiration date is 9.9.2023. i looked at b1 extension today, case time could be 3-6 month, and i don't see the option for premium processing. then i looked into switch her from b1 to f2, premium processing is available. however, even if i apply today, her b1 allowed stay period will likely to expire before we have the f2 case approved.

what are my options?

1. if i submit the b1-&gt;f2 case today (premium processing), and she stays till f2 case is approved (but i-94 expires), are we in trouble?
2. say if 1. is a no go. is there any options other than sending her back, and apply for f2 there?

sincerely,

\-kay

&amp;#x200b;",True,False
15xszwu,immigration,N400 taking longer than expected (Seattle),"Submitted N400 in March 2023.
 Completed biometrics in April 2023.

 We expected to be called in for an interview by now. But nothing so far. 

A few things I’m concerned about: 
1 ) My spouse was audited after submitted the application , and have since paid the tax debt. 
2) I failed to disclose a paid speeding ticket. I completely forgot about it, and remembered because of a bad dream.
3) I’ve been an upstanding PR otherwise. 

I’m going to upload additional documentation online, but I want to know I messed up big time ?",1692673442.0,2023-08-22T03:04:02,5,1,/r/immigration/comments/15xszwu/n400_taking_longer_than_expected_seattle/,https://www.reddit.com/r/immigration/comments/15xszwu/n400_taking_longer_than_expected_seattle/,"n400 taking longer than expected (seattle)
submitted n400 in march 2023.
 completed biometrics in april 2023.

 we expected to be called in for an interview by now. but nothing so far. 

a few things i’m concerned about: 
1 ) my spouse was audited after submitted the application , and have since paid the tax debt. 
2) i failed to disclose a paid speeding ticket. i completely forgot about it, and remembered because of a bad dream.
3) i’ve been an upstanding pr otherwise. 

i’m going to upload additional documentation online, but i want to know i messed up big time ?",True,False
12tgqh1,immigration,Would I get disqualified from the gc lottery because of photos even if it’s not the main applicants photo that’s “bad”?,"My dad (born in an African country) applied for the gc lottery and put me and my mom and siblings as dependents however we didn’t know that we needed pictures for all the people on the application it’s our first time applying so we just assumed you only needed a picture for the main applicant(my dad) so only me and him have actual professional photos(I applied separately but I think I messed up) so will it be disqualified cus my mom and siblings photos may be wrong 

If so how do you know if your disqualified?

I also heard that if you get selected and win but the phot is bad then you don’t get a gc is that up to the interview person to decide or is a computer doing it ?",1682028258.0,2023-04-20T22:04:18,4,0,/r/immigration/comments/12tgqh1/would_i_get_disqualified_from_the_gc_lottery/,https://www.reddit.com/r/immigration/comments/12tgqh1/would_i_get_disqualified_from_the_gc_lottery/,"would i get disqualified from the gc lottery because of photos even if it’s not the main applicants photo that’s “bad”?
my dad (born in an african country) applied for the gc lottery and put me and my mom and siblings as dependents however we didn’t know that we needed pictures for all the people on the application it’s our first time applying so we just assumed you only needed a picture for the main applicant(my dad) so only me and him have actual professional photos(i applied separately but i think i messed up) so will it be disqualified cus my mom and siblings photos may be wrong 

if so how do you know if your disqualified?

i also heard that if you get selected and win but the phot is bad then you don’t get a gc is that up to the interview person to decide or is a computer doing it ?",True,False
11a7xbg,immigration,Have active H1B visa but entered under visitor visa - how badly did I mess up?,"I have active H1B visa(and was on TN before) but was recently laid off. though still technically employed at this company until next month. Here is where I messed up: I flew back to Canada for the first time since I started my US job, and 

1. I went on a trip from Canada to Mexico, and on my return flight back to Canada we had a connecting flight in the US. 
2. I only showed my passport and since they did not ask, did not mention my work status or present i-797. 
3. My most recent i-94 is now showing I entered as B2 tourist.

 How can I fix this and how soon do I need to fix it? Thanks all.",1677184371.0,2023-02-23T20:32:51,10,1,/r/immigration/comments/11a7xbg/have_active_h1b_visa_but_entered_under_visitor/,https://www.reddit.com/r/immigration/comments/11a7xbg/have_active_h1b_visa_but_entered_under_visitor/,"have active h1b visa but entered under visitor visa - how badly did i mess up?
i have active h1b visa(and was on tn before) but was recently laid off. though still technically employed at this company until next month. here is where i messed up: i flew back to canada for the first time since i started my us job, and 

1. i went on a trip from canada to mexico, and on my return flight back to canada we had a connecting flight in the us. 
2. i only showed my passport and since they did not ask, did not mention my work status or present i-797. 
3. my most recent i-94 is now showing i entered as b2 tourist.

 how can i fix this and how soon do i need to fix it? thanks all.",True,False
rvr3n5,immigration,Will it matter that I took a long time to sign my digitally transmitted I-20?,"So…I did something boneheaded. I requested a travel signature two months ago and was emailed an updated I-20 by the school. I’m on STEM OPT and am currently home for the holidays. I realized I never got around to printing the I-20 (yes, I messed up). So I went ahead and printed it, with a signature date that’s remarkably off from the issuance date. Is the CBP officer or any government official likely to care about this? What precautions should I take? Also, is I-515A issuance available to people on OPT?
I’ve found very little guidance on this online beyond the “students should print and sign a copy of the digitally signed I-20 to present as needed” which doesn’t specify a deadline.",1641291313.0,2022-01-04T10:15:13,1,2,/r/immigration/comments/rvr3n5/will_it_matter_that_i_took_a_long_time_to_sign_my/,https://www.reddit.com/r/immigration/comments/rvr3n5/will_it_matter_that_i_took_a_long_time_to_sign_my/,"will it matter that i took a long time to sign my digitally transmitted i-20?
so…i did something boneheaded. i requested a travel signature two months ago and was emailed an updated i-20 by the school. i’m on stem opt and am currently home for the holidays. i realized i never got around to printing the i-20 (yes, i messed up). so i went ahead and printed it, with a signature date that’s remarkably off from the issuance date. is the cbp officer or any government official likely to care about this? what precautions should i take? also, is i-515a issuance available to people on opt?
i’ve found very little guidance on this online beyond the “students should print and sign a copy of the digitally signed i-20 to present as needed” which doesn’t specify a deadline.",True,False
onajej,immigration,Entering the us with a drug conviction,So when I was 19 I got charged with trafficking cocaine it was 1 oz ( I’m 25 now ). I was young dumb and had no guidance also was hanging around the wrong people but I take responsibility for my actions . After that I completely turned my life around got a job cut off the bad friends and live life by the book . I don’t even smoke weed no more and it’s legal in Canada . So before I was actually convicted I tried crossing for thanksgiving ( Half of my family lives in the us ) and they denied me entry because they said it was too close to my court date . I got sentenced to 6 months and got out in 2 months on parole. I’m trying to make this as short as possible so what I wanna know is will I ever be aloud back in the us ? If so what steps do I need to take ? I know I messed up pretty bad but I haven’t got into anymore trouble since not even a parking ticket . All advice and tips are greatly appreciated thanks .,1626686573.0,2021-07-19T09:22:53,9,0,/r/immigration/comments/onajej/entering_the_us_with_a_drug_conviction/,https://www.reddit.com/r/immigration/comments/onajej/entering_the_us_with_a_drug_conviction/,"entering the us with a drug conviction
so when i was 19 i got charged with trafficking cocaine it was 1 oz ( i’m 25 now ). i was young dumb and had no guidance also was hanging around the wrong people but i take responsibility for my actions . after that i completely turned my life around got a job cut off the bad friends and live life by the book . i don’t even smoke weed no more and it’s legal in canada . so before i was actually convicted i tried crossing for thanksgiving ( half of my family lives in the us ) and they denied me entry because they said it was too close to my court date . i got sentenced to 6 months and got out in 2 months on parole. i’m trying to make this as short as possible so what i wanna know is will i ever be aloud back in the us ? if so what steps do i need to take ? i know i messed up pretty bad but i haven’t got into anymore trouble since not even a parking ticket . all advice and tips are greatly appreciated thanks .",True,False
o55igx,immigration,Overstayed B1 Visa Due to Covid,"I went to the US last year on a B1 visa for an externship literally 2 weeks before COVID shut down the country (not paid; purely for experience). The externship was at a medical office so the externship proceeded for 6 months, but due to the situation and uncertainty of things, I ended up overstaying my visa for 10 months and only returned back to Canada recently.

I would be moving back in with my elderly parents, so the situation never felt safe enough until now (my parents and I are now fully vaccinated). I also got covid last year which resulted in me being admitted in the hospital, so that only enhanced our fears even more since I’m a relatively healthy 25 year old with no prior medical conditions meanwhile my parents are almost 70 with preexisting conditions. 

For the 10 months after my externship ended I just hid out in my room afraid of the world. I kept looking for a good time to go back to Canada, but it was at the risk of my parents’ health- something I would not be able to live with if they got sick. I was not doing any unauthorized work or anything. I just overstayed out of fear. 

I know I messed up here, and I should have filed for an extension. Something I didn’t even know existed until recently (I know, another mess up). 

I recently got a job offer in the US and the company is willing to sponsor my TN visa. Are my chances completely crushed and I’m automatically barred for 3 years since I overstayed for more than 180 days? Or would the free trade officer at least allow me to present my case and there’s a possibility of forgiveness here? 

I’m thinking about hiring an immigration lawyer also to help my case but wanted to start off here first.",1624309445.0,2021-06-21T21:04:05,6,2,/r/immigration/comments/o55igx/overstayed_b1_visa_due_to_covid/,https://www.reddit.com/r/immigration/comments/o55igx/overstayed_b1_visa_due_to_covid/,"overstayed b1 visa due to covid
i went to the us last year on a b1 visa for an externship literally 2 weeks before covid shut down the country (not paid; purely for experience). the externship was at a medical office so the externship proceeded for 6 months, but due to the situation and uncertainty of things, i ended up overstaying my visa for 10 months and only returned back to canada recently.

i would be moving back in with my elderly parents, so the situation never felt safe enough until now (my parents and i are now fully vaccinated). i also got covid last year which resulted in me being admitted in the hospital, so that only enhanced our fears even more since i’m a relatively healthy 25 year old with no prior medical conditions meanwhile my parents are almost 70 with preexisting conditions. 

for the 10 months after my externship ended i just hid out in my room afraid of the world. i kept looking for a good time to go back to canada, but it was at the risk of my parents’ health- something i would not be able to live with if they got sick. i was not doing any unauthorized work or anything. i just overstayed out of fear. 

i know i messed up here, and i should have filed for an extension. something i didn’t even know existed until recently (i know, another mess up). 

i recently got a job offer in the us and the company is willing to sponsor my tn visa. are my chances completely crushed and i’m automatically barred for 3 years since i overstayed for more than 180 days? or would the free trade officer at least allow me to present my case and there’s a possibility of forgiveness here? 

i’m thinking about hiring an immigration lawyer also to help my case but wanted to start off here first.",True,False
nac5bv,immigration,"Overstayed B1 Visa in February by 2 days (w/o realizing), tried to enter the US yesterday was told to withdraw application and return to country. Future steps/options?","As title, I overstayed my visitors visa back in Feb by 2 days. I did not realize I did this. I should have been more careful but I miscounted the days. I didn't realize until just this minute as I am going through all my documents and making notes etc. Then I had the computer count the dates for me and I realized how badly I messed up. 

I flew to the US yesterday to attend a family member's graduation and was told I was inadmissible and they gave me the option to withdraw my entry request, and my Visa was cancelled. They did not mention anything at all about the 2 days of overstay. They just said I was inadmissible. 

So I am here now, I know I don't technically have a 3 year bar, but realistically what are my options for getting a new US Visa for Summer 2023? Additionally, I was looking online and it says I cannot apply from a third country, only one in which I am a national. I no longer live in the country that issued my passport. I am a legal resident of another country. Can I reapply from the country I actually live in or must I return to my home country?",1620779708.0,2021-05-12T00:35:08,3,1,/r/immigration/comments/nac5bv/overstayed_b1_visa_in_february_by_2_days_wo/,https://www.reddit.com/r/immigration/comments/nac5bv/overstayed_b1_visa_in_february_by_2_days_wo/,"overstayed b1 visa in february by 2 days (w/o realizing), tried to enter the us yesterday was told to withdraw application and return to country. future steps/options?
as title, i overstayed my visitors visa back in feb by 2 days. i did not realize i did this. i should have been more careful but i miscounted the days. i didn't realize until just this minute as i am going through all my documents and making notes etc. then i had the computer count the dates for me and i realized how badly i messed up. 

i flew to the us yesterday to attend a family member's graduation and was told i was inadmissible and they gave me the option to withdraw my entry request, and my visa was cancelled. they did not mention anything at all about the 2 days of overstay. they just said i was inadmissible. 

so i am here now, i know i don't technically have a 3 year bar, but realistically what are my options for getting a new us visa for summer 2023? additionally, i was looking online and it says i cannot apply from a third country, only one in which i am a national. i no longer live in the country that issued my passport. i am a legal resident of another country. can i reapply from the country i actually live in or must i return to my home country?",True,False
kctnjv,immigration,forgot to tell USCIS I changed address TWICE - What now?,"Hi everyone,

I changed address twice since getting my GC, and I didn't know I had to warn USCIS doing so. Last change was a couple months ago (changed state, too).

I realized this because I hit the 5 years mark as a LPR and I want to start the naturalization process.

What am I risking if I report my change of address to USCIS? Am I risking deportation? Should I contact an immigration attorney?

I know this might be held against me during the naturalization process, but what are the chances, realistically, that I messed up badly to the point they'd reject my naturalization?

**Edit**: this page [https://www.uscis.gov/ar-11](https://www.uscis.gov/ar-11) sounds pretty chill:

&gt;We strongly encourage you to update your address with USCIS to ensure you receive all correspondence and benefits from us in a timely manner and avoid possible delays related to your case.

That sounds pretty inocuous?

&amp;#x200B;",1607933730.0,2020-12-14T08:15:30,17,8,/r/immigration/comments/kctnjv/forgot_to_tell_uscis_i_changed_address_twice_what/,https://www.reddit.com/r/immigration/comments/kctnjv/forgot_to_tell_uscis_i_changed_address_twice_what/,"forgot to tell uscis i changed address twice - what now?
hi everyone,

i changed address twice since getting my gc, and i didn't know i had to warn uscis doing so. last change was a couple months ago (changed state, too).

i realized this because i hit the 5 years mark as a lpr and i want to start the naturalization process.

what am i risking if i report my change of address to uscis? am i risking deportation? should i contact an immigration attorney?

i know this might be held against me during the naturalization process, but what are the chances, realistically, that i messed up badly to the point they'd reject my naturalization?

**edit**: this page [https://www.uscis.gov/ar-11](https://www.uscis.gov/ar-11) sounds pretty chill:

&gt;we strongly encourage you to update your address with uscis to ensure you receive all correspondence and benefits from us in a timely manner and avoid possible delays related to your case.

that sounds pretty inocuous?

&amp;#x200b;",True,False
k39eep,immigration,Seeking immigration advice (from UK) to KSA for visiting a family member in a critical condition,"My father, who works in KSA public sector, was involved in a accident that resulted him being in ICU and is in very critical condition. I'm doing any means necessary to be able to see him but because of COVID restrictions, it really hard to gain entry to the country. I've also been rejected already since I messed up with the tourist eVisa (not allowed entry atm).

I will contact the embassy soon and seek some advice but its the weekend and also it might be delayed because of COVID restrictions here in the UK. ATM I'm just looking for other advices now so that I can speed up the process and to see my dad as soon as possible. If anyone has any advice about this circumstance, please I really need it!!",1606656635.0,2020-11-29T13:30:35,4,1,/r/immigration/comments/k39eep/seeking_immigration_advice_from_uk_to_ksa_for/,https://www.reddit.com/r/immigration/comments/k39eep/seeking_immigration_advice_from_uk_to_ksa_for/,"seeking immigration advice (from uk) to ksa for visiting a family member in a critical condition
my father, who works in ksa public sector, was involved in a accident that resulted him being in icu and is in very critical condition. i'm doing any means necessary to be able to see him but because of covid restrictions, it really hard to gain entry to the country. i've also been rejected already since i messed up with the tourist evisa (not allowed entry atm).

i will contact the embassy soon and seek some advice but its the weekend and also it might be delayed because of covid restrictions here in the uk. atm i'm just looking for other advices now so that i can speed up the process and to see my dad as soon as possible. if anyone has any advice about this circumstance, please i really need it!!",True,False
i1ho4r,immigration,Accidentally applied for unemployment benefits as F1 student,"Hi, I had been working on campus and when I was laid off due to campus shutdown, I applied for unemployment benefits without knowledge of public charge. I misunderstood “available to work” thinking that it counted on campus employment. I have not used any of the benefits I’ve received and have emailed the employment department to inform them of this mistake, does anyone have experience on what to do? Or how else I could solve this issue? Please help. I messed up :(",1596236925.0,2020-07-31T23:08:45,1,0,/r/immigration/comments/i1ho4r/accidentally_applied_for_unemployment_benefits_as/,https://www.reddit.com/r/immigration/comments/i1ho4r/accidentally_applied_for_unemployment_benefits_as/,"accidentally applied for unemployment benefits as f1 student
hi, i had been working on campus and when i was laid off due to campus shutdown, i applied for unemployment benefits without knowledge of public charge. i misunderstood “available to work” thinking that it counted on campus employment. i have not used any of the benefits i’ve received and have emailed the employment department to inform them of this mistake, does anyone have experience on what to do? or how else i could solve this issue? please help. i messed up :(",True,False
ewx1zg,immigration,Tax Question,"So basically the only document that we are waiting to submit to NVC is my financial support documents. I was waiting until I filed my taxes to submit the tax transcript. I just filed tonight but I think I messed up..I filed  as single because my husband, who still lives overseas, doesn't have an ITIN or SSN. Do I have to amend this or will it be ok?",1580513422.0,2020-01-31T23:30:22,2,0,/r/immigration/comments/ewx1zg/tax_question/,https://www.reddit.com/r/immigration/comments/ewx1zg/tax_question/,"tax question
so basically the only document that we are waiting to submit to nvc is my financial support documents. i was waiting until i filed my taxes to submit the tax transcript. i just filed tonight but i think i messed up..i filed  as single because my husband, who still lives overseas, doesn't have an itin or ssn. do i have to amend this or will it be ok?",True,False
bp1jz4,immigration,Made a mistake during USCIS Interview,"Well today I messed up on my interview with USCIS.  The officer asked for my place of employment and I was about to give it before realizing that I actually am actually working for a temp agency.   (The company I work for makes you work for a temp agency for 3 months before they make a decision on whether or not to hire you) I googled the temp agency's name, found the address and provided it to my USCIS officer.  When I got home I felt something wasn't right so I googled again and apparently Google gave me another temp agency's address that shared the same name as the one I work for.  Does this issue ruin my chances at citizenship?  Please help lol.",1557944871.0,2019-05-15T18:27:51,3,0,/r/immigration/comments/bp1jz4/made_a_mistake_during_uscis_interview/,https://www.reddit.com/r/immigration/comments/bp1jz4/made_a_mistake_during_uscis_interview/,"made a mistake during uscis interview
well today i messed up on my interview with uscis.  the officer asked for my place of employment and i was about to give it before realizing that i actually am actually working for a temp agency.   (the company i work for makes you work for a temp agency for 3 months before they make a decision on whether or not to hire you) i googled the temp agency's name, found the address and provided it to my uscis officer.  when i got home i felt something wasn't right so i googled again and apparently google gave me another temp agency's address that shared the same name as the one i work for.  does this issue ruin my chances at citizenship?  please help lol.",True,False
baawlt,immigration,I messed up. How bad? Wrong payment amount.,"Edit: Thank you very much for all the answers. I'm sending the updated application Monday. I'm a little embarrassed about how much I panicked and really want to delete this post, but I'll leave it up in case anyone else runs into a similar situation. Thanks again. 



My wife's 2 year condition removal was due in March. I sent in the application on time. I completely misinterpreted part of the instructions and thought she didn't need to pay the biometric fee. I thought the part in the instructions that mentions spouses of US Citizens don't need to pay the biometric fee, I thought that meant her. I realize now that meant me. So the check was written for $85 less than it was supposed to. She received a rejection letter that states to resubmit the application with the correct amount.

Received the rejection letter a few days ago, the application was initially turned in a month ago, and her status expired about 2 weeks ago. How screwed is she? When we submit the application again, should we add a letter explaining the mistake? How long do we have to send it in? I'd prefer to wait until I get paid again due to needed car repairs, but that will take almost 2 weeks. ",1554597426.0,2019-04-07T00:37:06,5,11,/r/immigration/comments/baawlt/i_messed_up_how_bad_wrong_payment_amount/,https://www.reddit.com/r/immigration/comments/baawlt/i_messed_up_how_bad_wrong_payment_amount/,"i messed up. how bad? wrong payment amount.
edit: thank you very much for all the answers. i'm sending the updated application monday. i'm a little embarrassed about how much i panicked and really want to delete this post, but i'll leave it up in case anyone else runs into a similar situation. thanks again. 



my wife's 2 year condition removal was due in march. i sent in the application on time. i completely misinterpreted part of the instructions and thought she didn't need to pay the biometric fee. i thought the part in the instructions that mentions spouses of us citizens don't need to pay the biometric fee, i thought that meant her. i realize now that meant me. so the check was written for $85 less than it was supposed to. she received a rejection letter that states to resubmit the application with the correct amount.

received the rejection letter a few days ago, the application was initially turned in a month ago, and her status expired about 2 weeks ago. how screwed is she? when we submit the application again, should we add a letter explaining the mistake? how long do we have to send it in? i'd prefer to wait until i get paid again due to needed car repairs, but that will take almost 2 weeks. ",True,False
9gfdn5,immigration,"2 Week Overstay F-1 VISA, Applying for new F-1 for Master's","I recently found out that I overstayed my F-1 OPT(post completion bachelor's) period by 15 days after the grace period. After finding out, I immediately returned to my home country. During this time I also received an acceptance letter for a Master's in Computer Science. My term begins in January and I'm applying for a new visa as soon as I receive my new I-20. I know I messed up bad. Are there any chances of my visa being approved despite my overstay? (I know that because my lawful status began after August 9th, 2018, I have accrued 15 days of unlawful presence due to the new change in law).",1537141723.0,2018-09-16T23:48:43,1,2,/r/immigration/comments/9gfdn5/2_week_overstay_f1_visa_applying_for_new_f1_for/,https://www.reddit.com/r/immigration/comments/9gfdn5/2_week_overstay_f1_visa_applying_for_new_f1_for/,"2 week overstay f-1 visa, applying for new f-1 for master's
i recently found out that i overstayed my f-1 opt(post completion bachelor's) period by 15 days after the grace period. after finding out, i immediately returned to my home country. during this time i also received an acceptance letter for a master's in computer science. my term begins in january and i'm applying for a new visa as soon as i receive my new i-20. i know i messed up bad. are there any chances of my visa being approved despite my overstay? (i know that because my lawful status began after august 9th, 2018, i have accrued 15 days of unlawful presence due to the new change in law).",True,False
4gbs5t,immigration,"Studying in the states, girlfriend wants to come :)","I have been accepted to a PHD program (with funding) in Southern California. My girlfriend and I have been living together for a couple of years - we just haven't tied the knot yet. So I have a few questions...

First, I get a little uneasy crossing borders since the ""incident"". Namely, I was refused entry into the UK in 2011 because I messed up the procedures of my visa there. I had just completed a post grad degree in the UK, came back to Canada and attempted to return and work in the UK. At the time the post grad visa in the UK could be upgraded to a working visa with a trip to the post office. Unfortunately leaving the country and returning caused me a bunch of issues and I ended up having to stay in Canada (and rejected from a subsequent visa attempt). 

Now I have decided to go back and get a PHD. My I-20 has already been approved and mailed out to me. So that is good. My girlfriend qualifies for the TN visa (she is an engineer). We are hoping to get a company to sponsor her to come down at the same time as me. 

So my questions are:
1.) Does my UK issue affect me at all, I will obviously tell the truth if anyone asks me about being refused entry... but should I expect questions?
2.) I understand it makes it convenient that I can just show up at the POE with my papers as a Canadian citizen to come across (I am driving through with Vancouver). But I am literally moving my entire life (importing car, furniture, cats) all at once. It seems unsettling to do it all at once (what if they kick me out!?). Do I just drive up to the little gate and tell the guy ""Yup, all of this is being imported and here is a binder of forms I filled out?""
3.) My girlfriend, we hope, won't have issues getting a company to sponsor her to come down. But should we come together? or does that complicate questions regarding ""do you intend to stay in the States"" (I don't). We decided to not just get married to make this easier (although we recognize that would be easier, too bad US doesn't recognize common-law partnerships). 

Is there anything else I should be concerned with? ",1461559094.0,2016-04-25T04:38:14,1,1,/r/immigration/comments/4gbs5t/studying_in_the_states_girlfriend_wants_to_come/,https://www.reddit.com/r/immigration/comments/4gbs5t/studying_in_the_states_girlfriend_wants_to_come/,"studying in the states, girlfriend wants to come :)
i have been accepted to a phd program (with funding) in southern california. my girlfriend and i have been living together for a couple of years - we just haven't tied the knot yet. so i have a few questions...

first, i get a little uneasy crossing borders since the ""incident"". namely, i was refused entry into the uk in 2011 because i messed up the procedures of my visa there. i had just completed a post grad degree in the uk, came back to canada and attempted to return and work in the uk. at the time the post grad visa in the uk could be upgraded to a working visa with a trip to the post office. unfortunately leaving the country and returning caused me a bunch of issues and i ended up having to stay in canada (and rejected from a subsequent visa attempt). 

now i have decided to go back and get a phd. my i-20 has already been approved and mailed out to me. so that is good. my girlfriend qualifies for the tn visa (she is an engineer). we are hoping to get a company to sponsor her to come down at the same time as me. 

so my questions are:
1.) does my uk issue affect me at all, i will obviously tell the truth if anyone asks me about being refused entry... but should i expect questions?
2.) i understand it makes it convenient that i can just show up at the poe with my papers as a canadian citizen to come across (i am driving through with vancouver). but i am literally moving my entire life (importing car, furniture, cats) all at once. it seems unsettling to do it all at once (what if they kick me out!?). do i just drive up to the little gate and tell the guy ""yup, all of this is being imported and here is a binder of forms i filled out?""
3.) my girlfriend, we hope, won't have issues getting a company to sponsor her to come down. but should we come together? or does that complicate questions regarding ""do you intend to stay in the states"" (i don't). we decided to not just get married to make this easier (although we recognize that would be easier, too bad us doesn't recognize common-law partnerships). 

is there anything else i should be concerned with? ",True,False
25dnjz,immigration,"Being an illegal immigrant really sucks big time. I need major help before one day, I'm just gonna shoot myself in the head","Okay so currently, I'm an 18 yr old with a father who haven't even graduated high school. Basically, he lacks intelligence to even survive here on his own. My parents somehow fucked up coming here to the U.S, living for like 14 years without a green card and idk about the SSN since my mother managed to work in a restaurant. In 2010, my mother and little brother left to Thailand (My home country) and it's unknown whether they're deported or just left on their own terms. When I turned 16, I just realized that I need things such as ""SSN"", ""Green Card"", etc... to even work in the U.S and to get a driver's license. When my mom and little brother left, I pretty much lost motivation to finish school because I still needed them for support and so I messed up my education badly. 

Right now, I'm in adult school, trying to receive back missing credits for a high school diploma. I'm extremely jealous of everyone around me I don't live a normal life like them. The way life is giving me right now is HELL. Everyday is fricking hell. They all receive benefits while I'm here doing EVERYTHING by myself in order to have a future--which brings the topic at hand, I need some major help on how to obtain legal status, or a green card for that matter. 

My information and what I currently got:

1.) I live with my uncle and dad in this house in Las Vegas

2.) I have a non-translated birth certificate from Thailand and an expired passport

3.) School transcripts

4.) I lost my school ID's when moving places to live multiple times throughout the years

5.) I lived in the U.S for 14 years

I know about the D.A.C.A program, but it's hard to earn $460 when my dad and I can't get a job and my uncle doesn't even support us. I was wondering if there's ANY alternative at all that has lesser fees or if I can apply for an SSN legally. I was seriously thinking of going to black markets and get a fake one as a last resort, but I'd rather not risk have a criminal record",1399919313.0,2014-05-12T18:28:33,29,14,/r/immigration/comments/25dnjz/being_an_illegal_immigrant_really_sucks_big_time/,https://www.reddit.com/r/immigration/comments/25dnjz/being_an_illegal_immigrant_really_sucks_big_time/,"being an illegal immigrant really sucks big time. i need major help before one day, i'm just gonna shoot myself in the head
okay so currently, i'm an 18 yr old with a father who haven't even graduated high school. basically, he lacks intelligence to even survive here on his own. my parents somehow fucked up coming here to the u.s, living for like 14 years without a green card and idk about the ssn since my mother managed to work in a restaurant. in 2010, my mother and little brother left to thailand (my home country) and it's unknown whether they're deported or just left on their own terms. when i turned 16, i just realized that i need things such as ""ssn"", ""green card"", etc... to even work in the u.s and to get a driver's license. when my mom and little brother left, i pretty much lost motivation to finish school because i still needed them for support and so i messed up my education badly. 

right now, i'm in adult school, trying to receive back missing credits for a high school diploma. i'm extremely jealous of everyone around me i don't live a normal life like them. the way life is giving me right now is hell. everyday is fricking hell. they all receive benefits while i'm here doing everything by myself in order to have a future--which brings the topic at hand, i need some major help on how to obtain legal status, or a green card for that matter. 

my information and what i currently got:

1.) i live with my uncle and dad in this house in las vegas

2.) i have a non-translated birth certificate from thailand and an expired passport

3.) school transcripts

4.) i lost my school id's when moving places to live multiple times throughout the years

5.) i lived in the u.s for 14 years

i know about the d.a.c.a program, but it's hard to earn $460 when my dad and i can't get a job and my uncle doesn't even support us. i was wondering if there's any alternative at all that has lesser fees or if i can apply for an ssn legally. i was seriously thinking of going to black markets and get a fake one as a last resort, but i'd rather not risk have a criminal record",True,False
1o7zc1m,immigration,What’s it like living in the U.S. when you don’t fit in with people from your own culture?,"I moved to the U.S. a while ago, and honestly, it’s been a mix of emotions. I don’t really get along with people from my home country — our values and mindset just don’t match anymore. I’m an atheist and gay, and I’m married to a wonderful husband, but he doesn’t have friends or family here either, and he’s usually exhausted from work.

Sometimes I feel really isolated. It’s not that I regret moving — I just didn’t realize how hard it would be to build a social circle when you don’t fit neatly into any community.

If anyone else has gone through something similar — moving somewhere new, feeling disconnected from your roots, and trying to build a new life from scratch — how did you deal with the loneliness or culture shock?",1760597904.0,2025-10-16T06:58:24,29,5,/r/immigration/comments/1o7zc1m/whats_it_like_living_in_the_us_when_you_dont_fit/,https://www.reddit.com/r/immigration/comments/1o7zc1m/whats_it_like_living_in_the_us_when_you_dont_fit/,"what’s it like living in the u.s. when you don’t fit in with people from your own culture?
i moved to the u.s. a while ago, and honestly, it’s been a mix of emotions. i don’t really get along with people from my home country — our values and mindset just don’t match anymore. i’m an atheist and gay, and i’m married to a wonderful husband, but he doesn’t have friends or family here either, and he’s usually exhausted from work.

sometimes i feel really isolated. it’s not that i regret moving — i just didn’t realize how hard it would be to build a social circle when you don’t fit neatly into any community.

if anyone else has gone through something similar — moving somewhere new, feeling disconnected from your roots, and trying to build a new life from scratch — how did you deal with the loneliness or culture shock?",True,False
1n718ex,immigration,Immigration to the United States broke me,"This is a true story, you read the title.

Immigration to the United States broke me, and I regret coming here. Or to be more exact, I did not come to the United States on my own volition, I was brought by my parents when I was a child. And I am not satisfied with their decision.

From my point of view, as a former child who was immigrated, now an adult, the United States offers a *present* (""current moment"" not ""gift"") but it does not offer a *future*. Nor does it offer any meaning. My parents were economical immigrants. ""Get a job"", they said, ""and you will be happy."" Now I have a six-figure job at a Big Tech company, after finishing my university, and I am not happy. Why am I not happy? You might think that I am taken care of by the United States. I have a job, I have a roof over my head, I am well fed. But I have nothing to live for. I have no meaning.

What gives meaning to a man? The way that I see it, there are three levels. First level is belonging to a family, the man and his wife. Second level is belonging to an extended family, a group of spousal couples who are bonded together. Third level is belonging to a nation or a tribe. I have none of these. I have nowhere to belong, no one cares for me, no one wants me.

My parents think that I should be happy because I have ""a good job"". Their definition of ""success"" is having a job, filling one's belly. They say that I should be thankful for not living in those other countries, that have wars and famines going on. But I say that this is an extremely low standard to compare to. Life should be more than just about survival, it should be about meaning!

This is what my parents deprived me of when they moved me to the United States. A sense of belonging, a community, a future to live for. Just work at the job, rise up in the career ladder, spend money on hedonism and accumulation of r/Consoom useless things, and then you die. This is the ""American Dream"". Be a good little cog in the machine.

They don't care that I do not have a family, I do not have a spouse, nor an extended family, nor any sort of community or tribe or nation to call my own to be proud of. And so I was severed from my roots, and I wilt like a plant. They do not care about the future. They will be long gone by that time. As long as I have a *present*, they claim that they have done be a good service. But if I don't have a *future*, they just don't care. Now you might be reading this post and thinking, ""oh just work harder, hustle, and build a future for yourself, you fool!"" But then you would be missing the point that the person was setup for failure by severing his roots and placing him in an alien world. And that really hurts. When I was younger, I didn't really think about it. But when I became an adult I started to think deeply about my life, and uncover these hidden truths, and it really hurts.

Why am I writing this? As a warning and a chastisement to economic immigrants to the United States, or any country for that matter. You don't have a long-term plan. You merely seek a *present*. You wish to give your children a *present*, but you will be taking away their *future*. Consider how your decision to immigrate will impact your children, your grandchildren, your grand-grandchildren? Will you have any grandchildren or grand-grandchildren at all? Or do you not care about these things? Do you only care about your immediate satisfaction, without considering the ramifications for future generations?

To illustrate I will give an example. If you live in a village in a third-world country, you can naturally meet a girl by simply working in the fields with her and marry her. In the United States such an opportunity is impossible. Young people have to go through the meat-grinder of online dating apps, where they use algorithms to analyze every feature of your face. Furthermore, the ubiquitous of casual sex makes it practically impossible for people who want a wholesome monogamous marriage. Furthermore, there is no support network of aunts, uncles, grandfathers, grandmothers, villagers, and kinsmen. Everyone looks at you either irrelevantly or as prey (to be squeezed money out of). There are no elders whom you can turn to for advice. No sense of tribe, village, or community, or even nation. If for example in ancient times people immigrated as entire tribes or nations, such as the Huns or Turks, modern economic immigrants immigrate individually! They do not care about each other, they have separate lives. There is no future. There is no hope for cultural continuity or maintaining an identity. There is no even hope for biological continuity, no children, no wife. It sucks, it really sucks.

But modern economic immigrants do not think about these things. They do not think, ""how will my children live like, or how will my grandchildren live like?"" That's why they are called *economic* immigrants. All they think about is making money. That's when I meet people who just came to America, and when I ask them why they came, they say that they came to ""earn money"", then I cannot help but visibly show my displeasure on my face. Because they have sold the future to buy the present. So I tell anyone who wants to come to America, don't sell your future for the present. Consider even the impact on your future descendants, and if even you will have them at all, before making any stupid decisions.

PS: Oh by the way, usually when I write such things, some ""smarty"" will come in and say, ""you don't like it here, move back to your country?"" As if it's that simple. I was moved out of my birth country when I was a child. I have been outside of it for over 20 years. For me it it just another ""United States"", another foreign country, only speaking my mother tongue. I know their language and their culture. But other than that, I don't know how to live there, I don't know what I'll do there, I don't know anyone there at all. Adjusting to life there will be just as hard as adjusting to life in the United States. Once my roots have been cut off, they ain't growing back. It's not that simple. I am an exile, wanted by no one, with no place to call my own home. Sure, I have a roof over my head, but no home and no hearth. I am an exile in the United States, and I will be an exile if I return back to my birth country, and if I choose to move to a third country then I will also be an exile there as well. No family, no tribe, just an outcast doomed to wander the land.

And even if I move back to my country I don't think that I would fit in quite well with them. I identify with their old culture, but not with their new culture that they have now. Too many things have changed back there too. During World War 2 there was a Japanese Samurai who landed in Indonesia and when the war ended, no one told him. So he continued hiding in the jungle, awaiting orders for either 10 years or 20 years, I don't know. But finally he was notified that the war had ended. And when he returned to Japan he said, ""this is not my Japan"". Because the culture and society has changed so much that it became an alien country to him. If I go back to my country, I would be an anachronism there.

This is what I have lost. And yes, I am a broken, weary, and bitter man, I know.",1756861529.0,2025-09-03T01:05:29,43,0,/r/immigration/comments/1n718ex/immigration_to_the_united_states_broke_me/,https://www.reddit.com/r/immigration/comments/1n718ex/immigration_to_the_united_states_broke_me/,"immigration to the united states broke me
this is a true story, you read the title.

immigration to the united states broke me, and i regret coming here. or to be more exact, i did not come to the united states on my own volition, i was brought by my parents when i was a child. and i am not satisfied with their decision.

from my point of view, as a former child who was immigrated, now an adult, the united states offers a *present* (""current moment"" not ""gift"") but it does not offer a *future*. nor does it offer any meaning. my parents were economical immigrants. ""get a job"", they said, ""and you will be happy."" now i have a six-figure job at a big tech company, after finishing my university, and i am not happy. why am i not happy? you might think that i am taken care of by the united states. i have a job, i have a roof over my head, i am well fed. but i have nothing to live for. i have no meaning.

what gives meaning to a man? the way that i see it, there are three levels. first level is belonging to a family, the man and his wife. second level is belonging to an extended family, a group of spousal couples who are bonded together. third level is belonging to a nation or a tribe. i have none of these. i have nowhere to belong, no one cares for me, no one wants me.

my parents think that i should be happy because i have ""a good job"". their definition of ""success"" is having a job, filling one's belly. they say that i should be thankful for not living in those other countries, that have wars and famines going on. but i say that this is an extremely low standard to compare to. life should be more than just about survival, it should be about meaning!

this is what my parents deprived me of when they moved me to the united states. a sense of belonging, a community, a future to live for. just work at the job, rise up in the career ladder, spend money on hedonism and accumulation of r/consoom useless things, and then you die. this is the ""american dream"". be a good little cog in the machine.

they don't care that i do not have a family, i do not have a spouse, nor an extended family, nor any sort of community or tribe or nation to call my own to be proud of. and so i was severed from my roots, and i wilt like a plant. they do not care about the future. they will be long gone by that time. as long as i have a *present*, they claim that they have done be a good service. but if i don't have a *future*, they just don't care. now you might be reading this post and thinking, ""oh just work harder, hustle, and build a future for yourself, you fool!"" but then you would be missing the point that the person was setup for failure by severing his roots and placing him in an alien world. and that really hurts. when i was younger, i didn't really think about it. but when i became an adult i started to think deeply about my life, and uncover these hidden truths, and it really hurts.

why am i writing this? as a warning and a chastisement to economic immigrants to the united states, or any country for that matter. you don't have a long-term plan. you merely seek a *present*. you wish to give your children a *present*, but you will be taking away their *future*. consider how your decision to immigrate will impact your children, your grandchildren, your grand-grandchildren? will you have any grandchildren or grand-grandchildren at all? or do you not care about these things? do you only care about your immediate satisfaction, without considering the ramifications for future generations?

to illustrate i will give an example. if you live in a village in a third-world country, you can naturally meet a girl by simply working in the fields with her and marry her. in the united states such an opportunity is impossible. young people have to go through the meat-grinder of online dating apps, where they use algorithms to analyze every feature of your face. furthermore, the ubiquitous of casual sex makes it practically impossible for people who want a wholesome monogamous marriage. furthermore, there is no support network of aunts, uncles, grandfathers, grandmothers, villagers, and kinsmen. everyone looks at you either irrelevantly or as prey (to be squeezed money out of). there are no elders whom you can turn to for advice. no sense of tribe, village, or community, or even nation. if for example in ancient times people immigrated as entire tribes or nations, such as the huns or turks, modern economic immigrants immigrate individually! they do not care about each other, they have separate lives. there is no future. there is no hope for cultural continuity or maintaining an identity. there is no even hope for biological continuity, no children, no wife. it sucks, it really sucks.

but modern economic immigrants do not think about these things. they do not think, ""how will my children live like, or how will my grandchildren live like?"" that's why they are called *economic* immigrants. all they think about is making money. that's when i meet people who just came to america, and when i ask them why they came, they say that they came to ""earn money"", then i cannot help but visibly show my displeasure on my face. because they have sold the future to buy the present. so i tell anyone who wants to come to america, don't sell your future for the present. consider even the impact on your future descendants, and if even you will have them at all, before making any stupid decisions.

ps: oh by the way, usually when i write such things, some ""smarty"" will come in and say, ""you don't like it here, move back to your country?"" as if it's that simple. i was moved out of my birth country when i was a child. i have been outside of it for over 20 years. for me it it just another ""united states"", another foreign country, only speaking my mother tongue. i know their language and their culture. but other than that, i don't know how to live there, i don't know what i'll do there, i don't know anyone there at all. adjusting to life there will be just as hard as adjusting to life in the united states. once my roots have been cut off, they ain't growing back. it's not that simple. i am an exile, wanted by no one, with no place to call my own home. sure, i have a roof over my head, but no home and no hearth. i am an exile in the united states, and i will be an exile if i return back to my birth country, and if i choose to move to a third country then i will also be an exile there as well. no family, no tribe, just an outcast doomed to wander the land.

and even if i move back to my country i don't think that i would fit in quite well with them. i identify with their old culture, but not with their new culture that they have now. too many things have changed back there too. during world war 2 there was a japanese samurai who landed in indonesia and when the war ended, no one told him. so he continued hiding in the jungle, awaiting orders for either 10 years or 20 years, i don't know. but finally he was notified that the war had ended. and when he returned to japan he said, ""this is not my japan"". because the culture and society has changed so much that it became an alien country to him. if i go back to my country, i would be an anachronism there.

this is what i have lost. and yes, i am a broken, weary, and bitter man, i know.",True,False
1ico1j5,immigration,Divorce right after getting conditional 2yr green card,"I was got my greencard (from marrying a US citizen) in Nov 2024, supposed to be renewed 90days to Dec 2026 expiry date .  All was going well, we are pregnant and had a dream to visit my home country soon as i got greencard. I should mention that we are also pregnant, and we’re looking forward to merging the two cultures and all that happily married life. 

In Dec 14, the american spouse (my husband) served me with divorce papers at 25weeks pg. He has tormented me in ways i could never imagine. I obviously hadn’t made much savings as i only got my greencard and work permit in the same nov and was gearing up for a job before baby comes beginning of spring 2025.  

My husband changed his mind overnight when we were planning to visit my home country to pay for bride price etc and get to meet my family since before baby arrived . He said(still says) that he has soul searched and wants an open marriage, he went ahead and slept with two girls in his dance class ( they introduced him to open relationships) and both girls are previously divorced. Anyways, ai said no to it and got served with divorce papers.  

I’m now 34weeks pg,can’t work much anymore so i’m
slowing down and taking light duty shifts (i’m a nurse aid). Ok Christmas day he asked me to leave our house so he could host the other two girls. He said they were uncomfortable to
meet me , and that if i wasn’t ok with open relationship then i should excuse him and find another home. I don’t have any family members in this state, im just alone. 

The divorce is supposed to be settled on march 25 2025, just days after i give birth. I’m so depressed, i’ve been staying at friends houses, some of them have had their boyfriends kick me out and i understand how they feel, I can’t be pg and crushing on someone’s couch without a plan. 

I’ve been applying for jobs, i have gotten a couple but they want me to report after i give birth and recover. I feel so stuck. I feel like i need a lawyer to help me with the divorce but can’t afford to pay for one. I don’t even have money to prepare for the baby, friends are helping me and im so grateful but im extremely stressed out and feel
like im a bad nightmare. I regret keeping baby and feel like I should not bring a child into my chaotic life. I’ve contemplated exiting the country and go back home but I don’t want to make an emotional decision that will affect my child’s future. 

Please advise me: 
1. Will I have a problem renewing my greencard if i get divorced and what can i do right now?
2. I should have mentioned that before we got married he had me sign a prenup (before we got pg so the prenup doesn’t mention anything about kids ) so i’m not claiming anything that he owns, i just want him to help me support the child for the 50% responsibility
3. Should I consult a divorce attorney or immigration attorney first ? I’ve written a couple requesting for pro bono service but i haven’t received any feedback yet. 

I’m brain fogged,  just wanted to tell
my story incase i get any advice on what i can do NOW before it’s too late . 

Thank you if you read to this far. Thanks again! ",1738133709.0,2025-01-29T06:55:09,11,3,/r/immigration/comments/1ico1j5/divorce_right_after_getting_conditional_2yr_green/,https://www.reddit.com/r/immigration/comments/1ico1j5/divorce_right_after_getting_conditional_2yr_green/,"divorce right after getting conditional 2yr green card
i was got my greencard (from marrying a us citizen) in nov 2024, supposed to be renewed 90days to dec 2026 expiry date .  all was going well, we are pregnant and had a dream to visit my home country soon as i got greencard. i should mention that we are also pregnant, and we’re looking forward to merging the two cultures and all that happily married life. 

in dec 14, the american spouse (my husband) served me with divorce papers at 25weeks pg. he has tormented me in ways i could never imagine. i obviously hadn’t made much savings as i only got my greencard and work permit in the same nov and was gearing up for a job before baby comes beginning of spring 2025.  

my husband changed his mind overnight when we were planning to visit my home country to pay for bride price etc and get to meet my family since before baby arrived . he said(still says) that he has soul searched and wants an open marriage, he went ahead and slept with two girls in his dance class ( they introduced him to open relationships) and both girls are previously divorced. anyways, ai said no to it and got served with divorce papers.  

i’m now 34weeks pg,can’t work much anymore so i’m
slowing down and taking light duty shifts (i’m a nurse aid). ok christmas day he asked me to leave our house so he could host the other two girls. he said they were uncomfortable to
meet me , and that if i wasn’t ok with open relationship then i should excuse him and find another home. i don’t have any family members in this state, im just alone. 

the divorce is supposed to be settled on march 25 2025, just days after i give birth. i’m so depressed, i’ve been staying at friends houses, some of them have had their boyfriends kick me out and i understand how they feel, i can’t be pg and crushing on someone’s couch without a plan. 

i’ve been applying for jobs, i have gotten a couple but they want me to report after i give birth and recover. i feel so stuck. i feel like i need a lawyer to help me with the divorce but can’t afford to pay for one. i don’t even have money to prepare for the baby, friends are helping me and im so grateful but im extremely stressed out and feel
like im a bad nightmare. i regret keeping baby and feel like i should not bring a child into my chaotic life. i’ve contemplated exiting the country and go back home but i don’t want to make an emotional decision that will affect my child’s future. 

please advise me: 
1. will i have a problem renewing my greencard if i get divorced and what can i do right now?
2. i should have mentioned that before we got married he had me sign a prenup (before we got pg so the prenup doesn’t mention anything about kids ) so i’m not claiming anything that he owns, i just want him to help me support the child for the 50% responsibility
3. should i consult a divorce attorney or immigration attorney first ? i’ve written a couple requesting for pro bono service but i haven’t received any feedback yet. 

i’m brain fogged,  just wanted to tell
my story incase i get any advice on what i can do now before it’s too late . 

thank you if you read to this far. thanks again! ",True,False
1gvvebc,immigration,Pretrial diversion for dui ,"So I made the mistake of drinking and driving and I regret every single day but it happened, I already paid my dues, there’s nothing I can do but move on and learn from it. My question is gonna be about its effect on naturalization. A simple dui with no aggravated factors is still bad on gmc, but I know that with pretrial diversion program the case is getting dismissed and conviction is on reckless driving but not dui. I read some articles that this won’t affect my gmc and won’t be problem during naturalization. Is it still needed to wait 5 years or else Any comments appreciated who has knowledge of this or went through something similar, thanks. ",1732124834.0,2024-11-20T17:47:14,1,0,/r/immigration/comments/1gvvebc/pretrial_diversion_for_dui/,https://www.reddit.com/r/immigration/comments/1gvvebc/pretrial_diversion_for_dui/,"pretrial diversion for dui 
so i made the mistake of drinking and driving and i regret every single day but it happened, i already paid my dues, there’s nothing i can do but move on and learn from it. my question is gonna be about its effect on naturalization. a simple dui with no aggravated factors is still bad on gmc, but i know that with pretrial diversion program the case is getting dismissed and conviction is on reckless driving but not dui. i read some articles that this won’t affect my gmc and won’t be problem during naturalization. is it still needed to wait 5 years or else any comments appreciated who has knowledge of this or went through something similar, thanks. ",True,False
1gt9bl3,immigration,Does my family have a pathway to immigrate to the US?,"Currently in the States for vacation and on our way back to Canada but recent stay has reignited my interest in the topic.

My wife and I are Canadian Citizens, no criminal records and both have respectable (if not lucrative) public sector jobs. She works as a cook at a school, I am a Security Manager for a large venue. 

My work history includes two years in which we both lived in the States on an L1A (mine) and L1B? (Hers). During this time, our son was born and he is a dual citizen of the US and Canada (we left the states several months after he was born to return to Canada). This was in Aug2021 but we have kept his US documentation up to date. We all have SSNs but mine and my wife's were temporary visa-based.

I no longer have a pathway to transfer back to a US location for work like I used to (international Corp) and would be interested in trying to go through the process of immigration for the two (three?) of us on our own volition.

The little bit of reading I have done in the past suggests that our son may be able to sponsor us for a Visa when he turns 21, but I was hoping to investigate the possibility of a sooner return. The job opportunities and higher salary are very enticing and both my wife and I regret leaving the country when we had our previous Visas (but our first child and the confusion of COVID had us scramble back to be on the same side of the border as our families).

I suppose my question is, with this back story, would we have a way to initiate the immigration process or will we need to either wait til our son grows up or find a way to transfer internationally again?",1731832736.0,2024-11-17T08:38:56,3,0,/r/immigration/comments/1gt9bl3/does_my_family_have_a_pathway_to_immigrate_to_the/,https://www.reddit.com/r/immigration/comments/1gt9bl3/does_my_family_have_a_pathway_to_immigrate_to_the/,"does my family have a pathway to immigrate to the us?
currently in the states for vacation and on our way back to canada but recent stay has reignited my interest in the topic.

my wife and i are canadian citizens, no criminal records and both have respectable (if not lucrative) public sector jobs. she works as a cook at a school, i am a security manager for a large venue. 

my work history includes two years in which we both lived in the states on an l1a (mine) and l1b? (hers). during this time, our son was born and he is a dual citizen of the us and canada (we left the states several months after he was born to return to canada). this was in aug2021 but we have kept his us documentation up to date. we all have ssns but mine and my wife's were temporary visa-based.

i no longer have a pathway to transfer back to a us location for work like i used to (international corp) and would be interested in trying to go through the process of immigration for the two (three?) of us on our own volition.

the little bit of reading i have done in the past suggests that our son may be able to sponsor us for a visa when he turns 21, but i was hoping to investigate the possibility of a sooner return. the job opportunities and higher salary are very enticing and both my wife and i regret leaving the country when we had our previous visas (but our first child and the confusion of covid had us scramble back to be on the same side of the border as our families).

i suppose my question is, with this back story, would we have a way to initiate the immigration process or will we need to either wait til our son grows up or find a way to transfer internationally again?",True,False
1flol2k,immigration,Not sure how to move forward|Spousal Visa - UK ,"Hi all, throw away account of course, because what I'm about to write is the only time I have ever spoken this out loud. TW: abuse, DV

I'm 24F currently dependent on a Sousal Visa with 32M. This visa has currently only been active since November of last year. Prior to this I was on a student visa for 4 years and subsequently a graduate visa for 1.5 yrs while I switched to the Spousal visa. 

We've been in this relationship for 5+ years, cohabit together and are in a civil partnership. To make this consice, it's been a rocky, downright abusive relationship at times. In 2021, prior to the civil partnership the abuse was quite acute due to the pressures of Covid etc, in which he punched me in the head and pushed on the bed and was on top of me, holding me down. My two flatmates at the time, saw this happen and called the police who arrested him. This was then escalated to court as the police believed testimony from the two flatmates would be enough to convict him of assault. He was not allowed to visit the home we lived in during bail. I loved him and forgave him at the time and was also very scared as an immigrant therefore did not want any involvement with the police. I kept quiet, did not cooperate with the police. I did mention in court that he did not hurt me (I lied and I regret it daily because I was convinced he did not deserve criminal sentencing, that it was just ""a bad fight"") I was also in my final year of uni at the time, which consumed all my waking hours with my thesis and I couldn't get myself to believe that I was made victim. The case came to a conclusion and the judge ruled that he was not guilty. This was also in part because my flatmates were drunk when the event took place and couldn't get all the details correctly of the night. 

Despite all this heavy history, when I switched from my graduate visa to a spousal visa on the basis of this relationship, I was granted the visa with no problems, to my own surprise. We are both white collar workers with no other criminal history, make more than decent wages, my lawyer explained. Fast forward to today, the reason I make this reddit post - if you think he stopped being abusive, he never did. His abuse is cyclic, every two weeks, in almost everyway I can think of, verbal, financial, physical sometimes also sexual. I've reached a point in my life where I can't help but hate myself so much for ever choosing him as a partner. He was my first boyfriend and I didn't ever anticipate it would ever get this bad. I'm in so much pain constantly and I don't see a way out. If it continues down this road, I don't think I will live to see my late twenties. I've become passively su*cidal and don't see the joy or purpose in anything anymore. I can't leave him and if I do, my visa is gone. I rather end it than go back to where I came from. Even though I went to a good uni and hold a good job, skilled worker route is so immensely hard I don't think I could do this and there aren't enough vacancies in my industry/ I'm still too junior in my field. I have discussed with my lawyer about pursuing DV related settlement but I'm so fucking worried I do not have enough 'evidence', that I have been too complicit in my own violence, too much of a perfect victim. I have some voice recordings of him threatening/ verbally abusing me and his text messages admitting to it/ apologizing for it. Besides this, I have nothing.

Any advice would help, I'm at my limit, please be kind to me. ",1726871878.0,2024-09-20T22:37:58,1,0,/r/immigration/comments/1flol2k/not_sure_how_to_move_forwardspousal_visa_uk/,https://www.reddit.com/r/immigration/comments/1flol2k/not_sure_how_to_move_forwardspousal_visa_uk/,"not sure how to move forward|spousal visa - uk 
hi all, throw away account of course, because what i'm about to write is the only time i have ever spoken this out loud. tw: abuse, dv

i'm 24f currently dependent on a sousal visa with 32m. this visa has currently only been active since november of last year. prior to this i was on a student visa for 4 years and subsequently a graduate visa for 1.5 yrs while i switched to the spousal visa. 

we've been in this relationship for 5+ years, cohabit together and are in a civil partnership. to make this consice, it's been a rocky, downright abusive relationship at times. in 2021, prior to the civil partnership the abuse was quite acute due to the pressures of covid etc, in which he punched me in the head and pushed on the bed and was on top of me, holding me down. my two flatmates at the time, saw this happen and called the police who arrested him. this was then escalated to court as the police believed testimony from the two flatmates would be enough to convict him of assault. he was not allowed to visit the home we lived in during bail. i loved him and forgave him at the time and was also very scared as an immigrant therefore did not want any involvement with the police. i kept quiet, did not cooperate with the police. i did mention in court that he did not hurt me (i lied and i regret it daily because i was convinced he did not deserve criminal sentencing, that it was just ""a bad fight"") i was also in my final year of uni at the time, which consumed all my waking hours with my thesis and i couldn't get myself to believe that i was made victim. the case came to a conclusion and the judge ruled that he was not guilty. this was also in part because my flatmates were drunk when the event took place and couldn't get all the details correctly of the night. 

despite all this heavy history, when i switched from my graduate visa to a spousal visa on the basis of this relationship, i was granted the visa with no problems, to my own surprise. we are both white collar workers with no other criminal history, make more than decent wages, my lawyer explained. fast forward to today, the reason i make this reddit post - if you think he stopped being abusive, he never did. his abuse is cyclic, every two weeks, in almost everyway i can think of, verbal, financial, physical sometimes also sexual. i've reached a point in my life where i can't help but hate myself so much for ever choosing him as a partner. he was my first boyfriend and i didn't ever anticipate it would ever get this bad. i'm in so much pain constantly and i don't see a way out. if it continues down this road, i don't think i will live to see my late twenties. i've become passively su*cidal and don't see the joy or purpose in anything anymore. i can't leave him and if i do, my visa is gone. i rather end it than go back to where i came from. even though i went to a good uni and hold a good job, skilled worker route is so immensely hard i don't think i could do this and there aren't enough vacancies in my industry/ i'm still too junior in my field. i have discussed with my lawyer about pursuing dv related settlement but i'm so fucking worried i do not have enough 'evidence', that i have been too complicit in my own violence, too much of a perfect victim. i have some voice recordings of him threatening/ verbally abusing me and his text messages admitting to it/ apologizing for it. besides this, i have nothing.

any advice would help, i'm at my limit, please be kind to me. ",True,False
1fbgn35,immigration,How I did not get citizenship of Ukraine,"I have lived in Ukraine since 2013. Obtained permanent residency in 2018. I wanted to apply for citizenship later, but in my case, this is quite a long process where you apply, the application is reviewed by the Commission for Citizenship, and then, if the President signs the decree, you become a citizen.  
  
Anyway, according to the official data, for example, in 2020, only 267 people were given citizenship by such decrees. So the usual estimate is that it is not realistic at the moment for a regular person. Also, unfortunately, the law does not define any particular time frame here: your application can wait for many years before consideration.  
  
The only passport that I have is from russia, as I was born there. It is a pity that I am a holder of a passport from a terrorist organisation that literally tries to kill me as well as people that I love.  
  
Not only don’t I consider going back there (obviously), but that would also be extremely dangerous. I have donated large sums of money to the Ukrainian Army, have actually raised money for the Army on multiple occasions since 2022, and have been volunteering. That would be, I guess, at least 20 years in prison, until that regime is defeated.  
  
Actually, I have almost never even spoken russian since 2022. Pretty much all of the communication that I usually have with people is in Ukrainian or English.  
  
During all these years, Ukraine has become my home.  
  
But I obviously cannot wait my whole life to get a normal passport, issued by a state, not a terrorist organisation.  
  
And what has changed recently, by the way, is that in the case of citizens of russia, you cannot even apply for citizenship until the cancellation of the martial law and for another 12 months.  
  
Is there a moral to this story? I don’t know. It turns out you can become a Ukrainian mentally if you live in this country for long enough, but becoming a Ukrainian on paper can be completely impossible.  
  
On the other hand, do I regret staying in Ukraine for all these years? Absolutely not. It is a great country and great people. And they have taught me a lot. My advice for everyone is to come here at least once. You will be surprised by how much you didn’t know about it.  
  
And now I feel this is time for me to look into moving somewhere else, because again, I hate being a person with a passport issued by a terrorist organisation. I want a passport issued by a state.  
  
If you have a particular recommendation of a country where naturalisation is fast, this will be greatly appreciated. As well as any words of support, actually.  
  
I wish everyone the best of luck, and to eventually get a passport that you really love.  
",1725741599.0,2024-09-07T20:39:59,13,2,/r/immigration/comments/1fbgn35/how_i_did_not_get_citizenship_of_ukraine/,https://www.reddit.com/r/immigration/comments/1fbgn35/how_i_did_not_get_citizenship_of_ukraine/,"how i did not get citizenship of ukraine
i have lived in ukraine since 2013. obtained permanent residency in 2018. i wanted to apply for citizenship later, but in my case, this is quite a long process where you apply, the application is reviewed by the commission for citizenship, and then, if the president signs the decree, you become a citizen.  
  
anyway, according to the official data, for example, in 2020, only 267 people were given citizenship by such decrees. so the usual estimate is that it is not realistic at the moment for a regular person. also, unfortunately, the law does not define any particular time frame here: your application can wait for many years before consideration.  
  
the only passport that i have is from russia, as i was born there. it is a pity that i am a holder of a passport from a terrorist organisation that literally tries to kill me as well as people that i love.  
  
not only don’t i consider going back there (obviously), but that would also be extremely dangerous. i have donated large sums of money to the ukrainian army, have actually raised money for the army on multiple occasions since 2022, and have been volunteering. that would be, i guess, at least 20 years in prison, until that regime is defeated.  
  
actually, i have almost never even spoken russian since 2022. pretty much all of the communication that i usually have with people is in ukrainian or english.  
  
during all these years, ukraine has become my home.  
  
but i obviously cannot wait my whole life to get a normal passport, issued by a state, not a terrorist organisation.  
  
and what has changed recently, by the way, is that in the case of citizens of russia, you cannot even apply for citizenship until the cancellation of the martial law and for another 12 months.  
  
is there a moral to this story? i don’t know. it turns out you can become a ukrainian mentally if you live in this country for long enough, but becoming a ukrainian on paper can be completely impossible.  
  
on the other hand, do i regret staying in ukraine for all these years? absolutely not. it is a great country and great people. and they have taught me a lot. my advice for everyone is to come here at least once. you will be surprised by how much you didn’t know about it.  
  
and now i feel this is time for me to look into moving somewhere else, because again, i hate being a person with a passport issued by a terrorist organisation. i want a passport issued by a state.  
  
if you have a particular recommendation of a country where naturalisation is fast, this will be greatly appreciated. as well as any words of support, actually.  
  
i wish everyone the best of luck, and to eventually get a passport that you really love.  
",True,False
1crscl6,immigration,In-laws want me to sponsor them? Not sure what that means. What is a public charge rule?,"Hi,

So my in law parents want me to be a joint sponsor for their immigration. I personally don't want to do it, but am feeling pressured. My wife is supportive of my decision. My wife is currently finishing up her schooling and wants to sponsor her parents without me. We would separate our taxes (currently joint taxes) and she would make enough to sponsor them under her alone. If she were to sponsor now, I would need to be the joint sponsor because our taxes are combined and I make more money. Her parents are really pushing for this. 

A little background: We live in New York. We have a toddler child too. Her family entered legally, but overstayed. My wife and I got married and it is very genuine. She is amazing and we love and support each other. We didn't even file for green card right away. She wasn't in a rush or anything. Her parents are really pressuring and forcing us. They are older and have some medical issues. They have also visited the emergency room for medical visits and have Obamacare. They also plan to take retirement and benefits like food stamps after getting citizenship. I heard about the public charge rule. Not sure what it is or if it would apply here. 

I brought up our toddler child because we sometimes drop him off at my wife's parents to be watched. Her parents are really holding that against us, kinda blackmailing us - we do so much, we take care of your child, we've helped you financially in the past, you guys drain our energy by leaving your child with us, etc. I worry a lot about our child too. Yesterday night got pretty heated when we went to pick him up. Her parents were screaming and yelling and even threatening us to do it. My wife was yelling too. We left right away, but don't want this to impact the child at all.

Part of me wants to do it to help my wife and get it over with. They've helped me out in the past too financially. Another part of me really does not feel comfortable with it. I worry about the public charge rule, the liabilities, etc. Hoping you guys can provide more info about what it means to sponsor someone. I don't have the best relationship with my in-laws either. I try to help them as much as I can. I even went so far as getting them an apartment under my name, which I regret! They always make me and my wife feel like we don't do enough for them. I get it, they've helped us out in the past, but I feel a joint sponsorship is too much to ask for, especially when there has been abuse and toxic things in the past. They say ""we've been struggling for 15+ years"" I feel bad, but I think - how is that my problem? they've made their own decisions. Don't mean to sound insensitive or anything. At this point I don't want to be connected to them financially or other ways. My wife isn't saying she doesn't want to do it. She just wants them to wait a little longer and they are really rushing her/us.

I'm being indecisive. Heavily leaning towards not wanting to do it. Struggling with how to communicate it and hold that boundary.",1715693838.0,2024-05-14T13:37:18,56,24,/r/immigration/comments/1crscl6/inlaws_want_me_to_sponsor_them_not_sure_what_that/,https://www.reddit.com/r/immigration/comments/1crscl6/inlaws_want_me_to_sponsor_them_not_sure_what_that/,"in-laws want me to sponsor them? not sure what that means. what is a public charge rule?
hi,

so my in law parents want me to be a joint sponsor for their immigration. i personally don't want to do it, but am feeling pressured. my wife is supportive of my decision. my wife is currently finishing up her schooling and wants to sponsor her parents without me. we would separate our taxes (currently joint taxes) and she would make enough to sponsor them under her alone. if she were to sponsor now, i would need to be the joint sponsor because our taxes are combined and i make more money. her parents are really pushing for this. 

a little background: we live in new york. we have a toddler child too. her family entered legally, but overstayed. my wife and i got married and it is very genuine. she is amazing and we love and support each other. we didn't even file for green card right away. she wasn't in a rush or anything. her parents are really pressuring and forcing us. they are older and have some medical issues. they have also visited the emergency room for medical visits and have obamacare. they also plan to take retirement and benefits like food stamps after getting citizenship. i heard about the public charge rule. not sure what it is or if it would apply here. 

i brought up our toddler child because we sometimes drop him off at my wife's parents to be watched. her parents are really holding that against us, kinda blackmailing us - we do so much, we take care of your child, we've helped you financially in the past, you guys drain our energy by leaving your child with us, etc. i worry a lot about our child too. yesterday night got pretty heated when we went to pick him up. her parents were screaming and yelling and even threatening us to do it. my wife was yelling too. we left right away, but don't want this to impact the child at all.

part of me wants to do it to help my wife and get it over with. they've helped me out in the past too financially. another part of me really does not feel comfortable with it. i worry about the public charge rule, the liabilities, etc. hoping you guys can provide more info about what it means to sponsor someone. i don't have the best relationship with my in-laws either. i try to help them as much as i can. i even went so far as getting them an apartment under my name, which i regret! they always make me and my wife feel like we don't do enough for them. i get it, they've helped us out in the past, but i feel a joint sponsorship is too much to ask for, especially when there has been abuse and toxic things in the past. they say ""we've been struggling for 15+ years"" i feel bad, but i think - how is that my problem? they've made their own decisions. don't mean to sound insensitive or anything. at this point i don't want to be connected to them financially or other ways. my wife isn't saying she doesn't want to do it. she just wants them to wait a little longer and they are really rushing her/us.

i'm being indecisive. heavily leaning towards not wanting to do it. struggling with how to communicate it and hold that boundary.",True,False
1ccukew,immigration,TN Administrative processing,"I applied for a TN Visa for my and TD for my family. Using attorney and full sponsorship from my current employer in Mexico.

I am an accountant and I was promoted to oversee manufacturing operations in both Mexico and USA with a temporary plan to relocate to a USA city with my family.

I went to Mexico City Consulate to have my interview, with all paperwork aligned from my attorney: degree and transcripts (college and MBA from a USA School), employer sponsorship documents, etc), but, CO requested me to show a current certification to work as an accountant in either Mexico or USA, or at least a document that is called in Mexico ""Cedula Profesional"".

Even though I have it, it was not part of the list of requirements from the attorney requested, I did not bring it with me to the interview (which I regret tremendously). My attorney mentions that the requirement is a University Degree OR a professional certification, either, not both.

After some friendly discussion and begging to the CO, they accepted to put my request on a ""Pause"", and handed me a generic document with a handwritten note with the document they were expecting from me.  
I did send the ""missing"" document as fast as I was able to do it.

They kept our passports and apparently, all other documents were ok, which gives me a bit of hope, but unfortunately, I have not received any acknowledgment nor a change of status on the CEAC.  


Any similar experience? ",1714058234.0,2024-04-25T15:17:14,3,4,/r/immigration/comments/1ccukew/tn_administrative_processing/,https://www.reddit.com/r/immigration/comments/1ccukew/tn_administrative_processing/,"tn administrative processing
i applied for a tn visa for my and td for my family. using attorney and full sponsorship from my current employer in mexico.

i am an accountant and i was promoted to oversee manufacturing operations in both mexico and usa with a temporary plan to relocate to a usa city with my family.

i went to mexico city consulate to have my interview, with all paperwork aligned from my attorney: degree and transcripts (college and mba from a usa school), employer sponsorship documents, etc), but, co requested me to show a current certification to work as an accountant in either mexico or usa, or at least a document that is called in mexico ""cedula profesional"".

even though i have it, it was not part of the list of requirements from the attorney requested, i did not bring it with me to the interview (which i regret tremendously). my attorney mentions that the requirement is a university degree or a professional certification, either, not both.

after some friendly discussion and begging to the co, they accepted to put my request on a ""pause"", and handed me a generic document with a handwritten note with the document they were expecting from me.  
i did send the ""missing"" document as fast as i was able to do it.

they kept our passports and apparently, all other documents were ok, which gives me a bit of hope, but unfortunately, i have not received any acknowledgment nor a change of status on the ceac.  


any similar experience? ",True,False
11nu7rw,immigration,Moved to germany to study medicine but I regret ….,"Hello , 
I came from a country from middle east  alone to germany to study medicine when I was 21 yrs old as I genuinely wished to be a doctor and it was my dream not what my parents forced me or anything…, I had a quite hard life here as I had to study a lot and my classmates were germans and I should  have studied in german. I was a lot of time lonely , I was friends with germans but very superficial not geniun relationship. 90% of the pple from my home country that I know here are phd student and has a different lifestyle and they are much older than me,but I do enjoy with them more .even though I live here for 6 yrs , I dont feel home at all , I know pple but I cant say I have real friends here, I am still very lonely and I feel that I am becoming depressed too bcs I dont enjoy living or studying medicine. I do even regret chosing this major , I am 25 and I have still 2 yrs to finish my medschool , I was very ambitious but I am lazy now but I dont accept failure either , I had very hard time passing exams as my university has a high ranking so I didnt had time to try to make other friendships outside university with international students. At the same time , I hate thinking that I am gonna live here for the rest of my life .I dont have anything or anyone who keeps me to stay here, I dont like the pple and how racist they are , I dont like the depressing weather either…. I do even regret chosing medicine, its long and I should keep studying but I dont enjoy studying anymore…. I have still dream of moving to usa (california ) bcs there are more pple from my home country who live there , better weather and I do feel pple are not as racist as germans …so I think about imigrating to a new country after graduation but where ? Its really hard to move as a doctor …the reason that I want to immigrate again is bcs I didnt find happiness here but at the same time situations in my country keep getting worse so I cant go back to my home country either….bcs I dont see to have a good future there even though my parents live there still …I hope someone come and save me bcs I tried so much but still not happy … I dont even have energy for new imigrate but I cant accept to continue my life this way , I dont know what to do , does any body has advice for me?",1678466935.0,2023-03-10T16:48:55,12,0,/r/immigration/comments/11nu7rw/moved_to_germany_to_study_medicine_but_i_regret/,https://www.reddit.com/r/immigration/comments/11nu7rw/moved_to_germany_to_study_medicine_but_i_regret/,"moved to germany to study medicine but i regret ….
hello , 
i came from a country from middle east  alone to germany to study medicine when i was 21 yrs old as i genuinely wished to be a doctor and it was my dream not what my parents forced me or anything…, i had a quite hard life here as i had to study a lot and my classmates were germans and i should  have studied in german. i was a lot of time lonely , i was friends with germans but very superficial not geniun relationship. 90% of the pple from my home country that i know here are phd student and has a different lifestyle and they are much older than me,but i do enjoy with them more .even though i live here for 6 yrs , i dont feel home at all , i know pple but i cant say i have real friends here, i am still very lonely and i feel that i am becoming depressed too bcs i dont enjoy living or studying medicine. i do even regret chosing this major , i am 25 and i have still 2 yrs to finish my medschool , i was very ambitious but i am lazy now but i dont accept failure either , i had very hard time passing exams as my university has a high ranking so i didnt had time to try to make other friendships outside university with international students. at the same time , i hate thinking that i am gonna live here for the rest of my life .i dont have anything or anyone who keeps me to stay here, i dont like the pple and how racist they are , i dont like the depressing weather either…. i do even regret chosing medicine, its long and i should keep studying but i dont enjoy studying anymore…. i have still dream of moving to usa (california ) bcs there are more pple from my home country who live there , better weather and i do feel pple are not as racist as germans …so i think about imigrating to a new country after graduation but where ? its really hard to move as a doctor …the reason that i want to immigrate again is bcs i didnt find happiness here but at the same time situations in my country keep getting worse so i cant go back to my home country either….bcs i dont see to have a good future there even though my parents live there still …i hope someone come and save me bcs i tried so much but still not happy … i dont even have energy for new imigrate but i cant accept to continue my life this way , i dont know what to do , does any body has advice for me?",True,False
10183zx,immigration,"Denied entry to US, is it impossible to get B2 visa?","To cut the story short, I was denied entry to the US almost two years ago due to doing voluntary work. It was wrong, I get that, I am paying for the price for it because I lost my VWP. I regret it to this day

&amp;#x200B;

Since then I have been able to keep my job (for two years straight), still working for them, and have way more money in savings (close to 100k USD). My conditions have improved drastically. I am however, single, 35 and haven't started a family. This is a personal choice.

&amp;#x200B;

If I would like to visit the US again, I wonder if my chances are almost zero despite the change in circumstances? Should I give it 5 years in total perhaps? I would like to see my family members again

&amp;#x200B;

Any advice would be great

Thank you for reading",1672650332.0,2023-01-02T09:05:32,12,0,/r/immigration/comments/10183zx/denied_entry_to_us_is_it_impossible_to_get_b2_visa/,https://www.reddit.com/r/immigration/comments/10183zx/denied_entry_to_us_is_it_impossible_to_get_b2_visa/,"denied entry to us, is it impossible to get b2 visa?
to cut the story short, i was denied entry to the us almost two years ago due to doing voluntary work. it was wrong, i get that, i am paying for the price for it because i lost my vwp. i regret it to this day

&amp;#x200b;

since then i have been able to keep my job (for two years straight), still working for them, and have way more money in savings (close to 100k usd). my conditions have improved drastically. i am however, single, 35 and haven't started a family. this is a personal choice.

&amp;#x200b;

if i would like to visit the us again, i wonder if my chances are almost zero despite the change in circumstances? should i give it 5 years in total perhaps? i would like to see my family members again

&amp;#x200b;

any advice would be great

thank you for reading",True,False
tdzir6,immigration,"Any advice, please.","Hello everyone.

I am an LPR with my GC expiring in 2028. Lived in the US since 2005. I was petitioning my wife (Canadian) and we got approved I-130 in March of 2020.

The I-130 documents we needed to submit next was the wife’s Birth C. and Police Record. At the end of March, The administration then halted all LPR relatives to come to the US, due to Covid,and as per then President’s Executive Decision, he stated that immigrants coming in was a threat to jobs available for USC. Moreover, US Embassies were closed, and the Executive decision was extended multiple times. I didn’t see it ending and I lost all hope.

We were heartbroken since we were very close to the end of the process. Also this was before the elections, and we feared that this may go on longer. And with the uncertainty of Covid, I had to make a decision. Sold my house and quit my job. I moved to be with my wife in Canada in October of 2020. I regret not applying for a Re-entry, but with the backlog and with the tense politics, I didn’t think I will get anything soon from USCIS. With the borders being closed and flights have become scarce and expensive, I feared I had to make the quickest decision I had to do for us to be together.

My questions are, since I have been out of the US for more than allowed time, even though I still have ties with US, (Retirement Funds, 457 investment, Bank accounts, Credit cards and a USC child who is in US) Can I still apply for an appeal to re-enter? Is there anyone I can talk to? If I travel back to visit the US, should I present my 10yr Green Card at entry or is it deemed not valid since I have been out of the country for more than a year? If I don’t present it and the CSB would see that I was an LPR, I may be subjected to more questioning or refused entry.

Please, if anyone can help ease my mind, or direct me to anyone I can talk to. I would like to keep my LPR status, if there’s any possible way. Moving back to the US is still very much in my interest.

Thank you everyone. I appreciate your advice and answers more than I can express.",1647270195.0,2022-03-14T15:03:15,2,0,/r/immigration/comments/tdzir6/any_advice_please/,https://www.reddit.com/r/immigration/comments/tdzir6/any_advice_please/,"any advice, please.
hello everyone.

i am an lpr with my gc expiring in 2028. lived in the us since 2005. i was petitioning my wife (canadian) and we got approved i-130 in march of 2020.

the i-130 documents we needed to submit next was the wife’s birth c. and police record. at the end of march, the administration then halted all lpr relatives to come to the us, due to covid,and as per then president’s executive decision, he stated that immigrants coming in was a threat to jobs available for usc. moreover, us embassies were closed, and the executive decision was extended multiple times. i didn’t see it ending and i lost all hope.

we were heartbroken since we were very close to the end of the process. also this was before the elections, and we feared that this may go on longer. and with the uncertainty of covid, i had to make a decision. sold my house and quit my job. i moved to be with my wife in canada in october of 2020. i regret not applying for a re-entry, but with the backlog and with the tense politics, i didn’t think i will get anything soon from uscis. with the borders being closed and flights have become scarce and expensive, i feared i had to make the quickest decision i had to do for us to be together.

my questions are, since i have been out of the us for more than allowed time, even though i still have ties with us, (retirement funds, 457 investment, bank accounts, credit cards and a usc child who is in us) can i still apply for an appeal to re-enter? is there anyone i can talk to? if i travel back to visit the us, should i present my 10yr green card at entry or is it deemed not valid since i have been out of the country for more than a year? if i don’t present it and the csb would see that i was an lpr, i may be subjected to more questioning or refused entry.

please, if anyone can help ease my mind, or direct me to anyone i can talk to. i would like to keep my lpr status, if there’s any possible way. moving back to the us is still very much in my interest.

thank you everyone. i appreciate your advice and answers more than i can express.",True,False
k4apy6,immigration,Married German citizen while on Visa Waiver Program,"I need advice.  Today it's become hard to meet a life partner at work or school.  If a woman takes my innocent flirtation or advance the wrong way, metoo takes my job or scholarship.

Dating sites have become the norm today.  I met someone, we had great conversation via text, phone, and video chat.

As a German citizen, she can visit me without a visa due to the Visa Waiver Program.  We needed to know if this was real, what we felt.  So she visited me.  We got to see what it was like to live together.  She saw me not on a date, but through life.  We got lower GI upset from a meal, yet despite diarrhea our attraction to each other didn't diminish, it only grew.

Do you know how many years I've spent alone?  Any idea how many men have mistreated her, debased her, and used her?

So, a little more than 2 weeks before she had to go (she had 90-days) we couldn't imagine life without each other and we got married.

Now what do we do?  Was it impulsive?  Yes.  Spur of the moment?  Of course.  But neither her nor I regret it.  We just don't know what to do now?

Any help or advice would be appreciated before we hit the 90-day mark.  

P.S.
I am a natural born US citizen.",1606786991.0,2020-12-01T01:43:11,8,0,/r/immigration/comments/k4apy6/married_german_citizen_while_on_visa_waiver/,https://www.reddit.com/r/immigration/comments/k4apy6/married_german_citizen_while_on_visa_waiver/,"married german citizen while on visa waiver program
i need advice.  today it's become hard to meet a life partner at work or school.  if a woman takes my innocent flirtation or advance the wrong way, metoo takes my job or scholarship.

dating sites have become the norm today.  i met someone, we had great conversation via text, phone, and video chat.

as a german citizen, she can visit me without a visa due to the visa waiver program.  we needed to know if this was real, what we felt.  so she visited me.  we got to see what it was like to live together.  she saw me not on a date, but through life.  we got lower gi upset from a meal, yet despite diarrhea our attraction to each other didn't diminish, it only grew.

do you know how many years i've spent alone?  any idea how many men have mistreated her, debased her, and used her?

so, a little more than 2 weeks before she had to go (she had 90-days) we couldn't imagine life without each other and we got married.

now what do we do?  was it impulsive?  yes.  spur of the moment?  of course.  but neither her nor i regret it.  we just don't know what to do now?

any help or advice would be appreciated before we hit the 90-day mark.  

p.s.
i am a natural born us citizen.",True,False
j8wljt,immigration,"HELP, I am currently In removal proceedings, I’ve had DACA for 7years.","Hello everyone, First and foremost I am 26 years old, married &amp; have 2 kids, one is 5 the other is 3. I’ve had DACA since Obama was in office and still have DACA although it is expiring very soon.
I am in a hard place in my life right now, very stressful and I feel hopeless about my family and my future.
Before I go on about my story I have to add this important part. On Oct/Nov 2019 I had appendix surgery, Everything went smoothly, and I got a call a couple of days later from my doctor saying she wanted to see me and talk about something. I showed up and we spoke, about the surgery but she told me they found a ball on the tip of my appendix, They tested it and it turns out it was a grade 2 carcinoid cancer/tumor. I spoke with a cancer specialist and he said it could be spreading out in my body since it was on the tip of my appendix, he suggested a lot of different surgeries which I was not about to do because it was way too much money and I don’t want to live like that.
Since that appendix surgery, I have had some serious pain in my left abdomen, and they gave me hydroxycoden for pain. I was not about to be addicted to opioids..  a buddy recommended me to try marijuana for the pain. It worked wonders. I continued my life but 2 months after I was pulled over for speeding and had some marijuana on me (I regret this with my life) I got charged with 2 felony counts, one for marijuana and another for a brownie I had.

- On Feb 20 I went to jail and saw a judge who was about to get out but ICE placed me on hold, next day I was moved to ICE detention.
- 1 week in detention and saw an ICE agent who granted me a bond of 15,000 I didn’t wanna last in detention any longer so I bonded out the next day.
- On Mar 1 I was released from detention.
- On Mar 4 I married my high school sweat heart, The love of my life, who I’ve been dating for 8yrs and engaged for 2 years.
- Mar 20 hired criminal and immigration lawyers.
- covid broke out and pushed my criminal court dates back
- On April 1 Talk to doctors about obtaining my medical card, and they saw my records &amp;amp; I was accepted.
- Oct 10 Criminal case looks like the prosecutor does not want to work with us on the charges ( plz note I am a first-time offender) so I don’t see why they wouldn’t work with me so I don’t get deported.
- the trial is set for November, but the judge wants a pre-trail before we set an official trial date due to him asking the prosecutor to work something out. 
- Spoke with an immigration attorney who wants to file an i130 and a Cancellation of deportation to fight my federal case. I did get my master's hearing Fed 2021
- immigration is all on hold till I find out what is gonna happen to my criminal case. 

I am losing my mind about all this, I regret all of my mistakes I never wanted to place myself &amp;amp; my family in such a terrible place. My wife is a positive person and keeps my head high every day. I do not want to get deported. Any advice or if anyone has been through something like this please I need help!


— UPDATE —

[ 10/22/2020 ]

The prosecutor offered me a plea
Gross misdemeanor of Less than a quarter of hashish with a stay of justification 
I believe it fits the Waiver, I have no other option but to take this plea or go to trial.



[ 02/4/2021 ]

-The MASTER calendar hearing was postponed due to covid and set for March of 2022.



[ 03/30/2021 ]

-Biometrics from my I-485 application was taken from past fingerprints. currently, no status since, and it's been 541 days since today 09/22/22



[ 01/17/2022 ]

-The MASTER calendar hearing is set for March 3rd. ( postponed till ? ) 



[ 02/01/2022 ]

-I have applied for a work permit through EOIR42b Cancellation of removal. The type of card is an I-765 1yr work permit.



[ 09/15/2022 ]

-Sent Expedite request, for financial loss and got approved on 09/21/22 (YAY!!)
-Found out you can't use a waiver on top of Cancellation of removal.
-Lawyer contacted the consul of ICE, to get me out of removal proceedings due to my cancer and already having to show hardships. Consul asked for proof 


[  ]",1602380139.0,2020-10-11T01:35:39,36,47,/r/immigration/comments/j8wljt/help_i_am_currently_in_removal_proceedings_ive/,https://www.reddit.com/r/immigration/comments/j8wljt/help_i_am_currently_in_removal_proceedings_ive/,"help, i am currently in removal proceedings, i’ve had daca for 7years.
hello everyone, first and foremost i am 26 years old, married &amp; have 2 kids, one is 5 the other is 3. i’ve had daca since obama was in office and still have daca although it is expiring very soon.
i am in a hard place in my life right now, very stressful and i feel hopeless about my family and my future.
before i go on about my story i have to add this important part. on oct/nov 2019 i had appendix surgery, everything went smoothly, and i got a call a couple of days later from my doctor saying she wanted to see me and talk about something. i showed up and we spoke, about the surgery but she told me they found a ball on the tip of my appendix, they tested it and it turns out it was a grade 2 carcinoid cancer/tumor. i spoke with a cancer specialist and he said it could be spreading out in my body since it was on the tip of my appendix, he suggested a lot of different surgeries which i was not about to do because it was way too much money and i don’t want to live like that.
since that appendix surgery, i have had some serious pain in my left abdomen, and they gave me hydroxycoden for pain. i was not about to be addicted to opioids..  a buddy recommended me to try marijuana for the pain. it worked wonders. i continued my life but 2 months after i was pulled over for speeding and had some marijuana on me (i regret this with my life) i got charged with 2 felony counts, one for marijuana and another for a brownie i had.

- on feb 20 i went to jail and saw a judge who was about to get out but ice placed me on hold, next day i was moved to ice detention.
- 1 week in detention and saw an ice agent who granted me a bond of 15,000 i didn’t wanna last in detention any longer so i bonded out the next day.
- on mar 1 i was released from detention.
- on mar 4 i married my high school sweat heart, the love of my life, who i’ve been dating for 8yrs and engaged for 2 years.
- mar 20 hired criminal and immigration lawyers.
- covid broke out and pushed my criminal court dates back
- on april 1 talk to doctors about obtaining my medical card, and they saw my records &amp;amp; i was accepted.
- oct 10 criminal case looks like the prosecutor does not want to work with us on the charges ( plz note i am a first-time offender) so i don’t see why they wouldn’t work with me so i don’t get deported.
- the trial is set for november, but the judge wants a pre-trail before we set an official trial date due to him asking the prosecutor to work something out. 
- spoke with an immigration attorney who wants to file an i130 and a cancellation of deportation to fight my federal case. i did get my master's hearing fed 2021
- immigration is all on hold till i find out what is gonna happen to my criminal case. 

i am losing my mind about all this, i regret all of my mistakes i never wanted to place myself &amp;amp; my family in such a terrible place. my wife is a positive person and keeps my head high every day. i do not want to get deported. any advice or if anyone has been through something like this please i need help!


— update —

[ 10/22/2020 ]

the prosecutor offered me a plea
gross misdemeanor of less than a quarter of hashish with a stay of justification 
i believe it fits the waiver, i have no other option but to take this plea or go to trial.



[ 02/4/2021 ]

-the master calendar hearing was postponed due to covid and set for march of 2022.



[ 03/30/2021 ]

-biometrics from my i-485 application was taken from past fingerprints. currently, no status since, and it's been 541 days since today 09/22/22



[ 01/17/2022 ]

-the master calendar hearing is set for march 3rd. ( postponed till ? ) 



[ 02/01/2022 ]

-i have applied for a work permit through eoir42b cancellation of removal. the type of card is an i-765 1yr work permit.



[ 09/15/2022 ]

-sent expedite request, for financial loss and got approved on 09/21/22 (yay!!)
-found out you can't use a waiver on top of cancellation of removal.
-lawyer contacted the consul of ice, to get me out of removal proceedings due to my cancer and already having to show hardships. consul asked for proof 


[  ]",True,False
j0itto,immigration,A Turk Wanting to Move to West.,"Hi people. Just a lilttle backstory of me before I ask my question.

I'm a 27 year-old male, and just got my bachelor's on English Language and Literature. I thought I'd be easy for me to find a job since people with foreign languages are wanted all over the world, but that wasn't the case.

See, if you graduate from my department, you either end up studying another major, hit one of your links up and find a job through people with power, or get a pedagogical certificate and become a teacher. And since I was scared of having no job, I got the certificate and did teaching for almost 2 years, but the amount they pay teachers is absolutely ridicilous and the way our economy has been for the past 5-6 years, it genuinely looks hopeless.

Now, I had the opportunity to work with Australian Consulate for a day or two since my school is located in the same city as Turks and The Anzacs fought in the WWI and thanks to Atatürk, our relationship has been top notch ever since. And other than that, I've never had a criminal record, I've never even had a ticket despite of having been a driver/rider for the past 6 years. I've got a Schengen Visa and my father sent me to Italy for the summer for an Italian course and those are all documented.

I know it's not much but I feel like it's my only way to the true happiness in life.

What are my plans?

My plan is to be around more understanding and more modern people.  I want to be able to go out with my mates and not worry about the bill. I want to visit other countries without giving up and/or risking my savings since such thing is considered a luxury here.

I want learn more. Learn about different cultures, different people and I want to learn what it is like to live in a rather ''care-free'' as my entire youth has been, quite literally, wasted under Erdogan's regime. I don't want to digress too much but as an example,  I love cars and I just couldn't have one since you have to pay a whopping %130 tax on top of the ridiculous prices so even for, say a high milage second hand Fiesta, you **have** to get a big chunk of a loan from a bank because you just can't save all that money. *(for reference, the minimum wage here is 2.5K. and you have to pay at least 70K for the said Fiesta, whereas it should be around just under 10K in any other EU country. It's just bizzare.)*

&amp;#x200B;

I just want to live a normal life.

A good friend of my father's wants me to come to Canada as he thinks I can survive there. And although I absolutely adore Canada, I don't know now to get there, or any other western countries for that matter.

&amp;#x200B;

Now before you say that Turkey isn't *that* bad, I agree. But I don't feel like I belong here anymore.

Even to this day, the sheer though of me sitting in a plane on my way to a new life is just moves me on an entirely different level.

&amp;#x200B;

It is either Canada, or other European countries for me, although I could have some difficulties with the language since I don't have a fixed ''profession'' which haunts me a lot and I regret studying that particular department, to be fair.

&amp;#x200B;

I feel like I've rambled about too much so here is a TL:DR

&amp;#x200B;

27, M, Turkish, wants to move to Canada, or Europe. What steps should I take?

&amp;#x200B;

Thank you have a good day and never take things for granted.",1601172707.0,2020-09-27T02:11:47,8,1,/r/immigration/comments/j0itto/a_turk_wanting_to_move_to_west/,https://www.reddit.com/r/immigration/comments/j0itto/a_turk_wanting_to_move_to_west/,"a turk wanting to move to west.
hi people. just a lilttle backstory of me before i ask my question.

i'm a 27 year-old male, and just got my bachelor's on english language and literature. i thought i'd be easy for me to find a job since people with foreign languages are wanted all over the world, but that wasn't the case.

see, if you graduate from my department, you either end up studying another major, hit one of your links up and find a job through people with power, or get a pedagogical certificate and become a teacher. and since i was scared of having no job, i got the certificate and did teaching for almost 2 years, but the amount they pay teachers is absolutely ridicilous and the way our economy has been for the past 5-6 years, it genuinely looks hopeless.

now, i had the opportunity to work with australian consulate for a day or two since my school is located in the same city as turks and the anzacs fought in the wwi and thanks to atatürk, our relationship has been top notch ever since. and other than that, i've never had a criminal record, i've never even had a ticket despite of having been a driver/rider for the past 6 years. i've got a schengen visa and my father sent me to italy for the summer for an italian course and those are all documented.

i know it's not much but i feel like it's my only way to the true happiness in life.

what are my plans?

my plan is to be around more understanding and more modern people.  i want to be able to go out with my mates and not worry about the bill. i want to visit other countries without giving up and/or risking my savings since such thing is considered a luxury here.

i want learn more. learn about different cultures, different people and i want to learn what it is like to live in a rather ''care-free'' as my entire youth has been, quite literally, wasted under erdogan's regime. i don't want to digress too much but as an example,  i love cars and i just couldn't have one since you have to pay a whopping %130 tax on top of the ridiculous prices so even for, say a high milage second hand fiesta, you **have** to get a big chunk of a loan from a bank because you just can't save all that money. *(for reference, the minimum wage here is 2.5k. and you have to pay at least 70k for the said fiesta, whereas it should be around just under 10k in any other eu country. it's just bizzare.)*

&amp;#x200b;

i just want to live a normal life.

a good friend of my father's wants me to come to canada as he thinks i can survive there. and although i absolutely adore canada, i don't know now to get there, or any other western countries for that matter.

&amp;#x200b;

now before you say that turkey isn't *that* bad, i agree. but i don't feel like i belong here anymore.

even to this day, the sheer though of me sitting in a plane on my way to a new life is just moves me on an entirely different level.

&amp;#x200b;

it is either canada, or other european countries for me, although i could have some difficulties with the language since i don't have a fixed ''profession'' which haunts me a lot and i regret studying that particular department, to be fair.

&amp;#x200b;

i feel like i've rambled about too much so here is a tl:dr

&amp;#x200b;

27, m, turkish, wants to move to canada, or europe. what steps should i take?

&amp;#x200b;

thank you have a good day and never take things for granted.",True,False
idwqz8,immigration,K1 and CR1,"I was on visajourney earlier today and I came across a post asking if applying for the K1 is even worth the trouble anymore. 
(Link here: https://www.visajourney.com/forums/topic/744473-k1-visa-to-file-or-not/)

Most people said getting married and applying for CR1 is a better idea than K1. 
Here’s what a user posted: (sorry if the formatting is bad)


K-1
    Slightly faster arrival in the US 
    More expensive than CR-1    
    Requires Adjustment of Status after marriage (expensive and requires a lot of paperwork)    
    Spouse can not leave the US until she/he receives approved Advance Parole (approx 5-6 months)    
    Spouse can not work until she/he receives EAD (approx 5-6 months)    
    Some people have had problems with driver licenses, Social Security cards, leases, bank account during this period    
    Spouse will not receive Green Card for many months after Adjustment of Status is filed.
    A denied K-1 is sent back to USCIS to expire
  
CR-1
    Slightly slower arrival in the US 
    Less expensive than K-1    
    No Adjustment of Status(I-485, I-131, I-765) required.    
    Spouse can immediately travel outside the US    
    Spouse is authorized to work immediately upon arrival.    
    Spouse receives Social Security Card and Green Card within 2 or 3 weeks after entering the US    
    Opening a bank account, getting a driver's license, etc. are very easily accomplished with GC, SS card, and passport.
    Spouse has legal permanent Resident status IMMEDIATELY upon entry to US.
    Intent to deny can be rebutted and reviewed.


Now I regret applying for K1, but because I applied in March, I feel like it’d be a waste of time to give that up and go the other route. Has anyone dropped one and gone for the other?",1598016625.0,2020-08-21T13:30:25,8,1,/r/immigration/comments/idwqz8/k1_and_cr1/,https://www.reddit.com/r/immigration/comments/idwqz8/k1_and_cr1/,"k1 and cr1
i was on visajourney earlier today and i came across a post asking if applying for the k1 is even worth the trouble anymore. 
(link here: https://www.visajourney.com/forums/topic/744473-k1-visa-to-file-or-not/)

most people said getting married and applying for cr1 is a better idea than k1. 
here’s what a user posted: (sorry if the formatting is bad)


k-1
    slightly faster arrival in the us 
    more expensive than cr-1    
    requires adjustment of status after marriage (expensive and requires a lot of paperwork)    
    spouse can not leave the us until she/he receives approved advance parole (approx 5-6 months)    
    spouse can not work until she/he receives ead (approx 5-6 months)    
    some people have had problems with driver licenses, social security cards, leases, bank account during this period    
    spouse will not receive green card for many months after adjustment of status is filed.
    a denied k-1 is sent back to uscis to expire
  
cr-1
    slightly slower arrival in the us 
    less expensive than k-1    
    no adjustment of status(i-485, i-131, i-765) required.    
    spouse can immediately travel outside the us    
    spouse is authorized to work immediately upon arrival.    
    spouse receives social security card and green card within 2 or 3 weeks after entering the us    
    opening a bank account, getting a driver's license, etc. are very easily accomplished with gc, ss card, and passport.
    spouse has legal permanent resident status immediately upon entry to us.
    intent to deny can be rebutted and reviewed.


now i regret applying for k1, but because i applied in march, i feel like it’d be a waste of time to give that up and go the other route. has anyone dropped one and gone for the other?",True,False
eu0j4b,immigration,Looking for information,I'm going to try to keep this short....I have questions. I dont have DACA cus when I was a teenager I was really fucking up just going down the wrong path and I wasn't aware of how much DACA was important to someone like me (no papers) so I dropped out of high and honestly never got around doing anything about it. And honestly I've just been working staffing agencies throughout my whole life. Nothing but factories and warehouses. But recently I've talked to my girlfriend and she's willing to try to help me become a resident by marriage I guess? I'm not sure how it work. I was looking for a brief explanation on how this works or if I'm even eligible for it. We have a 5 month baby and Its just gona get harder trying to provide for him on minimum wage. I regret my mistakes but I keep my head up. I try to stay as positive as I can. Thanks in advance,1580004686.0,2020-01-26T02:11:26,8,1,/r/immigration/comments/eu0j4b/looking_for_information/,https://www.reddit.com/r/immigration/comments/eu0j4b/looking_for_information/,"looking for information
i'm going to try to keep this short....i have questions. i dont have daca cus when i was a teenager i was really fucking up just going down the wrong path and i wasn't aware of how much daca was important to someone like me (no papers) so i dropped out of high and honestly never got around doing anything about it. and honestly i've just been working staffing agencies throughout my whole life. nothing but factories and warehouses. but recently i've talked to my girlfriend and she's willing to try to help me become a resident by marriage i guess? i'm not sure how it work. i was looking for a brief explanation on how this works or if i'm even eligible for it. we have a 5 month baby and its just gona get harder trying to provide for him on minimum wage. i regret my mistakes but i keep my head up. i try to stay as positive as i can. thanks in advance",True,False
6148zz,immigration,[serious]Transit/visitor visa for former illegal immigrant.,"Hello there my question is, is it possible to get a visitor visa after been in the USA illegally? I was illegally in the USA, from Mexico for around 10 years, no criminal records at all, then I left voluntary to reside on another country in Asia, where I'm fully legal and about to gain citizenship. Now because of my creative type work I get invitations to several conferences in the USA. Also to visit my home country I need to stop in the US, on the flight from Asia. But the most important thing is that my senior father is in prison for a non violent crime and I would like to visit him more than anything. More details are, I left USA about 5 years ago, I have a child born in the USA (8yo), and when I first tried to cross the border 15 years ago I was stopped by immigration officers and sent back, I crossed successfully later that month. I don't want to sound like a complete cynic, I regret what I did and the way it have separated my family, nevertheless we would have died of starvation or the cartel violence in Mexico. And yes I did tried to get a Visa 15 years ago but got rejected since I had just finished a 2 year religious missionary​ Service. 
Thank you so much for reading this and your answers.",1490299274.0,2017-03-23T20:01:14,11,2,/r/immigration/comments/6148zz/serioustransitvisitor_visa_for_former_illegal/,https://www.reddit.com/r/immigration/comments/6148zz/serioustransitvisitor_visa_for_former_illegal/,"[serious]transit/visitor visa for former illegal immigrant.
hello there my question is, is it possible to get a visitor visa after been in the usa illegally? i was illegally in the usa, from mexico for around 10 years, no criminal records at all, then i left voluntary to reside on another country in asia, where i'm fully legal and about to gain citizenship. now because of my creative type work i get invitations to several conferences in the usa. also to visit my home country i need to stop in the us, on the flight from asia. but the most important thing is that my senior father is in prison for a non violent crime and i would like to visit him more than anything. more details are, i left usa about 5 years ago, i have a child born in the usa (8yo), and when i first tried to cross the border 15 years ago i was stopped by immigration officers and sent back, i crossed successfully later that month. i don't want to sound like a complete cynic, i regret what i did and the way it have separated my family, nevertheless we would have died of starvation or the cartel violence in mexico. and yes i did tried to get a visa 15 years ago but got rejected since i had just finished a 2 year religious missionary​ service. 
thank you so much for reading this and your answers.",True,False
32izlt,immigration,I-130 questions,"Hi, 

My husband a permanent resident (green card holder) lodged an I-130 in 2001. We moved around so much from state to state that INS (as it was called then) sent a letter to us in Miami but the people that bought our home never forwarded that letter to us in Maryland where we had moved. I sent several letters to advise INS of our move to Maryland and never received anything further from them. Life happened, we worked (he had his own business) and frankly I forgot all about my 'papers', yes I know that was incredibly stupid and I regret it so much now. A few years ago we decided to move to Australia (where I am from) and figured why bother with my application when we were leaving anyway. 

Well, we moved to Australia July 2014 and it has been nothing like we expected. Unemployment is terrible here in Brisbane and we cannot find decent employment. My husband returned to the US in December (he can only stay out of the country for max. 6 months or risk losing his residency). He is now living in Florida. He went to a field office in Tampa four weeks ago and they gave him a G-639 form (which we sent two weeks ago), they also told him my Visa was approved in 2004 but they sent me a notice which was returned undelivered. 

In the meantime he found employment in Miami and has relocated from Tampa. Last Tuesday he had an appointment with a lawyer and he told my husband that we would have to start the entire process again and that it takes 1 to 3 years. My husband is devastated and has gone into a deep depression. He is diabetic and is prone to depression so I am very worried for him right now. I cannot travel to the US to take care of him and he cannot come here for a while. It just doesn't make economic sense for him to come here when we could be spending time and money on my application. 

Can anyone tell me if in fact I have to start the process again (USCIS page says the wait time is 5 months for Permanent Resident applying for spouse or unmarried child under 21) or can I continue with my decade old application and essentially take up where we left it?

Sorry if I waffled on and on, I have no idea where to ask and asking my husband to call or go to USCIS office or a lawyer is not a great idea right now (can't take time off work and also slight language barrier made worse when dealing with USCIS). he called me last night and is in a dark place right now. I have never heard him so despondant and depressed. 

Any help or info will be helpful. 

Thank you Reddit!!


edit: spelling and stuff",1428984893.0,2015-04-14T04:14:53,10,3,/r/immigration/comments/32izlt/i130_questions/,https://www.reddit.com/r/immigration/comments/32izlt/i130_questions/,"i-130 questions
hi, 

my husband a permanent resident (green card holder) lodged an i-130 in 2001. we moved around so much from state to state that ins (as it was called then) sent a letter to us in miami but the people that bought our home never forwarded that letter to us in maryland where we had moved. i sent several letters to advise ins of our move to maryland and never received anything further from them. life happened, we worked (he had his own business) and frankly i forgot all about my 'papers', yes i know that was incredibly stupid and i regret it so much now. a few years ago we decided to move to australia (where i am from) and figured why bother with my application when we were leaving anyway. 

well, we moved to australia july 2014 and it has been nothing like we expected. unemployment is terrible here in brisbane and we cannot find decent employment. my husband returned to the us in december (he can only stay out of the country for max. 6 months or risk losing his residency). he is now living in florida. he went to a field office in tampa four weeks ago and they gave him a g-639 form (which we sent two weeks ago), they also told him my visa was approved in 2004 but they sent me a notice which was returned undelivered. 

in the meantime he found employment in miami and has relocated from tampa. last tuesday he had an appointment with a lawyer and he told my husband that we would have to start the entire process again and that it takes 1 to 3 years. my husband is devastated and has gone into a deep depression. he is diabetic and is prone to depression so i am very worried for him right now. i cannot travel to the us to take care of him and he cannot come here for a while. it just doesn't make economic sense for him to come here when we could be spending time and money on my application. 

can anyone tell me if in fact i have to start the process again (uscis page says the wait time is 5 months for permanent resident applying for spouse or unmarried child under 21) or can i continue with my decade old application and essentially take up where we left it?

sorry if i waffled on and on, i have no idea where to ask and asking my husband to call or go to uscis office or a lawyer is not a great idea right now (can't take time off work and also slight language barrier made worse when dealing with uscis). he called me last night and is in a dark place right now. i have never heard him so despondant and depressed. 

any help or info will be helpful. 

thank you reddit!!


edit: spelling and stuff",True,False
