id,subreddit,title,selftext,created_utc,created_dt,num_comments,score,permalink,url,full_text,keep,exclude
1pyqjy6,IWantOut,[IWantOut] 25-30M Writer USA -&gt; Colombia,"I thought moving to Colombia was going to be the start of a new life. I never imagined one afternoon could erase everything I had built my visa, my apartment, and the friendships that made me feel at home.

Not legal advice. This is a warning I wish I had taken seriously.

When I moved, I focused on getting the logistics right: visas, housing, money. I hired a lawyer early and assumed that meant I was safe. Over time, I built a real life there without realizing how fragile it all was.

I made genuine friends. Other expats who felt like family because we were all figuring things out together. Locals who welcomed me in and made the city feel like home. These were the closest friendships I had formed in years.

I had stepped out of the country briefly to visit family, assuming everything with my visa was in process and fine. That’s when everything fell apart. At the airport, I was told my visa had been denied and I couldn’t return. There was no warning and no chance to fix it.

I didn’t get to say goodbye properly. I just left.

Distance did what it always does. Some friendships faded immediately. Others still exist, but in a quieter, more distant way. The life I built kept going without me.

What hurts most is knowing it was avoidable. I trusted the wrong legal help and assumed silence meant progress. One mistake ended an entire chapter overnight.

If you’re planning to move abroad, please take immigration seriously. Not just because of the rules, but because losing your status can mean losing your community and the people you care about with no notice at all. I wish someone had warned me how fast everything can disappear.",1767025369.0,2025-12-29T16:22:49,15,0,/r/IWantOut/comments/1pyqjy6/iwantout_2530m_writer_usa_colombia/,https://www.reddit.com/r/IWantOut/comments/1pyqjy6/iwantout_2530m_writer_usa_colombia/,"[iwantout] 25-30m writer usa -&gt; colombia
i thought moving to colombia was going to be the start of a new life. i never imagined one afternoon could erase everything i had built my visa, my apartment, and the friendships that made me feel at home.

not legal advice. this is a warning i wish i had taken seriously.

when i moved, i focused on getting the logistics right: visas, housing, money. i hired a lawyer early and assumed that meant i was safe. over time, i built a real life there without realizing how fragile it all was.

i made genuine friends. other expats who felt like family because we were all figuring things out together. locals who welcomed me in and made the city feel like home. these were the closest friendships i had formed in years.

i had stepped out of the country briefly to visit family, assuming everything with my visa was in process and fine. that’s when everything fell apart. at the airport, i was told my visa had been denied and i couldn’t return. there was no warning and no chance to fix it.

i didn’t get to say goodbye properly. i just left.

distance did what it always does. some friendships faded immediately. others still exist, but in a quieter, more distant way. the life i built kept going without me.

what hurts most is knowing it was avoidable. i trusted the wrong legal help and assumed silence meant progress. one mistake ended an entire chapter overnight.

if you’re planning to move abroad, please take immigration seriously. not just because of the rules, but because losing your status can mean losing your community and the people you care about with no notice at all. i wish someone had warned me how fast everything can disappear.",True,False
1lqcs4x,IWantOut,[IWantOut] 24F Data Analyst PH -&gt; UK/LUX/Malta/Gibraltar,"Turning 24 in a month, Indian passport holder.

In 2023, I graduated with a 2:1 in BEng (hons) Computer Science from a UK university and am currently working as a Data Analyst in the iGaming industry in the Philippines.

I regret not trying harder to secure a job in the UK after graduation. I had a decent offer in the Philippines, around 32K USD annually, excluding housing and benefits, which I think is quite good for the Philippines, so I took it. But I now regret both joining the iGaming industry (it doesn’t align with my values) and relocating to the Philippines. I don't connect well with the kids my age here, and I really miss my friends and life in Europe.

I know the job market is already tough, and needing visa sponsorship, especially for a junior role, makes things even more difficult. Plus, from an employer standpoint, even more disadvantageous that I need to relocate to start work. 

I would really appreciate advice from others. Ideally, I would like to move back to the UK for work, or to Ireland or Luxembourg. Realistically, do I have a shot? Or are these locations too competitive due to sponsorship challenges?

If not, where can I go? I’m open to continuing in the iGaming industry and even starting out in smaller hubs like Gibraltar or Malta if those are easier to get interviews and visa sponsorships. Are companies there more willing to hire non-EU applicants?

Any direction or suggestions would be hugely appreciated. I’m feeling quite lost at the moment and just want to make a move I won’t regret again.",1751505126.0,2025-07-03T01:12:06,2,0,/r/IWantOut/comments/1lqcs4x/iwantout_24f_data_analyst_ph_ukluxmaltagibraltar/,https://www.reddit.com/r/IWantOut/comments/1lqcs4x/iwantout_24f_data_analyst_ph_ukluxmaltagibraltar/,"[iwantout] 24f data analyst ph -&gt; uk/lux/malta/gibraltar
turning 24 in a month, indian passport holder.

in 2023, i graduated with a 2:1 in beng (hons) computer science from a uk university and am currently working as a data analyst in the igaming industry in the philippines.

i regret not trying harder to secure a job in the uk after graduation. i had a decent offer in the philippines, around 32k usd annually, excluding housing and benefits, which i think is quite good for the philippines, so i took it. but i now regret both joining the igaming industry (it doesn’t align with my values) and relocating to the philippines. i don't connect well with the kids my age here, and i really miss my friends and life in europe.

i know the job market is already tough, and needing visa sponsorship, especially for a junior role, makes things even more difficult. plus, from an employer standpoint, even more disadvantageous that i need to relocate to start work. 

i would really appreciate advice from others. ideally, i would like to move back to the uk for work, or to ireland or luxembourg. realistically, do i have a shot? or are these locations too competitive due to sponsorship challenges?

if not, where can i go? i’m open to continuing in the igaming industry and even starting out in smaller hubs like gibraltar or malta if those are easier to get interviews and visa sponsorships. are companies there more willing to hire non-eu applicants?

any direction or suggestions would be hugely appreciated. i’m feeling quite lost at the moment and just want to make a move i won’t regret again.",True,False
cdf34y,IWantOut,Things I wish I knew before I moved abroad [M27 US -&gt; SE],"Hi everyone,

I just wanted to share a bit of reflection on the reality of living abroad for an extended period of time. I am a 27 year old from the US who moved to Sweden permanently when I was 23, after studying abroad in Sweden for a year when I was 20. I moved here because my partner is Swedish and I fell in love with Sweden when I studied abroad here. Here are a couple of points, both positive and negative that I think I wish I had known when I moved here. I think these points are most relevant for people who are moving to another country as a personal choice or adventure rather than for better financial opportunities. 

**There are times where you will feel isolated.** Living abroad really limits the amount of people who have similar life experiences as you. If I never left the US, most people in my social circle would have similar life experiences as me, go to high school, go to college, move to a city and start working, slowly progress in my career, meet somebody etc. We have common reference points and a “typical” trajectory. Here in Sweden I know some people who have had similar life experiences but the number is dramatically reduced. How expats ended up in Sweden varies greatly from one person to the other. Among expats living in Sweden there is kind of a split between people who have lived in a ton of different countries and are just temporarily in Sweden and those who are trying to settle down and fully integrate into Sweden. Those who are here temporarily have more of an “expat mindset” about where to live next and talking about where they have lived and comparing different countries. In some cases this can be super negative and it is exhausting to listen to if you’ve spent a ton of time and energy trying to make a country your home. Being removed from your family is also quite difficult. In practical terms doing something like moving becomes way more difficult when you are in a country alone. And of course you don’t typically get to see your family members more than once a year. 

**Living abroad permanently isn’t the same as living as an exchange student.**  This is obvious and I knew it intellectually before moving back but it still took a bit of time to adjust. As an exchange student you are basically in this fantasy world where you can live abroad, have adventures, meet interesting people, all while not having to worry as much about the shitty parts of being an expat (like dealing with bureaucracy, getting a job, finding a stable friend group). I still encourage anyone who absolutely loved studying abroad to move abroad as well, but just know that an exchange year or semester is totally different than moving somewhere permanently. 

**Your career will probably take a hit**. Depending on your profession and where you move, you most likely will take a bit of a career hit. Your credentials and experience might not easily transfer to the place that you are moving, even if they do you may face issues with language barriers or discrimination, you won’t have the same connections as in your home country. That being said there are some clear perks even if your career takes a hit. Moving to a northern European country for instance has made my work life balance much better. The higher level of income equality has made climbing the career ladder feel less like a requirement to have a good standard of living. Even though the job market is really tough for people in my field I still feel like it is more sustainable because the working conditions are so much better than in the US. 

**Your home country will feel more foreign**. Every time I go back to the US it feels more foreign to me. I feel disconnected and uneasy. The feeling is really bizarre, everything is clearly familiar but also feels distant and that combination is jarring. 

**You may be happier in your new country**. Despite all of these negative points I enjoy living abroad more than I ever enjoyed living in the US. I was able to build a stronger community here than where I grew up. I feel like despite the occasional feelings of isolation I feel more comfortable here. But I think the reason I thrive here is because I came here originally as an exchange student, was able to build a community and forge happy memories here so when I moved back dealing with the harder parts of being an expat were easier because I had the positive first impressions imprinted here. 

**You may accidentally put down roots**. Living in a place for an extended period of time means that you’ll meet friends and build a community. From there you’ll naturally take the paths offered to you and a lot of the time that’ll be in the country you are living in. At this point I have more connections here than I do in the US. For me this is fine I wanted to move here permanently, but for others who may move to a country for a year for work they might end up “accidentally” living in a country for 5+ years each year thinking that they will only be in the country for another 6 months. 

A lot of these points deal with the difficulties of moving abroad. I think the positives are obvious to people when they are thinking of moving abroad but the negatives can be more hidden. Some people travel to a country and conflate their vacation with the experience of actually living there. Like I said I am glad I moved abroad, but it isn’t without tradeoffs.",1563181135.0,2019-07-15T08:58:55,46,442,/r/IWantOut/comments/cdf34y/things_i_wish_i_knew_before_i_moved_abroad_m27_us/,https://www.reddit.com/r/IWantOut/comments/cdf34y/things_i_wish_i_knew_before_i_moved_abroad_m27_us/,"things i wish i knew before i moved abroad [m27 us -&gt; se]
hi everyone,

i just wanted to share a bit of reflection on the reality of living abroad for an extended period of time. i am a 27 year old from the us who moved to sweden permanently when i was 23, after studying abroad in sweden for a year when i was 20. i moved here because my partner is swedish and i fell in love with sweden when i studied abroad here. here are a couple of points, both positive and negative that i think i wish i had known when i moved here. i think these points are most relevant for people who are moving to another country as a personal choice or adventure rather than for better financial opportunities. 

**there are times where you will feel isolated.** living abroad really limits the amount of people who have similar life experiences as you. if i never left the us, most people in my social circle would have similar life experiences as me, go to high school, go to college, move to a city and start working, slowly progress in my career, meet somebody etc. we have common reference points and a “typical” trajectory. here in sweden i know some people who have had similar life experiences but the number is dramatically reduced. how expats ended up in sweden varies greatly from one person to the other. among expats living in sweden there is kind of a split between people who have lived in a ton of different countries and are just temporarily in sweden and those who are trying to settle down and fully integrate into sweden. those who are here temporarily have more of an “expat mindset” about where to live next and talking about where they have lived and comparing different countries. in some cases this can be super negative and it is exhausting to listen to if you’ve spent a ton of time and energy trying to make a country your home. being removed from your family is also quite difficult. in practical terms doing something like moving becomes way more difficult when you are in a country alone. and of course you don’t typically get to see your family members more than once a year. 

**living abroad permanently isn’t the same as living as an exchange student.**  this is obvious and i knew it intellectually before moving back but it still took a bit of time to adjust. as an exchange student you are basically in this fantasy world where you can live abroad, have adventures, meet interesting people, all while not having to worry as much about the shitty parts of being an expat (like dealing with bureaucracy, getting a job, finding a stable friend group). i still encourage anyone who absolutely loved studying abroad to move abroad as well, but just know that an exchange year or semester is totally different than moving somewhere permanently. 

**your career will probably take a hit**. depending on your profession and where you move, you most likely will take a bit of a career hit. your credentials and experience might not easily transfer to the place that you are moving, even if they do you may face issues with language barriers or discrimination, you won’t have the same connections as in your home country. that being said there are some clear perks even if your career takes a hit. moving to a northern european country for instance has made my work life balance much better. the higher level of income equality has made climbing the career ladder feel less like a requirement to have a good standard of living. even though the job market is really tough for people in my field i still feel like it is more sustainable because the working conditions are so much better than in the us. 

**your home country will feel more foreign**. every time i go back to the us it feels more foreign to me. i feel disconnected and uneasy. the feeling is really bizarre, everything is clearly familiar but also feels distant and that combination is jarring. 

**you may be happier in your new country**. despite all of these negative points i enjoy living abroad more than i ever enjoyed living in the us. i was able to build a stronger community here than where i grew up. i feel like despite the occasional feelings of isolation i feel more comfortable here. but i think the reason i thrive here is because i came here originally as an exchange student, was able to build a community and forge happy memories here so when i moved back dealing with the harder parts of being an expat were easier because i had the positive first impressions imprinted here. 

**you may accidentally put down roots**. living in a place for an extended period of time means that you’ll meet friends and build a community. from there you’ll naturally take the paths offered to you and a lot of the time that’ll be in the country you are living in. at this point i have more connections here than i do in the us. for me this is fine i wanted to move here permanently, but for others who may move to a country for a year for work they might end up “accidentally” living in a country for 5+ years each year thinking that they will only be in the country for another 6 months. 

a lot of these points deal with the difficulties of moving abroad. i think the positives are obvious to people when they are thinking of moving abroad but the negatives can be more hidden. some people travel to a country and conflate their vacation with the experience of actually living there. like i said i am glad i moved abroad, but it isn’t without tradeoffs.",True,False
cf8coh,IWantOut,"I got out (USA-&gt;France, via 2.5-year stay in Ireland)/rant/tips","For the past five years, I have been somewhere in the process of immigrating to Europe. Five months ago, I moved to France, but man was it a trek to get here. The last three years in particular have taken a lot of mental and emotional effort. I made some mistakes along the way and learned some things that I want to share here. I'm putting a kind of tl;dr here because I anticipate this could be quite long.


Tl;dr tips: Have a lot of money. A lot. Enough so that if life can throw some curveballs at you, you can get yourself on a plane or get accommodation easily. You will get homesick. You will at times hate your new country. Just because you tick all the items on an immigration checklist doesn't mean you are entitled to any kind of visa. Job searching is a wild beast and it's even crazier in other countries. Have strong supports in both countries. Make sure you have fully researched any opportunities before you move for them. **You need to be in charge of your own immigration. Do not rely on a university, a job, or anyone else to have the correct information. You are the one moving and therefore you need to be the expert.** And most importantly, DON'T GIVE UP. There is  a way and you're going to find it. Things will end up alright in the end.


Tl;dr what happened: I moved to Ireland on a working visa intending to work, but that didn’t work out. I tried to switch to a student visa, and all hell broke loose. For the following year and a half, I battled immigration until my residence card was revoked after I'd received a job offer in France. My right to work in Ireland was revoked, I lost my job, and was given a month to vacate the country. Thankfully I made it to France anyway and will be here for another 3 years.


**The Immigration Process**


So now, the details. I am 25 years old now, and this whole thing really started when I was 20. I've lived in the US my entire life. I was in college and knew that I wanted to live abroad. Due to transferring from a community college and the credit mess that can sometimes stem from that, I knew I'd be graduating a semester late. That kinda bummed me out until I realised that I could study abroad that semester. I always wanted to live abroad, so I began looking into how I could stay in whatever country I chose after I graduated in December 2016. Well, I found that Ireland was a pretty easy country to immigrate to. There is a scheme called the Working Holiday Authorisation in which US citizens are allowed to live and work in Ireland for 12 months as long as they have graduated within the past year or are still in school. I found out that I was accepted to a university in Ireland for a study abroad semester in January 2016. I began gathering all my documents (a letter of motivation, my resume, bank statements, etc.). Being new to the immigration process, I figured it would be pretty difficult. January and February when I actually mailed my documents to the embassy in California were insanely stressful. But three days after my documents arrived, I got an email saying my visa had been approved. I was thrilled with how easy it was.


In September, I moved to Ireland. I was in classes, but I spent a lot of time applying for jobs, hoping to get a work sponsorship by September 2017 when my visa expired. Before and during college, I worked as a marketing assistant. My total marketing experience was about 4 years. I looked up CV formats, followed advice from working people I knew, but I just couldn't seem to land even an interview in my field (marketing). I did get a part time customer service job in late October which helped me financially, but in the entire first year, I had a total of 2 interviews. 


**Setback #1: job searching is freaking hard. In Ireland, a company needs to pay you €30k (~$34k) in order for you to get visa sponsorship. In my US city, I'd never heard of a starting salary in marketing that paid less than $40k, so I thought I’d have no problem hitting that requirement. Surprise, surprise, Ireland is different. Graduates often get paid in the €20s. I did not know this. I learned that visa sponsorship would be nearly impossible to obtain with my paltry 4 years experience and recent graduation.**


I kept working at my customer service job, unsure of what to do. I knew I didn't want to go back to school for marketing. In August, when I was in full-blown panic mode about having to leave in less than a month, a friend sent me a link to a masters program in a tech field that I could possibly qualify for. I applied, interviewed, and started the course in three weeks. It was insanely fast, and I was ecstatic because I'd be on a student visa which allowed for part time work.


In order to apply for a visa, you need to leave the country and reenter with your documents (acceptance letter to the program, proof of accommodation, etc.). I did so before my visa expired in September 2017. The customs officers at the airport stamped my passport letting me know that I had 60 days to get to the immigration office in Cork and to get a student visa. No biggie.


What I didn't know is that my course was brand new. It was the first year it was running as a masters program. There is a magical list of specific courses in Ireland that allow international students to attend and obtain a visa for attending. My course was not on it. 


I'm not going to spend a ton of time on this part, but what I will say is that my university had an international office full of staff who were not equipped or knowledgeable enough to handle international students. I was repeatedly given wrong information, sent to the immigration office seven times in eight months, told that my visa status would get resolved with a quick call, etc. It was a nightmare. I couldn't leave the country because I wouldn't be let back in (I knew people in study abroad who were sent back after they left Ireland without their visas, and I did not want to risk that). I ended up filing a formal complaint against the international office and meeting with my school's president to get it resolved. A case with the Department of Justice was opened. 


For eight months, I couldn't work,  and even though I maxed out my US federal loans, they barely provided enough to survive ($8k a year really isn't enough for rent and food there). In May 2018, after my case was brought before the Department of Justice, I was granted the student visa. In June I started a paid internship without which I would have been homeless.


**Setback #2: Just because you follow the rules and tick all the boxes does not mean you are entitled to a visa. There are things going on behind the scenes that can throw a serious thorn in your plans even if you've done nothing wrong.**


Because of the crappy way my university and the immigration office handled my case, I realised Ireland was not for me. I was sick of it, I felt that I was not wanted, and I knew that even if I stayed and worked, I wouldn't be getting paid what I felt was fair. So I made the decision to start looking for jobs elsewhere in Europe.


In December, I was accepted to a funded PhD in France. However, the start date was in March. There would be a one-month gap between my student visa expiring and the move itself.


Ireland has a scheme called the Two-Year Graduate visa. If you have attended and graduated from a course in Ireland, you are eligible for a two-year work visa without visa sponsorship. So I figured that I'd get on that for the one-month gap. You cannot apply for this Irish visa until you've graduated. My student visa expired the day I graduated. See how annoying this is? I knew there would be a period where I was illegal again, but no one seemed to bat an eye at it so I figured it would be fine.


Wrong again. Note that I applied for the Irish visa on February 1st of this year, exactly one day with an expired immigration card. She asked me if I was working, and I said no (I was working part time at an internship that was ending soon. It's illegal to take up full time work with a student visa). She explained that a Graduate visa, the one I was applying for, was only for full time workers and if I didn't have a job, I wasn't eligible. She then confiscated my expired card (never had that happened before when it had expired for eight months), wrote a note in my file that I was to vacate the country, and put a stamp in my passport saying I had no work permissions. So that was it. I lost my internship and only reliable source of income for the second time. 


Thankfully at this point, due to again maxing out my US student loans and the internship, I had enough savings to cover the month of February. 


**Now for the French side of things**


I mentioned in the tl;dr that you need to be the expert for your own immigration because my university in Ireland had no idea what they were doing and also because my university/job in France had no idea what they were doing. In December, when I was accepted, I was told to apply for the student visa. I found out in February that I needed to be on a totally different visa. That ended up being okay because I hadn’t applied yet (I couldn’t until I had my masters diploma), but if I had, it would have been a disastrous waste of time.


On February 26th, I moved from Ireland to France. I had all of my belongings put in storage beforehand (about 7 boxes, nothing crazy) and took myself, my backpack, my suitcase, and my Irish boyfriend to France. My Airbnb was booked for three months already, from February-May, specifically for the visa application requirements. That ended up being a colossal waste of money as I didn’t end up applying for the visa until April. Anyway, I spent 6 weeks in France getting set up with an apartment and the university and whatnot. 


In early April, I went back to the US for six weeks to apply for the French long-stay visa. This wouldn’t have been financially possible if my university hadn’t covered some of my flight and if I hadn’t had a friend to stay with. **This is why it’s so important to have a strong support system in your home country.** You never know when you might need that. 


So I’ve been in France for five months now (four really since I spent 6 weeks in the US). But you know what, life here is freaking hard. In the tldr, I put “Make sure you have fully researched any opportunities before you move for them.” I… didn’t do that. Literally day one of the PhD started with “we changed your project”, so I’m now working on something I don’t care about. The funding body dictates my every move, meaning that I am not allowed to do research in the American or Irish sense of the word but am instead meant to implement my supervisors ideas. I am compensated less than I was told because my supervisors wrongly told me that my salary would be untaxed. I am responsible for paying my tuition, whereas it would be covered in the US or Ireland. I am not paid for sick days. I was told that learning French was not necessary (even though I personally wanted to), but all of my meetings are in French and I’m constantly belittled for not being able to hold a conversation. 


When I received the job offer, I was so thrilled and thought I knew what a PhD was from my American and Irish friends. Once again, things are different abroad. **And now I’m in a foreign country with depleted savings, wholly dependent on my university, and pretty unhappy with my work. Don’t let that happen to you.** People struggle with unhappiness after job moves within the same country, but it is 10x worse abroad.


To conclude, I am still waiting on the visa. It takes about 6 months to get apparently and costs a total of about €500. 


**The Other Stuff**


So aside from all the actual immigration stuff, there are things that I feel I should mention.


The first few months after I arrived in Ireland, I thought it was the most fantastic place I'd ever been to. Raw milk is easily accessible. Healthcare is cheap. There is wifi on buses. Buying sustainable food is easy. People are friendly. Then after the first few months when I wasn't living in university housing anymore, reality hit and I started to realise how difficult life is in Ireland. 


The houses you can afford as a young person are old. Heating doesn't often work. Hot water is a hit or miss. Mold is everywhere and hard to combat. There are rooms in houses called ""box rooms"" because aside from the bed and maybe a closet if you're lucky, there is no room to stand. Public transportation is awful so living far away from your job is only doable if you're willing to commute an hour or so earlier than you need to every day to make up for delays. Life was honestly just really hard. 


After a year, I was really getting frustrated. Hearing about ""successful"" people getting jobs and getting paid a laughable amount was really depressing. The housing crisis in Cork became more real. In my own customer service job, I saw how poorly people can be treated. When I first got my job, I was in love with how I got paid vacation days and a regular set schedule. But my contract would constantly change and I realised that it wasn't very different from minimum-wage jobs in the US. 


There are things I took for granted in the US that I didn't realise I'd miss so much. It's silly, but being able to go to the grocery store to pick up hydrogen peroxide was something I missed (only certain stores carry it in Ireland and it's pretty expensive). I got a concussion at one point and when I went to the doctor, I was given a ""prescription"" for panadol to soothe a splitting headache because they try to limit prescriptions for real painkillers.


There are a lot of cultural things that I found fascinating at first (e.g., in Ireland, the drinking and the extent people go to do it) that I loathe now. You never know what will bother you until you move to a place and you'll start to miss things a year or two in that will seem really silly.


Moving to France was a different story. It was one of the most stressful months of my life. I dealt with communication struggles for 16 hours a day until I finally moved into the apartment 5 weeks after arriving. It was exhausting.


The language is a tough hurdle. I see so many people here posting about wanting to get out without having a second language. Technically, I was one of those people as I moved to France without having learned French first. Every is hard. Everything. Buying a washing machine becomes an anxiety-filled afternoon. Setting up internet takes hours. And that’s not to mention when things go wrong. Our boiler broke, and I called the English line of our gas company and was hung up on because the person couldn’t understand me. I received the wrong sim card for my phone when I got a French number, and the email support couldn’t understand me either. Things that are easy to deal with in English are a nightmare when you don’t have a good command of the local language.


Lastly, things you think of as norms in first-world countries are necessarily norms in other countries. The French banking system is a good example. To be frank, it’s an absolute nightmare and one of the reasons I do not see myself staying in France. After I opened a bank account, I got a letter in the mail saying my debit card was ready to be picked up. When I arrived at the branch, I was told they “didn’t trust” me enough to give it to me. What does that mean? I never found out. Apparently they do this to foreigners. It’s been a disaster trying to set up transfers of money to my American account, so I’ve given up and resorted to Paypal. An expat I know had a whopping €1500 removed from his account because he didn’t provide them with his French tax returns… which he didn’t have because he didn’t reside in France the previous year.


The other side of this is that despite all the things that I am complaining about here… it’s better than the US in some ways. I’ve visited my home state a few times since leaving, and each time I’ve felt more and more out of place. Having to pay 30% more for a meal because of taxes and tips is mildly infuriating. Having to walk an hour to get public transportation is ridiculous. Watching my friends answer work calls and emails on their off-hours is really upsetting to see (actually, everything about work in the US is ridiculous to me now. If the rest of the modern world can treat employees with respect, then why can’t the US?). Enough has changed in my home city that I feel like a stranger trying to make sense of it all.


**How I'm Feeling Now**


I am glad I moved to Europe. There's not a day that goes by that I regret it. But five years ago when I made this decision, I thought I'd move abroad and find my place. I didn't. In fact, the sensation of not belonging has gotten worse. When I visited the US again after two years of not having been in the country, things that never bothered me before started irritating me. I realised that I don't belong there anymore. I don’t feel like I belong in Ireland or France either though. As I mentioned above, I am unhappy with my job and I’m scraping by financially, so was it worth it? I met my partner, so it has been. But other than that, I really don’t know.",1563547159.0,2019-07-19T14:39:19,146,235,/r/IWantOut/comments/cf8coh/i_got_out_usafrance_via_25year_stay_in/,https://www.reddit.com/r/IWantOut/comments/cf8coh/i_got_out_usafrance_via_25year_stay_in/,"i got out (usa-&gt;france, via 2.5-year stay in ireland)/rant/tips
for the past five years, i have been somewhere in the process of immigrating to europe. five months ago, i moved to france, but man was it a trek to get here. the last three years in particular have taken a lot of mental and emotional effort. i made some mistakes along the way and learned some things that i want to share here. i'm putting a kind of tl;dr here because i anticipate this could be quite long.


tl;dr tips: have a lot of money. a lot. enough so that if life can throw some curveballs at you, you can get yourself on a plane or get accommodation easily. you will get homesick. you will at times hate your new country. just because you tick all the items on an immigration checklist doesn't mean you are entitled to any kind of visa. job searching is a wild beast and it's even crazier in other countries. have strong supports in both countries. make sure you have fully researched any opportunities before you move for them. **you need to be in charge of your own immigration. do not rely on a university, a job, or anyone else to have the correct information. you are the one moving and therefore you need to be the expert.** and most importantly, don't give up. there is  a way and you're going to find it. things will end up alright in the end.


tl;dr what happened: i moved to ireland on a working visa intending to work, but that didn’t work out. i tried to switch to a student visa, and all hell broke loose. for the following year and a half, i battled immigration until my residence card was revoked after i'd received a job offer in france. my right to work in ireland was revoked, i lost my job, and was given a month to vacate the country. thankfully i made it to france anyway and will be here for another 3 years.


**the immigration process**


so now, the details. i am 25 years old now, and this whole thing really started when i was 20. i've lived in the us my entire life. i was in college and knew that i wanted to live abroad. due to transferring from a community college and the credit mess that can sometimes stem from that, i knew i'd be graduating a semester late. that kinda bummed me out until i realised that i could study abroad that semester. i always wanted to live abroad, so i began looking into how i could stay in whatever country i chose after i graduated in december 2016. well, i found that ireland was a pretty easy country to immigrate to. there is a scheme called the working holiday authorisation in which us citizens are allowed to live and work in ireland for 12 months as long as they have graduated within the past year or are still in school. i found out that i was accepted to a university in ireland for a study abroad semester in january 2016. i began gathering all my documents (a letter of motivation, my resume, bank statements, etc.). being new to the immigration process, i figured it would be pretty difficult. january and february when i actually mailed my documents to the embassy in california were insanely stressful. but three days after my documents arrived, i got an email saying my visa had been approved. i was thrilled with how easy it was.


in september, i moved to ireland. i was in classes, but i spent a lot of time applying for jobs, hoping to get a work sponsorship by september 2017 when my visa expired. before and during college, i worked as a marketing assistant. my total marketing experience was about 4 years. i looked up cv formats, followed advice from working people i knew, but i just couldn't seem to land even an interview in my field (marketing). i did get a part time customer service job in late october which helped me financially, but in the entire first year, i had a total of 2 interviews. 


**setback #1: job searching is freaking hard. in ireland, a company needs to pay you €30k (~$34k) in order for you to get visa sponsorship. in my us city, i'd never heard of a starting salary in marketing that paid less than $40k, so i thought i’d have no problem hitting that requirement. surprise, surprise, ireland is different. graduates often get paid in the €20s. i did not know this. i learned that visa sponsorship would be nearly impossible to obtain with my paltry 4 years experience and recent graduation.**


i kept working at my customer service job, unsure of what to do. i knew i didn't want to go back to school for marketing. in august, when i was in full-blown panic mode about having to leave in less than a month, a friend sent me a link to a masters program in a tech field that i could possibly qualify for. i applied, interviewed, and started the course in three weeks. it was insanely fast, and i was ecstatic because i'd be on a student visa which allowed for part time work.


in order to apply for a visa, you need to leave the country and reenter with your documents (acceptance letter to the program, proof of accommodation, etc.). i did so before my visa expired in september 2017. the customs officers at the airport stamped my passport letting me know that i had 60 days to get to the immigration office in cork and to get a student visa. no biggie.


what i didn't know is that my course was brand new. it was the first year it was running as a masters program. there is a magical list of specific courses in ireland that allow international students to attend and obtain a visa for attending. my course was not on it. 


i'm not going to spend a ton of time on this part, but what i will say is that my university had an international office full of staff who were not equipped or knowledgeable enough to handle international students. i was repeatedly given wrong information, sent to the immigration office seven times in eight months, told that my visa status would get resolved with a quick call, etc. it was a nightmare. i couldn't leave the country because i wouldn't be let back in (i knew people in study abroad who were sent back after they left ireland without their visas, and i did not want to risk that). i ended up filing a formal complaint against the international office and meeting with my school's president to get it resolved. a case with the department of justice was opened. 


for eight months, i couldn't work,  and even though i maxed out my us federal loans, they barely provided enough to survive ($8k a year really isn't enough for rent and food there). in may 2018, after my case was brought before the department of justice, i was granted the student visa. in june i started a paid internship without which i would have been homeless.


**setback #2: just because you follow the rules and tick all the boxes does not mean you are entitled to a visa. there are things going on behind the scenes that can throw a serious thorn in your plans even if you've done nothing wrong.**


because of the crappy way my university and the immigration office handled my case, i realised ireland was not for me. i was sick of it, i felt that i was not wanted, and i knew that even if i stayed and worked, i wouldn't be getting paid what i felt was fair. so i made the decision to start looking for jobs elsewhere in europe.


in december, i was accepted to a funded phd in france. however, the start date was in march. there would be a one-month gap between my student visa expiring and the move itself.


ireland has a scheme called the two-year graduate visa. if you have attended and graduated from a course in ireland, you are eligible for a two-year work visa without visa sponsorship. so i figured that i'd get on that for the one-month gap. you cannot apply for this irish visa until you've graduated. my student visa expired the day i graduated. see how annoying this is? i knew there would be a period where i was illegal again, but no one seemed to bat an eye at it so i figured it would be fine.


wrong again. note that i applied for the irish visa on february 1st of this year, exactly one day with an expired immigration card. she asked me if i was working, and i said no (i was working part time at an internship that was ending soon. it's illegal to take up full time work with a student visa). she explained that a graduate visa, the one i was applying for, was only for full time workers and if i didn't have a job, i wasn't eligible. she then confiscated my expired card (never had that happened before when it had expired for eight months), wrote a note in my file that i was to vacate the country, and put a stamp in my passport saying i had no work permissions. so that was it. i lost my internship and only reliable source of income for the second time. 


thankfully at this point, due to again maxing out my us student loans and the internship, i had enough savings to cover the month of february. 


**now for the french side of things**


i mentioned in the tl;dr that you need to be the expert for your own immigration because my university in ireland had no idea what they were doing and also because my university/job in france had no idea what they were doing. in december, when i was accepted, i was told to apply for the student visa. i found out in february that i needed to be on a totally different visa. that ended up being okay because i hadn’t applied yet (i couldn’t until i had my masters diploma), but if i had, it would have been a disastrous waste of time.


on february 26th, i moved from ireland to france. i had all of my belongings put in storage beforehand (about 7 boxes, nothing crazy) and took myself, my backpack, my suitcase, and my irish boyfriend to france. my airbnb was booked for three months already, from february-may, specifically for the visa application requirements. that ended up being a colossal waste of money as i didn’t end up applying for the visa until april. anyway, i spent 6 weeks in france getting set up with an apartment and the university and whatnot. 


in early april, i went back to the us for six weeks to apply for the french long-stay visa. this wouldn’t have been financially possible if my university hadn’t covered some of my flight and if i hadn’t had a friend to stay with. **this is why it’s so important to have a strong support system in your home country.** you never know when you might need that. 


so i’ve been in france for five months now (four really since i spent 6 weeks in the us). but you know what, life here is freaking hard. in the tldr, i put “make sure you have fully researched any opportunities before you move for them.” i… didn’t do that. literally day one of the phd started with “we changed your project”, so i’m now working on something i don’t care about. the funding body dictates my every move, meaning that i am not allowed to do research in the american or irish sense of the word but am instead meant to implement my supervisors ideas. i am compensated less than i was told because my supervisors wrongly told me that my salary would be untaxed. i am responsible for paying my tuition, whereas it would be covered in the us or ireland. i am not paid for sick days. i was told that learning french was not necessary (even though i personally wanted to), but all of my meetings are in french and i’m constantly belittled for not being able to hold a conversation. 


when i received the job offer, i was so thrilled and thought i knew what a phd was from my american and irish friends. once again, things are different abroad. **and now i’m in a foreign country with depleted savings, wholly dependent on my university, and pretty unhappy with my work. don’t let that happen to you.** people struggle with unhappiness after job moves within the same country, but it is 10x worse abroad.


to conclude, i am still waiting on the visa. it takes about 6 months to get apparently and costs a total of about €500. 


**the other stuff**


so aside from all the actual immigration stuff, there are things that i feel i should mention.


the first few months after i arrived in ireland, i thought it was the most fantastic place i'd ever been to. raw milk is easily accessible. healthcare is cheap. there is wifi on buses. buying sustainable food is easy. people are friendly. then after the first few months when i wasn't living in university housing anymore, reality hit and i started to realise how difficult life is in ireland. 


the houses you can afford as a young person are old. heating doesn't often work. hot water is a hit or miss. mold is everywhere and hard to combat. there are rooms in houses called ""box rooms"" because aside from the bed and maybe a closet if you're lucky, there is no room to stand. public transportation is awful so living far away from your job is only doable if you're willing to commute an hour or so earlier than you need to every day to make up for delays. life was honestly just really hard. 


after a year, i was really getting frustrated. hearing about ""successful"" people getting jobs and getting paid a laughable amount was really depressing. the housing crisis in cork became more real. in my own customer service job, i saw how poorly people can be treated. when i first got my job, i was in love with how i got paid vacation days and a regular set schedule. but my contract would constantly change and i realised that it wasn't very different from minimum-wage jobs in the us. 


there are things i took for granted in the us that i didn't realise i'd miss so much. it's silly, but being able to go to the grocery store to pick up hydrogen peroxide was something i missed (only certain stores carry it in ireland and it's pretty expensive). i got a concussion at one point and when i went to the doctor, i was given a ""prescription"" for panadol to soothe a splitting headache because they try to limit prescriptions for real painkillers.


there are a lot of cultural things that i found fascinating at first (e.g., in ireland, the drinking and the extent people go to do it) that i loathe now. you never know what will bother you until you move to a place and you'll start to miss things a year or two in that will seem really silly.


moving to france was a different story. it was one of the most stressful months of my life. i dealt with communication struggles for 16 hours a day until i finally moved into the apartment 5 weeks after arriving. it was exhausting.


the language is a tough hurdle. i see so many people here posting about wanting to get out without having a second language. technically, i was one of those people as i moved to france without having learned french first. every is hard. everything. buying a washing machine becomes an anxiety-filled afternoon. setting up internet takes hours. and that’s not to mention when things go wrong. our boiler broke, and i called the english line of our gas company and was hung up on because the person couldn’t understand me. i received the wrong sim card for my phone when i got a french number, and the email support couldn’t understand me either. things that are easy to deal with in english are a nightmare when you don’t have a good command of the local language.


lastly, things you think of as norms in first-world countries are necessarily norms in other countries. the french banking system is a good example. to be frank, it’s an absolute nightmare and one of the reasons i do not see myself staying in france. after i opened a bank account, i got a letter in the mail saying my debit card was ready to be picked up. when i arrived at the branch, i was told they “didn’t trust” me enough to give it to me. what does that mean? i never found out. apparently they do this to foreigners. it’s been a disaster trying to set up transfers of money to my american account, so i’ve given up and resorted to paypal. an expat i know had a whopping €1500 removed from his account because he didn’t provide them with his french tax returns… which he didn’t have because he didn’t reside in france the previous year.


the other side of this is that despite all the things that i am complaining about here… it’s better than the us in some ways. i’ve visited my home state a few times since leaving, and each time i’ve felt more and more out of place. having to pay 30% more for a meal because of taxes and tips is mildly infuriating. having to walk an hour to get public transportation is ridiculous. watching my friends answer work calls and emails on their off-hours is really upsetting to see (actually, everything about work in the us is ridiculous to me now. if the rest of the modern world can treat employees with respect, then why can’t the us?). enough has changed in my home city that i feel like a stranger trying to make sense of it all.


**how i'm feeling now**


i am glad i moved to europe. there's not a day that goes by that i regret it. but five years ago when i made this decision, i thought i'd move abroad and find my place. i didn't. in fact, the sensation of not belonging has gotten worse. when i visited the us again after two years of not having been in the country, things that never bothered me before started irritating me. i realised that i don't belong there anymore. i don’t feel like i belong in ireland or france either though. as i mentioned above, i am unhappy with my job and i’m scraping by financially, so was it worth it? i met my partner, so it has been. but other than that, i really don’t know.",True,False
2719ki,IWantOut,"I was 22F/USA -&gt; Europe. Here is exactly how I did the seemingly impossible to get my first job, ever, in Paris. Still in Europe, EU citizen now. Hope this helps you!","It is incredible the amount of passion in this subreddit. There is in particular a brand of IWantOut dream that keeps popping up here and seems the most desired but most impossible. But it's that dream I followed and achieved. Thus far I haven't seen anyone else who has done it and posted how. On the back of a great recent post about ignoring naysayers, I think it's time to share my story. 

I was "" 22F//USA//IBUS/Marketing -&gt; EU "" ...  

...and I did the ""impossible"": got hired straight from university to my first job ever, in Marketing, in Paris, France. English is my mother tongue. The job was all in French. Bachelor's degree only. No intercompany transfer from the US, no special skills not found elsewhere in the EU and no visa hassles except for normal French bureaucracy. I spoke French well but had never lived in France/worked in it (big difference). A year later I moved to Denmark. Seven years later I'm still in Denmark, and only just a few months ago became an EU citizen...of Latvia, incidentally.

To be clear, I'm not a robot sent from the future to find work in Europe. Haha. It was hard, but you know that. 

I'm going to detail exactly how I did this, including the actual job board I found my way out on. I even looked through all the emails from that period, saw 22 year old me's CV I sent out etc. (Cringe worthy stuff!!) 

See what you can get out of my journey to help you on yours. I'm rooting for you!

Here is the director's cut, with commentary, of the keys things I did:

**I made my own international experience** 

By the time I was applying for jobs in Europe at 22, I had studied abroad in four countries, spoke Portuguese fluently, four more euro languages at B1 or above level (took the tests), had two short internships, one of those in Portugal, and two ""misc"" int'l work experiences (bartender and songwriter/vocalist). 

None of this happened by accident. 

Starting from age 15 I would barter trips abroad instead of Christmas presents, save up money waitressing to hang out in Brazil with family friends for the summer, found a Brazilian lady to private tutor me Portuguese after school. You're not even supposed to study abroad more than two semesters at my university. But I convinced my advisor to make it happen. Those two internships and ""misc"" experience? Self made opportunities. For example, in Portugal on a student visa still I convinced an owner of a consultancy to let me do some free work for him for  two months. The other US internship was the same story really, helping some rogue entrepreneur do things. 

I got as much on the ground experience as possible - and when I wasn't on the ground I was talking to people who were. Stayed current with current affairs, music, life, people I met abroad even when not physically present. 

Building my own brand of int'l experience helped me in many ways. I showed I would not be a ""fresh off the boat"" hire. That I knew to some extent how things were done there and could handle working cross-culturally. My CV, cover letters etc were in local format and language which also signaled this. You might not have this background or be as much as a language nerd as myself - and that's OK. But think about your ultimate goal and if creating your own opportunities would help get you there. I didn't rely on anyone to give me euro experience. You can cultivate some euro savy with just an internet connection.  


**I reached out to contacts that could hire me - or get me to someone who could** 

Behind every work visa is Your Future Boss in Europe, who really wants to hire you. I focused on securing that part, because I should be so lucky to be dealing with visa issues! I spent the majority of my time trying to get in front of, get information from, and impress people who could help get me hired. From both first and second hand experience: if Future Boss really wants you, he tells HR to deal with the visa issues, and they can succeed. Even in seemingly impossible places. I went to notoriously tough France for an entry-level marketing job, remember? But first you need someone willing to fight for you, or go through some extra motions, if necessary.


**I paid for access to a European job board** 

Europeans are also interested in moving around in Europe, and there are a few pan European job boards in English with more internationally focused postings. Which one led me to my life in Europe? www.iagora.com. Just checked, it still exists and for 0€ you can browse recruiter-sponsored jobs, and for 24€ (33 ish dollars) you get premium access for a whole year. Wow. Easily the best 24€ I have ever spent. 


**I applied for and got REJECTED from LOTS of jobs on said board - but learned and kept going**

I never did get a response like ""we are obligated to hire an EU citizen"". In my desperation, I was applying for jobs that I was not a good fit for, but freshly graduated you think you can do anything if given the chance. Looking back it is so crystal clear the weaknesses both in my CV and approach. Ugh! 

See what I mean from this rejection email I got from a manager in Germany:

""Your cv is absolutely impressive and so are your language skills. However, the position offered does not focus primarily on marketing issues, but rather on product and sales issues.  I understand your skills and interests are mainly in marketing, and judging from your application you certainly are a great fit to any international organisation for a marketing position. 

For that reason I regret that at this point in time we cannot consider your application. However, should you be in Europe again, I will be happy to get your call to see if we can meet somewhere. There may well be other opportunities within (company name) for you in the future and it would be nice to have met you...""

Don't forget...Future Boss in Europe is not going to summon you from across the ocean if you cannot help him achieve his sales targets. If you wouldn't get the job even as a native of that country don't be too shocked you get rejected. Don't get too caught up in the romance or mystique of working in Europe that you lose sight of this. 


**I learned what to look for - and applied to a major corp's ""Graduate Programme""**  

This is where things really start to get interesting. In their early twenties Americans are looking for an ""entry level job"". But in Europe there are a few other terminologies for this concept, which I believe makes these types of jobs harder to find. It varies, but you could be called for example a ""trainee"" like ""management/marketing/sales trainee"", or a ""graduate"". Major companies might even only take on employees with less than 2 years experience through what's called either a :  ""Graduate Scheme"", ""Graduate Program"" (or ""Programme"" the UK spelling), ""Graduate Development Progamme"", ""Training Programme"", ""Trainee Program"", ""Traineeship"" or some variation. Some of these are local, some of these require you work in 2+ different locations/countries in two years. I saw a major corporation's European programme and applied. 


**I prepared my ass off for the interviews to demonstrate to Future Boss in Europe I was the best hire**

I sent my CV into that black hole of doom online application, but to my surprise whilst late and having to walk clear across campus I got a phone call from the UK. It was the company! We had a chat while I was walking which I later realized was a proper phone interview. It apparently went well because they flew me over to a two day ""assessment center"" in the European HQ near London a few weeks later. I totally shut everything else off and studied how to ace difficult consulting interviews, reviewed business problem solving, practiced my interview stories etc etc. International experience and languages got me in the door, but it would now come down to showing how I would help the business more so than the others.


**I GOT THE JOB.**

A few weeks later I got the call. I got in the Graduate Programme as one of fourteen, from about 2000, at 22 the youngest of the bunch, and only American. Ever. I distinctly remember taking a victory lap on my rollerblades. Paris for my first year in a Product Manager job because I could speak French and then I lobbied to go to Copenhagen, Denmark for my second year. Six years later still here and actually 1.5 years ago returned to the original company, where I now have a European Marketing Manager role.

We had a call about why we were accepted into the program. Besides demonstrating value for the business through the various tests/interviews, I absolutely stood out because I was an American who had closed an ocean-wide gap to have those language skills and experience.  A German who speaks German, English and has studied a semester in France? Not as awe-inspiring.


**A note about the language skills requirements for these programs**
The program I got in required English plus two foreign languages. Quick googling shows some programs just English. But a note on the foreign languages. My Euro program mates all were non native English speakers so they did have their mother tongue plus English right off the bat. However, that third language? Some of them were really stretching it. My German friend studied in the Netherlands and put Dutch. He spoke like three sentences. Another German put French and.. just no. French girl's Spanish? Not good enough to work in. Most of the job placements anyway were in the UK. Lots of companies have European roles and English as the business language. So don't count yourself out but keep training your languages you have more to prove as a native English speaker. 


To round it off, the process is supposed to be difficult, at any age, embrace that. Not only in an administrative and legal sense, but emotional as well, as you probably have so few supporting you. 

But I am one of them, so keep going! If you want to chat more feel free to PM me.",1401636826.0,2014-06-01T15:33:46,71,183,/r/IWantOut/comments/2719ki/i_was_22fusa_europe_here_is_exactly_how_i_did_the/,https://www.reddit.com/r/IWantOut/comments/2719ki/i_was_22fusa_europe_here_is_exactly_how_i_did_the/,"i was 22f/usa -&gt; europe. here is exactly how i did the seemingly impossible to get my first job, ever, in paris. still in europe, eu citizen now. hope this helps you!
it is incredible the amount of passion in this subreddit. there is in particular a brand of iwantout dream that keeps popping up here and seems the most desired but most impossible. but it's that dream i followed and achieved. thus far i haven't seen anyone else who has done it and posted how. on the back of a great recent post about ignoring naysayers, i think it's time to share my story. 

i was "" 22f//usa//ibus/marketing -&gt; eu "" ...  

...and i did the ""impossible"": got hired straight from university to my first job ever, in marketing, in paris, france. english is my mother tongue. the job was all in french. bachelor's degree only. no intercompany transfer from the us, no special skills not found elsewhere in the eu and no visa hassles except for normal french bureaucracy. i spoke french well but had never lived in france/worked in it (big difference). a year later i moved to denmark. seven years later i'm still in denmark, and only just a few months ago became an eu citizen...of latvia, incidentally.

to be clear, i'm not a robot sent from the future to find work in europe. haha. it was hard, but you know that. 

i'm going to detail exactly how i did this, including the actual job board i found my way out on. i even looked through all the emails from that period, saw 22 year old me's cv i sent out etc. (cringe worthy stuff!!) 

see what you can get out of my journey to help you on yours. i'm rooting for you!

here is the director's cut, with commentary, of the keys things i did:

**i made my own international experience** 

by the time i was applying for jobs in europe at 22, i had studied abroad in four countries, spoke portuguese fluently, four more euro languages at b1 or above level (took the tests), had two short internships, one of those in portugal, and two ""misc"" int'l work experiences (bartender and songwriter/vocalist). 

none of this happened by accident. 

starting from age 15 i would barter trips abroad instead of christmas presents, save up money waitressing to hang out in brazil with family friends for the summer, found a brazilian lady to private tutor me portuguese after school. you're not even supposed to study abroad more than two semesters at my university. but i convinced my advisor to make it happen. those two internships and ""misc"" experience? self made opportunities. for example, in portugal on a student visa still i convinced an owner of a consultancy to let me do some free work for him for  two months. the other us internship was the same story really, helping some rogue entrepreneur do things. 

i got as much on the ground experience as possible - and when i wasn't on the ground i was talking to people who were. stayed current with current affairs, music, life, people i met abroad even when not physically present. 

building my own brand of int'l experience helped me in many ways. i showed i would not be a ""fresh off the boat"" hire. that i knew to some extent how things were done there and could handle working cross-culturally. my cv, cover letters etc were in local format and language which also signaled this. you might not have this background or be as much as a language nerd as myself - and that's ok. but think about your ultimate goal and if creating your own opportunities would help get you there. i didn't rely on anyone to give me euro experience. you can cultivate some euro savy with just an internet connection.  


**i reached out to contacts that could hire me - or get me to someone who could** 

behind every work visa is your future boss in europe, who really wants to hire you. i focused on securing that part, because i should be so lucky to be dealing with visa issues! i spent the majority of my time trying to get in front of, get information from, and impress people who could help get me hired. from both first and second hand experience: if future boss really wants you, he tells hr to deal with the visa issues, and they can succeed. even in seemingly impossible places. i went to notoriously tough france for an entry-level marketing job, remember? but first you need someone willing to fight for you, or go through some extra motions, if necessary.


**i paid for access to a european job board** 

europeans are also interested in moving around in europe, and there are a few pan european job boards in english with more internationally focused postings. which one led me to my life in europe? www.iagora.com. just checked, it still exists and for 0€ you can browse recruiter-sponsored jobs, and for 24€ (33 ish dollars) you get premium access for a whole year. wow. easily the best 24€ i have ever spent. 


**i applied for and got rejected from lots of jobs on said board - but learned and kept going**

i never did get a response like ""we are obligated to hire an eu citizen"". in my desperation, i was applying for jobs that i was not a good fit for, but freshly graduated you think you can do anything if given the chance. looking back it is so crystal clear the weaknesses both in my cv and approach. ugh! 

see what i mean from this rejection email i got from a manager in germany:

""your cv is absolutely impressive and so are your language skills. however, the position offered does not focus primarily on marketing issues, but rather on product and sales issues.  i understand your skills and interests are mainly in marketing, and judging from your application you certainly are a great fit to any international organisation for a marketing position. 

for that reason i regret that at this point in time we cannot consider your application. however, should you be in europe again, i will be happy to get your call to see if we can meet somewhere. there may well be other opportunities within (company name) for you in the future and it would be nice to have met you...""

don't forget...future boss in europe is not going to summon you from across the ocean if you cannot help him achieve his sales targets. if you wouldn't get the job even as a native of that country don't be too shocked you get rejected. don't get too caught up in the romance or mystique of working in europe that you lose sight of this. 


**i learned what to look for - and applied to a major corp's ""graduate programme""**  

this is where things really start to get interesting. in their early twenties americans are looking for an ""entry level job"". but in europe there are a few other terminologies for this concept, which i believe makes these types of jobs harder to find. it varies, but you could be called for example a ""trainee"" like ""management/marketing/sales trainee"", or a ""graduate"". major companies might even only take on employees with less than 2 years experience through what's called either a :  ""graduate scheme"", ""graduate program"" (or ""programme"" the uk spelling), ""graduate development progamme"", ""training programme"", ""trainee program"", ""traineeship"" or some variation. some of these are local, some of these require you work in 2+ different locations/countries in two years. i saw a major corporation's european programme and applied. 


**i prepared my ass off for the interviews to demonstrate to future boss in europe i was the best hire**

i sent my cv into that black hole of doom online application, but to my surprise whilst late and having to walk clear across campus i got a phone call from the uk. it was the company! we had a chat while i was walking which i later realized was a proper phone interview. it apparently went well because they flew me over to a two day ""assessment center"" in the european hq near london a few weeks later. i totally shut everything else off and studied how to ace difficult consulting interviews, reviewed business problem solving, practiced my interview stories etc etc. international experience and languages got me in the door, but it would now come down to showing how i would help the business more so than the others.


**i got the job.**

a few weeks later i got the call. i got in the graduate programme as one of fourteen, from about 2000, at 22 the youngest of the bunch, and only american. ever. i distinctly remember taking a victory lap on my rollerblades. paris for my first year in a product manager job because i could speak french and then i lobbied to go to copenhagen, denmark for my second year. six years later still here and actually 1.5 years ago returned to the original company, where i now have a european marketing manager role.

we had a call about why we were accepted into the program. besides demonstrating value for the business through the various tests/interviews, i absolutely stood out because i was an american who had closed an ocean-wide gap to have those language skills and experience.  a german who speaks german, english and has studied a semester in france? not as awe-inspiring.


**a note about the language skills requirements for these programs**
the program i got in required english plus two foreign languages. quick googling shows some programs just english. but a note on the foreign languages. my euro program mates all were non native english speakers so they did have their mother tongue plus english right off the bat. however, that third language? some of them were really stretching it. my german friend studied in the netherlands and put dutch. he spoke like three sentences. another german put french and.. just no. french girl's spanish? not good enough to work in. most of the job placements anyway were in the uk. lots of companies have european roles and english as the business language. so don't count yourself out but keep training your languages you have more to prove as a native english speaker. 


to round it off, the process is supposed to be difficult, at any age, embrace that. not only in an administrative and legal sense, but emotional as well, as you probably have so few supporting you. 

but i am one of them, so keep going! if you want to chat more feel free to pm me.",True,False
1e7kgni,IWantOut,[IWantOut] 32M Semiconductor Tech US-&gt;Cambodia,"Hello everyone, 
I am currently on parole. It was for DV. There were some horrible circumstances that lead to me losing myself. Regardless, I regret what happened and would never do anything like it again. I was an inmate firefighter so I can apply for expungement once I finish my parole. Once I finish parole and if my record is expunged, can I still move to Cambodia? 

If possible I’d like to work in their semiconductor industry. If not, I can manage. I’m also retired military and SEA is manageable on my retirement pay alone. ",1721440157.0,2024-07-20T01:49:17,10,0,/r/IWantOut/comments/1e7kgni/iwantout_32m_semiconductor_tech_uscambodia/,https://www.reddit.com/r/IWantOut/comments/1e7kgni/iwantout_32m_semiconductor_tech_uscambodia/,"[iwantout] 32m semiconductor tech us-&gt;cambodia
hello everyone, 
i am currently on parole. it was for dv. there were some horrible circumstances that lead to me losing myself. regardless, i regret what happened and would never do anything like it again. i was an inmate firefighter so i can apply for expungement once i finish my parole. once i finish parole and if my record is expunged, can i still move to cambodia? 

if possible i’d like to work in their semiconductor industry. if not, i can manage. i’m also retired military and sea is manageable on my retirement pay alone. ",True,False
18bhsla,IWantOut,[IWantOut] 23M Israel -&gt; EU,"I've been pretty much looking to get out since I was like 8, i'm not going talk politics nor am I trying to downplay peoples fears and what not but the thread of an all out war is a nuisane, I fear the demographic shifts in the coming decades and honestly paying a $gajillion for rent on an apartment that will fall apart from a gust of wind (yay untreated commie blocks I guess) sucks. I just want out ASAP..    
****    
    
I'd prefer the Netherlands or Italy but I at least think i'm open to any EU option, I'd prefer cold(er) climates and where socializing wouldn't exactly be an impossible challenge    
    
I'm looking to become a UI/UX designer but I'm thinking of self learning some coding to become a frontend developer (at least here the market for UI/UX designers is dead, talked to a recruiter that said it won't get better for even 2 years)    
    
I've also thought of going to get a UX degree in The Hague Uni of Applied Sciences but it seems expensive (I think I need like 18k euros a year?, I currently have 12k to my name), looking at the rent options it would be too difficult to find an apartment and i'm a bit confused on whether employers would even care about a degree in that type of university    
    
I'm willing to learn the local language (I have a small vocabulary in Dutch and looking at Dutch posts I can understand a somewhat decent bit already but the issues I listed above are too big for me to go for it I think..)    
    
My mom is from Ukraine and my dad is an Azeri, so the only citizenships I could get through them are Ukranian, Azeri and Turkish I think, if this is necessary information. Both renounced their citizenships to move to Israel though. 
To be honest it feels like i'm going to need too much patience and I regret wasting the past 3-5 doing pretty much nothing :/    
Sorry if my way of writing is weird I've never been good at expressing myself",1701798743.0,2023-12-05T17:52:23,18,3,/r/IWantOut/comments/18bhsla/iwantout_23m_israel_eu/,https://www.reddit.com/r/IWantOut/comments/18bhsla/iwantout_23m_israel_eu/,"[iwantout] 23m israel -&gt; eu
i've been pretty much looking to get out since i was like 8, i'm not going talk politics nor am i trying to downplay peoples fears and what not but the thread of an all out war is a nuisane, i fear the demographic shifts in the coming decades and honestly paying a $gajillion for rent on an apartment that will fall apart from a gust of wind (yay untreated commie blocks i guess) sucks. i just want out asap..    
****    
    
i'd prefer the netherlands or italy but i at least think i'm open to any eu option, i'd prefer cold(er) climates and where socializing wouldn't exactly be an impossible challenge    
    
i'm looking to become a ui/ux designer but i'm thinking of self learning some coding to become a frontend developer (at least here the market for ui/ux designers is dead, talked to a recruiter that said it won't get better for even 2 years)    
    
i've also thought of going to get a ux degree in the hague uni of applied sciences but it seems expensive (i think i need like 18k euros a year?, i currently have 12k to my name), looking at the rent options it would be too difficult to find an apartment and i'm a bit confused on whether employers would even care about a degree in that type of university    
    
i'm willing to learn the local language (i have a small vocabulary in dutch and looking at dutch posts i can understand a somewhat decent bit already but the issues i listed above are too big for me to go for it i think..)    
    
my mom is from ukraine and my dad is an azeri, so the only citizenships i could get through them are ukranian, azeri and turkish i think, if this is necessary information. both renounced their citizenships to move to israel though. 
to be honest it feels like i'm going to need too much patience and i regret wasting the past 3-5 doing pretty much nothing :/    
sorry if my way of writing is weird i've never been good at expressing myself",True,False
16okmjp,IWantOut,[IWantOut] 19F Student Italy -&gt; USA,"I am a dual Italian-American citizen and I am just tired of life here. My dad (the Italian parent) is an asshole because my bf is Arab (he's American). My mom on the other hand is a fine lady, and I regret everyday not moving with her to America when she and my dad divorced 2 years ago. 

I have 3 main topics.

The first is renewing my American passport. Should I show my newish Italian ID at the US Consulate when renewing my passport, considering that my last American passport was issued when I was 12 and I look different now thanks to puberty? Obviously, if I have it, it shows my nationality as Italian, but I also have my old American passport.

Second, I need to make sure my plan is realistically possible.

1. Go to America. 
2. Live out of my mom's house for some months and work until I can save some money. My mom is willing to support me somewhat.
3. Move in by myself with some roommates
4. Apply to community college near where my mom lives in California for the spring semester (too late for fall). Can I still apply for FAFSA? 
5. Study for 1.5-2 years for in CS.
6. Apply to UCs and internships.
7. Move in with my boyfriend (or not) depending on where he gets into school as well.

Third topic: I need people's opinions on what to keep in mind when living in America. Especially when it comes to the differences between Italy and America and making friends, socializing, etc. I've lived all my life in Italy and only visited America during school holidays, so not much exposure to people other than my own family.",1695314416.0,2023-09-21T16:40:16,18,31,/r/IWantOut/comments/16okmjp/iwantout_19f_student_italy_usa/,https://www.reddit.com/r/IWantOut/comments/16okmjp/iwantout_19f_student_italy_usa/,"[iwantout] 19f student italy -&gt; usa
i am a dual italian-american citizen and i am just tired of life here. my dad (the italian parent) is an asshole because my bf is arab (he's american). my mom on the other hand is a fine lady, and i regret everyday not moving with her to america when she and my dad divorced 2 years ago. 

i have 3 main topics.

the first is renewing my american passport. should i show my newish italian id at the us consulate when renewing my passport, considering that my last american passport was issued when i was 12 and i look different now thanks to puberty? obviously, if i have it, it shows my nationality as italian, but i also have my old american passport.

second, i need to make sure my plan is realistically possible.

1. go to america. 
2. live out of my mom's house for some months and work until i can save some money. my mom is willing to support me somewhat.
3. move in by myself with some roommates
4. apply to community college near where my mom lives in california for the spring semester (too late for fall). can i still apply for fafsa? 
5. study for 1.5-2 years for in cs.
6. apply to ucs and internships.
7. move in with my boyfriend (or not) depending on where he gets into school as well.

third topic: i need people's opinions on what to keep in mind when living in america. especially when it comes to the differences between italy and america and making friends, socializing, etc. i've lived all my life in italy and only visited america during school holidays, so not much exposure to people other than my own family.",True,False
10dhk7h,IWantOut,[IWantOut] 27m Legal Graduate South Africa -&gt; UK/EU,"Hi everyone,

I'm a 27 year old from South Africa who's hit a bit of a life crisis. Since High School it's been my intention to find international employment, UK/EU preference has always been there(Netherlands especially for the EU). But as time went on it just didn't happen, I had to study directly after school so I couldn't take a gap year or two and go work overseas. I ended up studying law, I have an LLB, and now I regret it because of how much it's pigeon-holed my career choices.

Now I'm 27, almost 28, and I feel like my time is running out. If I don't get out in the next 2 years I feel like I'm stuck here forever. I always told myself after realizing I messed up by studying law that maybe I can find a country where I can do a course to bridge my LLB degree over(since its through UNISA so its recognized in some places). But I realized that has a very slim probability of working out.

I'm now at a stage where I'll take anything, life has been a little tough the last few years(near death experience with covid, having to leave a very toxic law firm which made me not complete my articles, getting retrenched/laid off from a good job due to a company buyout). I'm totally lost and I feel like I have no skills that can get me an international job.

Can anyone provide assistance? To highlight some of my skills/work experience, I did most of my articles for law so I have legal drafting and research experience, I did court appearances too. Beyond that I had a years experience as team leader, after having to leave the law firm I became a CV writer for CEO-level clients and eventually became a team leader of about 13 writers, it gave me some great leadership experience, as well as excellent customer interaction, KPI/performance management, great research and writing skills too. After that job I've been working as a consultant for company developing a 2-year diploma for social security workers, I've been serving as a legal resource and consultant to them writing a legal learning manual on social security law. In general my strengths really lie in writing, research, legal drafting, team leadership, client interaction, and general administrative/operative services. 

I'm at a point where I'll take the lowest job I can find, even if its entirely out of my career path, aslong as it can get me a liveable wage and allows me to move out of the country.

Hope I can get some help/advice on what I can do and how I can leverage my skills to get out.

Regards

JVZ",1673883378.0,2023-01-16T15:36:18,3,3,/r/IWantOut/comments/10dhk7h/iwantout_27m_legal_graduate_south_africa_ukeu/,https://www.reddit.com/r/IWantOut/comments/10dhk7h/iwantout_27m_legal_graduate_south_africa_ukeu/,"[iwantout] 27m legal graduate south africa -&gt; uk/eu
hi everyone,

i'm a 27 year old from south africa who's hit a bit of a life crisis. since high school it's been my intention to find international employment, uk/eu preference has always been there(netherlands especially for the eu). but as time went on it just didn't happen, i had to study directly after school so i couldn't take a gap year or two and go work overseas. i ended up studying law, i have an llb, and now i regret it because of how much it's pigeon-holed my career choices.

now i'm 27, almost 28, and i feel like my time is running out. if i don't get out in the next 2 years i feel like i'm stuck here forever. i always told myself after realizing i messed up by studying law that maybe i can find a country where i can do a course to bridge my llb degree over(since its through unisa so its recognized in some places). but i realized that has a very slim probability of working out.

i'm now at a stage where i'll take anything, life has been a little tough the last few years(near death experience with covid, having to leave a very toxic law firm which made me not complete my articles, getting retrenched/laid off from a good job due to a company buyout). i'm totally lost and i feel like i have no skills that can get me an international job.

can anyone provide assistance? to highlight some of my skills/work experience, i did most of my articles for law so i have legal drafting and research experience, i did court appearances too. beyond that i had a years experience as team leader, after having to leave the law firm i became a cv writer for ceo-level clients and eventually became a team leader of about 13 writers, it gave me some great leadership experience, as well as excellent customer interaction, kpi/performance management, great research and writing skills too. after that job i've been working as a consultant for company developing a 2-year diploma for social security workers, i've been serving as a legal resource and consultant to them writing a legal learning manual on social security law. in general my strengths really lie in writing, research, legal drafting, team leadership, client interaction, and general administrative/operative services. 

i'm at a point where i'll take the lowest job i can find, even if its entirely out of my career path, aslong as it can get me a liveable wage and allows me to move out of the country.

hope i can get some help/advice on what i can do and how i can leverage my skills to get out.

regards

jvz",True,False
qaaknw,IWantOut,"[IWantOut] 33F Orlando, FL -&gt; London UK","I've lived in Florida for 20 years, and during that time, I have always dreamnt of moving. I had never made the move because I wasn't sure where exactly I wanted to go and traveling was a bit expensive.
But I finally started my career about a year and a half ago at the late age of 31, and with that income, I traveled and was able to visit the potential places in my list, leading me to the country I'd like to move to, the UK. 
However, I'm concerned about four choices: 
1. If I were to move now, would I be moving prematurely and therefore setting myself up for failure by not have a strong enough career experience to be hired there? Or
2. If I dont move now to London should I move to another state first (DC) to grow my career and later move to the country of my dreams (UK)?
3. Would I regret waiting and possibly risk getting too comfortable and never moving at all living with the regret of staying just for financial ""comfort""?
4. Should I move to London as a student to obtain my masters and then have higher chances of getting hired?

I am sincerely torn.  To give some perspective, my job title is Environmental Engineer, I have a BS in Environmental Studies.  

Thanks for reading.",1634514106.0,2021-10-17T23:41:46,2,0,/r/IWantOut/comments/qaaknw/iwantout_33f_orlando_fl_london_uk/,https://www.reddit.com/r/IWantOut/comments/qaaknw/iwantout_33f_orlando_fl_london_uk/,"[iwantout] 33f orlando, fl -&gt; london uk
i've lived in florida for 20 years, and during that time, i have always dreamnt of moving. i had never made the move because i wasn't sure where exactly i wanted to go and traveling was a bit expensive.
but i finally started my career about a year and a half ago at the late age of 31, and with that income, i traveled and was able to visit the potential places in my list, leading me to the country i'd like to move to, the uk. 
however, i'm concerned about four choices: 
1. if i were to move now, would i be moving prematurely and therefore setting myself up for failure by not have a strong enough career experience to be hired there? or
2. if i dont move now to london should i move to another state first (dc) to grow my career and later move to the country of my dreams (uk)?
3. would i regret waiting and possibly risk getting too comfortable and never moving at all living with the regret of staying just for financial ""comfort""?
4. should i move to london as a student to obtain my masters and then have higher chances of getting hired?

i am sincerely torn.  to give some perspective, my job title is environmental engineer, i have a bs in environmental studies.  

thanks for reading.",True,False
mfizc0,IWantOut,[IWantOut] 22M New Zealand -&gt; Europe,"I'm 22M and have lived in NZ all my life, but there really isn't much for me here and I wanna do something different with my life before its too late and I regret not making a move. I've been in the Army since I finished school so I have a little bit of life experience. I already have a Dutch passport which from my understanding means I can live and work in any country that comes under the EU. I know at the moment with covid it would make things a bit harder, but in the near future I just want to sell the majority of my belongings, get a one way ticket to the Netherlands and then from there just travel around Europe for a year or two working odd jobs here and there and eventually settling down in one place and going through their university system. Does this seem doable to you? And if so what are some top tips you would give me? Cheers in advance!",1616997913.0,2021-03-29T06:05:13,19,19,/r/IWantOut/comments/mfizc0/iwantout_22m_new_zealand_europe/,https://www.reddit.com/r/IWantOut/comments/mfizc0/iwantout_22m_new_zealand_europe/,"[iwantout] 22m new zealand -&gt; europe
i'm 22m and have lived in nz all my life, but there really isn't much for me here and i wanna do something different with my life before its too late and i regret not making a move. i've been in the army since i finished school so i have a little bit of life experience. i already have a dutch passport which from my understanding means i can live and work in any country that comes under the eu. i know at the moment with covid it would make things a bit harder, but in the near future i just want to sell the majority of my belongings, get a one way ticket to the netherlands and then from there just travel around europe for a year or two working odd jobs here and there and eventually settling down in one place and going through their university system. does this seem doable to you? and if so what are some top tips you would give me? cheers in advance!",True,False
jhkvfe,IWantOut,[IWantOut] 21M New Zealand -&gt; Europe,"I'm 21M and have lived in NZ all my life, but there really isn't much for me here and I wanna do something different with my life before its too late and I regret not making a move. I've been in the Army since I finished school so I have a little bit of life experience. I lucked out and actually managed to get my Dutch citizenship/passport a couple years ago. Is there anything I should know and consider before I sell all my belongings and move to Europe? And anyone thats done something similar, what are your experiences? Cheers",1603589084.0,2020-10-25T01:24:44,37,13,/r/IWantOut/comments/jhkvfe/iwantout_21m_new_zealand_europe/,https://www.reddit.com/r/IWantOut/comments/jhkvfe/iwantout_21m_new_zealand_europe/,"[iwantout] 21m new zealand -&gt; europe
i'm 21m and have lived in nz all my life, but there really isn't much for me here and i wanna do something different with my life before its too late and i regret not making a move. i've been in the army since i finished school so i have a little bit of life experience. i lucked out and actually managed to get my dutch citizenship/passport a couple years ago. is there anything i should know and consider before i sell all my belongings and move to europe? and anyone thats done something similar, what are your experiences? cheers",True,False
hynsfi,IWantOut,[IWantOut] 25F UK -&gt; France,"Hi everyone, 

I'm actually a UK citizen currently in France at the moment with my partner of 2 years. I have been a tefl assistant in France the past academic year, and stayed here after my contract ended thinking I'd try getting another job.

While I was hoping to get care assistant work or basic admin experience, the offers I've seen ask for a Diplôme d'état, BTS and/or experience, which would take some time and money to get..

However now I've been offered a full-time minimum wage job in London. Not a large income but it's in a field I'm interested in and think it'll let me develop a career in social care.

I dont know whether to accept this.

 If I accept this job it will be much harder to return and get a french job.
 The worst is that my partner and I won't be able to stay together. My partner is french and speaks little english and works as an activity leader. I think they would find it difficult to find something in london.

That being said, I dont like the idea of staying in France unemployed or doing training for jobs just to earn a basic income.
I have a literature degree and a tiny amount of experience teaching english ( teaching isn't the career for me, at least not atm). I think I would need to have paid for and studied a french qualification for the same job I've just been offered in the UK..

I dont know what to do. Is it better to get experience and a good qualification in the UK and try to get a visa in france later on? 

Or should I stay in France, work small jobs/study and be able to start my life here?

Is anyone in similar situations thanks to Brexit?

If I don't take this job, I'll need to let them know ideally by this week. It's been a horrible few days trying to think of what the best thing is to do. I feel like either choice will have parts to it that I regret.

Thank you for any thoughts/advice you have!",1595835324.0,2020-07-27T07:35:24,1,3,/r/IWantOut/comments/hynsfi/iwantout_25f_uk_france/,https://www.reddit.com/r/IWantOut/comments/hynsfi/iwantout_25f_uk_france/,"[iwantout] 25f uk -&gt; france
hi everyone, 

i'm actually a uk citizen currently in france at the moment with my partner of 2 years. i have been a tefl assistant in france the past academic year, and stayed here after my contract ended thinking i'd try getting another job.

while i was hoping to get care assistant work or basic admin experience, the offers i've seen ask for a diplôme d'état, bts and/or experience, which would take some time and money to get..

however now i've been offered a full-time minimum wage job in london. not a large income but it's in a field i'm interested in and think it'll let me develop a career in social care.

i dont know whether to accept this.

 if i accept this job it will be much harder to return and get a french job.
 the worst is that my partner and i won't be able to stay together. my partner is french and speaks little english and works as an activity leader. i think they would find it difficult to find something in london.

that being said, i dont like the idea of staying in france unemployed or doing training for jobs just to earn a basic income.
i have a literature degree and a tiny amount of experience teaching english ( teaching isn't the career for me, at least not atm). i think i would need to have paid for and studied a french qualification for the same job i've just been offered in the uk..

i dont know what to do. is it better to get experience and a good qualification in the uk and try to get a visa in france later on? 

or should i stay in france, work small jobs/study and be able to start my life here?

is anyone in similar situations thanks to brexit?

if i don't take this job, i'll need to let them know ideally by this week. it's been a horrible few days trying to think of what the best thing is to do. i feel like either choice will have parts to it that i regret.

thank you for any thoughts/advice you have!",True,False
bzdm1v,IWantOut,Is it hopeless? UK &gt; Canada,"Hello, I'm a 25 year old girl from Northern Ireland, UK. I want out more than anything in the world. I feel like I'm in a prison when I have to go back there. I'm on a working holiday in Australia right now, but my visa expires soon and I'm saving to go to Canada next. 

I have a problem, I dropped out of college due to my mental health, and I regret it immensely because I think it really lowers my options now. I wish I could study abroad, but there's no way in hell that I can afford it.  
I would do anything to not have to go home. I really want permanent residency somewhere but, but I dont know how I will ever be able to get it. 

Any help is appreciated.",1560265471.0,2019-06-11T15:04:31,18,15,/r/IWantOut/comments/bzdm1v/is_it_hopeless_uk_canada/,https://www.reddit.com/r/IWantOut/comments/bzdm1v/is_it_hopeless_uk_canada/,"is it hopeless? uk &gt; canada
hello, i'm a 25 year old girl from northern ireland, uk. i want out more than anything in the world. i feel like i'm in a prison when i have to go back there. i'm on a working holiday in australia right now, but my visa expires soon and i'm saving to go to canada next. 

i have a problem, i dropped out of college due to my mental health, and i regret it immensely because i think it really lowers my options now. i wish i could study abroad, but there's no way in hell that i can afford it.  
i would do anything to not have to go home. i really want permanent residency somewhere but, but i dont know how i will ever be able to get it. 

any help is appreciated.",True,False
6bhhwi,IWantOut,American with Prior drunk driving conviction and no US license... Can I get UK drivers license?,"I am a tier 2 general visa holder with 5 year residency living in rural Scotland...without a car because I have no american license from a drunk driving conviction almost a year back. I regret it, it was stupid and I am aware how awful it is to do.  It made a horrible year even worse, so I understand that part. 
 My questions are:
A- Do the UK and USA share driving records... I imagine they do, but I'm having a hard time finding that out.  I know we do not share credit scores, so maybe there is a chance?
B- If I have this conviction am i automatically disqualified from driving here?
C-Are there any particularly helpful resources that would apply specifically to a US expat and not a UK citizen in my situation?",1494941747.0,2017-05-16T13:35:47,5,0,/r/IWantOut/comments/6bhhwi/american_with_prior_drunk_driving_conviction_and/,https://www.reddit.com/r/IWantOut/comments/6bhhwi/american_with_prior_drunk_driving_conviction_and/,"american with prior drunk driving conviction and no us license... can i get uk drivers license?
i am a tier 2 general visa holder with 5 year residency living in rural scotland...without a car because i have no american license from a drunk driving conviction almost a year back. i regret it, it was stupid and i am aware how awful it is to do.  it made a horrible year even worse, so i understand that part. 
 my questions are:
a- do the uk and usa share driving records... i imagine they do, but i'm having a hard time finding that out.  i know we do not share credit scores, so maybe there is a chance?
b- if i have this conviction am i automatically disqualified from driving here?
c-are there any particularly helpful resources that would apply specifically to a us expat and not a uk citizen in my situation?",True,False
64vpvi,IWantOut,20F US to Germany/Sweden/Norway/etc -- eager for advice.,"Hello everyone. I'm in need of some advice on how to better my situation.  

Context: I'm 20, in the middle of a neuroscience B.A. which is an obscene money sink. I am a US citizen by birth, with documentation (as are my parents). I would like to continue my education in Europe, and intend to fully emigrate to a country there. I am English native, Spanish fluent, and intermediate competent in German (still learning). If it's relevant, I'll have a 3.0 GPA at the end of this semester.

Also: I have $1200 cash emergency fund and $1000 in the bank, $2500 of (depreciating) assets that I can liquidize within 6 months, a possible $3000 more that I might be able to liquidize within 12 months. My current student loans total about $23k; 18 of that is at 10-15% interest, the rest at about 5-7% (federal). In the next 3 months I believe I can add just about $5k to my cash savings if I live frugally; at most $6k.  

I want to leave the USA either when I finish my B.A. in two years, or in January, at which point another $15k will be added on to my debt (unless I can manage to secure a late transfer to a school with more financial aid, which will drop that value to $5-7k). My intent is to pursue a Master's and then a PhD in the European Union, ideally Sweden, Germany, or Norway, toward conducting research in subjects under the neurobiology umbrella.  

**My main question is**, what can I do to be best prepared for the country I move to -- particularly in my finances, education, and future job? Also: what countries have I overlooked for research work that I'm missing out on? I've been looking through the websites listed in the sidebar for more information, but am somewhat at a loss of what I should do from here. The longer I wait, the worse things get, and the more I regret not having left earlier.",1491966886.0,2017-04-12T03:14:46,15,2,/r/IWantOut/comments/64vpvi/20f_us_to_germanyswedennorwayetc_eager_for_advice/,https://www.reddit.com/r/IWantOut/comments/64vpvi/20f_us_to_germanyswedennorwayetc_eager_for_advice/,"20f us to germany/sweden/norway/etc -- eager for advice.
hello everyone. i'm in need of some advice on how to better my situation.  

context: i'm 20, in the middle of a neuroscience b.a. which is an obscene money sink. i am a us citizen by birth, with documentation (as are my parents). i would like to continue my education in europe, and intend to fully emigrate to a country there. i am english native, spanish fluent, and intermediate competent in german (still learning). if it's relevant, i'll have a 3.0 gpa at the end of this semester.

also: i have $1200 cash emergency fund and $1000 in the bank, $2500 of (depreciating) assets that i can liquidize within 6 months, a possible $3000 more that i might be able to liquidize within 12 months. my current student loans total about $23k; 18 of that is at 10-15% interest, the rest at about 5-7% (federal). in the next 3 months i believe i can add just about $5k to my cash savings if i live frugally; at most $6k.  

i want to leave the usa either when i finish my b.a. in two years, or in january, at which point another $15k will be added on to my debt (unless i can manage to secure a late transfer to a school with more financial aid, which will drop that value to $5-7k). my intent is to pursue a master's and then a phd in the european union, ideally sweden, germany, or norway, toward conducting research in subjects under the neurobiology umbrella.  

**my main question is**, what can i do to be best prepared for the country i move to -- particularly in my finances, education, and future job? also: what countries have i overlooked for research work that i'm missing out on? i've been looking through the websites listed in the sidebar for more information, but am somewhat at a loss of what i should do from here. the longer i wait, the worse things get, and the more i regret not having left earlier.",True,False
3uo6wc,IWantOut,I'm really cold,"I'm really sick of living in Canada. I'm already chilly as fuck and it's about to get worse.  

I'm a student and used to study online at Athabasca University. I study at a physical university now and have a couple more years left on my degree but I really feel stuck.  

I'm 26 years old and wasn't sure about university, so I chose to work and travel and live abroad instead. I never want to settle down and live an ordinary life, I know it's not in me. So I'm getting a teaching degree so I can teach anywhere in the world, I'm also doing an undergrad degree that will allow me to work for NGOs like Human Rights Watch and I'm learning two other languages just to have even more opportunities available. I really like living in warm, interesting countries. I miss the experiences I used to have and feel defeated at the thought of living in this small, boring city for another 2.5 years. I travel as often as I can but I don't have much money and I feel bored with my life. I'm losing motivation in school and as much as I love my program I'm fantasizing about taking a year off, or trying to study online again while living somewhere else. I know it seems reckless to just take off, but whenever I've done it in the past it always works out well. And I'm starting to feel like my life was at its peak while I was living in Egypt. I'm sad at the idea that I might never enjoy life so much again and it's all downhill from here.  

I regret coming back to Canada in 2013. I feel really stuck and right now I live with my boyfriend and his Italian family. There is a lot of negativity and yelling here, not to mention the tv is always blaring and people are always coming over (and talking or shouting in Italian). I'm saving money and can't complain as it's rent-free and I eat for free, but the environment isn't conducive to studying or relaxing and I don't really feel comfortable and at home here. But of course, my 23 year old boyfriend never wants to move out of his parent's basement. So I guess I feel held back by this relationship, too. We have travelled to Europe together, but he isn't as adventurous and wouldn't be so keen on living abroad. Not to mention I honestly wouldn't want to bring him with me.  

I dream of leaving this overpriced, grimy city and living somewhere warm and having great friends and a nice life, like I used to. The only problem is it was difficult to study online, it takes a lot of discipline. I have very good grades, but never really enjoyed the isolating experience of web-based courses. So what should I do? Just suck it up and continue trying not to hate my life until 2018? Or live in the moment and be where I really want to be, wherever that is? I'm not getting any younger :S 

I should also mention I get student loans to cover my tuition and would have about $6,000 left over for expenses, plus any potential earnings. I also have an $800 Air Canada flight voucher to be used before November 2016...  

Open to suggestions.

",1448769303.0,2015-11-29T03:55:03,19,3,/r/IWantOut/comments/3uo6wc/im_really_cold/,https://www.reddit.com/r/IWantOut/comments/3uo6wc/im_really_cold/,"i'm really cold
i'm really sick of living in canada. i'm already chilly as fuck and it's about to get worse.  

i'm a student and used to study online at athabasca university. i study at a physical university now and have a couple more years left on my degree but i really feel stuck.  

i'm 26 years old and wasn't sure about university, so i chose to work and travel and live abroad instead. i never want to settle down and live an ordinary life, i know it's not in me. so i'm getting a teaching degree so i can teach anywhere in the world, i'm also doing an undergrad degree that will allow me to work for ngos like human rights watch and i'm learning two other languages just to have even more opportunities available. i really like living in warm, interesting countries. i miss the experiences i used to have and feel defeated at the thought of living in this small, boring city for another 2.5 years. i travel as often as i can but i don't have much money and i feel bored with my life. i'm losing motivation in school and as much as i love my program i'm fantasizing about taking a year off, or trying to study online again while living somewhere else. i know it seems reckless to just take off, but whenever i've done it in the past it always works out well. and i'm starting to feel like my life was at its peak while i was living in egypt. i'm sad at the idea that i might never enjoy life so much again and it's all downhill from here.  

i regret coming back to canada in 2013. i feel really stuck and right now i live with my boyfriend and his italian family. there is a lot of negativity and yelling here, not to mention the tv is always blaring and people are always coming over (and talking or shouting in italian). i'm saving money and can't complain as it's rent-free and i eat for free, but the environment isn't conducive to studying or relaxing and i don't really feel comfortable and at home here. but of course, my 23 year old boyfriend never wants to move out of his parent's basement. so i guess i feel held back by this relationship, too. we have travelled to europe together, but he isn't as adventurous and wouldn't be so keen on living abroad. not to mention i honestly wouldn't want to bring him with me.  

i dream of leaving this overpriced, grimy city and living somewhere warm and having great friends and a nice life, like i used to. the only problem is it was difficult to study online, it takes a lot of discipline. i have very good grades, but never really enjoyed the isolating experience of web-based courses. so what should i do? just suck it up and continue trying not to hate my life until 2018? or live in the moment and be where i really want to be, wherever that is? i'm not getting any younger :s 

i should also mention i get student loans to cover my tuition and would have about $6,000 left over for expenses, plus any potential earnings. i also have an $800 air canada flight voucher to be used before november 2016...  

open to suggestions.

",True,False
3tllbw,IWantOut,"(19,M) Italy &gt; Looking to move in another European country for six months","Hey all, I'm a 19 year old Italian student (first year of university, computer science) and while university is surely a nice experience, I regret not taking a gap year, because I'm starting to think that it's something that could contain valuable life experiences and could also be useful as a motivation. Also I would have liked to make the gap year in a foreign country in attempt to make the experience even more productive by improving my language skills and experiencing a more independent lifestyle (Also I'm a bit tired of my city, I lived here all my life and it's not a big city so there isn't that much to do).

The thing is : it's not too late for me to make an experience like that, because I'm only at the first year and also my university has a decent e-learning platform, that means that I could also continue studying without attending the university.

That's why I am looking for advises regarding which country is better suited for my situation.

Here's some infomation about me that could be useful for chosing a country and finding a job:

* I’ve an high school degree with a specialization in applied science;

* I have an European Computer Driving Licence, not that it really matters;
	
* I know how to program in basic C and I’m obviously willing to learn more programming languages or improve my C skills;

* I’m fluent in Italian language and I have a decent English (my pronunciation is not great, but probably pronunciation would quickly improve with native speakers), I’m willing to learn new languages, but I plan to leave during February/March , So I don’t have enough time to become fluent in a new language, especially because I also have to study for university;

* I know how to do basic life support… I mean, it was a free and pretty easy course near my home, I couldn’t refuse!

* I’m up for pretty much every job , but I would prefer something that could be even remotely related to my studies, even “the guy that does photocopies and bring coffee” at some random tech company would be enough;

* If I find myself particulary comfortable in the foreign country, I may consider permanently moving there, that means that it could be cool to find a foreign country with an affordable university;

* I have some money to pay the first period in the foreign country, but I’m not rich, that means that I will have to find a shared house, if you know what are the best websites to find one I would be thankful. I mean, I don’t eat pasta every day, I have a Netflix account and I will try to not complain about the superiority of Italian pizza, I can’t be that bad of a roommate!




That’s pretty much it, any advise is appreciated, I hope to find a nice country to live in. Thanks.
",1448046041.0,2015-11-20T19:00:41,6,4,/r/IWantOut/comments/3tllbw/19m_italy_looking_to_move_in_another_european/,https://www.reddit.com/r/IWantOut/comments/3tllbw/19m_italy_looking_to_move_in_another_european/,"(19,m) italy &gt; looking to move in another european country for six months
hey all, i'm a 19 year old italian student (first year of university, computer science) and while university is surely a nice experience, i regret not taking a gap year, because i'm starting to think that it's something that could contain valuable life experiences and could also be useful as a motivation. also i would have liked to make the gap year in a foreign country in attempt to make the experience even more productive by improving my language skills and experiencing a more independent lifestyle (also i'm a bit tired of my city, i lived here all my life and it's not a big city so there isn't that much to do).

the thing is : it's not too late for me to make an experience like that, because i'm only at the first year and also my university has a decent e-learning platform, that means that i could also continue studying without attending the university.

that's why i am looking for advises regarding which country is better suited for my situation.

here's some infomation about me that could be useful for chosing a country and finding a job:

* i’ve an high school degree with a specialization in applied science;

* i have an european computer driving licence, not that it really matters;
	
* i know how to program in basic c and i’m obviously willing to learn more programming languages or improve my c skills;

* i’m fluent in italian language and i have a decent english (my pronunciation is not great, but probably pronunciation would quickly improve with native speakers), i’m willing to learn new languages, but i plan to leave during february/march , so i don’t have enough time to become fluent in a new language, especially because i also have to study for university;

* i know how to do basic life support… i mean, it was a free and pretty easy course near my home, i couldn’t refuse!

* i’m up for pretty much every job , but i would prefer something that could be even remotely related to my studies, even “the guy that does photocopies and bring coffee” at some random tech company would be enough;

* if i find myself particulary comfortable in the foreign country, i may consider permanently moving there, that means that it could be cool to find a foreign country with an affordable university;

* i have some money to pay the first period in the foreign country, but i’m not rich, that means that i will have to find a shared house, if you know what are the best websites to find one i would be thankful. i mean, i don’t eat pasta every day, i have a netflix account and i will try to not complain about the superiority of italian pizza, i can’t be that bad of a roommate!




that’s pretty much it, any advise is appreciated, i hope to find a nice country to live in. thanks.
",True,False
3opycf,IWantOut,Will being a Copywriter get me anywhere? Middle-East&gt;Anywhere I can be a free LGBT woman,"Ever since I was a young teen, I've been writing short stories and poetry. I would post them under numerous pseudonyms online and learned so much from other writers. It might sound cliche, but it's one of the only things that truly makes me happy. Growing up gay wasn't exactly the icing on the cake. I have been verbally and physically abused by just the suspicion that I'm ""abnormal.""

I have a bachelor's in MIS, which sucked my soul dry but it was the only education my father would pay for. At 18, it seemed like a no-brainer, and I knew I would end up nowhere without a degree. I regret this now.

Now, at the not-so-young age of 26, my dream job has dropped on my lap - Copywriter. I would be responsible for all press releases, magazine articles, social media entries, and basically everything the public will see.

I currently live in the Middle-East, and it hasn't been easy. I am being very heavily pressured to marry, and I know that if I don't have a plan, it will happen eventually. I have the opportunity to leave in about a year, but I know that I'll need something to prove myself before I even think about leaving. 

I've been currently employed for 3 weeks in a tedious tech job, but it's just not what I want to do. It also leaves me with nothing to really show for- a monkey could do most of my daily tasks if trained. I know that if I take the Copywriter job, I'll have an impressive portfolio in a year, and I can stand out.

The Copywriter position pays double the tech job, so I will also have much more savings.

But what then? If I land in the US or the EU, will I even be taken seriously? Where can I move up? Is it smarter to stay in tech?

Help me out.",1444829227.0,2015-10-14T13:27:07,3,0,/r/IWantOut/comments/3opycf/will_being_a_copywriter_get_me_anywhere/,https://www.reddit.com/r/IWantOut/comments/3opycf/will_being_a_copywriter_get_me_anywhere/,"will being a copywriter get me anywhere? middle-east&gt;anywhere i can be a free lgbt woman
ever since i was a young teen, i've been writing short stories and poetry. i would post them under numerous pseudonyms online and learned so much from other writers. it might sound cliche, but it's one of the only things that truly makes me happy. growing up gay wasn't exactly the icing on the cake. i have been verbally and physically abused by just the suspicion that i'm ""abnormal.""

i have a bachelor's in mis, which sucked my soul dry but it was the only education my father would pay for. at 18, it seemed like a no-brainer, and i knew i would end up nowhere without a degree. i regret this now.

now, at the not-so-young age of 26, my dream job has dropped on my lap - copywriter. i would be responsible for all press releases, magazine articles, social media entries, and basically everything the public will see.

i currently live in the middle-east, and it hasn't been easy. i am being very heavily pressured to marry, and i know that if i don't have a plan, it will happen eventually. i have the opportunity to leave in about a year, but i know that i'll need something to prove myself before i even think about leaving. 

i've been currently employed for 3 weeks in a tedious tech job, but it's just not what i want to do. it also leaves me with nothing to really show for- a monkey could do most of my daily tasks if trained. i know that if i take the copywriter job, i'll have an impressive portfolio in a year, and i can stand out.

the copywriter position pays double the tech job, so i will also have much more savings.

but what then? if i land in the us or the eu, will i even be taken seriously? where can i move up? is it smarter to stay in tech?

help me out.",True,False
2v9qte,IWantOut,Hong Kong -&gt; Taiwan/Japan/Australia/Europe,"I kind of already have a few start up plans. Just leaving my name here as one among you who needs to escape!

A bit about me first: I was born in Hong Kong, got a Bachelor degree in IT from Sydney, Australia along with my Aussie citizenship (granted with my mother's immigration). Now I'm back to work in Hong Kong for 7x24 IT support shift work, and god do I regret coming back here.

Initially I left my name down for Teach For Australia (Aus region of Teach For All) for 2016 and early application has started, but once I started the application I realised that IT or computer science is not part of their desired subjects for next year. 

Then a friend suggested me to get a TEFL certificate for teaching English elsewhere outside of Hong Kong. I'm not a native speaker but 10 years in Australia with a Bachelor degree from there makes me feel fairly confident about it. My target destination is Japan, with Taiwan as backup in case I can't make it in Japan. 

I'm really excited for that idea because I love Japan and Taiwan, plus teaching has always been a little dream job of mine, just never figured out what I really wanted to teach. However the schedule for TEFL courses often clashes with my shift work. I either have to resort to doing online-only course (which majority of /r/TEFL really disapproves) or speak with my manager for a chance of some time arrangements, and I'm going to try scheduling a personal meeting with my manager this afternoon.

I also have my academic contacts from Sydney who had been seeking IT tutors in the past, which I could get in touch with. Though right now I'm more keen to try a new career with a new home, which is Japan. My ultimate goal in the end, however, is to escape Hong Kong.

Right now I'm still debating if I should take an online TEFL or try to twist my job into letting me attend face-to-face classes. I'll also seek advice from my academic contacts about my escape plans.

If you have read this far, I thank you deeply for your attention, and you'll have my eternal gratitude for offering any suggestions / opinions about my circumstance. Please also feel free to ask me more about what I've done so far if you're in a similar circumstance and I'm happy to share my experience as I go along.",1423458414.0,2015-02-09T05:06:54,2,2,/r/IWantOut/comments/2v9qte/hong_kong_taiwanjapanaustraliaeurope/,https://www.reddit.com/r/IWantOut/comments/2v9qte/hong_kong_taiwanjapanaustraliaeurope/,"hong kong -&gt; taiwan/japan/australia/europe
i kind of already have a few start up plans. just leaving my name here as one among you who needs to escape!

a bit about me first: i was born in hong kong, got a bachelor degree in it from sydney, australia along with my aussie citizenship (granted with my mother's immigration). now i'm back to work in hong kong for 7x24 it support shift work, and god do i regret coming back here.

initially i left my name down for teach for australia (aus region of teach for all) for 2016 and early application has started, but once i started the application i realised that it or computer science is not part of their desired subjects for next year. 

then a friend suggested me to get a tefl certificate for teaching english elsewhere outside of hong kong. i'm not a native speaker but 10 years in australia with a bachelor degree from there makes me feel fairly confident about it. my target destination is japan, with taiwan as backup in case i can't make it in japan. 

i'm really excited for that idea because i love japan and taiwan, plus teaching has always been a little dream job of mine, just never figured out what i really wanted to teach. however the schedule for tefl courses often clashes with my shift work. i either have to resort to doing online-only course (which majority of /r/tefl really disapproves) or speak with my manager for a chance of some time arrangements, and i'm going to try scheduling a personal meeting with my manager this afternoon.

i also have my academic contacts from sydney who had been seeking it tutors in the past, which i could get in touch with. though right now i'm more keen to try a new career with a new home, which is japan. my ultimate goal in the end, however, is to escape hong kong.

right now i'm still debating if i should take an online tefl or try to twist my job into letting me attend face-to-face classes. i'll also seek advice from my academic contacts about my escape plans.

if you have read this far, i thank you deeply for your attention, and you'll have my eternal gratitude for offering any suggestions / opinions about my circumstance. please also feel free to ask me more about what i've done so far if you're in a similar circumstance and i'm happy to share my experience as i go along.",True,False
snnfj,IWantOut,"I want to travel and work, help?","Basically I live in Australia, and have a dead end job. I'm 21 and didn't go to Uni because instead I chose to do that 1 year off thing and go see relatives and basically be a lazy shit while working a shitty part time job. After I quit that I ended up getting another one with better pay and just as bad but the contract is almost up. Now I regret it terribly, I have 15k in savings and just want to travel / get out and eventually settle down in a nice european country and start a new. 

Basically any and all tips and informations would be greatly appreciated but there are some questions I really want answered. Like, 

How would I firstly go about this with my limited experience / cash in the first place?

If it is possible, can you recomend a good place to start and where to go from there?

Again if it is possible, what is a nice european country I could begin a new in with my limited experience / cash and start a new life? (If it isn't english speaking I am willing to learn the language)

Latly, if possible, what could I do for work in this new country?

Any tips and info greatly appreciated...

**EDIT:** A friend told me of a person she knew, a guy that just dropped everything and went off with some charity organization traveling around the world helping people and eventually settled down in Sweden and learnt the language there. I have no idea if this is true or not, so is that at all possible? Are there organizations such as this and if so, how would you go about joining out and doing something like this?

Sorry if I sound a bit silly, long time lurker, after a really shitty day I am finally accepting I can't do this shit for any longer. Also, if any of this were possible, what job opportunities could I go for? 

**EDIT:** I realize I probably wont get far with some sort of degree, so I guess this will take more time that I really wanted but I am pretty dedicated. So, any type of education or something you guys can give tips on would also be appreciated. I prefer more physical or interactive things.

Thank you so much for the help.",1335152919.0,2012-04-23T03:48:39,4,0,/r/IWantOut/comments/snnfj/i_want_to_travel_and_work_help/,https://www.reddit.com/r/IWantOut/comments/snnfj/i_want_to_travel_and_work_help/,"i want to travel and work, help?
basically i live in australia, and have a dead end job. i'm 21 and didn't go to uni because instead i chose to do that 1 year off thing and go see relatives and basically be a lazy shit while working a shitty part time job. after i quit that i ended up getting another one with better pay and just as bad but the contract is almost up. now i regret it terribly, i have 15k in savings and just want to travel / get out and eventually settle down in a nice european country and start a new. 

basically any and all tips and informations would be greatly appreciated but there are some questions i really want answered. like, 

how would i firstly go about this with my limited experience / cash in the first place?

if it is possible, can you recomend a good place to start and where to go from there?

again if it is possible, what is a nice european country i could begin a new in with my limited experience / cash and start a new life? (if it isn't english speaking i am willing to learn the language)

latly, if possible, what could i do for work in this new country?

any tips and info greatly appreciated...

**edit:** a friend told me of a person she knew, a guy that just dropped everything and went off with some charity organization traveling around the world helping people and eventually settled down in sweden and learnt the language there. i have no idea if this is true or not, so is that at all possible? are there organizations such as this and if so, how would you go about joining out and doing something like this?

sorry if i sound a bit silly, long time lurker, after a really shitty day i am finally accepting i can't do this shit for any longer. also, if any of this were possible, what job opportunities could i go for? 

**edit:** i realize i probably wont get far with some sort of degree, so i guess this will take more time that i really wanted but i am pretty dedicated. so, any type of education or something you guys can give tips on would also be appreciated. i prefer more physical or interactive things.

thank you so much for the help.",True,False
1kqh95j,IWantOut,[IWantOut] 33F USA -&gt; The Netherlands/Portugal/Spain,"Hi folks, I've posted here before and done some more research based on the recommendations I've gotten. I had hoped to get out of the US for a PhD (law), but with funding the way it is, seems like a pipe dream. I also have tried for employment in countries suggested, but no dice. For context, my wife and I lived in the Netherlands on a visa supported by master's degree, then zoekjaar, then a a short-term research project totaling three years and never wanted to leave. We have never felt like we have fit in with the majority of US culture, and most of our friends are in NL, BE, and DE.

That being said, neither one of us has one of those coveted IT/business backgrounds that would allow us to go wherever. Ironically, I've spent my career working in the field of international human rights but have very little mobility it seems, sadly. Ironic, I say, given that those of us who study and work in the field of international law, human rights, etc. and speak multiple languages have far little mobility in comparison to those who work in IT/business and speak only English...not bitter, and I wish these people the best, just feeling like as much as I have loved my field, I wish I had picked better in this regard.

As such, I've come to the conclusion that we would only be able to leave if we did the self-employed/digital nomad route for NL, PT or ES. I have done quite a bit of research on these, and looked through this sub. We just are having a hard time picking based on our particular situation. It would be great to hear any advice and experiences any of you have had when you are not in a ""in-demand"" field. As a person who tried to immigrate and had to leave based on factors out of my control (I took the Dutch inburgeringsexamen and passed, for example), I am well-aware how hard it is to immigrate, especially when you aren't wanted for your employment by a big international company.

Our goal is not only PR, but also citizenship. We have no intent of returning to the US, nor do we trust our government to take care of us given our identity. I have no wish to be American, nor does my wife, and we are quite ashamed of it, honestly.

**\*Our backgrounds\***  
Education: (Me) USA BA, International Studies and Russian; USA Juris Doctor (JD); Dutch Master of Laws, European and International Human Rights Law (LL.M). (Wife) USA BA Music Education; USA MSc Applied Psychology; TEFL/TESL certification

Work experience: (Me) 7 years of consulting for the UN, WHO and other international organisations in the field of international human rights and intersectional issues, particularly specialised in human trafficking, smuggling of migrants, illicit trade in tobacco, trafficking in wildlife and cultural objects. Experienced in capacity training, research, data collection, governance, analysis and protection. 12+ publications under my belt. Have a JD as mentioned, but not bar certified. (Wife) 7 years of teaching music (ages 5-18), particularly choral and strings. Also has two years of experience in counseling under supervision, but no licence to that effect.

Languages: (Me) Fluent -- English, Russian; B2 -- Ukrainian, French, Dutch. (Wife) Fluent -- English; B1 -- Italian; A2 -- Dutch.

**\*Our plan\***

Under a self-employment/digital nomad visa, the plan was to continue to do my consulting business, registered in country of residence.

**\*Current pros and cons for each country\***

**\*The Netherlands\***

Visa: DAFT

Pros:

\- I speak Dutch to the required level, wife is getting there

\- We have many friends and contacts in NL; many have agreed to help with whatever we need

\- We already have BSNs, our marriage was performed in NL and registered (thus also our apostilled documents), have a Dutch driving licence, etc.

\- DAFT registration for ZZP'ers is quite easy, and IND is efficient in processing, initial investment is quite low monetarily

\- My wife can work any employment

\- We have a true love and respect for the Netherlands, its people, and its culture. We didn't just have one trip to Amsterdam on a whim and decide to move like many who seek DAFT (not that there's anything wrong with that, not trying to come off any sort of way!). We lived in a rural area of Noord Brabant province and did our best to integrate with our community and were really devastated to leave.

Cons:

\- My consulting can be sporadic. Some months I will bring in 8-10k, others, almost nothing. This is only an issue, as I understand it, because there is now a minimum monthly threshold that IND looks at for renewal after two years (around €1.700). It appears that IND doesn't really care how you bring that money in, so I could do some freelance tutoring and editing if need be to meet the balance, but still frustrating given that I generally bring in 50-65k a year and the months where I earn little would count against us for renewal and then we would have to leave, putting us back in the same situation. If anyone has experience to the contrary, please let me know.

\- Housing crisis is real and very difficult to overcome (firsthand experience of trying for months to find something). We are willing to live wherever in NL, but it's bad everywhere.

\- Fairly high cost of living as a trade-off for high quality of life

\- One of us would have to renounce US citizenship to get Dutch citizenship. Not a massive deal as we have no plans to return, but it is pricey and has some tax implications.

**\*Portugal\***

Visa: D8

Pros:

\- Lower cost of living in comparison to NL, high quality of life

\- Ability to get PR and then PT citizenship after 5 years without renouncing US citizenship (I understand this may take some years after 5, but it's not a decade)

\- Potential for new market of clients who may require English expertise (though I understand PT is also inundated with these as well given the number of Americans and British who have moved there)

Cons:

\- High threshold for monthly income (see my sporadic payment issue above): €3,040 and savings: €36,480, not counting the fact I would have to increase this amount to bring my wife on my visa

\- My wife cannot work for a PT employer, as I understand it

\- Housing crisis, particularly in the bigger cities (but we don't care where we live)

\- Initial language barrier (if we moved, very willing to learn Portuguese)

\- Difficult bureaucracy and efficiency in terms of obtaining and renewing visa

**\*Spain\***

Visa: Digital Nomad Visa

Pros:

\- Slightly lower monthly income threshold than PT

\- Lower cost of living in comparison to NL

\- Wife can work for any employer; we have seen that some areas of Spain have a need for English teachers and she does have a TEFL/TESL cert.

Cons:

\- Self-employed individuals must navigate the autónomo system and may have high social security

\- Bureaucracy difficulties, as I understand it

\- Housing difficulties in larger cities (again, we don't care where we live)

\- 10 years to wait for citizenship at a minimum and officially do need to renounce (though this is not commonly practiced, could become more strict in future). I have respect for the fact Spain requires 10 years, but 10 years as a minimum is quite a long time and in the miraculous case we got a job opportunity elsewhere in the EU, we would have to then start over.

Apologies for the long post, and also if I've left off any obvious pros and cons. And, as is a common issue with written word, I do not intend to come off as rude or arrogant in any way. Just looking for help. I appreciate any advice.",1747674851.0,2025-05-19T17:14:11,15,0,/r/IWantOut/comments/1kqh95j/iwantout_33f_usa_the_netherlandsportugalspain/,https://www.reddit.com/r/IWantOut/comments/1kqh95j/iwantout_33f_usa_the_netherlandsportugalspain/,"[iwantout] 33f usa -&gt; the netherlands/portugal/spain
hi folks, i've posted here before and done some more research based on the recommendations i've gotten. i had hoped to get out of the us for a phd (law), but with funding the way it is, seems like a pipe dream. i also have tried for employment in countries suggested, but no dice. for context, my wife and i lived in the netherlands on a visa supported by master's degree, then zoekjaar, then a a short-term research project totaling three years and never wanted to leave. we have never felt like we have fit in with the majority of us culture, and most of our friends are in nl, be, and de.

that being said, neither one of us has one of those coveted it/business backgrounds that would allow us to go wherever. ironically, i've spent my career working in the field of international human rights but have very little mobility it seems, sadly. ironic, i say, given that those of us who study and work in the field of international law, human rights, etc. and speak multiple languages have far little mobility in comparison to those who work in it/business and speak only english...not bitter, and i wish these people the best, just feeling like as much as i have loved my field, i wish i had picked better in this regard.

as such, i've come to the conclusion that we would only be able to leave if we did the self-employed/digital nomad route for nl, pt or es. i have done quite a bit of research on these, and looked through this sub. we just are having a hard time picking based on our particular situation. it would be great to hear any advice and experiences any of you have had when you are not in a ""in-demand"" field. as a person who tried to immigrate and had to leave based on factors out of my control (i took the dutch inburgeringsexamen and passed, for example), i am well-aware how hard it is to immigrate, especially when you aren't wanted for your employment by a big international company.

our goal is not only pr, but also citizenship. we have no intent of returning to the us, nor do we trust our government to take care of us given our identity. i have no wish to be american, nor does my wife, and we are quite ashamed of it, honestly.

**\*our backgrounds\***  
education: (me) usa ba, international studies and russian; usa juris doctor (jd); dutch master of laws, european and international human rights law (ll.m). (wife) usa ba music education; usa msc applied psychology; tefl/tesl certification

work experience: (me) 7 years of consulting for the un, who and other international organisations in the field of international human rights and intersectional issues, particularly specialised in human trafficking, smuggling of migrants, illicit trade in tobacco, trafficking in wildlife and cultural objects. experienced in capacity training, research, data collection, governance, analysis and protection. 12+ publications under my belt. have a jd as mentioned, but not bar certified. (wife) 7 years of teaching music (ages 5-18), particularly choral and strings. also has two years of experience in counseling under supervision, but no licence to that effect.

languages: (me) fluent -- english, russian; b2 -- ukrainian, french, dutch. (wife) fluent -- english; b1 -- italian; a2 -- dutch.

**\*our plan\***

under a self-employment/digital nomad visa, the plan was to continue to do my consulting business, registered in country of residence.

**\*current pros and cons for each country\***

**\*the netherlands\***

visa: daft

pros:

\- i speak dutch to the required level, wife is getting there

\- we have many friends and contacts in nl; many have agreed to help with whatever we need

\- we already have bsns, our marriage was performed in nl and registered (thus also our apostilled documents), have a dutch driving licence, etc.

\- daft registration for zzp'ers is quite easy, and ind is efficient in processing, initial investment is quite low monetarily

\- my wife can work any employment

\- we have a true love and respect for the netherlands, its people, and its culture. we didn't just have one trip to amsterdam on a whim and decide to move like many who seek daft (not that there's anything wrong with that, not trying to come off any sort of way!). we lived in a rural area of noord brabant province and did our best to integrate with our community and were really devastated to leave.

cons:

\- my consulting can be sporadic. some months i will bring in 8-10k, others, almost nothing. this is only an issue, as i understand it, because there is now a minimum monthly threshold that ind looks at for renewal after two years (around €1.700). it appears that ind doesn't really care how you bring that money in, so i could do some freelance tutoring and editing if need be to meet the balance, but still frustrating given that i generally bring in 50-65k a year and the months where i earn little would count against us for renewal and then we would have to leave, putting us back in the same situation. if anyone has experience to the contrary, please let me know.

\- housing crisis is real and very difficult to overcome (firsthand experience of trying for months to find something). we are willing to live wherever in nl, but it's bad everywhere.

\- fairly high cost of living as a trade-off for high quality of life

\- one of us would have to renounce us citizenship to get dutch citizenship. not a massive deal as we have no plans to return, but it is pricey and has some tax implications.

**\*portugal\***

visa: d8

pros:

\- lower cost of living in comparison to nl, high quality of life

\- ability to get pr and then pt citizenship after 5 years without renouncing us citizenship (i understand this may take some years after 5, but it's not a decade)

\- potential for new market of clients who may require english expertise (though i understand pt is also inundated with these as well given the number of americans and british who have moved there)

cons:

\- high threshold for monthly income (see my sporadic payment issue above): €3,040 and savings: €36,480, not counting the fact i would have to increase this amount to bring my wife on my visa

\- my wife cannot work for a pt employer, as i understand it

\- housing crisis, particularly in the bigger cities (but we don't care where we live)

\- initial language barrier (if we moved, very willing to learn portuguese)

\- difficult bureaucracy and efficiency in terms of obtaining and renewing visa

**\*spain\***

visa: digital nomad visa

pros:

\- slightly lower monthly income threshold than pt

\- lower cost of living in comparison to nl

\- wife can work for any employer; we have seen that some areas of spain have a need for english teachers and she does have a tefl/tesl cert.

cons:

\- self-employed individuals must navigate the autónomo system and may have high social security

\- bureaucracy difficulties, as i understand it

\- housing difficulties in larger cities (again, we don't care where we live)

\- 10 years to wait for citizenship at a minimum and officially do need to renounce (though this is not commonly practiced, could become more strict in future). i have respect for the fact spain requires 10 years, but 10 years as a minimum is quite a long time and in the miraculous case we got a job opportunity elsewhere in the eu, we would have to then start over.

apologies for the long post, and also if i've left off any obvious pros and cons. and, as is a common issue with written word, i do not intend to come off as rude or arrogant in any way. just looking for help. i appreciate any advice.",True,False
x04aql,IWantOut,[IWantOut] 23M Factory Worker United States -&gt; Anywhere,"I wish I was as talented as these digital nomads, I wish I held a sought after skill, and I wish I had $100,000 or a million dollars in my bank account.

But Alas, I’m just a humble US citizen. I already gained temporary residency for Mexico by marriage, one day I will likely become a dual citizen with Mexico. 

I’ve found out that technically, Argentinas constitution allows for people to become citizens after 2 years of living there upon judge approval. I know there’s catches like expensive lawyers practically being required to win citizenship in Argentina, and it’s a headache.

What I’m after is are there any countries on earth besides Argentina that are so liberal about immigration? Are there countries that are very flexible about who can legally live there and with a realistic pathway to citizenship?

I define flexible as in 5 years or less you can become a dual citizen there. A country that only requires $10,000 or less to gain lawful residency. A country that’s very lax about not deporting people and has a loose border policy.

Mexico and Argentina are the only countries that come to mind. Any other countries that are kind to immigrants?",1661716200.0,2022-08-28T19:50:00,27,17,/r/IWantOut/comments/x04aql/iwantout_23m_factory_worker_united_states_anywhere/,https://www.reddit.com/r/IWantOut/comments/x04aql/iwantout_23m_factory_worker_united_states_anywhere/,"[iwantout] 23m factory worker united states -&gt; anywhere
i wish i was as talented as these digital nomads, i wish i held a sought after skill, and i wish i had $100,000 or a million dollars in my bank account.

but alas, i’m just a humble us citizen. i already gained temporary residency for mexico by marriage, one day i will likely become a dual citizen with mexico. 

i’ve found out that technically, argentinas constitution allows for people to become citizens after 2 years of living there upon judge approval. i know there’s catches like expensive lawyers practically being required to win citizenship in argentina, and it’s a headache.

what i’m after is are there any countries on earth besides argentina that are so liberal about immigration? are there countries that are very flexible about who can legally live there and with a realistic pathway to citizenship?

i define flexible as in 5 years or less you can become a dual citizen there. a country that only requires $10,000 or less to gain lawful residency. a country that’s very lax about not deporting people and has a loose border policy.

mexico and argentina are the only countries that come to mind. any other countries that are kind to immigrants?",True,False
t4hlmf,IWantOut,[IWantOut] 18M Poland -&gt; Spain,"Hello everyone. I'm 18 and I'll be graduating high school this May. I've been looking for information regarding studying abroad, and came to the conclusion that Spain might be my best bet. However, the amount of things to consider, as well as personal problems have started to overwhelm me, so I figured I need help.  


I don't know how much value my high school diploma has when applying to a Spanish university, but my grades are rather good (although not perfect). My Spanish level is around B1-B2, I have around 1000€ saved. I'm not sure what I want to study, maybe Economics or something related to Geography. The main reason I want to move abroad is that I'm tired of life in my small home town and in Poland. I'd like to study in Barcelona or Madrid, but if that doesn't work - in any other, preferably large, city.  


I wish I had it narrowed down to just a few questions, but I'm just lost. Is it even possible? Every time I open up a university page I get flooded with information and end up giving up. And getting into a university is just a fraction of the whole process. So any help would be appreciated.",1646166821.0,2022-03-01T20:33:41,2,8,/r/IWantOut/comments/t4hlmf/iwantout_18m_poland_spain/,https://www.reddit.com/r/IWantOut/comments/t4hlmf/iwantout_18m_poland_spain/,"[iwantout] 18m poland -&gt; spain
hello everyone. i'm 18 and i'll be graduating high school this may. i've been looking for information regarding studying abroad, and came to the conclusion that spain might be my best bet. however, the amount of things to consider, as well as personal problems have started to overwhelm me, so i figured i need help.  


i don't know how much value my high school diploma has when applying to a spanish university, but my grades are rather good (although not perfect). my spanish level is around b1-b2, i have around 1000€ saved. i'm not sure what i want to study, maybe economics or something related to geography. the main reason i want to move abroad is that i'm tired of life in my small home town and in poland. i'd like to study in barcelona or madrid, but if that doesn't work - in any other, preferably large, city.  


i wish i had it narrowed down to just a few questions, but i'm just lost. is it even possible? every time i open up a university page i get flooded with information and end up giving up. and getting into a university is just a fraction of the whole process. so any help would be appreciated.",True,False
lmlmdj,IWantOut,[IWantOut] 20F Turkey -&gt; anywhere progressive,"Hello! First of all sorry for the weird formatting and spelling mistakes, I am writing from my phone. I am a lesbian, and this should be enough reason for anyone to be absolutely desperate to get out.  I am currently living in turkey and while still trying to get my bachelors, I am still dependent to my family for financial support, we are what could be classified  as upper middle class in turkey, yet because of exchange rates the moment we try to pay for anything with euro or dollar, we are suddenly extremely poor. So asking for any financial support from my family for moving and studying abroad is out of question. My biggest dream is to get my PhD and become a professor in film and media studies. I am currently in my 3rd year studying communication and design in Bilkent university. It is one of the best my country offers, but its not like turkey has much to offer to begin with. So applying to selective unis for masters programmes probably would end up with rejection.  Also even though my research interest is in film studies and history, my bachelors degree is only semi related to that field,which adds another problem. My school teaches completely in English and most of our teachers are from.established universities. I am also minoring in graphic design and I have a 3.7 gpa. Yet non of these mean shit because my country has no credibility in academics when it comes to art and humanities. I really regret following my dreams now, I wish I had studied something that would open more doors for moving abroad. But I guess it is too late now. Even if I were to get accepted to a programme that I want, i would need both a scholarship and some.type of job that pays enough to support myself. Is that even possible? I am feeling so defeated and I have completely given up on my dreams. I dont even care about academia anymore, even though I come from a long line of established professors and it has been my dream since childhood. My country is opressing my identity and I have been harrassed and hatecrimed  way too many times. I am done. I JUST WANT TO LEAVE. Yet with skills that amount to  nothing but humanities research, no job experience or money and only english as language skills how the fuck can I leave?",1613651083.0,2021-02-18T12:24:43,21,16,/r/IWantOut/comments/lmlmdj/iwantout_20f_turkey_anywhere_progressive/,https://www.reddit.com/r/IWantOut/comments/lmlmdj/iwantout_20f_turkey_anywhere_progressive/,"[iwantout] 20f turkey -&gt; anywhere progressive
hello! first of all sorry for the weird formatting and spelling mistakes, i am writing from my phone. i am a lesbian, and this should be enough reason for anyone to be absolutely desperate to get out.  i am currently living in turkey and while still trying to get my bachelors, i am still dependent to my family for financial support, we are what could be classified  as upper middle class in turkey, yet because of exchange rates the moment we try to pay for anything with euro or dollar, we are suddenly extremely poor. so asking for any financial support from my family for moving and studying abroad is out of question. my biggest dream is to get my phd and become a professor in film and media studies. i am currently in my 3rd year studying communication and design in bilkent university. it is one of the best my country offers, but its not like turkey has much to offer to begin with. so applying to selective unis for masters programmes probably would end up with rejection.  also even though my research interest is in film studies and history, my bachelors degree is only semi related to that field,which adds another problem. my school teaches completely in english and most of our teachers are from.established universities. i am also minoring in graphic design and i have a 3.7 gpa. yet non of these mean shit because my country has no credibility in academics when it comes to art and humanities. i really regret following my dreams now, i wish i had studied something that would open more doors for moving abroad. but i guess it is too late now. even if i were to get accepted to a programme that i want, i would need both a scholarship and some.type of job that pays enough to support myself. is that even possible? i am feeling so defeated and i have completely given up on my dreams. i dont even care about academia anymore, even though i come from a long line of established professors and it has been my dream since childhood. my country is opressing my identity and i have been harrassed and hatecrimed  way too many times. i am done. i just want to leave. yet with skills that amount to  nothing but humanities research, no job experience or money and only english as language skills how the fuck can i leave?",True,False
j5qaqq,IWantOut,[IWantOut] 24M US -&gt; Anywhere,"The current political situation in the U.S. has me feeling pretty spooked. I'm worried that this won't be a safe place for people of my background before too long, and I'd like to build a backup plan in case the situation changes.

I've got 6 years experience doing general IT work (hardware and infrastructure repair, tech support, customer service focused stuff), no coding or software development experience though. I'm not sure how desirable this skillset is globally, so I'm interested in whatever you all can share.

Finance wise, times are tight. I gave up working full time to return to school, so money is very tight for a move. I'm open to seeking full time employment if that would help open up my options. I'd also be interested in any sort of program where I could study abroad and continue my education while the situation develops in the US.

I have no strong preference in terms of countries or cultures, I'd been considering Vietnam as it seems somewhat removed from the political issues we are currently facing, and relatively friendly to lower income. All suggestions are welcome though.

Please note: I am hoping to build a plan that could work in the current climate (covid restrictions and all) and maybe even on short notice. I wish I had the foresight to start earlier but no crying over spilled milk I guess.

Thanks!",1601926852.0,2020-10-05T19:40:52,10,3,/r/IWantOut/comments/j5qaqq/iwantout_24m_us_anywhere/,https://www.reddit.com/r/IWantOut/comments/j5qaqq/iwantout_24m_us_anywhere/,"[iwantout] 24m us -&gt; anywhere
the current political situation in the u.s. has me feeling pretty spooked. i'm worried that this won't be a safe place for people of my background before too long, and i'd like to build a backup plan in case the situation changes.

i've got 6 years experience doing general it work (hardware and infrastructure repair, tech support, customer service focused stuff), no coding or software development experience though. i'm not sure how desirable this skillset is globally, so i'm interested in whatever you all can share.

finance wise, times are tight. i gave up working full time to return to school, so money is very tight for a move. i'm open to seeking full time employment if that would help open up my options. i'd also be interested in any sort of program where i could study abroad and continue my education while the situation develops in the us.

i have no strong preference in terms of countries or cultures, i'd been considering vietnam as it seems somewhat removed from the political issues we are currently facing, and relatively friendly to lower income. all suggestions are welcome though.

please note: i am hoping to build a plan that could work in the current climate (covid restrictions and all) and maybe even on short notice. i wish i had the foresight to start earlier but no crying over spilled milk i guess.

thanks!",True,False
e2v6k4,IWantOut,Lifelong dream to live in Italy,"Australian, 25F, about to graduate with bachelors degree (art history &amp; anthropology).   
It's been a lifelong dream to move to Florence, and I want to try and make it happen next year.  
I have a certificate for teaching English, so I am currently applying at schools etc to try and find work for that.   
I have 8 years experience as a photographer so I would love to work in that industry too.  
I am currently learning Italian with a tutor.  
I have no European heritage, so no chance of a European passport unfortunately.  


I am confused about visa types, because there seems to be so few options for me, and just generally so overwhelmed. Half of the people I speak to say ""you'll have no problems finding work as an English teacher"", and half say ""well you won't get a visa or a job, it's impossible"". I wish I had somebody else who has followed the same path to talk to about this.",1574929550.0,2019-11-28T08:25:50,18,17,/r/IWantOut/comments/e2v6k4/lifelong_dream_to_live_in_italy/,https://www.reddit.com/r/IWantOut/comments/e2v6k4/lifelong_dream_to_live_in_italy/,"lifelong dream to live in italy
australian, 25f, about to graduate with bachelors degree (art history &amp; anthropology).   
it's been a lifelong dream to move to florence, and i want to try and make it happen next year.  
i have a certificate for teaching english, so i am currently applying at schools etc to try and find work for that.   
i have 8 years experience as a photographer so i would love to work in that industry too.  
i am currently learning italian with a tutor.  
i have no european heritage, so no chance of a european passport unfortunately.  


i am confused about visa types, because there seems to be so few options for me, and just generally so overwhelmed. half of the people i speak to say ""you'll have no problems finding work as an english teacher"", and half say ""well you won't get a visa or a job, it's impossible"". i wish i had somebody else who has followed the same path to talk to about this.",True,False
89bb6j,IWantOut,NZ visa for mobile dev,"4 years ago, I felt that the oncoming wave of nationalism in my country and as an atheist from a religiously conservative minority decided to leave. I took the hard route of doing post-grad and eventually obtaining a resident visa in NZ. Now, the company I work for wants a iOS +Android developer and is willing to sponsor a work visa. I wish I had such an opportunity back then. I work for an enterprise-y American financial services company. I'm looking for someone who's currently in a similar state as me.",1522742111.0,2018-04-03T07:55:11,3,1,/r/IWantOut/comments/89bb6j/nz_visa_for_mobile_dev/,https://www.reddit.com/r/IWantOut/comments/89bb6j/nz_visa_for_mobile_dev/,"nz visa for mobile dev
4 years ago, i felt that the oncoming wave of nationalism in my country and as an atheist from a religiously conservative minority decided to leave. i took the hard route of doing post-grad and eventually obtaining a resident visa in nz. now, the company i work for wants a ios +android developer and is willing to sponsor a work visa. i wish i had such an opportunity back then. i work for an enterprise-y american financial services company. i'm looking for someone who's currently in a similar state as me.",True,False
5n1xeb,IWantOut,Looking to move from Midwest to OR / WA area.,"31/M
Suggestions on cheap areas to live? Is there a better sub to post this under?
While I am here, anyone looking for a roommate out there? :D

Need a cheap ass apartment for my dog and I to live. Seriously I could live in a studio. It needs to be cheap as hell until I can get on my feet while out there. I am huge into hiking and a big reason I am wanting to move out there. I literally require a toilet, running water, and electricity.  And walls. I will figure the rest out. I wish I had a friend coming with me to help with rent, but alas that is not the case atm.

(I am a graphic designer atm, but I am not too worried about the profession.  I would be happy literally working for fedex or something to get by until I get settled again)

EDIT: Preferably not a neighborhood I am liable to get shot just walking my dog would be nice too",1484011506.0,2017-01-10T01:25:06,5,8,/r/IWantOut/comments/5n1xeb/looking_to_move_from_midwest_to_or_wa_area/,https://www.reddit.com/r/IWantOut/comments/5n1xeb/looking_to_move_from_midwest_to_or_wa_area/,"looking to move from midwest to or / wa area.
31/m
suggestions on cheap areas to live? is there a better sub to post this under?
while i am here, anyone looking for a roommate out there? :d

need a cheap ass apartment for my dog and i to live. seriously i could live in a studio. it needs to be cheap as hell until i can get on my feet while out there. i am huge into hiking and a big reason i am wanting to move out there. i literally require a toilet, running water, and electricity.  and walls. i will figure the rest out. i wish i had a friend coming with me to help with rent, but alas that is not the case atm.

(i am a graphic designer atm, but i am not too worried about the profession.  i would be happy literally working for fedex or something to get by until i get settled again)

edit: preferably not a neighborhood i am liable to get shot just walking my dog would be nice too",True,False
5mix6y,IWantOut,"I think moving away would be the best thing for me, but I really don't know","I just graduated with a BA this past June and I moved back to my parents house. The school I went to was about 45 mins from my parents house  so I was going back every weekend to see my old friends etc. so I never felt like I actually   moved   away. Now       however  I feel as if I am stagnant. I havent been able to meet people  my bad habits keep coming back and its easy to fall back into place. I have a lot anxiety lately for whatever reason etc. This past holiday I went away to NY to see family  which I do every weekend. However  when I am there    I find myself doing stuff I wish I had the motivation to do here where I live in. But when I come back to my house the laziness just sets in. Along with that       I really just dont have much of a social life here because for whatever reason I dont like going out when I am here  also I have been using drugs much more than I would like which is probably do to my boredom and laziness. I am thinking moving away would be the best for me    which I really have been thinking for awhile       it just has now been an ongoing thought which popped back into my head recently. I want to go back to school in 2018  so I am thinking that would be my best chance to go somewhere else. Just wondering  did does anyone feel like me before they got out and moved away  It sounds easy to do but I know once I move wherever I go  I will miss this place for whatever reason. Just looking for advice, suggestions, people that were in a similar situations. 
",1483768335.0,2017-01-07T05:52:15,3,6,/r/IWantOut/comments/5mix6y/i_think_moving_away_would_be_the_best_thing_for/,https://www.reddit.com/r/IWantOut/comments/5mix6y/i_think_moving_away_would_be_the_best_thing_for/,"i think moving away would be the best thing for me, but i really don't know
i just graduated with a ba this past june and i moved back to my parents house. the school i went to was about 45 mins from my parents house  so i was going back every weekend to see my old friends etc. so i never felt like i actually   moved   away. now       however  i feel as if i am stagnant. i havent been able to meet people  my bad habits keep coming back and its easy to fall back into place. i have a lot anxiety lately for whatever reason etc. this past holiday i went away to ny to see family  which i do every weekend. however  when i am there    i find myself doing stuff i wish i had the motivation to do here where i live in. but when i come back to my house the laziness just sets in. along with that       i really just dont have much of a social life here because for whatever reason i dont like going out when i am here  also i have been using drugs much more than i would like which is probably do to my boredom and laziness. i am thinking moving away would be the best for me    which i really have been thinking for awhile       it just has now been an ongoing thought which popped back into my head recently. i want to go back to school in 2018  so i am thinking that would be my best chance to go somewhere else. just wondering  did does anyone feel like me before they got out and moved away  it sounds easy to do but i know once i move wherever i go  i will miss this place for whatever reason. just looking for advice, suggestions, people that were in a similar situations. 
",True,False
3i7q8i,IWantOut,What I wish I had known before moving to Germany,,1440431668.0,2015-08-24T15:54:28,23,113,/r/IWantOut/comments/3i7q8i/what_i_wish_i_had_known_before_moving_to_germany/,http://travelsofadam.com/2015/08/moving-to-germany/,"what i wish i had known before moving to germany
",True,False
1e8mbl,IWantOut,Fell in love with a girl from another country...but I cant imagine any scenario where it would work out,"Maybe this belongs better in long distance, but I think it has more relevance here. I'm from Norway. A long time ago I fell in love with a girl from Japan, both mid 20s. We've been together for a long time now and we've been playing with the idea of getting married many times...unfortunately it seems about as realistic as winning the lottery.

Neither one of us has education that one could say as being in high demand and thats where the problem lies.  I'm just a regular teacher (though im starting to get tired of it and wondering if I should get another education...), and she is basically the same having worked as a teacher and in nursery schools. So in the end we both have an education thats related to education in one way or another...(none of us majored in education though..)

So basically, if I move to Japan -&gt; I won't find any jobs -&gt; We are fucked.

If she moves to Norway -&gt; She won't find any jobs probably -&gt; We are fucked. And you basically can't live on one persons income here, its just not built like that. I think she is more likely to find a job thats ok paid here though.

I can speak Japanese, but I don't have any in demand skills. She doesn't speak Norwegian well, but yeah I think its an easy language to learn. She's perfectly fine with moving here, but..I think she will have trouble getting a job, and that she will want to move back to Japan eventually...and then that is that. 

I know the best option would be to just, break up with her, find another girl from my own country, logic tells me I should do that. But I love this girl so much, I can't do it... I have never loved anyone else before her. Its times like this, I wish I had picked a different education...

I'm not sure why I post this, it seems just an hopeless situation..I guess just get my frustration out....",1368445395.0,2013-05-13T11:43:15,63,45,/r/IWantOut/comments/1e8mbl/fell_in_love_with_a_girl_from_another_countrybut/,https://www.reddit.com/r/IWantOut/comments/1e8mbl/fell_in_love_with_a_girl_from_another_countrybut/,"fell in love with a girl from another country...but i cant imagine any scenario where it would work out
maybe this belongs better in long distance, but i think it has more relevance here. i'm from norway. a long time ago i fell in love with a girl from japan, both mid 20s. we've been together for a long time now and we've been playing with the idea of getting married many times...unfortunately it seems about as realistic as winning the lottery.

neither one of us has education that one could say as being in high demand and thats where the problem lies.  i'm just a regular teacher (though im starting to get tired of it and wondering if i should get another education...), and she is basically the same having worked as a teacher and in nursery schools. so in the end we both have an education thats related to education in one way or another...(none of us majored in education though..)

so basically, if i move to japan -&gt; i won't find any jobs -&gt; we are fucked.

if she moves to norway -&gt; she won't find any jobs probably -&gt; we are fucked. and you basically can't live on one persons income here, its just not built like that. i think she is more likely to find a job thats ok paid here though.

i can speak japanese, but i don't have any in demand skills. she doesn't speak norwegian well, but yeah i think its an easy language to learn. she's perfectly fine with moving here, but..i think she will have trouble getting a job, and that she will want to move back to japan eventually...and then that is that. 

i know the best option would be to just, break up with her, find another girl from my own country, logic tells me i should do that. but i love this girl so much, i can't do it... i have never loved anyone else before her. its times like this, i wish i had picked a different education...

i'm not sure why i post this, it seems just an hopeless situation..i guess just get my frustration out....",True,False
ux0z1,IWantOut,"I'm a US Citizen who got out to UK, and really familiar with UK Immigration Laws, AMA.","It's probably one of the most stressful and expensive things Ive ever done, and I wish I had someone to give me advice about it at the time. On my FLR ( Spouse Visa ) and Came over here with my husband and been here since October 2011. Switching to my ILR Visa in 2014, and then citizenship in 2015. I have trolled through and been through all the UKBA could put me through, put together my entire application without a lawyer and got approved. I'm posting here because in my local Expat forums people are really confused about the current Family Migration Law Changes, and have been asking me tons of questions about it, so figure people might have some visa questions here. New Immigration laws passed yesterday, which Im lucky, by the skin of my ass, didn't get lopped in with the new changes. Anyone wishing to move to the UK have any visa questions? or just general questions about moving to the UK?

UPDATE: Going to pick up my Husband from work, will be back in a while to answer more questions, Keep them coming! :) Anyone who needs help SPECIFICALLY with Family / Spousal Visas, feel free to PM me. I can walk you through the entire process, especially if you're trying to make the July 9th Deadline.

UPDATE: I'm back and running around the kitchen, I slept for a few hours, now Im back on my phone and available to answer questions. ",1339459706.0,2012-06-12T00:08:26,87,59,/r/IWantOut/comments/ux0z1/im_a_us_citizen_who_got_out_to_uk_and_really/,https://www.reddit.com/r/IWantOut/comments/ux0z1/im_a_us_citizen_who_got_out_to_uk_and_really/,"i'm a us citizen who got out to uk, and really familiar with uk immigration laws, ama.
it's probably one of the most stressful and expensive things ive ever done, and i wish i had someone to give me advice about it at the time. on my flr ( spouse visa ) and came over here with my husband and been here since october 2011. switching to my ilr visa in 2014, and then citizenship in 2015. i have trolled through and been through all the ukba could put me through, put together my entire application without a lawyer and got approved. i'm posting here because in my local expat forums people are really confused about the current family migration law changes, and have been asking me tons of questions about it, so figure people might have some visa questions here. new immigration laws passed yesterday, which im lucky, by the skin of my ass, didn't get lopped in with the new changes. anyone wishing to move to the uk have any visa questions? or just general questions about moving to the uk?

update: going to pick up my husband from work, will be back in a while to answer more questions, keep them coming! :) anyone who needs help specifically with family / spousal visas, feel free to pm me. i can walk you through the entire process, especially if you're trying to make the july 9th deadline.

update: i'm back and running around the kitchen, i slept for a few hours, now im back on my phone and available to answer questions. ",True,False
s1xdb,IWantOut,"If my German boyfriend and I marry, will I have a shot?","Hey there. This subreddit is great - it both excites me and starts an ache in my heart for a life I wish I had.

My boyfriend is a 27 yo German citizen of both German and Turkish descent. I'm a 24 yo American female. Wedding bells have been ringing in our heads, and we have been seriously discussing a time frame by which we hope to move to Germany.

I have almost no college under my belt and have a tiny photography business on the weekends while I work full-time in retail. I am okay with working a run-of-the-mill job over there, although I understand that might be different than it is here. I'm working on my German and hope to be fluent or nearly fluent by the time I move (we think perhaps late 2013 or early 2014).

Ideally we are looking at his home city of Esslingen or Stuttgart, which I've been told is beneficial for me work-wise due to the US military base there. 

Most of these posts don't seem to bring up the question of residency or citizenship through marriage. I know there are many resources using which we could figure out the exact guidelines, but the articles seem to be vast and intricately-worded.

Could anyone offer any help? I'd be very grateful for a layman's explanation, any suggestions, or good reading on the subject.

Thanks, guys :)",1334026533.0,2012-04-10T02:55:33,27,29,/r/IWantOut/comments/s1xdb/if_my_german_boyfriend_and_i_marry_will_i_have_a/,https://www.reddit.com/r/IWantOut/comments/s1xdb/if_my_german_boyfriend_and_i_marry_will_i_have_a/,"if my german boyfriend and i marry, will i have a shot?
hey there. this subreddit is great - it both excites me and starts an ache in my heart for a life i wish i had.

my boyfriend is a 27 yo german citizen of both german and turkish descent. i'm a 24 yo american female. wedding bells have been ringing in our heads, and we have been seriously discussing a time frame by which we hope to move to germany.

i have almost no college under my belt and have a tiny photography business on the weekends while i work full-time in retail. i am okay with working a run-of-the-mill job over there, although i understand that might be different than it is here. i'm working on my german and hope to be fluent or nearly fluent by the time i move (we think perhaps late 2013 or early 2014).

ideally we are looking at his home city of esslingen or stuttgart, which i've been told is beneficial for me work-wise due to the us military base there. 

most of these posts don't seem to bring up the question of residency or citizenship through marriage. i know there are many resources using which we could figure out the exact guidelines, but the articles seem to be vast and intricately-worded.

could anyone offer any help? i'd be very grateful for a layman's explanation, any suggestions, or good reading on the subject.

thanks, guys :)",True,False
5oqmdt,IWantOut,"People of /r/iwantout, what is one thing you would tell your younger self to have a better expat/immigrant life?","For example, my biggest mistake was spending too much time in Europe and not enough time in Asia. Living in Taiwan was by far my favorite place I have ever lived and the travelling within Asia is amazing. 

I would also work in IT instead of freight forwarding as my job has entailed me working 60-70 hour weeks as long as I can remember. ",1484759775.0,2017-01-18T17:16:15,28,53,/r/IWantOut/comments/5oqmdt/people_of_riwantout_what_is_one_thing_you_would/,https://www.reddit.com/r/IWantOut/comments/5oqmdt/people_of_riwantout_what_is_one_thing_you_would/,"people of /r/iwantout, what is one thing you would tell your younger self to have a better expat/immigrant life?
for example, my biggest mistake was spending too much time in europe and not enough time in asia. living in taiwan was by far my favorite place i have ever lived and the travelling within asia is amazing. 

i would also work in it instead of freight forwarding as my job has entailed me working 60-70 hour weeks as long as i can remember. ",True,False
177nsj8,IWantOut,[IWantOut] 20M Student UK -&gt; USA,"Hi everyone, I am a final year student at university in England studying Pharma working towards a 2:1. I have wanted to move to the U.S. for a while now, with a focus on Texas or New York ideally, and now that I am coming to the end of my education I'd like to pursue my professional career there. I'm aware of how hard securing a visa to work there is so i've been looking into graduate schemes for companies with branches in America and seeing if they sponsor Visas but I haven't found too many that do so. I'm also fine with seeking work outside my field of education as long as they accept any degree with grades that meet their qualifications. Any and all advice is appreciated.

Also sorry to mods I messed up the title format twice when trying to make this post",1697284268.0,2023-10-14T11:51:08,0,1,/r/IWantOut/comments/177nsj8/iwantout_20m_student_uk_usa/,https://www.reddit.com/r/IWantOut/comments/177nsj8/iwantout_20m_student_uk_usa/,"[iwantout] 20m student uk -&gt; usa
hi everyone, i am a final year student at university in england studying pharma working towards a 2:1. i have wanted to move to the u.s. for a while now, with a focus on texas or new york ideally, and now that i am coming to the end of my education i'd like to pursue my professional career there. i'm aware of how hard securing a visa to work there is so i've been looking into graduate schemes for companies with branches in america and seeing if they sponsor visas but i haven't found too many that do so. i'm also fine with seeking work outside my field of education as long as they accept any degree with grades that meet their qualifications. any and all advice is appreciated.

also sorry to mods i messed up the title format twice when trying to make this post",True,False
vcmj6h,IWantOut,[IWantOut] 20sMtF Electrcian USA -&gt; Denmark,"I always wanted to live in Europe since I was little, being fascinated with the culture there. now that I'm older and I have an understanding of how the US is political, I don't like my situation here even when I was growing up. I would like to live somewhere in Denmark, Spain, Portugal, Norway, Sweden, France, Germany, Austria, or the UK. I am currently learning the Electrical trade, and it's a skill that is useful, but I am learning the US version of things OBV, so if I were to move, I think I should be good knowing I have a skill learned once I learn it and move. To my Americans in Europe, how easy is it to move and stay? I know Spanish very well, having a Mexican background and having dual citizenship (born in America btw), I'm sure I have to give up my citizenship, but what are the pro and cons? what's your experience? anything I should prepare for? Let me know anything I'm missing! If it means joining their military or having a background check or anything before you settle there, I wouldn't mind, but I'm just figuring out and want to learn the process.

&amp;#x200B;

SIDE NOTES: I love soccer, and a lot of the things Europe has to offer but choosing a country is difficult. I don't want to sound tone-deaf at all so let me know if it sounds bad or anything. And I mean to out Male but I messed up on reading the guidelines.",1655268758.0,2022-06-15T04:52:38,23,0,/r/IWantOut/comments/vcmj6h/iwantout_20smtf_electrcian_usa_denmark/,https://www.reddit.com/r/IWantOut/comments/vcmj6h/iwantout_20smtf_electrcian_usa_denmark/,"[iwantout] 20smtf electrcian usa -&gt; denmark
i always wanted to live in europe since i was little, being fascinated with the culture there. now that i'm older and i have an understanding of how the us is political, i don't like my situation here even when i was growing up. i would like to live somewhere in denmark, spain, portugal, norway, sweden, france, germany, austria, or the uk. i am currently learning the electrical trade, and it's a skill that is useful, but i am learning the us version of things obv, so if i were to move, i think i should be good knowing i have a skill learned once i learn it and move. to my americans in europe, how easy is it to move and stay? i know spanish very well, having a mexican background and having dual citizenship (born in america btw), i'm sure i have to give up my citizenship, but what are the pro and cons? what's your experience? anything i should prepare for? let me know anything i'm missing! if it means joining their military or having a background check or anything before you settle there, i wouldn't mind, but i'm just figuring out and want to learn the process.

&amp;#x200b;

side notes: i love soccer, and a lot of the things europe has to offer but choosing a country is difficult. i don't want to sound tone-deaf at all so let me know if it sounds bad or anything. and i mean to out male but i messed up on reading the guidelines.",True,False
uor7gd,IWantOut,[IWantOut] 27M US -&gt; EU,"Long a time lurker, a first-time poster, so please let me know if I messed up on anything.

Howdy, I am a Colombian-American dual citizen. I am currently a secondary English teacher in the Lone Star State (aka Texas), and while I deeply love the US, I am longing for a dramatic change of pace and change in lifestyle. Between the political climate and draining monotony of American life, I have been sucked dry of any and all desire to keep the cacophony in the US, let alone in Texas.

For the past four years, I have been teaching English Composition and Literature to grades 10 - 12, and I hold certifications in English, ELS, Special Education. I am currently working on getting one in History as that is what I studied for my Bachelor's. I also hold two master's degrees one in secondary education and criminal justice. I am familiar with both State mandated and IB curricula, I just have not bothered with a TELF/CELTA. I also speak fluent Spanish and proficient French, if that helps.

I should add that in the past, I have traveled all over Europe, and while I know that my perspective is skewed by what is likely a rose-colored lens, I have seen that the lifestyles offered by much of the EU are in stark comparison to that of US (even the most progressive states). I know that working and living in the EU would imply a pay cut, especially if one is pursuing a career in public education, but I cannot keep at it given the US' current trajectory, so with that said, does anyone have any advice, tips, anything at all for someone seeking a position in education within the EU?",1652446828.0,2022-05-13T13:00:28,20,1,/r/IWantOut/comments/uor7gd/iwantout_27m_us_eu/,https://www.reddit.com/r/IWantOut/comments/uor7gd/iwantout_27m_us_eu/,"[iwantout] 27m us -&gt; eu
long a time lurker, a first-time poster, so please let me know if i messed up on anything.

howdy, i am a colombian-american dual citizen. i am currently a secondary english teacher in the lone star state (aka texas), and while i deeply love the us, i am longing for a dramatic change of pace and change in lifestyle. between the political climate and draining monotony of american life, i have been sucked dry of any and all desire to keep the cacophony in the us, let alone in texas.

for the past four years, i have been teaching english composition and literature to grades 10 - 12, and i hold certifications in english, els, special education. i am currently working on getting one in history as that is what i studied for my bachelor's. i also hold two master's degrees one in secondary education and criminal justice. i am familiar with both state mandated and ib curricula, i just have not bothered with a telf/celta. i also speak fluent spanish and proficient french, if that helps.

i should add that in the past, i have traveled all over europe, and while i know that my perspective is skewed by what is likely a rose-colored lens, i have seen that the lifestyles offered by much of the eu are in stark comparison to that of us (even the most progressive states). i know that working and living in the eu would imply a pay cut, especially if one is pursuing a career in public education, but i cannot keep at it given the us' current trajectory, so with that said, does anyone have any advice, tips, anything at all for someone seeking a position in education within the eu?",True,False
o3nc7x,IWantOut,[IWantOut] 23M Developer India-&gt;Canada,"After completing my bachelors in CS last year I was pretty confident about my decision to move to Canada and I gave IELTS8(8.5, 9, 7, 7) and GRE316(q164v152. 3.5awa). To be on safer side I started working in an Indian tech giant in october. Although I'm learning a lot here and I'm one of the three developers who are developing and maintaining 40+ JAVA projects for a multibillion dollar client but I get paid 300$ a month! (Out of these I put 150 in mutual funds)

In feb I started applying to Canadian universities for my masters/meng in CS or ECE. I got two rejections in today (uOttawa-CS and Concordia-CS) and now I'm just heartbroken. Yes i messed up in the earlier days of my college and scored 60% in first 2 years but in last 4 semester my % was 85+ and took my average to 73%. I was among the top students in my class and to bolster my MS plans I published a paper on AI in IEEE(another one is under review). I have pretty descent SoP and LoRs in which professors had explained how I improved my academics and my research projects.

Although I'm still waiting for other decisions but to be honest, I've given up hopes. Concordia was by moderate and I'm still waiting for a decision in their Meng ECE program but chances seem bleak.

Now I'm considering those 2 years PGDM programs for Canada. I've heard that its really difficult to get a job if you opt for them. I think pursuing something like Web development will be better(even tho I love Object Detection) since there are more entry level opportunities. I am pretty good at MERN stack and two more years of formal education will certainly make me better.

My long term goals are to have a business as I cant be a corporate slave forever. Whether it be an IT firm, or a trucking company, I think it'll give me more independence and I will utilise my life to actually create something from scratch.

In my family its just me and my mom. She will be turning 61 in august and I want her to give a wonderful life. We do make around 25000$ annually here in India but something isn't just right. I believe this is the perfect time for me to take risks and not to settle. My girlfriend was also frustrated with her job at one of the big fours and now plans to join me wherever I go to continue her education and follow her love of digital marketing.

Long story short: I applied to Canadian Universities and now they kicked me in the ass. Will doing a PGDM help me in getting a job and PR? I know any certificate wont guarantee me a job but will I be rejected or not called at all for the interview only because I dont have a Masters?

Should I try again for fall 22 and apply to some American universities as well?",1624129347.0,2021-06-19T19:02:27,7,0,/r/IWantOut/comments/o3nc7x/iwantout_23m_developer_indiacanada/,https://www.reddit.com/r/IWantOut/comments/o3nc7x/iwantout_23m_developer_indiacanada/,"[iwantout] 23m developer india-&gt;canada
after completing my bachelors in cs last year i was pretty confident about my decision to move to canada and i gave ielts8(8.5, 9, 7, 7) and gre316(q164v152. 3.5awa). to be on safer side i started working in an indian tech giant in october. although i'm learning a lot here and i'm one of the three developers who are developing and maintaining 40+ java projects for a multibillion dollar client but i get paid 300$ a month! (out of these i put 150 in mutual funds)

in feb i started applying to canadian universities for my masters/meng in cs or ece. i got two rejections in today (uottawa-cs and concordia-cs) and now i'm just heartbroken. yes i messed up in the earlier days of my college and scored 60% in first 2 years but in last 4 semester my % was 85+ and took my average to 73%. i was among the top students in my class and to bolster my ms plans i published a paper on ai in ieee(another one is under review). i have pretty descent sop and lors in which professors had explained how i improved my academics and my research projects.

although i'm still waiting for other decisions but to be honest, i've given up hopes. concordia was by moderate and i'm still waiting for a decision in their meng ece program but chances seem bleak.

now i'm considering those 2 years pgdm programs for canada. i've heard that its really difficult to get a job if you opt for them. i think pursuing something like web development will be better(even tho i love object detection) since there are more entry level opportunities. i am pretty good at mern stack and two more years of formal education will certainly make me better.

my long term goals are to have a business as i cant be a corporate slave forever. whether it be an it firm, or a trucking company, i think it'll give me more independence and i will utilise my life to actually create something from scratch.

in my family its just me and my mom. she will be turning 61 in august and i want her to give a wonderful life. we do make around 25000$ annually here in india but something isn't just right. i believe this is the perfect time for me to take risks and not to settle. my girlfriend was also frustrated with her job at one of the big fours and now plans to join me wherever i go to continue her education and follow her love of digital marketing.

long story short: i applied to canadian universities and now they kicked me in the ass. will doing a pgdm help me in getting a job and pr? i know any certificate wont guarantee me a job but will i be rejected or not called at all for the interview only because i dont have a masters?

should i try again for fall 22 and apply to some american universities as well?",True,False
mni9ie,IWantOut,[IWantOut] 20M UK -&gt; AU/US/IE/CH,"Hi! Throwaway bc I'm posting a lot of particulars.

I will graduate with a CompSci degree from a well ranked UK university in next summer, on track for a First (but who knows what final year will bring, let's say 2:1/First). I hold UK &amp; EU citizenship.

I messed up this year with getting a summer internship and probably will end up without one. They're fairly far and few in between in the UK anyways but I was ill-prepared, specifically for the technical assessments (companies seem to use the same for interns as graduates - I wasn't ready for that). I have 4+ years of unrelated experience (generic e-commerce position, mostly part-time during studies).

Later this year, when the graduate recruitment process starts, I aim to be better prepared. I also wanted to ask some questions about applying abroad. There's no particular reason for me wanting leave the UK and I will be applying here as well but I'll have lived here for 6+ years at that point and I like new experiences.

1. For countries where I have no residence rights and would require company sponsorship (Australia &amp; USA), is it worth it to apply for graduate/junior software engineering positions? Or is it a waste of time in my situation?
2. Switzerland is the only non-English speaking country on my list. I've spent solid amounts of time there for personal reasons and I speak conversational German but for sure not enough to actually live &amp; work there. Can anyone suggest what kind of language skills are needed for a software engineering job in Switzerland? I've read many different opinions, from the fact that there are English-only work environments to absolutely needing very good language skills to succeed (only considering German-speaking part of Switzerland).
3. Separate from my preferred countries, I've also considered the UAE, Singapore &amp; Hong Kong. I've heard that they rarely have fresh graduates in the UAE so that's probably out of the question. With SG/HK, there are quite a few (and I have an interest in finance which seems to be the majority of them as in Ireland) but I've had people suggest first gaining experience in the west. Any suggestions?
4. Lastly, if I've missed a country that is English-speaking, non-car-centric (I can't &amp; won't ever be able to drive) with good QOL and prospects for software engineering, let me know!

I appreciate any insight!",1617978092.0,2021-04-09T14:21:32,8,10,/r/IWantOut/comments/mni9ie/iwantout_20m_uk_auusiech/,https://www.reddit.com/r/IWantOut/comments/mni9ie/iwantout_20m_uk_auusiech/,"[iwantout] 20m uk -&gt; au/us/ie/ch
hi! throwaway bc i'm posting a lot of particulars.

i will graduate with a compsci degree from a well ranked uk university in next summer, on track for a first (but who knows what final year will bring, let's say 2:1/first). i hold uk &amp; eu citizenship.

i messed up this year with getting a summer internship and probably will end up without one. they're fairly far and few in between in the uk anyways but i was ill-prepared, specifically for the technical assessments (companies seem to use the same for interns as graduates - i wasn't ready for that). i have 4+ years of unrelated experience (generic e-commerce position, mostly part-time during studies).

later this year, when the graduate recruitment process starts, i aim to be better prepared. i also wanted to ask some questions about applying abroad. there's no particular reason for me wanting leave the uk and i will be applying here as well but i'll have lived here for 6+ years at that point and i like new experiences.

1. for countries where i have no residence rights and would require company sponsorship (australia &amp; usa), is it worth it to apply for graduate/junior software engineering positions? or is it a waste of time in my situation?
2. switzerland is the only non-english speaking country on my list. i've spent solid amounts of time there for personal reasons and i speak conversational german but for sure not enough to actually live &amp; work there. can anyone suggest what kind of language skills are needed for a software engineering job in switzerland? i've read many different opinions, from the fact that there are english-only work environments to absolutely needing very good language skills to succeed (only considering german-speaking part of switzerland).
3. separate from my preferred countries, i've also considered the uae, singapore &amp; hong kong. i've heard that they rarely have fresh graduates in the uae so that's probably out of the question. with sg/hk, there are quite a few (and i have an interest in finance which seems to be the majority of them as in ireland) but i've had people suggest first gaining experience in the west. any suggestions?
4. lastly, if i've missed a country that is english-speaking, non-car-centric (i can't &amp; won't ever be able to drive) with good qol and prospects for software engineering, let me know!

i appreciate any insight!",True,False
7u9ajk,IWantOut,Plan B,"Info : 26, British Citizen, Degree+Work Experience, English only.

Moved to Canada from the UK and fell in love but I messed up my PR application and had to leave.

Plan A is getting back to Canada and continuing the life I started there.

Plan B is to go somewhere else. I had though of Nordic countries (Norway, Sweden, Finland etc) to try and recreate the winter lifestyle but after some research it looks like it'll be very hard to get a job without speaking the local language.

USA would by an option if it weren't so difficult to get into.

Any other ideas on where to go? New Zealand appealed to me but it's just so far away and from what I've heard, a little less modern than other places.

Need some ideas, I'll be devastated if I can't go back to Canada so will need a Plan B to look forward to.",1517398583.0,2018-01-31T11:36:23,5,1,/r/IWantOut/comments/7u9ajk/plan_b/,https://www.reddit.com/r/IWantOut/comments/7u9ajk/plan_b/,"plan b
info : 26, british citizen, degree+work experience, english only.

moved to canada from the uk and fell in love but i messed up my pr application and had to leave.

plan a is getting back to canada and continuing the life i started there.

plan b is to go somewhere else. i had though of nordic countries (norway, sweden, finland etc) to try and recreate the winter lifestyle but after some research it looks like it'll be very hard to get a job without speaking the local language.

usa would by an option if it weren't so difficult to get into.

any other ideas on where to go? new zealand appealed to me but it's just so far away and from what i've heard, a little less modern than other places.

need some ideas, i'll be devastated if i can't go back to canada so will need a plan b to look forward to.",True,False
4njy4p,IWantOut,Guide to the New Zealand visas you are most likely to use.,"**Disclaimer**

I am a licensed immigration adviser working in New Zealand. However, nothing written here is meant to be taken as advice, and, instead, is a compilation of publicly available information with a few generalisations.  

**Shameless Plug**

I have a new [immigration firm in Tauranga, New Zealand](http://www.amgimmigration.nz/), called AMG Immigration. If you want proper immigration advice based on your specific situation, feel free to contact me via PM or the site. 

**Basics**

Getting into New Zealand requires a visa. People can apply for and be granted different visas based on how long they want to stay and what they want to do. I presume that you don’t need help with Visitor Visas, so this post will concentrate on visas that will allow you to come to New Zealand, work in New Zealand, and live in New Zealand for more than a handful of months. If you are simply wanting to travel and not work, you will need a Visitor Visa. There is also a good chance that you are from a [Visa-Waiver country](http://www.amgimmigration.nz/visa-waiver-countries-for-new-zealand-visitor-visas/), so you wont even need to make an application beforehand. 

There are several visas, which are applicable, and I will go through in order of least committal to full committal. 

**Working Holiday Visa**

If you are looking for Visa advice on Reddit, then this is likely to be the Visa for you. If you reasons for travelling start with *“I want to find myself…”*, *“I want to leave the consumerism of my country…”*, or “*My SO dumped me…”*, the a Working Holiday Visa (WHV) is for you.

The basic idea of the WHV is that someone under the age of 30 can come to New Zealand temporarily (usually for 12 months) and take on temporary jobs. 

WHVs are not available to everyone, and you have to be a resident of one of the following countries:

WHV | | | |
---|----|----|----
[Argentina](http://onlineservices.immigration.govt.nz/opsmanual/41850.htm)|[Finland](http://onlineservices.immigration.govt.nz/opsmanual/34438.htm)|[Malaysia](http://onlineservices.immigration.govt.nz/opsmanual/34447.htm)|[Spain](http://onlineservices.immigration.govt.nz/opsmanual/34455.htm)|
[Austria](http://onlineservices.immigration.govt.nz/opsmanual/43813.htm)|[France](http://onlineservices.immigration.govt.nz/opsmanual/34439.htm)|[Malta](http://onlineservices.immigration.govt.nz/opsmanual/34448.htm)|[Sweden](http://onlineservices.immigration.govt.nz/opsmanual/34456.htm)|
[Belgium](http://onlineservices.immigration.govt.nz/opsmanual/34430.htm)|[Germany](http://onlineservices.immigration.govt.nz/opsmanual/34440.htm)|[Mexico](http://onlineservices.immigration.govt.nz/opsmanual/34449.htm)|[Taiwan](http://onlineservices.immigration.govt.nz/opsmanual/34457.htm)|
[Brazil](http://onlineservices.immigration.govt.nz/opsmanual/34431.htm)|[Hong Kong](http://onlineservices.immigration.govt.nz/opsmanual/34441.htm)| [Netherlands](http://onlineservices.immigration.govt.nz/opsmanual/44929.htm)|[Thailand](http://onlineservices.immigration.govt.nz/opsmanual/46194.htm)|
[Canada](http://onlineservices.immigration.govt.nz/opsmanual/40504.htm)|[Hungary](http://onlineservices.immigration.govt.nz/opsmanual/46197.htm)|	[Norway](http://onlineservices.immigration.govt.nz/opsmanual/34451.htm)|[Turkey](http://onlineservices.immigration.govt.nz/opsmanual/46195.htm)|
[Chile](http://onlineservices.immigration.govt.nz/opsmanual/41851.htm)|	[Ireland](http://onlineservices.immigration.govt.nz/opsmanual/34442.htm)|[Peru](http://onlineservices.immigration.govt.nz/opsmanual/46525.htm)|[UK](http://onlineservices.immigration.govt.nz/opsmanual/34459.htm)|
[China](http://onlineservices.immigration.govt.nz/opsmanual/46196.htm)|[Israel](http://onlineservices.immigration.govt.nz/opsmanual/42660.htm)|[Philippines](http://onlineservices.immigration.govt.nz/opsmanual/47869.htm)|[USA](http://onlineservices.immigration.govt.nz/opsmanual/34460.htm)|
[Croatia](http://onlineservices.immigration.govt.nz/opsmanual/50575.htm)|[Italy](http://onlineservices.immigration.govt.nz/opsmanual/34443.htm)|[Poland](http://onlineservices.immigration.govt.nz/opsmanual/42658.htm)|[Uruguay](http://onlineservices.immigration.govt.nz/opsmanual/41852.htm)|
[Czech](http://onlineservices.immigration.govt.nz/opsmanual/42659.htm)	|[Japan](http://onlineservices.immigration.govt.nz/opsmanual/34444.htm)|[Singapore](http://onlineservices.immigration.govt.nz/opsmanual/34453.htm)	|[Vietnam](http://onlineservices.immigration.govt.nz/opsmanual/44930.htm)|
[Denmark](http://onlineservices.immigration.govt.nz/opsmanual/34436.htm)|[Korea](http://onlineservices.immigration.govt.nz/opsmanual/34445.htm)|[Slovakia](http://onlineservices.immigration.govt.nz/opsmanual/43676.htm)||
[Estonia](http://onlineservices.immigration.govt.nz/opsmanual/34437.htm)|[Latvia](http://onlineservices.immigration.govt.nz/opsmanual/34446.htm)|[Slovenia](http://onlineservices.immigration.govt.nz/opsmanual/34454.htm)||
	

The exact conditions of each country’s WHV is different, with some changes being:

* Availability of extensions
* The number of visas available
* How long you are able to work in any given job

See also my [New Zealand Working Holiday Visa Online Resource Guide](http://www.amgimmigration.nz/new-zealand-working-holiday-visa-online-resource-guide/) 

**Essential Skills Visa**

The Essential Skills Visa is one of the most popular visa types in the country. The ESV allows a person to come and work in the country for up to 2 years per visa.

The Essential Skills Visa is only offered if you already have a job offer which:

* Has a salary of at least NZD45,000
* Is considered a Skilled Job
* Is a job which could not have been filled by a local (for lower skilled jobs), OR Is a job to which locals applied but none were as suitable as you (for higher skilled jobs)

As an applicant you also have to meet the qualification and experience requirements for the job.

During the application the employer may be required to show that they interviewed locals for the job.

If you put all the requirements together, the ESV comes out as a visa for skilled people who are filling labour market gaps or bringing in skills which are in short supply. 

To get an idea of what is a skilled job and what is in short supply, you can look at the [Skill Shortage list](http://skillshortages.immigration.govt.nz/). 

**Skilled Migrant Category**

**PLEASE NOTE: The SMC program has been tightened up, with changes to take effect on October 12th. To be selected from the pool you now need 160 points, regardless of whether you have a job or not. Applicants are not selected if they are below the threshold but have a job offer, as was the case prior to October 12th.** 

The Skilled Migrant Category (often called the points visa, or something like that) is for people seeking Residence.
 
This visa judges your overall application on a points system, based on:

* Whether you have a job offer in New Zealand, or how long you have worked in NZ already
* Whether your job is a skill shortage job, or a future growth area job
* How much work experience you have
* Where you work experience was
* Your qualifications
* Your partner’s qualifications
* Age
* Family in New Zealand
* Where you want to settle

The applications and your points totals are placed in a pool, which is drawn every two weeks ([here is an example](http://www.amgimmigration.nz/skilled-migrant-category-selection-results-june-8th-2016/)), and everyone drawn is invited to apply for residence. The entire process can take as much as a year. However the granted visa is for 5 years, and allows you to travel freely to and from New Zealand. Eventually the visa can be used to apply for Permanent Residence, and, eventually, Citizenship. 

To check your potential points total, see the [Immigration NZ calculator](https://www.immigration.govt.nz/new-zealand-visas/apply-for-a-visa/about-visa/skilled-migrant-category-resident-visa), or [my table](http://www.amgimmigration.nz/new-zealand-skilled-migrant-category-points-allocations/), or my [online points indicator](http://www.amgimmigration.nz/skilled-migrant-category-points-indicator/). The information should be the same, but the INZ calculator is the official source, while my table will let you explore and see the points awarded for each category. 

**Some parting thoughts**

There are many visa options which I have not mentioned here. However, the above will cover most of your immigration questions, unless you are flush with cash, have a business to start here, or have family/partner here.

As I mentioned above, this was not advice, and you should absolutely not treat it as such. If you do need advice, then contact me via reddit, email, or via the site for my [Tauranga immigration office](http://www.amgimmigration.nz/), or Immigration New Zealand. 

Edits: */u/Dunnersstunner correctly pointed out that I messed up my table. Corrected now, with relevant links to the conditions of each WHV*

*Added a link to a guide of online resources I wrote for people on WHV.* 

*Added link to Visa Waiver countries for Visitor Visas.*

*Added link to another SMC points calculator.*

",1465616936.0,2016-06-11T03:48:56,32,26,/r/IWantOut/comments/4njy4p/guide_to_the_new_zealand_visas_you_are_most/,https://www.reddit.com/r/IWantOut/comments/4njy4p/guide_to_the_new_zealand_visas_you_are_most/,"guide to the new zealand visas you are most likely to use.
**disclaimer**

i am a licensed immigration adviser working in new zealand. however, nothing written here is meant to be taken as advice, and, instead, is a compilation of publicly available information with a few generalisations.  

**shameless plug**

i have a new [immigration firm in tauranga, new zealand](http://www.amgimmigration.nz/), called amg immigration. if you want proper immigration advice based on your specific situation, feel free to contact me via pm or the site. 

**basics**

getting into new zealand requires a visa. people can apply for and be granted different visas based on how long they want to stay and what they want to do. i presume that you don’t need help with visitor visas, so this post will concentrate on visas that will allow you to come to new zealand, work in new zealand, and live in new zealand for more than a handful of months. if you are simply wanting to travel and not work, you will need a visitor visa. there is also a good chance that you are from a [visa-waiver country](http://www.amgimmigration.nz/visa-waiver-countries-for-new-zealand-visitor-visas/), so you wont even need to make an application beforehand. 

there are several visas, which are applicable, and i will go through in order of least committal to full committal. 

**working holiday visa**

if you are looking for visa advice on reddit, then this is likely to be the visa for you. if you reasons for travelling start with *“i want to find myself…”*, *“i want to leave the consumerism of my country…”*, or “*my so dumped me…”*, the a working holiday visa (whv) is for you.

the basic idea of the whv is that someone under the age of 30 can come to new zealand temporarily (usually for 12 months) and take on temporary jobs. 

whvs are not available to everyone, and you have to be a resident of one of the following countries:

whv | | | |
---|----|----|----
[argentina](http://onlineservices.immigration.govt.nz/opsmanual/41850.htm)|[finland](http://onlineservices.immigration.govt.nz/opsmanual/34438.htm)|[malaysia](http://onlineservices.immigration.govt.nz/opsmanual/34447.htm)|[spain](http://onlineservices.immigration.govt.nz/opsmanual/34455.htm)|
[austria](http://onlineservices.immigration.govt.nz/opsmanual/43813.htm)|[france](http://onlineservices.immigration.govt.nz/opsmanual/34439.htm)|[malta](http://onlineservices.immigration.govt.nz/opsmanual/34448.htm)|[sweden](http://onlineservices.immigration.govt.nz/opsmanual/34456.htm)|
[belgium](http://onlineservices.immigration.govt.nz/opsmanual/34430.htm)|[germany](http://onlineservices.immigration.govt.nz/opsmanual/34440.htm)|[mexico](http://onlineservices.immigration.govt.nz/opsmanual/34449.htm)|[taiwan](http://onlineservices.immigration.govt.nz/opsmanual/34457.htm)|
[brazil](http://onlineservices.immigration.govt.nz/opsmanual/34431.htm)|[hong kong](http://onlineservices.immigration.govt.nz/opsmanual/34441.htm)| [netherlands](http://onlineservices.immigration.govt.nz/opsmanual/44929.htm)|[thailand](http://onlineservices.immigration.govt.nz/opsmanual/46194.htm)|
[canada](http://onlineservices.immigration.govt.nz/opsmanual/40504.htm)|[hungary](http://onlineservices.immigration.govt.nz/opsmanual/46197.htm)|	[norway](http://onlineservices.immigration.govt.nz/opsmanual/34451.htm)|[turkey](http://onlineservices.immigration.govt.nz/opsmanual/46195.htm)|
[chile](http://onlineservices.immigration.govt.nz/opsmanual/41851.htm)|	[ireland](http://onlineservices.immigration.govt.nz/opsmanual/34442.htm)|[peru](http://onlineservices.immigration.govt.nz/opsmanual/46525.htm)|[uk](http://onlineservices.immigration.govt.nz/opsmanual/34459.htm)|
[china](http://onlineservices.immigration.govt.nz/opsmanual/46196.htm)|[israel](http://onlineservices.immigration.govt.nz/opsmanual/42660.htm)|[philippines](http://onlineservices.immigration.govt.nz/opsmanual/47869.htm)|[usa](http://onlineservices.immigration.govt.nz/opsmanual/34460.htm)|
[croatia](http://onlineservices.immigration.govt.nz/opsmanual/50575.htm)|[italy](http://onlineservices.immigration.govt.nz/opsmanual/34443.htm)|[poland](http://onlineservices.immigration.govt.nz/opsmanual/42658.htm)|[uruguay](http://onlineservices.immigration.govt.nz/opsmanual/41852.htm)|
[czech](http://onlineservices.immigration.govt.nz/opsmanual/42659.htm)	|[japan](http://onlineservices.immigration.govt.nz/opsmanual/34444.htm)|[singapore](http://onlineservices.immigration.govt.nz/opsmanual/34453.htm)	|[vietnam](http://onlineservices.immigration.govt.nz/opsmanual/44930.htm)|
[denmark](http://onlineservices.immigration.govt.nz/opsmanual/34436.htm)|[korea](http://onlineservices.immigration.govt.nz/opsmanual/34445.htm)|[slovakia](http://onlineservices.immigration.govt.nz/opsmanual/43676.htm)||
[estonia](http://onlineservices.immigration.govt.nz/opsmanual/34437.htm)|[latvia](http://onlineservices.immigration.govt.nz/opsmanual/34446.htm)|[slovenia](http://onlineservices.immigration.govt.nz/opsmanual/34454.htm)||
	

the exact conditions of each country’s whv is different, with some changes being:

* availability of extensions
* the number of visas available
* how long you are able to work in any given job

see also my [new zealand working holiday visa online resource guide](http://www.amgimmigration.nz/new-zealand-working-holiday-visa-online-resource-guide/) 

**essential skills visa**

the essential skills visa is one of the most popular visa types in the country. the esv allows a person to come and work in the country for up to 2 years per visa.

the essential skills visa is only offered if you already have a job offer which:

* has a salary of at least nzd45,000
* is considered a skilled job
* is a job which could not have been filled by a local (for lower skilled jobs), or is a job to which locals applied but none were as suitable as you (for higher skilled jobs)

as an applicant you also have to meet the qualification and experience requirements for the job.

during the application the employer may be required to show that they interviewed locals for the job.

if you put all the requirements together, the esv comes out as a visa for skilled people who are filling labour market gaps or bringing in skills which are in short supply. 

to get an idea of what is a skilled job and what is in short supply, you can look at the [skill shortage list](http://skillshortages.immigration.govt.nz/). 

**skilled migrant category**

**please note: the smc program has been tightened up, with changes to take effect on october 12th. to be selected from the pool you now need 160 points, regardless of whether you have a job or not. applicants are not selected if they are below the threshold but have a job offer, as was the case prior to october 12th.** 

the skilled migrant category (often called the points visa, or something like that) is for people seeking residence.
 
this visa judges your overall application on a points system, based on:

* whether you have a job offer in new zealand, or how long you have worked in nz already
* whether your job is a skill shortage job, or a future growth area job
* how much work experience you have
* where you work experience was
* your qualifications
* your partner’s qualifications
* age
* family in new zealand
* where you want to settle

the applications and your points totals are placed in a pool, which is drawn every two weeks ([here is an example](http://www.amgimmigration.nz/skilled-migrant-category-selection-results-june-8th-2016/)), and everyone drawn is invited to apply for residence. the entire process can take as much as a year. however the granted visa is for 5 years, and allows you to travel freely to and from new zealand. eventually the visa can be used to apply for permanent residence, and, eventually, citizenship. 

to check your potential points total, see the [immigration nz calculator](https://www.immigration.govt.nz/new-zealand-visas/apply-for-a-visa/about-visa/skilled-migrant-category-resident-visa), or [my table](http://www.amgimmigration.nz/new-zealand-skilled-migrant-category-points-allocations/), or my [online points indicator](http://www.amgimmigration.nz/skilled-migrant-category-points-indicator/). the information should be the same, but the inz calculator is the official source, while my table will let you explore and see the points awarded for each category. 

**some parting thoughts**

there are many visa options which i have not mentioned here. however, the above will cover most of your immigration questions, unless you are flush with cash, have a business to start here, or have family/partner here.

as i mentioned above, this was not advice, and you should absolutely not treat it as such. if you do need advice, then contact me via reddit, email, or via the site for my [tauranga immigration office](http://www.amgimmigration.nz/), or immigration new zealand. 

edits: */u/dunnersstunner correctly pointed out that i messed up my table. corrected now, with relevant links to the conditions of each whv*

*added a link to a guide of online resources i wrote for people on whv.* 

*added link to visa waiver countries for visitor visas.*

*added link to another smc points calculator.*

",True,False
1yumvt,IWantOut,24M USA &gt; UK,"I have been thinking about getting out for quite awhile now, my lease is up on three months and today I found this sub. I'm new so I'm going to do my best to submit all the needed info. Any and all help is greatly appreciated.  
  
I live in Florida, have a Bachelor's Degree from Florida State University in Creative Writing with a Minor in Communications. I have been writing copy for a major corporate company for the last year and a half. I specialize in writing SEO content. I'm trying to get to the UK, but I would also consider Australia, New Zealand, and Spain. I speak very little/broken Spanish. I have no criminal convictions.   
  
I am planning on moving back in with my parents for a few months when my lease is up to save some money. Any advice on where to being would be amazing. Thanks and sorry if I messed up this post in some way (I'm new here, remember?)",1393292732.0,2014-02-25T01:45:32,3,2,/r/IWantOut/comments/1yumvt/24m_usa_uk/,https://www.reddit.com/r/IWantOut/comments/1yumvt/24m_usa_uk/,"24m usa &gt; uk
i have been thinking about getting out for quite awhile now, my lease is up on three months and today i found this sub. i'm new so i'm going to do my best to submit all the needed info. any and all help is greatly appreciated.  
  
i live in florida, have a bachelor's degree from florida state university in creative writing with a minor in communications. i have been writing copy for a major corporate company for the last year and a half. i specialize in writing seo content. i'm trying to get to the uk, but i would also consider australia, new zealand, and spain. i speak very little/broken spanish. i have no criminal convictions.   
  
i am planning on moving back in with my parents for a few months when my lease is up to save some money. any advice on where to being would be amazing. thanks and sorry if i messed up this post in some way (i'm new here, remember?)",True,False
