id,subreddit,title,selftext,created_utc,created_dt,num_comments,score,permalink,url,full_text,keep,exclude
1r9bcvl,USCIS,Denver FO interview,"Hi everyone! My partner and I just got out of our interview for an AOS case. I have DACA and did AP two years ago. 

Our interview started with our officer saying that if it was up to him, our I130 would already be approved. He said that now they have a new system and also, if we had new evidence to bring. 

He then started with the questions. He asked why we weren't living together and we explained. He asked us how we met, how long have we dated, when did we get married, and if we've filed taxes yet. 

Then he asked me some questions about my status, what associations I'm a part of and how I came to the United States as a baby girl. 

Then he said that the interview was done and told us if he needed more evidence we would get an RFE. 

It was super nerve-wracking and I messed up the date on when we got married, but our attorney said that we would've faced more scrutiny if there was more questions. It was only 30 minutes. Has anyone gotten approved quickly at this FO?",1771535058.0,2026-02-19T21:04:18,1,4,/r/USCIS/comments/1r9bcvl/denver_fo_interview/,https://www.reddit.com/r/USCIS/comments/1r9bcvl/denver_fo_interview/,"denver fo interview
hi everyone! my partner and i just got out of our interview for an aos case. i have daca and did ap two years ago. 

our interview started with our officer saying that if it was up to him, our i130 would already be approved. he said that now they have a new system and also, if we had new evidence to bring. 

he then started with the questions. he asked why we weren't living together and we explained. he asked us how we met, how long have we dated, when did we get married, and if we've filed taxes yet. 

then he asked me some questions about my status, what associations i'm a part of and how i came to the united states as a baby girl. 

then he said that the interview was done and told us if he needed more evidence we would get an rfe. 

it was super nerve-wracking and i messed up the date on when we got married, but our attorney said that we would've faced more scrutiny if there was more questions. it was only 30 minutes. has anyone gotten approved quickly at this fo?",True,False
1bq9o7w,USCIS,I’m officially a US citizen 🇺🇸,"Hi everyone, just thought I’d share the journey with you in the event it might help someone else. I had no idea what to expect and there are certain things that would have been helpful.

Just for some context so that the dates don’t seem wonky, I had already applied to renew my green card on December 1 2023, before deciding to apply for my citizenship.  So I had my biometrics test already done when I decided to apply for citizenship on December 13 2023 and therefore didn’t have to take that step again. Yes, I spent way too much money on both applications but there you go! 🫣

- I applied for naturalization on December 13th 2023 online -  N400

- received a notice on January 29th that I had been scheduled for an interview and test. 

- went for my interview and test on March 11th 2024. I passed, and on that day I was approved and scheduled for my oath ceremony. 

- had my Oath ceremony yesterday March 27, 2024 

Some observations. 

Mine was held at the US Eastern district courthouse in Brooklyn. They told you to get there by 7:30 AM and before going through security we had to hand in our phones. We received a little wooden block with a number on it for ease of collection afterwards. Then through security and then to the second floor where a gentlemen checked our questionnaire to make sure it was filled out correctly.  

Then we filed into the courtroom (8:00 ish) and were given an envelope with a booklet of the Constitution and declaration of independence, a letter from the President,  a flyer outlining what citizenship is and a little American flag!  We sat for quite a while before anything started to happen. 

Around 9 AM they started having people come up row by row to hand in their green cards and any other documentation and the questionnaire they asked you to fill out on that day. The questionnaire is given to you in advance, but they want you to fill it in on the day because they want to make sure that none of the things on the list happened or changed in between the time of your interview and the time of your oath swearing. e.g. widowed, arrested etc…After handing that stuff in we were  directed to the next table to look at our certificate of naturalization and confirm that all the information was correct and that our photo was correct and then we were asked to sit back down again. 

And then we sat for another looong period of time before the judge came. Not much happened during that time except someone came around with voting registration cards and told us how to fill it out and collected them after we had all filled them out. And also any name change deed polls were handed out.

 Finally, the judge came around 10:30AM. By then everyone was pretty tired and ready to go home, but she had a lot of energy and she did a little speech, we sang the Star-Spangled Banner, and said the Pledge of Allegiance which was printed out for us. That went on for a while then around 11:15 we were dismissed and as we exited the court we were given our Certificates of Naturalization and able to reunite with our friends and family, collect our phones and take pictures outside.

Things I wish I had known - 

- bring snacks and water

- ask friends to come a little later. My friends (8 of them) came with me at 7:30 😳 and then were told to sit in a different room where they were able to see the courtroom but not hear anything. And only when we were closer to the actual ceremony were they brought in to the courtroom to sit with us. The tricky part is you never know how long it’s gonna take the judge to come or how many people they have to get through. What I do know those they don’t need to be there with you right at the beginning. 

I hope that’s helpful. Good luck everyone! 🇺🇸

",1711667368.0,2024-03-28T23:09:28,91,283,/r/USCIS/comments/1bq9o7w/im_officially_a_us_citizen/,https://www.reddit.com/r/USCIS/comments/1bq9o7w/im_officially_a_us_citizen/,"i’m officially a us citizen 🇺🇸
hi everyone, just thought i’d share the journey with you in the event it might help someone else. i had no idea what to expect and there are certain things that would have been helpful.

just for some context so that the dates don’t seem wonky, i had already applied to renew my green card on december 1 2023, before deciding to apply for my citizenship.  so i had my biometrics test already done when i decided to apply for citizenship on december 13 2023 and therefore didn’t have to take that step again. yes, i spent way too much money on both applications but there you go! 🫣

- i applied for naturalization on december 13th 2023 online -  n400

- received a notice on january 29th that i had been scheduled for an interview and test. 

- went for my interview and test on march 11th 2024. i passed, and on that day i was approved and scheduled for my oath ceremony. 

- had my oath ceremony yesterday march 27, 2024 

some observations. 

mine was held at the us eastern district courthouse in brooklyn. they told you to get there by 7:30 am and before going through security we had to hand in our phones. we received a little wooden block with a number on it for ease of collection afterwards. then through security and then to the second floor where a gentlemen checked our questionnaire to make sure it was filled out correctly.  

then we filed into the courtroom (8:00 ish) and were given an envelope with a booklet of the constitution and declaration of independence, a letter from the president,  a flyer outlining what citizenship is and a little american flag!  we sat for quite a while before anything started to happen. 

around 9 am they started having people come up row by row to hand in their green cards and any other documentation and the questionnaire they asked you to fill out on that day. the questionnaire is given to you in advance, but they want you to fill it in on the day because they want to make sure that none of the things on the list happened or changed in between the time of your interview and the time of your oath swearing. e.g. widowed, arrested etc…after handing that stuff in we were  directed to the next table to look at our certificate of naturalization and confirm that all the information was correct and that our photo was correct and then we were asked to sit back down again. 

and then we sat for another looong period of time before the judge came. not much happened during that time except someone came around with voting registration cards and told us how to fill it out and collected them after we had all filled them out. and also any name change deed polls were handed out.

 finally, the judge came around 10:30am. by then everyone was pretty tired and ready to go home, but she had a lot of energy and she did a little speech, we sang the star-spangled banner, and said the pledge of allegiance which was printed out for us. that went on for a while then around 11:15 we were dismissed and as we exited the court we were given our certificates of naturalization and able to reunite with our friends and family, collect our phones and take pictures outside.

things i wish i had known - 

- bring snacks and water

- ask friends to come a little later. my friends (8 of them) came with me at 7:30 😳 and then were told to sit in a different room where they were able to see the courtroom but not hear anything. and only when we were closer to the actual ceremony were they brought in to the courtroom to sit with us. the tricky part is you never know how long it’s gonna take the judge to come or how many people they have to get through. what i do know those they don’t need to be there with you right at the beginning. 

i hope that’s helpful. good luck everyone! 🇺🇸

",True,False
1r15hnp,USCIS,Should I apply for ADIT while waiting for i-751 notice,"Howdy folks. Hope you are all doing well.

I submitted my i-751 online in mid January and got the receipt number and SMS  + email few days later saying notice has been sent. My GC expires in a week. I don’t have the physical mail or the notice in the online portal yet. I chatted with live agent and they said wait another week. I am getting quite anxious. I will upload some more unsolicited evidence to see if that will jumpstart my case. Is it worth filing for an ADIT? My HR took a photo of my GC and I don’t know if they will ask me for an extension letter or not. I also hope to travel to visit my aging parents. Thank you.

EDIT: I regret spending so much time trying to make the perfect application and perfect submission of evidence. I should have applied ASAP and kept uploading evidence as I went.",1770741036.0,2026-02-10T16:30:36,22,1,/r/USCIS/comments/1r15hnp/should_i_apply_for_adit_while_waiting_for_i751/,https://www.reddit.com/r/USCIS/comments/1r15hnp/should_i_apply_for_adit_while_waiting_for_i751/,"should i apply for adit while waiting for i-751 notice
howdy folks. hope you are all doing well.

i submitted my i-751 online in mid january and got the receipt number and sms  + email few days later saying notice has been sent. my gc expires in a week. i don’t have the physical mail or the notice in the online portal yet. i chatted with live agent and they said wait another week. i am getting quite anxious. i will upload some more unsolicited evidence to see if that will jumpstart my case. is it worth filing for an adit? my hr took a photo of my gc and i don’t know if they will ask me for an extension letter or not. i also hope to travel to visit my aging parents. thank you.

edit: i regret spending so much time trying to make the perfect application and perfect submission of evidence. i should have applied asap and kept uploading evidence as i went.",True,False
1qx53s3,USCIS,Worried about interview that ICE may appear,"My interview got scheduled really fast after they got my biometrics. My FO is Queens, NYC. There has been some worried of mine since I came on a F1 student visa, used all my CPT and then applied for my pre-OPT and thinking it was the same process as CPT, I started working with my new I-20 on my internship without the card for authorization to work, I was already married by then and when I realized my mistake my lawyer told me to not worry about it because it should be pardoned since I’m married to a US citizen. Now of course I regret it, I wish I made absolutely not mistake and that I quit that job as soon as I realized the mistake, but it was a one time opportunity, I needed the money since I was constantly traveling between Boston (college) and NYC (where husband and my cats are) and pay for both apartments. My husband and me started living together when I was working with CPT in NYC at a private equity company for 6-8 months. We met on discord and since we were long distance for so long we have a bit too much evidence between text messages, bus/train/plane tickets, adopted 3 cats, we volunteered together at shelters and even fostered about 10 cats at some points (pregnant cat that gave birth in my closet), we have so many photos and etc. I am deeply afraid they will see our marriage as fake just because of our age (22 now, got married at 21), but with all our evidence I think we have a strong case. 

Now, my lawyer told me to not worry about working without the “work authorization card”, because I showed that I did take every step possible for me to work legally and that the people at USCIS took long and my ignorance about having to “receive a card” (I genuinely didn’t know because cpt doesn’t require you to have a card) and my employer never told me anything, but I can’t help but be worried that ICE will be there at the moment of interview. 

My marriage is very real, and if that’s all they care about, then I shouldn’t care much. Nevertheless, if it’s necessary, I’ll splurge and get a lawyer to come with us (husband and me) to the interview. I just don’t wanna spend more money unless necessary. Economy is harsh ",1770344223.0,2026-02-06T02:17:03,6,1,/r/USCIS/comments/1qx53s3/worried_about_interview_that_ice_may_appear/,https://www.reddit.com/r/USCIS/comments/1qx53s3/worried_about_interview_that_ice_may_appear/,"worried about interview that ice may appear
my interview got scheduled really fast after they got my biometrics. my fo is queens, nyc. there has been some worried of mine since i came on a f1 student visa, used all my cpt and then applied for my pre-opt and thinking it was the same process as cpt, i started working with my new i-20 on my internship without the card for authorization to work, i was already married by then and when i realized my mistake my lawyer told me to not worry about it because it should be pardoned since i’m married to a us citizen. now of course i regret it, i wish i made absolutely not mistake and that i quit that job as soon as i realized the mistake, but it was a one time opportunity, i needed the money since i was constantly traveling between boston (college) and nyc (where husband and my cats are) and pay for both apartments. my husband and me started living together when i was working with cpt in nyc at a private equity company for 6-8 months. we met on discord and since we were long distance for so long we have a bit too much evidence between text messages, bus/train/plane tickets, adopted 3 cats, we volunteered together at shelters and even fostered about 10 cats at some points (pregnant cat that gave birth in my closet), we have so many photos and etc. i am deeply afraid they will see our marriage as fake just because of our age (22 now, got married at 21), but with all our evidence i think we have a strong case. 

now, my lawyer told me to not worry about working without the “work authorization card”, because i showed that i did take every step possible for me to work legally and that the people at uscis took long and my ignorance about having to “receive a card” (i genuinely didn’t know because cpt doesn’t require you to have a card) and my employer never told me anything, but i can’t help but be worried that ice will be there at the moment of interview. 

my marriage is very real, and if that’s all they care about, then i shouldn’t care much. nevertheless, if it’s necessary, i’ll splurge and get a lawyer to come with us (husband and me) to the interview. i just don’t wanna spend more money unless necessary. economy is harsh ",True,False
1qpc8xk,USCIS,Advice for I485,"Hello!! So currently we have been waiting almost 21 months for my I-485 &amp; I-130 decision. We have been planning our church wedding out of the country for about a year already. The wedding is scheduled to be on September this year and I need advice on my options. When we filed, we didn’t include the Advance Parole as the lawyer said it will take longer for it, now I regret not doing it. Would the wedding be considered a reason for expediting? or should I apply now for I-131 and try expediting that one? 

thanks!! ",1769609136.0,2026-01-28T14:05:36,8,1,/r/USCIS/comments/1qpc8xk/advice_for_i485/,https://www.reddit.com/r/USCIS/comments/1qpc8xk/advice_for_i485/,"advice for i485
hello!! so currently we have been waiting almost 21 months for my i-485 &amp; i-130 decision. we have been planning our church wedding out of the country for about a year already. the wedding is scheduled to be on september this year and i need advice on my options. when we filed, we didn’t include the advance parole as the lawyer said it will take longer for it, now i regret not doing it. would the wedding be considered a reason for expediting? or should i apply now for i-131 and try expediting that one? 

thanks!! ",True,False
1q5315h,USCIS,"Regret applying for asylum, how to withdraw before interview?","Hi, I’m an international student, and I applied for asylum a few months ago because I was afraid of returning to my home country if I lost my visa status.

Anyway, my asylum interview is scheduled in 20 days, and I really need to withdraw my asylum application because I don’t think I’ll win the case, and it could cause me a lot of problems.

I didn’t want to go into details, but I regret applying. Is there a way I can withdraw my application before the interview or before they make a final decision?

Note: I’m still on an F-1 visa.

Please help if you have any advice. I’d really appreciate it. Thanks.",1767658622.0,2026-01-06T00:17:02,24,0,/r/USCIS/comments/1q5315h/regret_applying_for_asylum_how_to_withdraw_before/,https://www.reddit.com/r/USCIS/comments/1q5315h/regret_applying_for_asylum_how_to_withdraw_before/,"regret applying for asylum, how to withdraw before interview?
hi, i’m an international student, and i applied for asylum a few months ago because i was afraid of returning to my home country if i lost my visa status.

anyway, my asylum interview is scheduled in 20 days, and i really need to withdraw my asylum application because i don’t think i’ll win the case, and it could cause me a lot of problems.

i didn’t want to go into details, but i regret applying. is there a way i can withdraw my application before the interview or before they make a final decision?

note: i’m still on an f-1 visa.

please help if you have any advice. i’d really appreciate it. thanks.",True,False
1oc6q1w,USCIS,Am I cooked?,"I submitted i751 jointly in March 2024, shortly after my citizen husband and I broke up and I moved  back with my family. My Drivers License was expiring so I renewed it with my family’s address. Within the next couple months we reconciled and I moved back home with my husband.  Rocky, I know.  However, I updated my address with DMV but didn’t request a new ID card, I just wrote the change of address on the back of the card. I now have an interview scheduled and I’m scared that they will deny me based on this address issue. I regret not getting a whole new card but I was processing things practically and not in the sense of how it will impact my green card application. Now it’s too late to change. Other evidence submitted was a letter from bank proving joint bank account, health insurance cards showing shared coverage, NYS health care proxy declarations, tax returns showing joint filing and 2 letters of affidavits from family and friends. Im not on the lease and I don’t have any bills in my name. Am I cooked?",1761032500.0,2025-10-21T07:41:40,8,0,/r/USCIS/comments/1oc6q1w/am_i_cooked/,https://www.reddit.com/r/USCIS/comments/1oc6q1w/am_i_cooked/,"am i cooked?
i submitted i751 jointly in march 2024, shortly after my citizen husband and i broke up and i moved  back with my family. my drivers license was expiring so i renewed it with my family’s address. within the next couple months we reconciled and i moved back home with my husband.  rocky, i know.  however, i updated my address with dmv but didn’t request a new id card, i just wrote the change of address on the back of the card. i now have an interview scheduled and i’m scared that they will deny me based on this address issue. i regret not getting a whole new card but i was processing things practically and not in the sense of how it will impact my green card application. now it’s too late to change. other evidence submitted was a letter from bank proving joint bank account, health insurance cards showing shared coverage, nys health care proxy declarations, tax returns showing joint filing and 2 letters of affidavits from family and friends. im not on the lease and i don’t have any bills in my name. am i cooked?",True,False
1nmtvxy,USCIS,Need clarification on I-601 waiver after humanitarian reinstatement approval (no living qualifying relative),"Hi everyone,

I’m hoping someone here can help me clarify a very confusing situation.
	•	My father was my petitioner under the F3 category (married son/daughter of a U.S. citizen).
	•	He passed away in 2018.
	•	USCIS approved my humanitarian reinstatement in June 2024.
	•	My case continued, and I had my consular interview in Ciudad Juárez in June 2025.
	•	At the interview, the officer requested a 601 waiver (misrepresentation) and a 212 waiver (illegal presence).

Here’s my issue:
	•	Both of my USC parents have passed away.
	•	All I have left is a USC sister and a 12-year-old USC daughter.
	•	My wife lives in Mexico and is not a USC or LPR.
	•	The consular officer was very kind and specifically said that because of the humanitarian reinstatement, I would still qualify for the waiver even without a living qualifying relative.

I’ve done a lot of research on INA 204(l), but from what I understand, it requires certain U.S. residency criteria. I lived in the U.S. from 2000 to 2005, but I’ve been back in Mexico for nearly 20 years now, so I don’t think I meet those residency requirements.

Every lawyer I’ve asked has given me a different answer some say I qualify, others say I don’t. Nobody has been consistent.

The misrepresentation was a very big mistake I made when I was 19yrs old and tried to use someone’s I-94 adit stamp to gain entry via a land port and was caught. I regret it everyday, this occurred 25yrs ago. I have spent time out of the U.S. and wanted to make things right.

So my question is:
With an approved humanitarian reinstatement, is it still possible to get the I-601 waiver approved without a living qualifying relative, even if I don’t meet 204(l) residency requirements? Or is this essentially the end of the road for me?

Any insight, especially from those who’ve gone through something similar, would be greatly appreciated.

Thank you.
",1758466029.0,2025-09-21T14:47:09,9,2,/r/USCIS/comments/1nmtvxy/need_clarification_on_i601_waiver_after/,https://www.reddit.com/r/USCIS/comments/1nmtvxy/need_clarification_on_i601_waiver_after/,"need clarification on i-601 waiver after humanitarian reinstatement approval (no living qualifying relative)
hi everyone,

i’m hoping someone here can help me clarify a very confusing situation.
	•	my father was my petitioner under the f3 category (married son/daughter of a u.s. citizen).
	•	he passed away in 2018.
	•	uscis approved my humanitarian reinstatement in june 2024.
	•	my case continued, and i had my consular interview in ciudad juárez in june 2025.
	•	at the interview, the officer requested a 601 waiver (misrepresentation) and a 212 waiver (illegal presence).

here’s my issue:
	•	both of my usc parents have passed away.
	•	all i have left is a usc sister and a 12-year-old usc daughter.
	•	my wife lives in mexico and is not a usc or lpr.
	•	the consular officer was very kind and specifically said that because of the humanitarian reinstatement, i would still qualify for the waiver even without a living qualifying relative.

i’ve done a lot of research on ina 204(l), but from what i understand, it requires certain u.s. residency criteria. i lived in the u.s. from 2000 to 2005, but i’ve been back in mexico for nearly 20 years now, so i don’t think i meet those residency requirements.

every lawyer i’ve asked has given me a different answer some say i qualify, others say i don’t. nobody has been consistent.

the misrepresentation was a very big mistake i made when i was 19yrs old and tried to use someone’s i-94 adit stamp to gain entry via a land port and was caught. i regret it everyday, this occurred 25yrs ago. i have spent time out of the u.s. and wanted to make things right.

so my question is:
with an approved humanitarian reinstatement, is it still possible to get the i-601 waiver approved without a living qualifying relative, even if i don’t meet 204(l) residency requirements? or is this essentially the end of the road for me?

any insight, especially from those who’ve gone through something similar, would be greatly appreciated.

thank you.
",True,False
1n6lh65,USCIS,I am soon current under EB-2 ROW but not quite ready to relocate to the U.S. Seeking advise on deciding between getting green card now or later.,"I filed an I-140 EB-2 petition in December 2023 and was approved. I was hoping to stay in the U.S. until AOS but my temporary visa expired recently, so I've relocated to Canada in the meantime. Canada is not my home country, but I'm a Permanent Resident here and could be a citizen in 3 years. Trying to decide if I should apply for my U.S. immigrant visa right away when I become current in the next few months or delay until I'm a citizen in Canada.

Given the current political environment, I think there's a non-trivial risk that the U.S. visa process would change and I'd lose my green card if I chose to delay filing. I don't want to lose it as I've lived in the U.S. for most of my adult life. At the same time, I don't want to lose the chance to become a Canadian citizen, since Canada has been a lot more welcoming and stable from an immigration standpoint.

What advise would you guys give? Should I apply as soon as I'm current and just make sure I'm in the U.S. often, even though I don't live there permanently? Or would I risk losing my green card this way? I regret not having waited these past 2 years in Canada, since I'd be close to citizenship now and wouldn't be worrying about this. I don't want to make another similar mistake. Thanks!",1756824382.0,2025-09-02T14:46:22,3,1,/r/USCIS/comments/1n6lh65/i_am_soon_current_under_eb2_row_but_not_quite/,https://www.reddit.com/r/USCIS/comments/1n6lh65/i_am_soon_current_under_eb2_row_but_not_quite/,"i am soon current under eb-2 row but not quite ready to relocate to the u.s. seeking advise on deciding between getting green card now or later.
i filed an i-140 eb-2 petition in december 2023 and was approved. i was hoping to stay in the u.s. until aos but my temporary visa expired recently, so i've relocated to canada in the meantime. canada is not my home country, but i'm a permanent resident here and could be a citizen in 3 years. trying to decide if i should apply for my u.s. immigrant visa right away when i become current in the next few months or delay until i'm a citizen in canada.

given the current political environment, i think there's a non-trivial risk that the u.s. visa process would change and i'd lose my green card if i chose to delay filing. i don't want to lose it as i've lived in the u.s. for most of my adult life. at the same time, i don't want to lose the chance to become a canadian citizen, since canada has been a lot more welcoming and stable from an immigration standpoint.

what advise would you guys give? should i apply as soon as i'm current and just make sure i'm in the u.s. often, even though i don't live there permanently? or would i risk losing my green card this way? i regret not having waited these past 2 years in canada, since i'd be close to citizenship now and wouldn't be worrying about this. i don't want to make another similar mistake. thanks!",True,False
1mf4o0n,USCIS,Should I include our 2024 meetup if the evidence isn't very good?,"I regret not taking better evidence more/better pictures during our meetup last year- we aren't photo people; we were just busy enjoying ourselves not yet seriously preparing for the i-129 process. I probably have 2 usable photos of us, no receipts besides my flight receipt/bank statement and threw away my boarding passes.

at our next meetup this fall (2025) I plan on taking hundreds of quality shots and saving receipts from every place we go to, and even asking for a stamp for my passport (which they usually don't do).

Is it better to just include insanely good evidence for one meetup in the last 2 years rather than risk getting RFEs for my other one?",1754073804.0,2025-08-01T18:43:24,2,1,/r/USCIS/comments/1mf4o0n/should_i_include_our_2024_meetup_if_the_evidence/,https://www.reddit.com/r/USCIS/comments/1mf4o0n/should_i_include_our_2024_meetup_if_the_evidence/,"should i include our 2024 meetup if the evidence isn't very good?
i regret not taking better evidence more/better pictures during our meetup last year- we aren't photo people; we were just busy enjoying ourselves not yet seriously preparing for the i-129 process. i probably have 2 usable photos of us, no receipts besides my flight receipt/bank statement and threw away my boarding passes.

at our next meetup this fall (2025) i plan on taking hundreds of quality shots and saving receipts from every place we go to, and even asking for a stamp for my passport (which they usually don't do).

is it better to just include insanely good evidence for one meetup in the last 2 years rather than risk getting rfes for my other one?",True,False
1kr902z,USCIS,EB-2 Timeline,"My EB-2 ROW Journey finally approved, I wanted to share my timeline here,

10/22 PWD Application  
2/23 PWD Approval  
5/23 PERM Submission  
5/24 PERM Approval  
10/24 I-140 PP Approval  
1/25 I-765 Approval  
5/25 I-485 Approval

One suggestion I can give, I regret appyling to I-131, it is very expensive and it takes much longer time to be approved compared to I-485. Everyone around me didnt saw it is approval before I-485 approval. It was kind of unnecessary to apply unless you are in a rush. I wish everyone luck here

https://preview.redd.it/p6q3orxhoy1f1.jpg?width=1440&amp;format=pjpg&amp;auto=webp&amp;s=3df49eb6007bd931f2c6059e4117c5a0899bb973",1747757931.0,2025-05-20T16:18:51,22,5,/r/USCIS/comments/1kr902z/eb2_timeline/,https://www.reddit.com/r/USCIS/comments/1kr902z/eb2_timeline/,"eb-2 timeline
my eb-2 row journey finally approved, i wanted to share my timeline here,

10/22 pwd application  
2/23 pwd approval  
5/23 perm submission  
5/24 perm approval  
10/24 i-140 pp approval  
1/25 i-765 approval  
5/25 i-485 approval

one suggestion i can give, i regret appyling to i-131, it is very expensive and it takes much longer time to be approved compared to i-485. everyone around me didnt saw it is approval before i-485 approval. it was kind of unnecessary to apply unless you are in a rush. i wish everyone luck here

https://preview.redd.it/p6q3orxhoy1f1.jpg?width=1440&amp;format=pjpg&amp;auto=webp&amp;s=3df49eb6007bd931f2c6059e4117c5a0899bb973",True,False
1ka4zza,USCIS,Avoid Kaplan International Languages,"I am extremely upset with my experience at Kaplan International Languages.

I made my tuition deposit of $3,200 on March 31 as required by them. My enrollment advisor was rushing me to pay, which made me a little skeptical, but after reading some positive reviews, I decided to trust them.

Unfortunately, from there, it was one disappointment after another. My advisor repeatedly promised that my I-20 would be issued within 2–3 days — but it actually took 9 days, and only because I kept following up. They made promises they didn’t deliver on, but I felt I had no choice but to wait.

Another issue: I clearly requested the Intensive English Program, but they enrolled me in the Semi-Intensive instead. When I raised this, they insisted it was “just the same.” Even though it wasn’t what I signed up for, I decided to let it go and move forward.

Recently, I received an offer to study for a Master’s in Business Administration at a university. I immediately contacted Kaplan to withdraw my application. I reviewed their USA Cancellation Policy carefully — it says that if a student cancels before arrival and before the program start date, the maximum non-refundable fee is $500.

To my shock, Kaplan is now charging me $910 for “administrative fees.” I feel completely robbed. When I called my enrollment advisor for help, he simply said there was nothing he could do. I asked for a contact number for someone who could actually assist me — and he refused to provide one.

Where was all this silence when they were rushing me to make my payment? Now that I need help, they are nowhere to be found.

This whole experience has been incredibly frustrating, disappointing, and unprofessional. I regret trusting Kaplan, and I hope others think twice before enrolling.",1745870371.0,2025-04-28T19:59:31,1,1,/r/USCIS/comments/1ka4zza/avoid_kaplan_international_languages/,https://www.reddit.com/r/USCIS/comments/1ka4zza/avoid_kaplan_international_languages/,"avoid kaplan international languages
i am extremely upset with my experience at kaplan international languages.

i made my tuition deposit of $3,200 on march 31 as required by them. my enrollment advisor was rushing me to pay, which made me a little skeptical, but after reading some positive reviews, i decided to trust them.

unfortunately, from there, it was one disappointment after another. my advisor repeatedly promised that my i-20 would be issued within 2–3 days — but it actually took 9 days, and only because i kept following up. they made promises they didn’t deliver on, but i felt i had no choice but to wait.

another issue: i clearly requested the intensive english program, but they enrolled me in the semi-intensive instead. when i raised this, they insisted it was “just the same.” even though it wasn’t what i signed up for, i decided to let it go and move forward.

recently, i received an offer to study for a master’s in business administration at a university. i immediately contacted kaplan to withdraw my application. i reviewed their usa cancellation policy carefully — it says that if a student cancels before arrival and before the program start date, the maximum non-refundable fee is $500.

to my shock, kaplan is now charging me $910 for “administrative fees.” i feel completely robbed. when i called my enrollment advisor for help, he simply said there was nothing he could do. i asked for a contact number for someone who could actually assist me — and he refused to provide one.

where was all this silence when they were rushing me to make my payment? now that i need help, they are nowhere to be found.

this whole experience has been incredibly frustrating, disappointing, and unprofessional. i regret trusting kaplan, and i hope others think twice before enrolling.",True,False
1je6znn,USCIS,Is ioe the worst center,I regret using online to file because by default now i am ioe i see a lot of people with priority dates before me finishing and i am hearing nothing my pd is march 2023 any thoughts?,1742310048.0,2025-03-18T15:00:48,9,0,/r/USCIS/comments/1je6znn/is_ioe_the_worst_center/,https://www.reddit.com/r/USCIS/comments/1je6znn/is_ioe_the_worst_center/,"is ioe the worst center
i regret using online to file because by default now i am ioe i see a lot of people with priority dates before me finishing and i am hearing nothing my pd is march 2023 any thoughts?",True,False
1istbj9,USCIS,"Struggling with Cultural Differences, Financial Stress, and Emotional Disconnect in My Marriage","I'm sharing my feelings regarding my relationship with my wife and my overall outlook on life. This is essentially what I would express in a therapy session, so it's a bit of a long story.

I'm about to turn 34, originally from India, and came to the U.S. in 2016 for my master’s degree. Since then, I’ve lived here. I started dating my wife in 2018, and we got married in 2022. We could have married earlier, but the pandemic and my parents' inability to travel (since I wouldn’t marry without their presence) delayed the process. We now have a son who will turn 2 soon.

My wife is Indian, and she moved to the U.S. when she was young, so she’s been Americanized to some extent, which is completely understandable. When we first met, I was drawn to her infectious joy, her positive energy, and the way she approached life. I had never met anyone like her. Our relationship started on a dating platform, and she initially thought I was just another guy looking for something casual, but we kept things respectful and formal on our first date. As our relationship developed, we had our share of disagreements, stemming from the cultural differences between us. I saw these as normal relationship challenges and pushed through because I recognized her good qualities and kind heart.

In late 2018, I met her family. We are from different cultures within India. Although I’m sure this has little to do with it, I’ve never felt comfortable with her family from the start. I’ve always sensed something off, though I ignored my gut feelings. My wife has an older sister (who is married to an Indian man who is also unhappy with the family) and a younger brother who lives at home with his parents. My father-in-law is rude and lacks manners. I can’t understand his inflated sense of self-importance. My mother-in-law, on the other hand, seems to have anxiety and can be quite irritating. She has no sense of personal boundaries and often hovers over my wife. My brother-in-law, who is autistic, is a kind person but has inherited some negative behaviors from his father. I truly believe he could have turned out differently if he had been raised in a healthier environment. I’ve been around this family for over six years, and it’s clear that their values aren’t ones I want to emulate or surround myself with.

My in-laws are financially dependent on their daughters, asking for help every month. My father-in-law complains that he wasn’t made rich by this country, but that’s just an excuse. Immigrants come to the U.S. precisely for better opportunities. They sold their home, used their retirement savings, and built a new house near their daughters. Personally, I think my father-in-law could have stayed in their old house and used his savings to open a business or plan for his son’s future, especially given his son’s autism.

As much as I don’t approve of this situation, I respect my wife’s willingness to support her parents however she can, and I know she’s trying to be a good daughter. Her sister does the same, and I never complain about it. However, I’m frustrated that my father-in-law never helped my wife or her sister with their educational loans. Instead, he used their credit cards for personal expenses.

My parents visit from India for 4-5 months every year. I’m not a huge fan of living with my parents, but I respect them deeply for the values they’ve instilled in me and the sacrifices they’ve made for me. I am who I am largely because of them, and I try to honor that. I know no one wants to live with their spouse's parents, so I give my wife credit for tolerating this. She frequently dismisses my parents as ""backward"" or suggests that they will always be less open-minded because they're from India. This really bothers me. My parents and her parents don’t get along, and even on our wedding night, my mother-in-law misbehaved with my mother. Even my friends felt uncomfortable around her family. It’s not a group of people I enjoy being around, and I regret becoming part of this family. I just can’t stand being around them—everything from how they speak to how they act feels off to me. I can’t tolerate them, and I wish I didn’t feel this way. My brother-in-law feels the same, and we only meet for holidays or special events, which are always uncomfortable.

The issue extends beyond finances. As of today, my income is 160k and hers is 85k. When we first started dating, my wife rarely paid for meals or expenses, which I attributed to her being a student, though I was also a student but was working part-time to cover my expenses. When she graduated in 2019, we agreed to live together, split rent and household expenses, but she hardly contributed afterwards. She gave excuses like needing to save for her student loans, but it didn’t add up. By 2020, she had accumulated around $120,000 in loans, including her bachelor’s and master’s degrees. The loans were managed by her father, which I found concerning. I believe my wife should be handling her own loans, but she wasn’t taking charge. After we got married, I asked her how much was left, and she never had a clear answer. Eventually, I learned from her father that her debt had grown to $200,000. To this day, I don’t understand how the balance could have increased so much after the education is completed. In 2024, I asked her again, and she still didn’t provide a clear answer, only referring to her father’s management of the loans. This lack of transparency, combined with the family’s financial dependence on her, has shaken my trust. I finally found out from her father that her outstanding loans are now nearing $330,000. God knows how they got so high. My wife got upset, though, saying I went behind her back to talk to my father about her loans. What am I supposed to do when she never gives me a straight answer?

We bought a house in 2023, a week after our son was born. Honestly, I never wanted to be a father, though I love my son now. I even suggested the idea of abortion, but she refused, and I never pushed for it. I wasn’t happy about the pregnancy, but I’ve grown to adore my son. When we decided to buy a house, we agreed to split the costs, but once again, she didn’t follow through. I found myself managing most of the finances on my own. After many arguments, she agreed to contribute $500 a month, which still wasn’t enough. Her financial excuses continued, and I had to take on part-time work to make ends meet. The strain was unbearable. I couldn’t keep sacrificing my time with my son to drive Uber or pick up extra shifts.

When we were planning our wedding, I suggested to my wife that we have a low-key ceremony, but instead, she ended up spending nearly $35k on it. She could have used that money to pay down some of her loans, but she and her mother chose not to. I ended up covering the costs of our honeymoon and some other expenses, and later, I paid for the down payment, closing costs and what ever was needed to setup the house. 

I came to this country to get financial stability but it's really going the other way round. I am hardly able to save anything. Even if I take a promotion at work by working my ass off, it won't still be enough as it won't much of a difference.

I’m at a breaking point emotionally. My wife doesn’t help with the house—she rarely cooks, cleans, or maintains any organization. She keeps saying she’ll decorate the house but has yet to do anything in two years. House hunting was stressful because I needed to prioritize finding a home that would work for my parents, who have mobility issues. Yet, she made the process difficult, insisting on certain aesthetics even though our budget was limited. I felt like I’m doing everything, while she’s contributing very minimal. I can't even pick a house I like because my parents' needs come first, but she didn’t seem to understand that until I eventually broke down. That’s when she realized how much I value my parents, especially since they’re getting older now.

We’ve been fighting a lot lately, and I find myself raising my voice out of frustration. I know I’m not perfect, but I can’t continue living like this. I’m not sure if I should accept my life as it is or get a divorce and move on. I feel emotionally drained and don’t enjoy spending time with her anymore. She wants a husband who loves her deeply, but I can’t give her that kind of love. It doesn’t feel fair to her, nor does it feel fair to me to stay in a relationship where I can’t love and respect my partner. The arguments have gotten really intense, and I'm sure even our neighbors can hear them. She says I verbally abuse her, but that's not the case. I’m just frustrated and expressing my feelings. In fact she has even accused me of marrying her for green card , even though she might have said it out of anger (I don't know), which isn’t true. In fact, I feel like I’ve been financially taken advantage of in this situation. She is not a bad person but somehow I am mentally really turned off. I don’t know where the love has gone.

If we divorce, I worry about the following:

1. **Green card status:** I got a marriage-based green card through her, which is conditional for two years. It expires in March 2025 and I-751 has been filed jointly. If I divorce before it’s approved, I’m worried about losing my status and having to return to India, especially since I can’t imagine leaving my son behind. I know existing I-751 can be converted into the one filed with divorce waiver but with its complications and Trump's government, it's just so stressful. May be I am just overthinking.

2. **Impact on our son:** He’s still young, and I wonder how a divorce would affect him. I fear that splitting custody could make my life even more complicated, especially with my aging parents.

3. **House and finances:** My wife has hardly contributed to the house, but her name is on the deed. If we divorce, will we have to sell the house and split the equity?

We’ve tried marriage counseling, but I don’t feel like it helped much. The counselors seem to approach things from an American perspective, which doesn’t align with my background in India. Just because I’m married to someone who grew up in America doesn’t mean I can forget my values and fully embrace American culture. I’m not doing that. I prefer to take the best aspects from both cultures. I’m really conflicted and would appreciate any advice or thoughts on how to handle this situation. Thank you for taking the time to read this.


",1739928515.0,2025-02-19T01:28:35,36,7,/r/USCIS/comments/1istbj9/struggling_with_cultural_differences_financial/,https://www.reddit.com/r/USCIS/comments/1istbj9/struggling_with_cultural_differences_financial/,"struggling with cultural differences, financial stress, and emotional disconnect in my marriage
i'm sharing my feelings regarding my relationship with my wife and my overall outlook on life. this is essentially what i would express in a therapy session, so it's a bit of a long story.

i'm about to turn 34, originally from india, and came to the u.s. in 2016 for my master’s degree. since then, i’ve lived here. i started dating my wife in 2018, and we got married in 2022. we could have married earlier, but the pandemic and my parents' inability to travel (since i wouldn’t marry without their presence) delayed the process. we now have a son who will turn 2 soon.

my wife is indian, and she moved to the u.s. when she was young, so she’s been americanized to some extent, which is completely understandable. when we first met, i was drawn to her infectious joy, her positive energy, and the way she approached life. i had never met anyone like her. our relationship started on a dating platform, and she initially thought i was just another guy looking for something casual, but we kept things respectful and formal on our first date. as our relationship developed, we had our share of disagreements, stemming from the cultural differences between us. i saw these as normal relationship challenges and pushed through because i recognized her good qualities and kind heart.

in late 2018, i met her family. we are from different cultures within india. although i’m sure this has little to do with it, i’ve never felt comfortable with her family from the start. i’ve always sensed something off, though i ignored my gut feelings. my wife has an older sister (who is married to an indian man who is also unhappy with the family) and a younger brother who lives at home with his parents. my father-in-law is rude and lacks manners. i can’t understand his inflated sense of self-importance. my mother-in-law, on the other hand, seems to have anxiety and can be quite irritating. she has no sense of personal boundaries and often hovers over my wife. my brother-in-law, who is autistic, is a kind person but has inherited some negative behaviors from his father. i truly believe he could have turned out differently if he had been raised in a healthier environment. i’ve been around this family for over six years, and it’s clear that their values aren’t ones i want to emulate or surround myself with.

my in-laws are financially dependent on their daughters, asking for help every month. my father-in-law complains that he wasn’t made rich by this country, but that’s just an excuse. immigrants come to the u.s. precisely for better opportunities. they sold their home, used their retirement savings, and built a new house near their daughters. personally, i think my father-in-law could have stayed in their old house and used his savings to open a business or plan for his son’s future, especially given his son’s autism.

as much as i don’t approve of this situation, i respect my wife’s willingness to support her parents however she can, and i know she’s trying to be a good daughter. her sister does the same, and i never complain about it. however, i’m frustrated that my father-in-law never helped my wife or her sister with their educational loans. instead, he used their credit cards for personal expenses.

my parents visit from india for 4-5 months every year. i’m not a huge fan of living with my parents, but i respect them deeply for the values they’ve instilled in me and the sacrifices they’ve made for me. i am who i am largely because of them, and i try to honor that. i know no one wants to live with their spouse's parents, so i give my wife credit for tolerating this. she frequently dismisses my parents as ""backward"" or suggests that they will always be less open-minded because they're from india. this really bothers me. my parents and her parents don’t get along, and even on our wedding night, my mother-in-law misbehaved with my mother. even my friends felt uncomfortable around her family. it’s not a group of people i enjoy being around, and i regret becoming part of this family. i just can’t stand being around them—everything from how they speak to how they act feels off to me. i can’t tolerate them, and i wish i didn’t feel this way. my brother-in-law feels the same, and we only meet for holidays or special events, which are always uncomfortable.

the issue extends beyond finances. as of today, my income is 160k and hers is 85k. when we first started dating, my wife rarely paid for meals or expenses, which i attributed to her being a student, though i was also a student but was working part-time to cover my expenses. when she graduated in 2019, we agreed to live together, split rent and household expenses, but she hardly contributed afterwards. she gave excuses like needing to save for her student loans, but it didn’t add up. by 2020, she had accumulated around $120,000 in loans, including her bachelor’s and master’s degrees. the loans were managed by her father, which i found concerning. i believe my wife should be handling her own loans, but she wasn’t taking charge. after we got married, i asked her how much was left, and she never had a clear answer. eventually, i learned from her father that her debt had grown to $200,000. to this day, i don’t understand how the balance could have increased so much after the education is completed. in 2024, i asked her again, and she still didn’t provide a clear answer, only referring to her father’s management of the loans. this lack of transparency, combined with the family’s financial dependence on her, has shaken my trust. i finally found out from her father that her outstanding loans are now nearing $330,000. god knows how they got so high. my wife got upset, though, saying i went behind her back to talk to my father about her loans. what am i supposed to do when she never gives me a straight answer?

we bought a house in 2023, a week after our son was born. honestly, i never wanted to be a father, though i love my son now. i even suggested the idea of abortion, but she refused, and i never pushed for it. i wasn’t happy about the pregnancy, but i’ve grown to adore my son. when we decided to buy a house, we agreed to split the costs, but once again, she didn’t follow through. i found myself managing most of the finances on my own. after many arguments, she agreed to contribute $500 a month, which still wasn’t enough. her financial excuses continued, and i had to take on part-time work to make ends meet. the strain was unbearable. i couldn’t keep sacrificing my time with my son to drive uber or pick up extra shifts.

when we were planning our wedding, i suggested to my wife that we have a low-key ceremony, but instead, she ended up spending nearly $35k on it. she could have used that money to pay down some of her loans, but she and her mother chose not to. i ended up covering the costs of our honeymoon and some other expenses, and later, i paid for the down payment, closing costs and what ever was needed to setup the house. 

i came to this country to get financial stability but it's really going the other way round. i am hardly able to save anything. even if i take a promotion at work by working my ass off, it won't still be enough as it won't much of a difference.

i’m at a breaking point emotionally. my wife doesn’t help with the house—she rarely cooks, cleans, or maintains any organization. she keeps saying she’ll decorate the house but has yet to do anything in two years. house hunting was stressful because i needed to prioritize finding a home that would work for my parents, who have mobility issues. yet, she made the process difficult, insisting on certain aesthetics even though our budget was limited. i felt like i’m doing everything, while she’s contributing very minimal. i can't even pick a house i like because my parents' needs come first, but she didn’t seem to understand that until i eventually broke down. that’s when she realized how much i value my parents, especially since they’re getting older now.

we’ve been fighting a lot lately, and i find myself raising my voice out of frustration. i know i’m not perfect, but i can’t continue living like this. i’m not sure if i should accept my life as it is or get a divorce and move on. i feel emotionally drained and don’t enjoy spending time with her anymore. she wants a husband who loves her deeply, but i can’t give her that kind of love. it doesn’t feel fair to her, nor does it feel fair to me to stay in a relationship where i can’t love and respect my partner. the arguments have gotten really intense, and i'm sure even our neighbors can hear them. she says i verbally abuse her, but that's not the case. i’m just frustrated and expressing my feelings. in fact she has even accused me of marrying her for green card , even though she might have said it out of anger (i don't know), which isn’t true. in fact, i feel like i’ve been financially taken advantage of in this situation. she is not a bad person but somehow i am mentally really turned off. i don’t know where the love has gone.

if we divorce, i worry about the following:

1. **green card status:** i got a marriage-based green card through her, which is conditional for two years. it expires in march 2025 and i-751 has been filed jointly. if i divorce before it’s approved, i’m worried about losing my status and having to return to india, especially since i can’t imagine leaving my son behind. i know existing i-751 can be converted into the one filed with divorce waiver but with its complications and trump's government, it's just so stressful. may be i am just overthinking.

2. **impact on our son:** he’s still young, and i wonder how a divorce would affect him. i fear that splitting custody could make my life even more complicated, especially with my aging parents.

3. **house and finances:** my wife has hardly contributed to the house, but her name is on the deed. if we divorce, will we have to sell the house and split the equity?

we’ve tried marriage counseling, but i don’t feel like it helped much. the counselors seem to approach things from an american perspective, which doesn’t align with my background in india. just because i’m married to someone who grew up in america doesn’t mean i can forget my values and fully embrace american culture. i’m not doing that. i prefer to take the best aspects from both cultures. i’m really conflicted and would appreciate any advice or thoughts on how to handle this situation. thank you for taking the time to read this.


",True,False
1irvk4c,USCIS,OPT Application Submitted One Day Late – What Can I Do?,"My **program end date** on my **I-20** is **December 18, 2024**, and my **60-day grace period** ended on **February 16, 2025**. I had issues with my bank account and couldn’t pay the application fee until the very last day of my grace period. Unfortunately, I was only able to resolve the issue and submit my **OPT application to USCIS today—one day past the deadline**.

I know it was my responsibility to ensure everything was on track, and I regret not double-checking sooner. Now, I’m really worried that my **OPT application will be rejected** due to missing the deadline by just one day.

Has anyone been in a similar situation before? Is there anything I can do to try to fix this issue? Any advice would be greatly appreciated!",1739828051.0,2025-02-17T21:34:11,1,1,/r/USCIS/comments/1irvk4c/opt_application_submitted_one_day_late_what_can_i/,https://www.reddit.com/r/USCIS/comments/1irvk4c/opt_application_submitted_one_day_late_what_can_i/,"opt application submitted one day late – what can i do?
my **program end date** on my **i-20** is **december 18, 2024**, and my **60-day grace period** ended on **february 16, 2025**. i had issues with my bank account and couldn’t pay the application fee until the very last day of my grace period. unfortunately, i was only able to resolve the issue and submit my **opt application to uscis today—one day past the deadline**.

i know it was my responsibility to ensure everything was on track, and i regret not double-checking sooner. now, i’m really worried that my **opt application will be rejected** due to missing the deadline by just one day.

has anyone been in a similar situation before? is there anything i can do to try to fix this issue? any advice would be greatly appreciated!",True,False
1ile5q0,USCIS,Recent LPR reentry experience,"I’ve been an LPR since 1981. In/Out of the country many times. In Trump’s first term I was flagged as inadmissible for something that I regret on a daily basis (nothing violent). I won’t go into details but I had to hire an attorney and get a 212C waiver. Cost many thousands of $ but it was approved by a federal immigration judge.

I’ve travelled hassle free since then. I’ve been out of the country for 3 weeks right after Trump started his mass deportation campaign. I was super worried what might happen when I was re-entering the US and even setup contingency plans. 

Here’s what actually happened…

Left India and flew Etihad (decent biz class experience but not as good as Qatar or Emirates but that’s a different topic). Connected through Abu Dhabi which has a US Pre-clearance facility. CBP officer was super nice, asked me a few questions about where I’d been, if I was carrying cash, gold or jewelry. I declared a watch that I bought my wife, he inspected it and even though it was about $1,300 he did not impose any customs fees. Joked whether I had bought the watch only for the wife or if I had another one for a girlfriend. We joked around for a minute and he asked whether I had plans for Super Bowl (which I do) then he said “Good to go, Welcome Home” ☺️ 

I am thankful, grateful and wish it would be the same experience for everyone. ",1739105908.0,2025-02-09T12:58:28,50,90,/r/USCIS/comments/1ile5q0/recent_lpr_reentry_experience/,https://www.reddit.com/r/USCIS/comments/1ile5q0/recent_lpr_reentry_experience/,"recent lpr reentry experience
i’ve been an lpr since 1981. in/out of the country many times. in trump’s first term i was flagged as inadmissible for something that i regret on a daily basis (nothing violent). i won’t go into details but i had to hire an attorney and get a 212c waiver. cost many thousands of $ but it was approved by a federal immigration judge.

i’ve travelled hassle free since then. i’ve been out of the country for 3 weeks right after trump started his mass deportation campaign. i was super worried what might happen when i was re-entering the us and even setup contingency plans. 

here’s what actually happened…

left india and flew etihad (decent biz class experience but not as good as qatar or emirates but that’s a different topic). connected through abu dhabi which has a us pre-clearance facility. cbp officer was super nice, asked me a few questions about where i’d been, if i was carrying cash, gold or jewelry. i declared a watch that i bought my wife, he inspected it and even though it was about $1,300 he did not impose any customs fees. joked whether i had bought the watch only for the wife or if i had another one for a girlfriend. we joked around for a minute and he asked whether i had plans for super bowl (which i do) then he said “good to go, welcome home” ☺️ 

i am thankful, grateful and wish it would be the same experience for everyone. ",True,False
1i9es55,USCIS,I’m disappointed,"I’m very sad, frustrated and disappointed about the news today, I’m a Haitian living in the Dominican Republic since i was 6, my family lived in the USA and from dad side they lived in Europe. Very few were living in Haiti at the utime. Now I don’t have have any family Haiti, I’ve been in dr my entire life ( I’m 27) no kids, never been married, I graduated from med school and became a doctor in November 2023, but for legal reasons, I have very few opportunities to work as a doctor here, and the legal system with Haitians here it’s very difficult. I graduated with a decent gpa. 3.3 out of 4.0. Been a honorary student since middle school and high school. I speak 4 different languages ( Spanish, English , French and creol ) I also have an English diploma, my dream was always be in the USA and continuing my education there. Been able to finally been with family members, because I’m the only son of both of my parents. It’s been almost 600 days since we applied for the parole program, no answer , I never had any legal trouble, never had any issues with law enforcement. I haven’t been able to find a good job because of how hard it’s the legal status in the dr. I’ve been waiting and waiting and praying, I’ve called to the uscis and they never give you a reason. After the news today of trump canceling the program, I don’t know what else can I expect from what’s coming. 

I really hate how some people been getting their opportunities to finally enter the USA and what they do it’s shenanigans, Venezuelans stealing and burglarizing communities, other people doing other crimes. I hate it . Mexicans disturbing the border but I also know very hard people taking advantage of the opportunity that they got thanks to Biden. I wished they would’ve gave me that opportunity, I’ve always felt that I’ve had bad luck since I was born, every day I regret that I was born in Haiti. I felt that it was curse mark. It’s very hard to progress when you’re always subject of prejudice and ignorance. I’m just hoping god can give me the opportunity to finally enter the USA and make me able to help my mom the most. Salaries here are not that great for a doctor. You earn around 20-26k pesos that’s (400-450$) a month and your rent it’s half of it, just imagine. God bless for the people who had their opportunity and I hope trump can see that’s there’s a lot of people who wants to make it given the opportunity. ",1737778364.0,2025-01-25T04:12:44,5,0,/r/USCIS/comments/1i9es55/im_disappointed/,https://i.redd.it/n9uy1c2af2fe1.jpeg,"i’m disappointed
i’m very sad, frustrated and disappointed about the news today, i’m a haitian living in the dominican republic since i was 6, my family lived in the usa and from dad side they lived in europe. very few were living in haiti at the utime. now i don’t have have any family haiti, i’ve been in dr my entire life ( i’m 27) no kids, never been married, i graduated from med school and became a doctor in november 2023, but for legal reasons, i have very few opportunities to work as a doctor here, and the legal system with haitians here it’s very difficult. i graduated with a decent gpa. 3.3 out of 4.0. been a honorary student since middle school and high school. i speak 4 different languages ( spanish, english , french and creol ) i also have an english diploma, my dream was always be in the usa and continuing my education there. been able to finally been with family members, because i’m the only son of both of my parents. it’s been almost 600 days since we applied for the parole program, no answer , i never had any legal trouble, never had any issues with law enforcement. i haven’t been able to find a good job because of how hard it’s the legal status in the dr. i’ve been waiting and waiting and praying, i’ve called to the uscis and they never give you a reason. after the news today of trump canceling the program, i don’t know what else can i expect from what’s coming. 

i really hate how some people been getting their opportunities to finally enter the usa and what they do it’s shenanigans, venezuelans stealing and burglarizing communities, other people doing other crimes. i hate it . mexicans disturbing the border but i also know very hard people taking advantage of the opportunity that they got thanks to biden. i wished they would’ve gave me that opportunity, i’ve always felt that i’ve had bad luck since i was born, every day i regret that i was born in haiti. i felt that it was curse mark. it’s very hard to progress when you’re always subject of prejudice and ignorance. i’m just hoping god can give me the opportunity to finally enter the usa and make me able to help my mom the most. salaries here are not that great for a doctor. you earn around 20-26k pesos that’s (400-450$) a month and your rent it’s half of it, just imagine. god bless for the people who had their opportunity and i hope trump can see that’s there’s a lot of people who wants to make it given the opportunity. ",True,False
1i2zgie,USCIS,"NYC Medical Examination for form i-693, whats a fair price not counting on the vaccines? I just paid $270 for it, I regret not getting it done when I was in Midwest ",In midwest it is like $150,1737061813.0,2025-01-16T21:10:13,19,0,/r/USCIS/comments/1i2zgie/nyc_medical_examination_for_form_i693_whats_a/,https://www.reddit.com/r/USCIS/comments/1i2zgie/nyc_medical_examination_for_form_i693_whats_a/,"nyc medical examination for form i-693, whats a fair price not counting on the vaccines? i just paid $270 for it, i regret not getting it done when i was in midwest 
in midwest it is like $150",True,False
1e1yc1c,USCIS,i485 denied on INA 245(a)(2) and (3) basis,"What does this really mean? I am really upset. My green card application is marriage based and I was on F1 visa till June and had just dropped F1 status to start using the EAD. And now in a month I see this, I regret not taking OPT and risking this scenario. Can someone help and help me what the exact reason here might be? I do have a lawyer and waiting for him to respond too.

[What can this notice mean? I do not understand the grounds of denial.](https://preview.redd.it/9lhmwgdbv6cd1.jpg?width=900&amp;format=pjpg&amp;auto=webp&amp;s=34efc7226397275e70524fffb04c85bbf411b390)",1720834162.0,2024-07-13T01:29:22,23,11,/r/USCIS/comments/1e1yc1c/i485_denied_on_ina_245a2_and_3_basis/,https://www.reddit.com/r/USCIS/comments/1e1yc1c/i485_denied_on_ina_245a2_and_3_basis/,"i485 denied on ina 245(a)(2) and (3) basis
what does this really mean? i am really upset. my green card application is marriage based and i was on f1 visa till june and had just dropped f1 status to start using the ead. and now in a month i see this, i regret not taking opt and risking this scenario. can someone help and help me what the exact reason here might be? i do have a lawyer and waiting for him to respond too.

[what can this notice mean? i do not understand the grounds of denial.](https://preview.redd.it/9lhmwgdbv6cd1.jpg?width=900&amp;format=pjpg&amp;auto=webp&amp;s=34efc7226397275e70524fffb04c85bbf411b390)",True,False
1d3utp2,USCIS,I-131 Approval,"Hello everybody!

I'd like to share my approval timeline for the I-131 Travel Document, spent so much time on this sub regularly checking everything related to this type of application that I feel I shall share what, as per my understanding, helped getting this document quicker than expected.

**Submitted on December 8th, 2023**. Application received. It had been sent by regular mail on Monday 4th, 2023 as it fell under the TPS category which can't be filled out online. Initial MyProgress tab: 2 months.

**Contacted Senator's office on March 28th, 2024**. To inquire about the case. This is in Florida. Got a confirmation email, probably generic, same day indicating my inquiry had been received and assigned to X staff member at the office.

**Email received from Senator's office on April 3rd, 2024**. Quoting the following:

Dear Mr.

&gt;I regret to learn of the problem you are experiencing with the U.S. Citizenship and Immigration Services (USCIS).  It is disappointing that your concerns have not received the appropriate attention.  \*Staff Member\* on my staff has thoroughly reviewed your correspondence and contacted USCIS to inquire about this matter.  

&gt;Please bear in mind that some federal agencies require four to six weeks to properly investigate a congressional inquiry. Although I cannot guarantee a particular outcome, I will do my best to ensure you receive a fair and timely response.

A call from the office was followed by this email same day, the communication with such office was always smooth, they'd call back every time I left a voicemail.

**Update received on May 14th, 2024 from Senator's office**. Indicating the following:

&gt;Thank you for your inquiry on behalf of your constituent, \*\*\*\*\*\*\*\*, regarding their Form I-131, Application for Travel Document.

&gt;U.S. Citizenship and Immigration Services (USCIS) records indicate that the case is under extended pre-processing and security checks. Until these required checks are completed, we cannot move forward with this case.

&gt;..while the processing steps for most applications or petitions are completed quickly, a small percentage of cases involve unresolved issues that may result in adjudication delays. Please know that this application is in queue and has not been overlooked.

Quite disappointed at the time but already mindful of this scenario, I had nothing to lose by trying.

**USCIS: We have taken action on your case / May 23th, 2024**. Biometrics Re-use Notice.

**USCIS: We have taken action on your case / May 24th, 2024**. Document was produced. No approval notice, no new entries on Documents tab.

**Document received on the mail / May 28th, 2024**.

Honestly, I can't describe what I'm feeling right now, I had already accepted this process could have taken so much longer or even it could have never been produced whatsoever. I even thought about expediting it but such possibility was turned down by the Senator's office member taking care of my case when I called to discuss about it due to USCIS not having scheduled a biometrics appointment by that time.

Hope this info helps or, at the very least, keep others on the same boat updated, I wish you can get yours the soonest possible!",1717040411.0,2024-05-30T03:40:11,22,3,/r/USCIS/comments/1d3utp2/i131_approval/,https://www.reddit.com/r/USCIS/comments/1d3utp2/i131_approval/,"i-131 approval
hello everybody!

i'd like to share my approval timeline for the i-131 travel document, spent so much time on this sub regularly checking everything related to this type of application that i feel i shall share what, as per my understanding, helped getting this document quicker than expected.

**submitted on december 8th, 2023**. application received. it had been sent by regular mail on monday 4th, 2023 as it fell under the tps category which can't be filled out online. initial myprogress tab: 2 months.

**contacted senator's office on march 28th, 2024**. to inquire about the case. this is in florida. got a confirmation email, probably generic, same day indicating my inquiry had been received and assigned to x staff member at the office.

**email received from senator's office on april 3rd, 2024**. quoting the following:

dear mr.

&gt;i regret to learn of the problem you are experiencing with the u.s. citizenship and immigration services (uscis).  it is disappointing that your concerns have not received the appropriate attention.  \*staff member\* on my staff has thoroughly reviewed your correspondence and contacted uscis to inquire about this matter.  

&gt;please bear in mind that some federal agencies require four to six weeks to properly investigate a congressional inquiry. although i cannot guarantee a particular outcome, i will do my best to ensure you receive a fair and timely response.

a call from the office was followed by this email same day, the communication with such office was always smooth, they'd call back every time i left a voicemail.

**update received on may 14th, 2024 from senator's office**. indicating the following:

&gt;thank you for your inquiry on behalf of your constituent, \*\*\*\*\*\*\*\*, regarding their form i-131, application for travel document.

&gt;u.s. citizenship and immigration services (uscis) records indicate that the case is under extended pre-processing and security checks. until these required checks are completed, we cannot move forward with this case.

&gt;..while the processing steps for most applications or petitions are completed quickly, a small percentage of cases involve unresolved issues that may result in adjudication delays. please know that this application is in queue and has not been overlooked.

quite disappointed at the time but already mindful of this scenario, i had nothing to lose by trying.

**uscis: we have taken action on your case / may 23th, 2024**. biometrics re-use notice.

**uscis: we have taken action on your case / may 24th, 2024**. document was produced. no approval notice, no new entries on documents tab.

**document received on the mail / may 28th, 2024**.

honestly, i can't describe what i'm feeling right now, i had already accepted this process could have taken so much longer or even it could have never been produced whatsoever. i even thought about expediting it but such possibility was turned down by the senator's office member taking care of my case when i called to discuss about it due to uscis not having scheduled a biometrics appointment by that time.

hope this info helps or, at the very least, keep others on the same boat updated, i wish you can get yours the soonest possible!",True,False
1cuncix,USCIS,Changed My Name After Receiving Green Card,"Hi guys,

I know, I should have changed my name right after marrying my husband, but didn't. I regret it, I needed it changed to have a better time in the military and not be called by my foreign last name, which I hated. Anyway, so I got my GC last December (2023), this is still the initial one. I was looking at the processing time of I-90 and it's 27 months, over 3 years for some people. And my question is--Does anyone know if there is any penalty for waiting until I need to file I-751 to announce my name change, or if I-90 being in process after my initial GC expires, since it will take way longer than 19 months, will keep me from filing I-751 when the time comes?   


This so frustrating and I hate being in this position and I feel sorry for everyone who has been waiting this long to fix information on the GC that the USCIS didn't put in correctly!",1716000528.0,2024-05-18T02:48:48,1,2,/r/USCIS/comments/1cuncix/changed_my_name_after_receiving_green_card/,https://www.reddit.com/r/USCIS/comments/1cuncix/changed_my_name_after_receiving_green_card/,"changed my name after receiving green card
hi guys,

i know, i should have changed my name right after marrying my husband, but didn't. i regret it, i needed it changed to have a better time in the military and not be called by my foreign last name, which i hated. anyway, so i got my gc last december (2023), this is still the initial one. i was looking at the processing time of i-90 and it's 27 months, over 3 years for some people. and my question is--does anyone know if there is any penalty for waiting until i need to file i-751 to announce my name change, or if i-90 being in process after my initial gc expires, since it will take way longer than 19 months, will keep me from filing i-751 when the time comes?   


this so frustrating and i hate being in this position and i feel sorry for everyone who has been waiting this long to fix information on the gc that the uscis didn't put in correctly!",True,False
1c1i58h,USCIS,How long wait Response To USCIS' Request For Evidence Was Receive Status in LACFO?,"&amp;#x200B;

https://preview.redd.it/zi97e6hkbvtc1.jpg?width=1179&amp;format=pjpg&amp;auto=webp&amp;s=3661c1df53d3de32de0809196428b89d17e60630

the RFE files show me I have  Errors in the 485 form, the mistake is Public Charge part, I don't fill in 62-68, because the No.61 I choose a ""No"", the USCIS wants to fix this, I don’t know why I chose the no option at that time, now I regret it to death. So you guys can see the RFE file sent on 04/08, and I summit it response on second day, I use my USCIS online account to summit, not for mailing letter.When I summit all evidences online, the system automatic notice me to get :""Response To USCIS' Request For Evidence Was Received"" status. Actruly I know the officer does not review just system program setting notice. So i ask guys do you know like this summit online second day, the officer will check it quickly? I see some case response RFE after more than 4 month= =, thank you guys watching my stories.",1712849802.0,2024-04-11T15:36:42,4,1,/r/USCIS/comments/1c1i58h/how_long_wait_response_to_uscis_request_for/,https://www.reddit.com/r/USCIS/comments/1c1i58h/how_long_wait_response_to_uscis_request_for/,"how long wait response to uscis' request for evidence was receive status in lacfo?
&amp;#x200b;

https://preview.redd.it/zi97e6hkbvtc1.jpg?width=1179&amp;format=pjpg&amp;auto=webp&amp;s=3661c1df53d3de32de0809196428b89d17e60630

the rfe files show me i have  errors in the 485 form, the mistake is public charge part, i don't fill in 62-68, because the no.61 i choose a ""no"", the uscis wants to fix this, i don’t know why i chose the no option at that time, now i regret it to death. so you guys can see the rfe file sent on 04/08, and i summit it response on second day, i use my uscis online account to summit, not for mailing letter.when i summit all evidences online, the system automatic notice me to get :""response to uscis' request for evidence was received"" status. actruly i know the officer does not review just system program setting notice. so i ask guys do you know like this summit online second day, the officer will check it quickly? i see some case response rfe after more than 4 month= =, thank you guys watching my stories.",True,False
1bcsc6d,USCIS,"USCIS has not responded to my I-90 (filed 10/6/2022), I have a temporary paper one but its going to expire soon.... what to do?","Its complicated. I originally applied for a I-90 and USCIS claims it was delivered by post office on Feb 22, 2022. I moved but I changed my address online within 10 days and have proof! I never received my card so I filed another I-90 and REGRET not paying the $700 something to just start from scratch. It would not have affected me at all and I REGRET sending them proof that I changed my address (I sent screenshots of the confirmation email etc).... which launched an

They were taking so long that my green card expired and I went in person to have a temp paper one... now that one is going to expire in a few days and the guy at USCIS cut my green card.

How do I get this speeded up? Its been years and I can't get a replacement. I think it would have been faster if I never sent the proof and just paid the fee. What do I do now?

Its been like 2+ years. It says online ""Case Is Being Actively Reviewed By USCIS

As of October 6, 2022, we are actively reviewing your Form I-90, Application to Replace Permanent Resident Card, Receipt Number . Our records show nothing is outstanding at this time. We will let you know if we need anything from you. If you move, go to [www.uscis.gov/addresschange](https://www.uscis.gov/addresschange) to give us your new mailing address.)...

But its been over 2 years, i don't have a green card because the USCIS guy cut it up when he gave me the paper one which is due to expire!

I would gladly pay another $700 or whatever fee to start all over again but I physically can't because when I try it says I already have an I90 in progress and can't start all over again. There is no way this could be taking 2 years. I think the system lost my case or something",1710232620.0,2024-03-12T08:37:00,4,0,/r/USCIS/comments/1bcsc6d/uscis_has_not_responded_to_my_i90_filed_1062022_i/,https://www.reddit.com/r/USCIS/comments/1bcsc6d/uscis_has_not_responded_to_my_i90_filed_1062022_i/,"uscis has not responded to my i-90 (filed 10/6/2022), i have a temporary paper one but its going to expire soon.... what to do?
its complicated. i originally applied for a i-90 and uscis claims it was delivered by post office on feb 22, 2022. i moved but i changed my address online within 10 days and have proof! i never received my card so i filed another i-90 and regret not paying the $700 something to just start from scratch. it would not have affected me at all and i regret sending them proof that i changed my address (i sent screenshots of the confirmation email etc).... which launched an

they were taking so long that my green card expired and i went in person to have a temp paper one... now that one is going to expire in a few days and the guy at uscis cut my green card.

how do i get this speeded up? its been years and i can't get a replacement. i think it would have been faster if i never sent the proof and just paid the fee. what do i do now?

its been like 2+ years. it says online ""case is being actively reviewed by uscis

as of october 6, 2022, we are actively reviewing your form i-90, application to replace permanent resident card, receipt number . our records show nothing is outstanding at this time. we will let you know if we need anything from you. if you move, go to [www.uscis.gov/addresschange](https://www.uscis.gov/addresschange) to give us your new mailing address.)...

but its been over 2 years, i don't have a green card because the uscis guy cut it up when he gave me the paper one which is due to expire!

i would gladly pay another $700 or whatever fee to start all over again but i physically can't because when i try it says i already have an i90 in progress and can't start all over again. there is no way this could be taking 2 years. i think the system lost my case or something",True,False
183r9vg,USCIS,Stokes interview for initial interview.,"I am on F1 visa while my husband is a usc. I have been on F1 for 6yrs and I am presently finishing Nursing school in Houston. My husband and I have our home in Dallas but I met my husband when I just got into nursing school, I can’t move in with him permanently until after nursing school since you can’t transfer nursing school credits. I told him to let me finish nursing school before we file but he insisted we should go ahead. He got me an apartment in Houston to stay and we visit eachother every two weeks. During the interview I quickly told the officer our arrangement because I didn’t think it was a big deal (I regret that now) we were stoked twice and the office was quite rude using words like “bulls*t and nonsense several times. He asked us really difficult questions but we were able to answer them all and had only one discrepancy. He went ahead to convince my husband for over 30mins to withdraw the petition. He even threatened him. Afterwards he let him go and just told us we could leave. I was very upset. I still have ptsd from that day. He wouldn’t let us talk but told us to keep our answers to yes/no. I felt backed into a corner and felt intimidated and felt like a very tiny person. Since then my status online still says “interview was scheduled. I know it’s still early as we only had the interview on Nov 21 at the Houston office. Does anyone have any advice on this?",1700940137.0,2023-11-25T19:22:17,28,4,/r/USCIS/comments/183r9vg/stokes_interview_for_initial_interview/,https://www.reddit.com/r/USCIS/comments/183r9vg/stokes_interview_for_initial_interview/,"stokes interview for initial interview.
i am on f1 visa while my husband is a usc. i have been on f1 for 6yrs and i am presently finishing nursing school in houston. my husband and i have our home in dallas but i met my husband when i just got into nursing school, i can’t move in with him permanently until after nursing school since you can’t transfer nursing school credits. i told him to let me finish nursing school before we file but he insisted we should go ahead. he got me an apartment in houston to stay and we visit eachother every two weeks. during the interview i quickly told the officer our arrangement because i didn’t think it was a big deal (i regret that now) we were stoked twice and the office was quite rude using words like “bulls*t and nonsense several times. he asked us really difficult questions but we were able to answer them all and had only one discrepancy. he went ahead to convince my husband for over 30mins to withdraw the petition. he even threatened him. afterwards he let him go and just told us we could leave. i was very upset. i still have ptsd from that day. he wouldn’t let us talk but told us to keep our answers to yes/no. i felt backed into a corner and felt intimidated and felt like a very tiny person. since then my status online still says “interview was scheduled. i know it’s still early as we only had the interview on nov 21 at the houston office. does anyone have any advice on this?",True,False
183r2fs,USCIS,STOKE INTERVIEW FOR INITIAL GC INTERVIEW,"I am on F1 visa while my husband is a usc. I have been on F1 for 6yrs and I am presently finishing Nursing school in Houston. My husband and I have our home in Dallas but I met my husband when I just got into nursing school, I can’t move in with him permanently until after nursing school since you can’t transfer nursing school credits. I told him to let me finish nursing school before we file but he insisted we should go ahead. He got me an apartment in Houston to stay and we visit eachother every two weeks. During the interview I quickly told the officer our arrangement because I didn’t think it was a big deal (I regret that now) we were stoked twice and the office was quite rude using words like “bulls*t and nonsense several times. He asked us really difficult questions but we were able to answer them all and had only one discrepancy. He went ahead to convince my husband for over 30mins to withdraw the petition. He even threatened him. Afterwards he let him go and just told us we could leave. I was very upset. I still have ptsd from that day. He wouldn’t let us talk but told us to keep our answers to yes/no. I felt backed into a corner and felt intimidated and felt like a very tiny person. Since then my status online still says “interview was scheduled. I know it’s still early as we only had the interview on Nov 21 at the Houston office. Does anyone have any advice on this?",1700939578.0,2023-11-25T19:12:58,20,8,/r/USCIS/comments/183r2fs/stoke_interview_for_initial_gc_interview/,https://www.reddit.com/r/USCIS/comments/183r2fs/stoke_interview_for_initial_gc_interview/,"stoke interview for initial gc interview
i am on f1 visa while my husband is a usc. i have been on f1 for 6yrs and i am presently finishing nursing school in houston. my husband and i have our home in dallas but i met my husband when i just got into nursing school, i can’t move in with him permanently until after nursing school since you can’t transfer nursing school credits. i told him to let me finish nursing school before we file but he insisted we should go ahead. he got me an apartment in houston to stay and we visit eachother every two weeks. during the interview i quickly told the officer our arrangement because i didn’t think it was a big deal (i regret that now) we were stoked twice and the office was quite rude using words like “bulls*t and nonsense several times. he asked us really difficult questions but we were able to answer them all and had only one discrepancy. he went ahead to convince my husband for over 30mins to withdraw the petition. he even threatened him. afterwards he let him go and just told us we could leave. i was very upset. i still have ptsd from that day. he wouldn’t let us talk but told us to keep our answers to yes/no. i felt backed into a corner and felt intimidated and felt like a very tiny person. since then my status online still says “interview was scheduled. i know it’s still early as we only had the interview on nov 21 at the houston office. does anyone have any advice on this?",True,False
17o0nft,USCIS,H1B transfer : Help,"My employer promised to sponsor my H1B visa, so I took this job. I have two master's degrees and currently work as a data analyst for $60,000. Even though my title says data analyst, he made me work on a sales team. After my H1B was picked in the lottery, he told me with a straight face that he can't afford the prevailing wages; we are talking about Level 1 salary ($78,000, to be precise).

I literally had to beg him to move forward with the H1B, as my name was selected in the lottery. Fast forward to today, it's been 3 months and 4 days since we applied for the H1B, and I still haven't heard back from USCIS.

I know my employer is going to fire me or make me quit the job as soon as I get the H1B.

My question is, how soon can you change employers after you get the H1B, and how long can you stay unemployed on H1B in case he fires me within a week?

The work environment is so toxic, and my boss is narcissistic. I regret moving forward with the H1B application, as I knew this would happen. I wouldn't have taken the risk if I had not been selected in the lottery.

I would really appreciate any suggestions and comments.
Thanks.",1699146453.0,2023-11-05T01:07:33,11,4,/r/USCIS/comments/17o0nft/h1b_transfer_help/,https://www.reddit.com/r/USCIS/comments/17o0nft/h1b_transfer_help/,"h1b transfer : help
my employer promised to sponsor my h1b visa, so i took this job. i have two master's degrees and currently work as a data analyst for $60,000. even though my title says data analyst, he made me work on a sales team. after my h1b was picked in the lottery, he told me with a straight face that he can't afford the prevailing wages; we are talking about level 1 salary ($78,000, to be precise).

i literally had to beg him to move forward with the h1b, as my name was selected in the lottery. fast forward to today, it's been 3 months and 4 days since we applied for the h1b, and i still haven't heard back from uscis.

i know my employer is going to fire me or make me quit the job as soon as i get the h1b.

my question is, how soon can you change employers after you get the h1b, and how long can you stay unemployed on h1b in case he fires me within a week?

the work environment is so toxic, and my boss is narcissistic. i regret moving forward with the h1b application, as i knew this would happen. i wouldn't have taken the risk if i had not been selected in the lottery.

i would really appreciate any suggestions and comments.
thanks.",True,False
14j4y9j,USCIS,Should we withdraw &amp; refile?,"Ugh got the worst news. My (USC) husband (beneficiary, China) never filed a i485 when I filed my i130, when I thought he did. So our app is standalone. Does this mean if we get the i130 approved we have to then submit an i485, and will that take another year? He has not left the US since 2019 but mainly wants his green card so he can renew his drivers license. 

We are living together in the US, but he is overstaying his F1/OPT visa which expired August 2022.

We planned a big wedding after being engaged since 2021 that we finally celebrated this month! But since his visa was expiring last August and we knew a green card filing would take time, we eloped in Vegas right before it expired so we could jumpstart the process while he was still in lawful status instead of waiting til June. Will that “elopement” look sus? 

Our PD is 10/6/22, at Potomac, so we are almost about 9 months out. I was naive going into this for sure- didn’t know much about this process before filing and did not realize it was going to be scrutinized so harshly or take as long as it will. We submitted the BARE minimum of evidence, like I’m talking just headshots, birth certificate/passport, and a copy of our shared lease. Thats it! I regret it so much :( We have sooo much proof of bonafide marriage from living and traveling together for almost 4 years with our dog. I always debate if I should send more unsolicited evidence but not sure if it will harm our chances of approval since its 9 months out. We had not heard a word since October 15 it went into Active Review. 

Basically my questions are:

1. Should we wait for the i130 to get approved and then file for i485? Or withdraw app and refile concurrently?
2. How long does i485 typically take if i130 is already approved?
3. Do you think it has a chance of getting approved with such little evidence? Will they request more info or just deny?
4. Should we submit additional unsolicited proof or wait for RFE?
5. Can you get your drivers license with an approved i130 without a green card/i485?

Thank you so much for reading and my heart is with you all as we go through this immigration mess together. Everyone’s posts always make me feel less alone and your happy approved posts give me hope! 
May you all get approved ASAP 💖",1687747291.0,2023-06-26T02:41:31,5,3,/r/USCIS/comments/14j4y9j/should_we_withdraw_refile/,https://www.reddit.com/r/USCIS/comments/14j4y9j/should_we_withdraw_refile/,"should we withdraw &amp; refile?
ugh got the worst news. my (usc) husband (beneficiary, china) never filed a i485 when i filed my i130, when i thought he did. so our app is standalone. does this mean if we get the i130 approved we have to then submit an i485, and will that take another year? he has not left the us since 2019 but mainly wants his green card so he can renew his drivers license. 

we are living together in the us, but he is overstaying his f1/opt visa which expired august 2022.

we planned a big wedding after being engaged since 2021 that we finally celebrated this month! but since his visa was expiring last august and we knew a green card filing would take time, we eloped in vegas right before it expired so we could jumpstart the process while he was still in lawful status instead of waiting til june. will that “elopement” look sus? 

our pd is 10/6/22, at potomac, so we are almost about 9 months out. i was naive going into this for sure- didn’t know much about this process before filing and did not realize it was going to be scrutinized so harshly or take as long as it will. we submitted the bare minimum of evidence, like i’m talking just headshots, birth certificate/passport, and a copy of our shared lease. thats it! i regret it so much :( we have sooo much proof of bonafide marriage from living and traveling together for almost 4 years with our dog. i always debate if i should send more unsolicited evidence but not sure if it will harm our chances of approval since its 9 months out. we had not heard a word since october 15 it went into active review. 

basically my questions are:

1. should we wait for the i130 to get approved and then file for i485? or withdraw app and refile concurrently?
2. how long does i485 typically take if i130 is already approved?
3. do you think it has a chance of getting approved with such little evidence? will they request more info or just deny?
4. should we submit additional unsolicited proof or wait for rfe?
5. can you get your drivers license with an approved i130 without a green card/i485?

thank you so much for reading and my heart is with you all as we go through this immigration mess together. everyone’s posts always make me feel less alone and your happy approved posts give me hope! 
may you all get approved asap 💖",True,False
143hyqj,USCIS,someone 2023 without pp i-140?,"do not pay premium process, how long does the response take, (I regret not having done it) it is possible that the notification is approval or denial or evidence requirement, it will be seen in my USCIS account in the status case or this will reach you to the lawyer by mail? My file was 03/14/2023.",1686155566.0,2023-06-07T16:32:46,0,1,/r/USCIS/comments/143hyqj/someone_2023_without_pp_i140/,https://www.reddit.com/r/USCIS/comments/143hyqj/someone_2023_without_pp_i140/,"someone 2023 without pp i-140?
do not pay premium process, how long does the response take, (i regret not having done it) it is possible that the notification is approval or denial or evidence requirement, it will be seen in my uscis account in the status case or this will reach you to the lawyer by mail? my file was 03/14/2023.",True,False
13jizqd,USCIS,I130 and I485 finally got approved!!! after both got RFE this year,"I am so happy that I am almost at the end of all this... The waiting game is really no fun. On 7/20/2022 we mailed out everything (we live in Queens, New York). Biometrics appointment was scheduled on 7/29/2022. After that, nothing until 2/23/2023 when we were asked to submit my medical form. Sent out the form within a week and nothing again until 3/30/2023 when I saw an update on my uscis account saying that ""Notice Explaining USCIS Actions Was Mailed"" on our I130, which scared the shit out of us and led me post my initial post here asking for advices regarding NOID on bona fide marriage (the actual letter that came in the mail was actually RFE). We eventually hired a lawyer to help us organize everything (we were too stressed at that point) and sent out 10 affidavit letters and multiple joint bank accounts and more pictures since our marriage as additional evidence on 4/27/2023. At the two-week mark since we mailed out our I130 RFE response I still didn't see any update until on 5/12/2023 that said our case is being actively reviewed again. AND LITERALLY THE NEXT DAY this past Saturday morning our I485 got approved!! And yesterday our I130 got approved!!! Field Office Queens New York. Married to USC. Currently on H1B visa. 

&amp;#x200B;

Hope this information might help some of you. I was really stressed because I haven't been in my home country for the past 3.5 years since COVID and really want to visit my family this summer. Now looking back I think that getting I130 RFE regarding bona fide evidence isn't necessarily a bad thing, since our interview got waived as well. BUT submit as much evidence as you can in the initial package though!! I regret only providing pictures and lease in initial filing which was far from enough. Letters from family and friends matter. As many as possible. And joint bank accounts matter the most. Another thing I believe might expedite the process is mailing out medical form along with the package.",1684275317.0,2023-05-16T22:15:17,4,15,/r/USCIS/comments/13jizqd/i130_and_i485_finally_got_approved_after_both_got/,https://www.reddit.com/r/USCIS/comments/13jizqd/i130_and_i485_finally_got_approved_after_both_got/,"i130 and i485 finally got approved!!! after both got rfe this year
i am so happy that i am almost at the end of all this... the waiting game is really no fun. on 7/20/2022 we mailed out everything (we live in queens, new york). biometrics appointment was scheduled on 7/29/2022. after that, nothing until 2/23/2023 when we were asked to submit my medical form. sent out the form within a week and nothing again until 3/30/2023 when i saw an update on my uscis account saying that ""notice explaining uscis actions was mailed"" on our i130, which scared the shit out of us and led me post my initial post here asking for advices regarding noid on bona fide marriage (the actual letter that came in the mail was actually rfe). we eventually hired a lawyer to help us organize everything (we were too stressed at that point) and sent out 10 affidavit letters and multiple joint bank accounts and more pictures since our marriage as additional evidence on 4/27/2023. at the two-week mark since we mailed out our i130 rfe response i still didn't see any update until on 5/12/2023 that said our case is being actively reviewed again. and literally the next day this past saturday morning our i485 got approved!! and yesterday our i130 got approved!!! field office queens new york. married to usc. currently on h1b visa. 

&amp;#x200b;

hope this information might help some of you. i was really stressed because i haven't been in my home country for the past 3.5 years since covid and really want to visit my family this summer. now looking back i think that getting i130 rfe regarding bona fide evidence isn't necessarily a bad thing, since our interview got waived as well. but submit as much evidence as you can in the initial package though!! i regret only providing pictures and lease in initial filing which was far from enough. letters from family and friends matter. as many as possible. and joint bank accounts matter the most. another thing i believe might expedite the process is mailing out medical form along with the package.",True,False
11xi3d9,USCIS,Anyone waiting for I-485 transfer to NBC??,Anyone here with an approved I-140 and still waiting for I-485 to get transferred to NBC? I'm still stuck at LIN-LB. According to hilites they are barely transferring I-485s. I regret everyday day of filing concurrently 🤡,1679408009.0,2023-03-21T14:13:29,5,1,/r/USCIS/comments/11xi3d9/anyone_waiting_for_i485_transfer_to_nbc/,https://www.reddit.com/r/USCIS/comments/11xi3d9/anyone_waiting_for_i485_transfer_to_nbc/,"anyone waiting for i-485 transfer to nbc??
anyone here with an approved i-140 and still waiting for i-485 to get transferred to nbc? i'm still stuck at lin-lb. according to hilites they are barely transferring i-485s. i regret everyday day of filing concurrently 🤡",True,False
11gcxw0,USCIS,Its been a year! Should I file K3 now? PD Feb 12th 2022,"Basically the title. Im waiting for the last 12.5 months or so and still its at actively reviewing stage.   
And everyday I see people getting approvals in 4 to 6 months, those who applied with K3 which makes me so furious and I regret not knowing about this earlier.   
Anyway should I file K3 now? or it is too late for that?",1677788662.0,2023-03-02T20:24:22,22,2,/r/USCIS/comments/11gcxw0/its_been_a_year_should_i_file_k3_now_pd_feb_12th/,https://www.reddit.com/r/USCIS/comments/11gcxw0/its_been_a_year_should_i_file_k3_now_pd_feb_12th/,"its been a year! should i file k3 now? pd feb 12th 2022
basically the title. im waiting for the last 12.5 months or so and still its at actively reviewing stage.   
and everyday i see people getting approvals in 4 to 6 months, those who applied with k3 which makes me so furious and i regret not knowing about this earlier.   
anyway should i file k3 now? or it is too late for that?",True,False
104fxwy,USCIS,Practical advice after getting GC,"*Disclaimer: I am not a lawyer and you should not take this as legal advice.*

Hi folks, I got greened a while back. This subreddit has been very helpful and I thought I'd give back by sharing some practical advice for new applicants.

My case was EB2. I work for a large Bay Area tech company and my lawyers were also from a big immigration law firm (they were terrible to work with).

My timeline:

* July 2021: We received your Form I-485, Application to Register Permanent Residence or Adjust Status.
* September 2021: The fingerprints relating to your Form I-485 Application to Register Permanent Residence or Adjust Status were taken.
* July 2022: Your Form I-485, Application to Register Permanent Residence or Adjust Status, was transferred to another USCIS office.
* July 2022: We transferred your Form I-485, Application to Register Permanent Residence or Adjust Status, to another USCIS office that now has jurisdiction over your case.
* September 2022: We are temporarily pausing work on your application because an immigrant visa number is not immediately available to you.
* November 2022: We ordered your new card.
* November 2022: We approved your Form I-485, Application to Register Permanent Residence or Adjust Status.
* November 2022: We mailed your new card your Form I-485, Application to Register Permanent Residence or Adjust Status, directly to the address you gave us.
* November 2022: The Post Office picked up mail containing your new card.
* November 2022: Card Was Delivered To Me By The Post Office

**Things to know:**

1. **I filled my I-485 concurrently with my I-140 paying premium processing.** This is not a great idea (if you are paying for pp) because (I believe) you automatically get sent to Nebraska, which takes forever to process your case, as NBC does not process I-140s (or wasn't doing so at the time). A better strategy is to file for your I-140 paying PP and once that's approved (15 days later) file your I-485. Doing this gives you a chance of having your I-485 sent to NBC, which processes cases considerably faster.
2. **I interfiled my medicals.** My lawyers didn't tell me to file my medicals with my original I-485 application, which I regret looking back. I decided to interfile medicals, against my lawyers' advice, and my case ended up getting approved without a medical RFE. I used this letter format: [https://gcinfo.org/kb/medical-interfiling/](https://gcinfo.org/kb/medical-interfiling/)
3. **I also suspect interfiling medicals triggered my transfer** from Nebraska to NBC, as it happened a week or so after interfiling.
4. **I got married after filing for I-485** with my I-140 already approved. We filed my wife's I-485 in December 2021 (she is my dependent) and her case got sent to NBC. She received her EAD + AP in \~5 months (I never received mine). Her GC got approved 1 month after mine.
5. Even though I live in the Bay Area, my case was processed in the LA office.

**Some notes on mental health:**

* Going through the GC process is stressful, especially with layoffs happening left and right, as they were at the time, and also seem to be happening now. You can't control when your green card is going to be approved, but (if on H1B) you can control having your resume up to date, talking to other companies ahead of layoffs, and building your network. If you don't feel safe at work, try looking for backup before you need it and have it there in case you do. I have friends that lost their jobs and were not able to find new ones in 60 days and ultimately had to leave the country.
* I know it is extremely hard to not check your case/reddit/trackers/apps/etc every day, but it really doesn't help. I did that for a while (6 months or more) until I just decided to back off because I felt I was losing my sanity. I downloaded the case tracker app and just enabled notifications and forgot about it. The push notification I received on the day I got greened was one of the best things that have ever happened to me. Felt like winning the lottery.

**Life after getting greened:**

If you feel like giving up, just don't. It takes time (it took me 16 months!) but it eventually happens and you'll take a huge weight off your shoulders. Since then, I've felt relieved. I know I can get fired and don't have to worry about finding a job in 60 days or start packing my bags. I know I have the US government behind my back. And as silly as it sounds, I can travel back to the US and be told ""welcome home"" rather than ""what are you doing here?"" by grumpy IOs.

Happy to answer any questions! hang in there, and best of luck!",1672966429.0,2023-01-06T00:53:49,23,44,/r/USCIS/comments/104fxwy/practical_advice_after_getting_gc/,https://www.reddit.com/r/USCIS/comments/104fxwy/practical_advice_after_getting_gc/,"practical advice after getting gc
*disclaimer: i am not a lawyer and you should not take this as legal advice.*

hi folks, i got greened a while back. this subreddit has been very helpful and i thought i'd give back by sharing some practical advice for new applicants.

my case was eb2. i work for a large bay area tech company and my lawyers were also from a big immigration law firm (they were terrible to work with).

my timeline:

* july 2021: we received your form i-485, application to register permanent residence or adjust status.
* september 2021: the fingerprints relating to your form i-485 application to register permanent residence or adjust status were taken.
* july 2022: your form i-485, application to register permanent residence or adjust status, was transferred to another uscis office.
* july 2022: we transferred your form i-485, application to register permanent residence or adjust status, to another uscis office that now has jurisdiction over your case.
* september 2022: we are temporarily pausing work on your application because an immigrant visa number is not immediately available to you.
* november 2022: we ordered your new card.
* november 2022: we approved your form i-485, application to register permanent residence or adjust status.
* november 2022: we mailed your new card your form i-485, application to register permanent residence or adjust status, directly to the address you gave us.
* november 2022: the post office picked up mail containing your new card.
* november 2022: card was delivered to me by the post office

**things to know:**

1. **i filled my i-485 concurrently with my i-140 paying premium processing.** this is not a great idea (if you are paying for pp) because (i believe) you automatically get sent to nebraska, which takes forever to process your case, as nbc does not process i-140s (or wasn't doing so at the time). a better strategy is to file for your i-140 paying pp and once that's approved (15 days later) file your i-485. doing this gives you a chance of having your i-485 sent to nbc, which processes cases considerably faster.
2. **i interfiled my medicals.** my lawyers didn't tell me to file my medicals with my original i-485 application, which i regret looking back. i decided to interfile medicals, against my lawyers' advice, and my case ended up getting approved without a medical rfe. i used this letter format: [https://gcinfo.org/kb/medical-interfiling/](https://gcinfo.org/kb/medical-interfiling/)
3. **i also suspect interfiling medicals triggered my transfer** from nebraska to nbc, as it happened a week or so after interfiling.
4. **i got married after filing for i-485** with my i-140 already approved. we filed my wife's i-485 in december 2021 (she is my dependent) and her case got sent to nbc. she received her ead + ap in \~5 months (i never received mine). her gc got approved 1 month after mine.
5. even though i live in the bay area, my case was processed in the la office.

**some notes on mental health:**

* going through the gc process is stressful, especially with layoffs happening left and right, as they were at the time, and also seem to be happening now. you can't control when your green card is going to be approved, but (if on h1b) you can control having your resume up to date, talking to other companies ahead of layoffs, and building your network. if you don't feel safe at work, try looking for backup before you need it and have it there in case you do. i have friends that lost their jobs and were not able to find new ones in 60 days and ultimately had to leave the country.
* i know it is extremely hard to not check your case/reddit/trackers/apps/etc every day, but it really doesn't help. i did that for a while (6 months or more) until i just decided to back off because i felt i was losing my sanity. i downloaded the case tracker app and just enabled notifications and forgot about it. the push notification i received on the day i got greened was one of the best things that have ever happened to me. felt like winning the lottery.

**life after getting greened:**

if you feel like giving up, just don't. it takes time (it took me 16 months!) but it eventually happens and you'll take a huge weight off your shoulders. since then, i've felt relieved. i know i can get fired and don't have to worry about finding a job in 60 days or start packing my bags. i know i have the us government behind my back. and as silly as it sounds, i can travel back to the us and be told ""welcome home"" rather than ""what are you doing here?"" by grumpy ios.

happy to answer any questions! hang in there, and best of luck!",True,False
101fvza,USCIS,Can I correct my name at the oath ceremony!,"I passed my interview on dec 30 and is scheduled for an oath ceremony on jan 3. I accidentally reorder my name incorrectly and i regret it. 
Example: first name: Kayla Jane; last name: Smith-Doe. so the full name would be Kayla Jane Smith Doe. 
After the interview i realize that i messed up and i should’ve put Kayla and Doe as my middle name, and go by Jane K.D Smith. Is it possible to correct my mistake at the oath ceremony? (San Jose, CA)

edit: realize i put an exclamation mark instead of a question mark on the title.

Update: I got them to correct my name on the naturalization certificate but it took like 30 min.",1672674851.0,2023-01-02T15:54:11,9,3,/r/USCIS/comments/101fvza/can_i_correct_my_name_at_the_oath_ceremony/,https://www.reddit.com/r/USCIS/comments/101fvza/can_i_correct_my_name_at_the_oath_ceremony/,"can i correct my name at the oath ceremony!
i passed my interview on dec 30 and is scheduled for an oath ceremony on jan 3. i accidentally reorder my name incorrectly and i regret it. 
example: first name: kayla jane; last name: smith-doe. so the full name would be kayla jane smith doe. 
after the interview i realize that i messed up and i should’ve put kayla and doe as my middle name, and go by jane k.d smith. is it possible to correct my mistake at the oath ceremony? (san jose, ca)

edit: realize i put an exclamation mark instead of a question mark on the title.

update: i got them to correct my name on the naturalization certificate but it took like 30 min.",True,False
ytb6j6,USCIS,Why are people still submitting for a K1 visa?,"I submitted my case in January 2022 when the processing times showed 7-9 months for approval, and still under CR1 processing times.

Since then it has increased to 15+ months, yet people are still opting for this route over CR1. I regret not going CR1 route but hindsight is a great thing. 

It doesn't help the backlog nor the beneficiary.",1668269391.0,2022-11-12T16:09:51,23,6,/r/USCIS/comments/ytb6j6/why_are_people_still_submitting_for_a_k1_visa/,https://www.reddit.com/r/USCIS/comments/ytb6j6/why_are_people_still_submitting_for_a_k1_visa/,"why are people still submitting for a k1 visa?
i submitted my case in january 2022 when the processing times showed 7-9 months for approval, and still under cr1 processing times.

since then it has increased to 15+ months, yet people are still opting for this route over cr1. i regret not going cr1 route but hindsight is a great thing. 

it doesn't help the backlog nor the beneficiary.",True,False
tbegkg,USCIS,(story) I messed up during the interview... I don't know what I should do,"I kind of have the feeling that I will be told that I will get denied, but wanted to see if I could find someone experienced similar problem as I had and what happened after... or just some inputs of others who might have heard something about...

\-------------------------------------------------------------------------------------------

So I did my naturalization interview today and everything went smooth until to the point when we started to discuss how I got my green card.

Background:

I have an employment based green card (EW3). I got this through an agency that helps with immigration and paid fees to them. I worked about a year at the sponsor company then left the job since I decided to go to grad school. 

&amp;#x200B;

Issue:

The IO asked the details of how I got my EW3 visa. He asked questions how much I paid the agency who helped with immigration process, was there a contract with the employer or the agency, how did I find about the agency.  I did not remember anything about these questions to give answers and panicked. And my-panicking-self gave my best guesses as if they were correct information instead of telling IO that I don't remember at all. Soon after I gave my guesses to him,  IO asked if it would be okay to file my answers as my sworn statements. Without zero thinking, I said yes.

Soon I regret doing this out of panic as the IO for my naturalization interview started to tell me ""you said XXXXX during your green card interview."" and then asked the question, ""How would you explain this discrepancy?"". Apparently, he was purposefully asking the same question that the IO for my green card asked 7 years ago, and none of my best guesses were the same as how I said 7 years ago.

I did tell him, after he started preparing for the record of my answers as sworn statements and asking for the reason of discrepancy in information, that it has been a long time since I filed for green card and did the interviewed for green card. So I couldn't remember all the detail fully, but I tried to answer as truthfully as possible by giving estimates. I can see the face of IO not buying my excuse at all, but he did put all that to into the record.

After all the question and discrepancies were recorded, IO printed the document and gave it to me to sign that the document is my sworn statement with a witness standing nearby. I signed the paper and gave it to the IO and witness to sign.

Then we moved on to reviewing N400.

I was handed N652 along with my green card, passport, drivers license. N652 says the obvious ""a decision cannot be made yet about your application."" check mark, but no N-14 form or indication of second interview.

IO just told me to wait for the decision. I asked when would I hear about the result for the sake of getting some kind of arbitrary length. Then the IO told me ""I won't be able to tell you.  Not to get your hopes up. But you'll be notified very soon"".

&amp;#x200B;

I know I should've gone ""to be honest, I don't remember."" route while I was panicking for not remembering anything, but the mixture of panic and nervousness took me over and did the stupid thing. I am pretty much 100% sure I will get a denial letter as I was seen as someone who lied to an IO after swearing to tell the truth and only the truth.

I guess I should start looking for a immigration lawyer?",1646961853.0,2022-03-11T01:24:13,13,2,/r/USCIS/comments/tbegkg/story_i_messed_up_during_the_interview_i_dont/,https://www.reddit.com/r/USCIS/comments/tbegkg/story_i_messed_up_during_the_interview_i_dont/,"(story) i messed up during the interview... i don't know what i should do
i kind of have the feeling that i will be told that i will get denied, but wanted to see if i could find someone experienced similar problem as i had and what happened after... or just some inputs of others who might have heard something about...

\-------------------------------------------------------------------------------------------

so i did my naturalization interview today and everything went smooth until to the point when we started to discuss how i got my green card.

background:

i have an employment based green card (ew3). i got this through an agency that helps with immigration and paid fees to them. i worked about a year at the sponsor company then left the job since i decided to go to grad school. 

&amp;#x200b;

issue:

the io asked the details of how i got my ew3 visa. he asked questions how much i paid the agency who helped with immigration process, was there a contract with the employer or the agency, how did i find about the agency.  i did not remember anything about these questions to give answers and panicked. and my-panicking-self gave my best guesses as if they were correct information instead of telling io that i don't remember at all. soon after i gave my guesses to him,  io asked if it would be okay to file my answers as my sworn statements. without zero thinking, i said yes.

soon i regret doing this out of panic as the io for my naturalization interview started to tell me ""you said xxxxx during your green card interview."" and then asked the question, ""how would you explain this discrepancy?"". apparently, he was purposefully asking the same question that the io for my green card asked 7 years ago, and none of my best guesses were the same as how i said 7 years ago.

i did tell him, after he started preparing for the record of my answers as sworn statements and asking for the reason of discrepancy in information, that it has been a long time since i filed for green card and did the interviewed for green card. so i couldn't remember all the detail fully, but i tried to answer as truthfully as possible by giving estimates. i can see the face of io not buying my excuse at all, but he did put all that to into the record.

after all the question and discrepancies were recorded, io printed the document and gave it to me to sign that the document is my sworn statement with a witness standing nearby. i signed the paper and gave it to the io and witness to sign.

then we moved on to reviewing n400.

i was handed n652 along with my green card, passport, drivers license. n652 says the obvious ""a decision cannot be made yet about your application."" check mark, but no n-14 form or indication of second interview.

io just told me to wait for the decision. i asked when would i hear about the result for the sake of getting some kind of arbitrary length. then the io told me ""i won't be able to tell you.  not to get your hopes up. but you'll be notified very soon"".

&amp;#x200b;

i know i should've gone ""to be honest, i don't remember."" route while i was panicking for not remembering anything, but the mixture of panic and nervousness took me over and did the stupid thing. i am pretty much 100% sure i will get a denial letter as i was seen as someone who lied to an io after swearing to tell the truth and only the truth.

i guess i should start looking for a immigration lawyer?",True,False
qst6tq,USCIS,Advice needed - Nightmare Interview (Philadelphia Office),"My husband and I did the interview at the Philadelphia Field Office on Nov 9th. The staff and officers are nice people, but we had the worst possible interview scenario.

My husband and I have been dating since 2018 and got married in Feb,2021. He is a full time student in his last semester, so he is constantly stressed out about school work this year. We were also so confident that we know everything about each other and our marriage is without doubt a real marriage -any one should be able to tell if they meet us. That is why we didn’t get together to prepare for the interview much and it is something I regret everyday!

We were questioned separately, and we made a couple of mistakes during the interview (though we answered correctly for most of the other questions):
1. proof of living together: we only brought joint bank statement and joint car insurance with our home address. Since my husband is a student and only has a part time work-study job, we didn’t put any utilities under his name. so all the utility bills only has my name. He also never changed the address for his bank account and paystub. Everything is on electronic auto payment, so it completely skipped us to update them. He has no other documents associated with our home address. 
for additional bona fide proof, I bought three years of photos and email correspondence.

2. interview question - who pays for mortgage and utilities.
my answer is I pay for everything, except for the electricity bill that comes from our joint account. 
his answer is for a while, he contributed $700 for the mortgage (he meant when he still had a full time job). Since I am the one who handles the money and I got the house before we got married, he wasn’t sure about the total amount of the mortgage payment.

3. interview question - when did I went to work last week.
my answer is Wednesday and Thursday.
his answer is Thursday and Friday ( he remembered the days wrong. I usually work from home and last week was a rare exception that I needed to go to the office).

4. wedding question - we got married during the quarantine/lock down (when people from different household cannot gather indoor). We wanted to save money and do a great reception when he graduates and gets a job. So the wedding is just us and the officiate.

5. parents question - my parents are in China, so my husband didn’t know their names. But i answer his parents names. 

My question for all the kind people here:
1. what is the chance that we need to do a second interview or get REF
2. is it too late to update all the utility bills, bank address and paystub to our home address now? will these help in the REF or second interview?
3. what is the average time people (especially in philadelphia) get status update after the interview?
4. any advice for us to prepare in advance for the worst outcomes?

My timeline is :
PD: March 18, 2021
Biometrics: Aug 2, 2021
Interview: Nov 9, 2021.

My tip for everyone going to the interview: bring all the utility bills, bank statements, any documents that has both of your names and home address (set them up early!) We thought we have real marriage and we don’t need to go the extra mile to prepare all the documents and rehearse the questions. We are FOOLS. We wish everyone best luck and please send us your prayers! I have been too anxious to eat, sleep, or work properly. I pray i don’t have a mental breakdown before hearing back from uscis. Let me know if you have any questions for me and would love to hear all of your opinions on our case!!!",1636777342.0,2021-11-13T04:22:22,41,10,/r/USCIS/comments/qst6tq/advice_needed_nightmare_interview_philadelphia/,https://www.reddit.com/r/USCIS/comments/qst6tq/advice_needed_nightmare_interview_philadelphia/,"advice needed - nightmare interview (philadelphia office)
my husband and i did the interview at the philadelphia field office on nov 9th. the staff and officers are nice people, but we had the worst possible interview scenario.

my husband and i have been dating since 2018 and got married in feb,2021. he is a full time student in his last semester, so he is constantly stressed out about school work this year. we were also so confident that we know everything about each other and our marriage is without doubt a real marriage -any one should be able to tell if they meet us. that is why we didn’t get together to prepare for the interview much and it is something i regret everyday!

we were questioned separately, and we made a couple of mistakes during the interview (though we answered correctly for most of the other questions):
1. proof of living together: we only brought joint bank statement and joint car insurance with our home address. since my husband is a student and only has a part time work-study job, we didn’t put any utilities under his name. so all the utility bills only has my name. he also never changed the address for his bank account and paystub. everything is on electronic auto payment, so it completely skipped us to update them. he has no other documents associated with our home address. 
for additional bona fide proof, i bought three years of photos and email correspondence.

2. interview question - who pays for mortgage and utilities.
my answer is i pay for everything, except for the electricity bill that comes from our joint account. 
his answer is for a while, he contributed $700 for the mortgage (he meant when he still had a full time job). since i am the one who handles the money and i got the house before we got married, he wasn’t sure about the total amount of the mortgage payment.

3. interview question - when did i went to work last week.
my answer is wednesday and thursday.
his answer is thursday and friday ( he remembered the days wrong. i usually work from home and last week was a rare exception that i needed to go to the office).

4. wedding question - we got married during the quarantine/lock down (when people from different household cannot gather indoor). we wanted to save money and do a great reception when he graduates and gets a job. so the wedding is just us and the officiate.

5. parents question - my parents are in china, so my husband didn’t know their names. but i answer his parents names. 

my question for all the kind people here:
1. what is the chance that we need to do a second interview or get ref
2. is it too late to update all the utility bills, bank address and paystub to our home address now? will these help in the ref or second interview?
3. what is the average time people (especially in philadelphia) get status update after the interview?
4. any advice for us to prepare in advance for the worst outcomes?

my timeline is :
pd: march 18, 2021
biometrics: aug 2, 2021
interview: nov 9, 2021.

my tip for everyone going to the interview: bring all the utility bills, bank statements, any documents that has both of your names and home address (set them up early!) we thought we have real marriage and we don’t need to go the extra mile to prepare all the documents and rehearse the questions. we are fools. we wish everyone best luck and please send us your prayers! i have been too anxious to eat, sleep, or work properly. i pray i don’t have a mental breakdown before hearing back from uscis. let me know if you have any questions for me and would love to hear all of your opinions on our case!!!",True,False
plzhre,USCIS,Can I get health insurance while I am waiting for my GC,"Let me start by saying, I have no idea if this belongs here and I apologize if it doesn’t. I just have no idea where else I can ask this so if you think there’s somewhere more appropriate this belongs please lmk!!

So like many of you I am at the waiting game stage of my AOS process. I’ve heard as a pending permanent resident I can only get a visitor’s insurance. Is this true? Can I get onto my wife’s insurance that’s through her employer? 

When I was back home about half a decade ago I was diagnosed with ADHD but refused medication for it (don’t ask lol I regret it). I am hoping to get diagnosed again here. With or without insurance, am I able to see a psychiatrist while I’m a pending PR. Am I able to get prescribed my medication and get it without any added hassle if I do get prescribed? Anything else I should know or might be missing?

Appreciate this community!! Stay strong everyone, our time will come :)",1631329699.0,2021-09-11T03:08:19,18,8,/r/USCIS/comments/plzhre/can_i_get_health_insurance_while_i_am_waiting_for/,https://www.reddit.com/r/USCIS/comments/plzhre/can_i_get_health_insurance_while_i_am_waiting_for/,"can i get health insurance while i am waiting for my gc
let me start by saying, i have no idea if this belongs here and i apologize if it doesn’t. i just have no idea where else i can ask this so if you think there’s somewhere more appropriate this belongs please lmk!!

so like many of you i am at the waiting game stage of my aos process. i’ve heard as a pending permanent resident i can only get a visitor’s insurance. is this true? can i get onto my wife’s insurance that’s through her employer? 

when i was back home about half a decade ago i was diagnosed with adhd but refused medication for it (don’t ask lol i regret it). i am hoping to get diagnosed again here. with or without insurance, am i able to see a psychiatrist while i’m a pending pr. am i able to get prescribed my medication and get it without any added hassle if i do get prescribed? anything else i should know or might be missing?

appreciate this community!! stay strong everyone, our time will come :)",True,False
plg8g6,USCIS,I-601A Processes: I Don't Know Even What To Do - So Frustrated,"Hello All ,

I'm just shaking with anger and worry. I hate everything about the immigration process and I'm just so upset at how awful our lawyer was. She was so aloof and uninformative, I regret ever using her, but we were so desperate because I couldn't find anyone else to take our case at the time. 

My husband and I mailed his I-601A in December 2020. They received it and mailed us back a letter in January saying it was received. I thought it was weird that it didn't show up on our USCIS account, since the I-130 approval letter had. Well, my dumbass didn't realize that you have to add EACH receipt number that comes with the letters. Apparently we were sent a notice in April 2021, but USPS said it was UNDELIVERABLE? How?! We received the notice that the I-601A was received just fine!

Now I filled out the online request for whatever the notice was and hopefully USCIS will answer us by October 2nd. I'm just so scared, so worried, and hate myself so much for not knowing about these processes. It's like when I feel like we're finally on the right track, there's some letter or form or something I'm missing. 

One thing I'm so confused about is that it also says that in March, his ""fingerprints relating to the I-601A application were taken."" I don't see how this is possible, since we didn't send any fingerprints with our I601A waiver. We haven't received anything about biometrics yet. The only thing we sent was the payment along with the I601A. Does anyone have any advice? Has this happened to anyone before? 

Thank you for reading my partial scared vent and question. 
Sorry if formatting is bad, I'm on mobile.",1631258645.0,2021-09-10T07:24:05,17,4,/r/USCIS/comments/plg8g6/i601a_processes_i_dont_know_even_what_to_do_so/,https://www.reddit.com/r/USCIS/comments/plg8g6/i601a_processes_i_dont_know_even_what_to_do_so/,"i-601a processes: i don't know even what to do - so frustrated
hello all ,

i'm just shaking with anger and worry. i hate everything about the immigration process and i'm just so upset at how awful our lawyer was. she was so aloof and uninformative, i regret ever using her, but we were so desperate because i couldn't find anyone else to take our case at the time. 

my husband and i mailed his i-601a in december 2020. they received it and mailed us back a letter in january saying it was received. i thought it was weird that it didn't show up on our uscis account, since the i-130 approval letter had. well, my dumbass didn't realize that you have to add each receipt number that comes with the letters. apparently we were sent a notice in april 2021, but usps said it was undeliverable? how?! we received the notice that the i-601a was received just fine!

now i filled out the online request for whatever the notice was and hopefully uscis will answer us by october 2nd. i'm just so scared, so worried, and hate myself so much for not knowing about these processes. it's like when i feel like we're finally on the right track, there's some letter or form or something i'm missing. 

one thing i'm so confused about is that it also says that in march, his ""fingerprints relating to the i-601a application were taken."" i don't see how this is possible, since we didn't send any fingerprints with our i601a waiver. we haven't received anything about biometrics yet. the only thing we sent was the payment along with the i601a. does anyone have any advice? has this happened to anyone before? 

thank you for reading my partial scared vent and question. 
sorry if formatting is bad, i'm on mobile.",True,False
p8cpr6,USCIS,Case transferred to Honolulu,"Hi,

Filed Oct 2020/EB 1/India

I live in Seattle, but I learnt from Emma that my case is transferred to Honolulu Field Office. Is it normal? 

My wife and son's case is at 'Continuation Notice was mailed', but it has been 10 days so far and no mail yet. Guess it will take longer to come from Hawaii. My case is still at 'fingerprints were taken' stage. 

I'm assuming the continuation notice is medical RFE and I regret not filing it along with my application.",1629489544.0,2021-08-20T19:59:04,5,3,/r/USCIS/comments/p8cpr6/case_transferred_to_honolulu/,https://www.reddit.com/r/USCIS/comments/p8cpr6/case_transferred_to_honolulu/,"case transferred to honolulu
hi,

filed oct 2020/eb 1/india

i live in seattle, but i learnt from emma that my case is transferred to honolulu field office. is it normal? 

my wife and son's case is at 'continuation notice was mailed', but it has been 10 days so far and no mail yet. guess it will take longer to come from hawaii. my case is still at 'fingerprints were taken' stage. 

i'm assuming the continuation notice is medical rfe and i regret not filing it along with my application.",True,False
ozknnx,USCIS,No show: address change,"I had an interview scheduled in LA on 6/18, and planned to move to NY to start working. Then two days before that, Biden made it a public holiday and the interview was cancelled. Because I already delayed my work move due to the interview, I anyways went to NY (actually NJ for the better processing times). I got the interview reschedule too fast, on the next Tuesday 6/22, then immediately filed the change of address. [Now I regret not doing it even before we flew, but... at the moment I was not 100% sure if it's not better to fly to LA for the interview later.]
I waited for 10 days in hopes the status would change and then through Emma I requested interview reschedule. The status still never changed, but they told me after reschedule request the scheduled interview is invalid automatically, and online it doesn't show all status changes (wtf????) and I should definitely not fly to LA because I will be 100% turned away.
Today Aug 6 I got status No show to the interview.

Please tell me any advice besides contacting them on Monday through Emma and requesting tier 2 callback. Does denial shortly follow ""no show""? Is there any chance it would just change to ""ready to be scheduled""? Has anyone experienced a ""no show"" status? Covid reasons seem frequent.
I have proof of address change as a mail, and I have a request number for the interview reschedule, but no Emma chat screenshot.

I haven't filed a second address change after moving airbnbs, and I haven't sent i-865 or whatever for my husband (sponsor) because we are going to move to a permanent place soon.
For mailing address I put my company's address (and received their **ing mail there) so don't worry.

UPDATE. On Saturday I sent a next day air letter to LA field office. Today I requested a tier 2 callback, but it could take up to 72 hours.",1628302353.0,2021-08-07T02:12:33,5,2,/r/USCIS/comments/ozknnx/no_show_address_change/,https://www.reddit.com/r/USCIS/comments/ozknnx/no_show_address_change/,"no show: address change
i had an interview scheduled in la on 6/18, and planned to move to ny to start working. then two days before that, biden made it a public holiday and the interview was cancelled. because i already delayed my work move due to the interview, i anyways went to ny (actually nj for the better processing times). i got the interview reschedule too fast, on the next tuesday 6/22, then immediately filed the change of address. [now i regret not doing it even before we flew, but... at the moment i was not 100% sure if it's not better to fly to la for the interview later.]
i waited for 10 days in hopes the status would change and then through emma i requested interview reschedule. the status still never changed, but they told me after reschedule request the scheduled interview is invalid automatically, and online it doesn't show all status changes (wtf????) and i should definitely not fly to la because i will be 100% turned away.
today aug 6 i got status no show to the interview.

please tell me any advice besides contacting them on monday through emma and requesting tier 2 callback. does denial shortly follow ""no show""? is there any chance it would just change to ""ready to be scheduled""? has anyone experienced a ""no show"" status? covid reasons seem frequent.
i have proof of address change as a mail, and i have a request number for the interview reschedule, but no emma chat screenshot.

i haven't filed a second address change after moving airbnbs, and i haven't sent i-865 or whatever for my husband (sponsor) because we are going to move to a permanent place soon.
for mailing address i put my company's address (and received their **ing mail there) so don't worry.

update. on saturday i sent a next day air letter to la field office. today i requested a tier 2 callback, but it could take up to 72 hours.",True,False
nk56xv,USCIS,I130 stuck at NVC,"I'm really worried and frustrated at the same time. Thanks for the long read.

Via marriage I submitted I130 (online) and I485 (by mail) concurrently in Nov 2020. In March 2021, got a notice saying I130 was approved and was sent to National Visa Center (NVC). Not sure why since that's for applicant's outside of the states.

I call NVC and they say it sometimes happens and that USCIS will need to request the I130 back from them. So I call USCIS and had a conversation with Tier 2 officer in April and was relieved to hear that they will request to retrieve the approved I130 back from NVC. And then I get an email response this month in May telling me that they can't retrieve it since it's already sent to NVC and that I'll need to talk to NVC.

I feel like I'm stuck in a loop. Right after I got the email saying they basically didn't do anything, I set up another call with Tier 2 officer (which took 1.5 weeks for them to call), but I missed their early morning call twice and so now I'm back to waiting for Tier 2 officer. Which I'm also frustrated with...like why can't they call in the afternoon.

My I485 is sitting at Biometrics request was sent since March 2021, which I got a mail saying they'll reuse my biometrics. No progress since then.

I feel like I130 and I485 are separated and I don't know if that'll delay my I485 processing.

And I regret following USCIS instructions where they tell you 

""You can [file Form I-130 online](https://myaccount.uscis.gov/) even if your relative is in the United States and will file Form I-485 by mail. Once you submit your Form I-130 online, we will send a receipt notice to your USCIS online account. Provide a copy of the receipt notice to your relative to include in their Form I-485 packet.""

I should've submitted both by mail together...

If anyone is experiencing anything similar and knows if I485 can be processed without I130 physically please let me know.",1621882181.0,2021-05-24T18:49:41,3,2,/r/USCIS/comments/nk56xv/i130_stuck_at_nvc/,https://www.reddit.com/r/USCIS/comments/nk56xv/i130_stuck_at_nvc/,"i130 stuck at nvc
i'm really worried and frustrated at the same time. thanks for the long read.

via marriage i submitted i130 (online) and i485 (by mail) concurrently in nov 2020. in march 2021, got a notice saying i130 was approved and was sent to national visa center (nvc). not sure why since that's for applicant's outside of the states.

i call nvc and they say it sometimes happens and that uscis will need to request the i130 back from them. so i call uscis and had a conversation with tier 2 officer in april and was relieved to hear that they will request to retrieve the approved i130 back from nvc. and then i get an email response this month in may telling me that they can't retrieve it since it's already sent to nvc and that i'll need to talk to nvc.

i feel like i'm stuck in a loop. right after i got the email saying they basically didn't do anything, i set up another call with tier 2 officer (which took 1.5 weeks for them to call), but i missed their early morning call twice and so now i'm back to waiting for tier 2 officer. which i'm also frustrated with...like why can't they call in the afternoon.

my i485 is sitting at biometrics request was sent since march 2021, which i got a mail saying they'll reuse my biometrics. no progress since then.

i feel like i130 and i485 are separated and i don't know if that'll delay my i485 processing.

and i regret following uscis instructions where they tell you 

""you can [file form i-130 online](https://myaccount.uscis.gov/) even if your relative is in the united states and will file form i-485 by mail. once you submit your form i-130 online, we will send a receipt notice to your uscis online account. provide a copy of the receipt notice to your relative to include in their form i-485 packet.""

i should've submitted both by mail together...

if anyone is experiencing anything similar and knows if i485 can be processed without i130 physically please let me know.",True,False
mifnhc,USCIS,Can I withdraw a green sponsorship during a divorce?," I'm in CA and I'm during the process of divorce with my soon-to-be ex spouse, and I was helping him in his immigration status based on marriage. However, I regret my decision since I'm divorcing with him.

I'm wondering if it's ok to write a letter to USCIS about my decision to cancel the sponsorship right now during divorce (I already completed the serving paper process, but he hasn't responded yet), because I'm concerned if I withdraw the green card sponsorship right now and he will be deported right away and that will slow down or affect my divorce process.

Can someone advice me that if it's a good timing to withdraw the sponsorship right now? Thank you!",1617350216.0,2021-04-02T07:56:56,10,5,/r/USCIS/comments/mifnhc/can_i_withdraw_a_green_sponsorship_during_a/,https://www.reddit.com/r/USCIS/comments/mifnhc/can_i_withdraw_a_green_sponsorship_during_a/,"can i withdraw a green sponsorship during a divorce?
 i'm in ca and i'm during the process of divorce with my soon-to-be ex spouse, and i was helping him in his immigration status based on marriage. however, i regret my decision since i'm divorcing with him.

i'm wondering if it's ok to write a letter to uscis about my decision to cancel the sponsorship right now during divorce (i already completed the serving paper process, but he hasn't responded yet), because i'm concerned if i withdraw the green card sponsorship right now and he will be deported right away and that will slow down or affect my divorce process.

can someone advice me that if it's a good timing to withdraw the sponsorship right now? thank you!",True,False
m0m3j3,USCIS,I-765 Timeline/Expedite Request,"AOS application after marriage to a US citizen from an L1-B VISA.

PD Date: July 26th 2020, NBC

Biometrics: December 23rd 2020, Manhattan Field Office

Expedite Request: February 26th, 2021

New Card being produced: Today!  March 8th.

Re. expedite request:  I did not provide a job offer.  Lost my employment due to the pandemic and was unable to gain new employment given visa type.  Contacted the service centre and explained that prolonged unemployment would be harmful for my career and I have been speaking with a lot of recruiters that were not willing to move forward with me without the EAD and we were suffering financially.  I had all the evidence to back it up but the request for evidence never came.  Just a status change this morning.   I regret not expediting right after the biometrics and suggest people do the same.  This has been a painful experience and really wish everyone the best.",1615227502.0,2021-03-08T18:18:22,8,12,/r/USCIS/comments/m0m3j3/i765_timelineexpedite_request/,https://www.reddit.com/r/USCIS/comments/m0m3j3/i765_timelineexpedite_request/,"i-765 timeline/expedite request
aos application after marriage to a us citizen from an l1-b visa.

pd date: july 26th 2020, nbc

biometrics: december 23rd 2020, manhattan field office

expedite request: february 26th, 2021

new card being produced: today!  march 8th.

re. expedite request:  i did not provide a job offer.  lost my employment due to the pandemic and was unable to gain new employment given visa type.  contacted the service centre and explained that prolonged unemployment would be harmful for my career and i have been speaking with a lot of recruiters that were not willing to move forward with me without the ead and we were suffering financially.  i had all the evidence to back it up but the request for evidence never came.  just a status change this morning.   i regret not expediting right after the biometrics and suggest people do the same.  this has been a painful experience and really wish everyone the best.",True,False
kp3dqy,USCIS,Single G-1450 for concurrent I-130 and I-485,"Recently filed concurrent I-130 and I-485 for my mother-in-law. Now I regret using G-1450 for payments. Sent one single G-1450 for both fees and put it on top of the packet.

Saw the detailed FAQ later that said one G-1450 per applicaton! (why they do not put this important instruction on the form itself is a question for another day!)

Would like to hear from members here who done the same - did it go through? rejected? when? 

Many thanks in advance!",1609614255.0,2021-01-02T19:04:15,7,1,/r/USCIS/comments/kp3dqy/single_g1450_for_concurrent_i130_and_i485/,https://www.reddit.com/r/USCIS/comments/kp3dqy/single_g1450_for_concurrent_i130_and_i485/,"single g-1450 for concurrent i-130 and i-485
recently filed concurrent i-130 and i-485 for my mother-in-law. now i regret using g-1450 for payments. sent one single g-1450 for both fees and put it on top of the packet.

saw the detailed faq later that said one g-1450 per applicaton! (why they do not put this important instruction on the form itself is a question for another day!)

would like to hear from members here who done the same - did it go through? rejected? when? 

many thanks in advance!",True,False
ine090,USCIS,Is it still worth it to send I-131?,"Hey! 

I have a pending I-130, I-484 and I-765 and my PD is 2/24. With COVID happening they didn’t even scheduled my biometrics yet and the thing is: my grandfather whom im very close with got very sick and we aren’t sure if he’ll make it to the end of the year and I regret not sending I-131. With all the delays is it still worth it to send the I-131? Or I might as well hope for the GC to come faster than the I-131 to be approved? Thank you!",1599358735.0,2020-09-06T02:18:55,8,2,/r/USCIS/comments/ine090/is_it_still_worth_it_to_send_i131/,https://www.reddit.com/r/USCIS/comments/ine090/is_it_still_worth_it_to_send_i131/,"is it still worth it to send i-131?
hey! 

i have a pending i-130, i-484 and i-765 and my pd is 2/24. with covid happening they didn’t even scheduled my biometrics yet and the thing is: my grandfather whom im very close with got very sick and we aren’t sure if he’ll make it to the end of the year and i regret not sending i-131. with all the delays is it still worth it to send the i-131? or i might as well hope for the gc to come faster than the i-131 to be approved? thank you!",True,False
1p39y73,USCIS,"Hey guys, just wanted to share something I made for all of us going through immigration stress right now.","I’m an immigrant too — went through the same confusion, the same sleepless nights, the same “what do I do next?” moments. So I built a small free website to make the journey a bit easier:

👉 [https://immihub.app/](https://immihub.app/)

It helps you:

* figure out what you might qualify for
* stay organized with checklists
* track your case
* keep notes in one place

Nothing fancy. No ads. No fees. Just something I wish I had when I started.

If it helps even one person get a bit more clarity during these crazy times, it’s worth it. ❤️

Let me know if you think something should be added or improved. We’re all just trying to make it through.",1763758206.0,2025-11-21T20:50:06,2,3,/r/USCIS/comments/1p39y73/hey_guys_just_wanted_to_share_something_i_made/,https://www.reddit.com/r/USCIS/comments/1p39y73/hey_guys_just_wanted_to_share_something_i_made/,"hey guys, just wanted to share something i made for all of us going through immigration stress right now.
i’m an immigrant too — went through the same confusion, the same sleepless nights, the same “what do i do next?” moments. so i built a small free website to make the journey a bit easier:

👉 [https://immihub.app/](https://immihub.app/)

it helps you:

* figure out what you might qualify for
* stay organized with checklists
* track your case
* keep notes in one place

nothing fancy. no ads. no fees. just something i wish i had when i started.

if it helps even one person get a bit more clarity during these crazy times, it’s worth it. ❤️

let me know if you think something should be added or improved. we’re all just trying to make it through.",True,False
1oy8tu1,USCIS,I-130 interview at the US embassy in Guatemala,"hello! i started our USCIS journey years ago with zero knowledge. i've found that no one will give you the full picture when you ask for info, and that really frustrates me as someone who stresses when they don't know what to expect. so, for anyone about to go to their guatemalan interview at the US embassy, I have written a long novel about our experience. hope it helps you a bit.

2018: applied for I-130a waiver

2019-2024: lots of dumb stuff happened (admin change, covid, etc)

2024 september: received approval

2025 september: received interview date, exactly 2 months later

2025 november: flew to guatemala

**travel notes:**

we took a 1am flight and arrived in Guate at 5:30am. Surely it was less crowded for this reason. time between landing, customs, baggage claim, and one more security check was less than 1 hour.

keep your passport on you; they ask for it a million times.

**customs** \- they check your passports and compare them to your faces. it was very quick and easy. while you are waiting in customs, there is a sign on the wall with a QR code to fill out a customs declaration form. I was traveling with 5 people total so I filled out and printed the forms prior to travel. i was asked for the QR code at the final security check (after baggage claim) and when i showed him the printed out version, he waved me past security and we were free to go. super simple and easy.

**arriving in guatemala:**

there is a very small strip of sidewalk outside of the airport that you are kind of dumped out into. there a many people waiting for their loved ones, so it's crowded. the outside of the airport reeks of sewage. there are MANY locals trying to sell you things. it was overwhelming for me and my three kids. if you are not experienced in driving in a huge city, do not drive. it's worse than NYC. there is almost no traffic regulation and people drive like nut jobs.

first day: medical exam. our lawyer advised that we do that 5 days before the interview. my husband went without me. got his blood drawn, four vaccines, full body check, BP, and then was sent a few blocks away for an x-ray. it took a few hours. 9a-12p i think.

second day: drove into the country to see his family. first time in a couple decades!!! weather is LOVELY in november and despite everyone's warnings, there were no mosquitos. it is definitely cooler in the city compared to where we went in the country, but pretty comfortable overall.

spent a couple days in the country with family. made sure to NEVER drink tap water. bottled water is easily accessible but often warm. also in the country, you put all TP in the trash, not the toilet paper. other than that, not too many differences. bring walking shoes!

**back to the city for interview:**

tip: find a hotel or air bnb that allows for late checkout (noon or later) for your interview date. if you can afford it, air bnb rentals in Cayala (the new zone 10 in the city, which is like another world compared to the rest of the city, is walking distance from the embassy, has lots of shops and restaurants, and was just a lovely place to stay.

our lawyer advised that the interview date provided by USCIS was in fact the ""document appointment"" and the actual interview is the following day at the same time.

**embassy notes:**

everyone has a 7am appointment. the goal is to get you out by noon.

you will arrive and see a huge line. that is for tourist visas (they pay $300 to apply and have a VERY low chance of being approved! i felt so bad). your line is the residential visa line; way shorter.

there are some children there, but if you can swing it, i would get childcare. it is a VERY boring place to bring a child.

**appointment 1/document appointment:** only the one applying for residency is allowed in for this. so i, as my husband's sponsor, couldn't go in. good thing, because phones are not allowed, so I took his and went back to our hotel. i recommend you wear a watch.

\*\*when my husband was inside and i decided to leave, i asked an embassy staffer to go get him so i could get our room key. he gladly helped me\*\*

we arrived for appointment 1 at 6:45am, he jumped right in line, and was out by 9am. my husband stood in line MVA-style, went through security, and was called to a window (think bank teller) to go over his docs. our lawyer required us to have 20+ docs. the embassy handed him a list of like 10 items to have. he had all of them, so he was good to go.

**appointment 2/interview appointment:** we were cocky and thought we'd be done so quick lol. got there at 6:30, waited in a long line (not as long as tourist visa line!) for hours. left phones at hotel, was bored stiff. highly recommend bringing a book, or if you have someone to hold your place in line, you can run your phone to a friend who is driving by before you have to go through security. but it's easier to just leave your phone where you're staying.

reminder that everyone there has an appointment for 7am. arriving before 6am could put you at the front of the line, and you will likely be done by 10/11am. it was chilly and windy in the morning!

so, after waiting in a line outside from 6:30am, we finally got to the door of the building, went through security at 9:00am. they made me pour out my water bottle. they also found my airtag that i kept on our briefcase/folder with the docs in case we lost it. had to toss that in the trash too.

after security, exit in the rear of the building for more outside waiting. still two lines; resident visa line is WAY shorter. waited another hour outside and then finally made it in the actual building which looked like a cleaner/newer MVA/DMV.

the poor tourist visa applicants had to stand in a really long line inside. resident visa applicants got chairs next to the single-stall bathroom. there is also a water fountain and water fill up station, but i made sure to avoid tap water so i didn't use it. i brought snacks and ate them waiting outside, but the signs inside said don't eat so i kept everything in my purse indoors.

we got inside the building at 9:50am and were almost last in line at that point. another group did come in after us, and they were the final group of the day. we got to the window shortly after 11am.

**the interview:**

disclaimer: my husband is the poster child for a green card. zero record, not even a parking ticket. has three citizen children. he has zero tattoos (our lawyer said tattoo'd applicants are held there longer for ""review,"" yikes). his wife/sponsor has zero record, we own property in the US, etc.

during our wait, we noticed that most people were at the window about 10 minutes. we saw that some people were given immediate approval while some people left looking a little concerned. i don't believe i saw any outright denials, but not sure. i witnessed one guy get questioned quite a bit about his criminal record.

every interviewer (5 of them total) was a young (20s-30s) white person who appears to be american and speaks fluent spanish. extremely blank faces, much like the MVA/DMV. however, i am very outgoing and friendly, so approaching our interviewer with a good attitude made her respond warmly! everyone i interacted with was very stoic until i acted nicely and then they smiled and were much more amicable! i think they are just used to applicants being too nervous or pissed to be there.

so, we get called up to the interview. we do ours in english. she asked if we're married, if i (sponsor) was born in the US, how many kids we have, when we got married. my husband, classic, got our wedding year wrong. i responded like a snarky wife and the interviewer laughed. i said ""ask him my birthday, lets see if he can remember that!"" it kind of broke the ice. it's a common theme in our marriage that my husband doesn't know any dates. she asked if he had a criminal record, if he has any tattoos, and that was all. 90% of our ten minutes standing at the window, she was typing or reading on the computer, not telling us anything.

after about ten minutes, she said we are approved and congratulations. very exciting. she said it takes about a week to receive his passport back and his shiny new visa. she gave instructions for picking up the docs, and said we would receive an email when it's ready.

our lawyer and another guy in line's lawyer both said 3-5 days to get the docs back.

hope this helps at least one person. i wish i had prepared to be there, phone-less, for nearly 5 hours.

happy to give some details on what to bring if you plan on staying outside of the city, info on La Aurora airport, etc. just lemme know!

good luck fellow applicants, it's a long road and i'm pulling for you!!!",1763256516.0,2025-11-16T01:28:36,1,6,/r/USCIS/comments/1oy8tu1/i130_interview_at_the_us_embassy_in_guatemala/,https://www.reddit.com/r/USCIS/comments/1oy8tu1/i130_interview_at_the_us_embassy_in_guatemala/,"i-130 interview at the us embassy in guatemala
hello! i started our uscis journey years ago with zero knowledge. i've found that no one will give you the full picture when you ask for info, and that really frustrates me as someone who stresses when they don't know what to expect. so, for anyone about to go to their guatemalan interview at the us embassy, i have written a long novel about our experience. hope it helps you a bit.

2018: applied for i-130a waiver

2019-2024: lots of dumb stuff happened (admin change, covid, etc)

2024 september: received approval

2025 september: received interview date, exactly 2 months later

2025 november: flew to guatemala

**travel notes:**

we took a 1am flight and arrived in guate at 5:30am. surely it was less crowded for this reason. time between landing, customs, baggage claim, and one more security check was less than 1 hour.

keep your passport on you; they ask for it a million times.

**customs** \- they check your passports and compare them to your faces. it was very quick and easy. while you are waiting in customs, there is a sign on the wall with a qr code to fill out a customs declaration form. i was traveling with 5 people total so i filled out and printed the forms prior to travel. i was asked for the qr code at the final security check (after baggage claim) and when i showed him the printed out version, he waved me past security and we were free to go. super simple and easy.

**arriving in guatemala:**

there is a very small strip of sidewalk outside of the airport that you are kind of dumped out into. there a many people waiting for their loved ones, so it's crowded. the outside of the airport reeks of sewage. there are many locals trying to sell you things. it was overwhelming for me and my three kids. if you are not experienced in driving in a huge city, do not drive. it's worse than nyc. there is almost no traffic regulation and people drive like nut jobs.

first day: medical exam. our lawyer advised that we do that 5 days before the interview. my husband went without me. got his blood drawn, four vaccines, full body check, bp, and then was sent a few blocks away for an x-ray. it took a few hours. 9a-12p i think.

second day: drove into the country to see his family. first time in a couple decades!!! weather is lovely in november and despite everyone's warnings, there were no mosquitos. it is definitely cooler in the city compared to where we went in the country, but pretty comfortable overall.

spent a couple days in the country with family. made sure to never drink tap water. bottled water is easily accessible but often warm. also in the country, you put all tp in the trash, not the toilet paper. other than that, not too many differences. bring walking shoes!

**back to the city for interview:**

tip: find a hotel or air bnb that allows for late checkout (noon or later) for your interview date. if you can afford it, air bnb rentals in cayala (the new zone 10 in the city, which is like another world compared to the rest of the city, is walking distance from the embassy, has lots of shops and restaurants, and was just a lovely place to stay.

our lawyer advised that the interview date provided by uscis was in fact the ""document appointment"" and the actual interview is the following day at the same time.

**embassy notes:**

everyone has a 7am appointment. the goal is to get you out by noon.

you will arrive and see a huge line. that is for tourist visas (they pay $300 to apply and have a very low chance of being approved! i felt so bad). your line is the residential visa line; way shorter.

there are some children there, but if you can swing it, i would get childcare. it is a very boring place to bring a child.

**appointment 1/document appointment:** only the one applying for residency is allowed in for this. so i, as my husband's sponsor, couldn't go in. good thing, because phones are not allowed, so i took his and went back to our hotel. i recommend you wear a watch.

\*\*when my husband was inside and i decided to leave, i asked an embassy staffer to go get him so i could get our room key. he gladly helped me\*\*

we arrived for appointment 1 at 6:45am, he jumped right in line, and was out by 9am. my husband stood in line mva-style, went through security, and was called to a window (think bank teller) to go over his docs. our lawyer required us to have 20+ docs. the embassy handed him a list of like 10 items to have. he had all of them, so he was good to go.

**appointment 2/interview appointment:** we were cocky and thought we'd be done so quick lol. got there at 6:30, waited in a long line (not as long as tourist visa line!) for hours. left phones at hotel, was bored stiff. highly recommend bringing a book, or if you have someone to hold your place in line, you can run your phone to a friend who is driving by before you have to go through security. but it's easier to just leave your phone where you're staying.

reminder that everyone there has an appointment for 7am. arriving before 6am could put you at the front of the line, and you will likely be done by 10/11am. it was chilly and windy in the morning!

so, after waiting in a line outside from 6:30am, we finally got to the door of the building, went through security at 9:00am. they made me pour out my water bottle. they also found my airtag that i kept on our briefcase/folder with the docs in case we lost it. had to toss that in the trash too.

after security, exit in the rear of the building for more outside waiting. still two lines; resident visa line is way shorter. waited another hour outside and then finally made it in the actual building which looked like a cleaner/newer mva/dmv.

the poor tourist visa applicants had to stand in a really long line inside. resident visa applicants got chairs next to the single-stall bathroom. there is also a water fountain and water fill up station, but i made sure to avoid tap water so i didn't use it. i brought snacks and ate them waiting outside, but the signs inside said don't eat so i kept everything in my purse indoors.

we got inside the building at 9:50am and were almost last in line at that point. another group did come in after us, and they were the final group of the day. we got to the window shortly after 11am.

**the interview:**

disclaimer: my husband is the poster child for a green card. zero record, not even a parking ticket. has three citizen children. he has zero tattoos (our lawyer said tattoo'd applicants are held there longer for ""review,"" yikes). his wife/sponsor has zero record, we own property in the us, etc.

during our wait, we noticed that most people were at the window about 10 minutes. we saw that some people were given immediate approval while some people left looking a little concerned. i don't believe i saw any outright denials, but not sure. i witnessed one guy get questioned quite a bit about his criminal record.

every interviewer (5 of them total) was a young (20s-30s) white person who appears to be american and speaks fluent spanish. extremely blank faces, much like the mva/dmv. however, i am very outgoing and friendly, so approaching our interviewer with a good attitude made her respond warmly! everyone i interacted with was very stoic until i acted nicely and then they smiled and were much more amicable! i think they are just used to applicants being too nervous or pissed to be there.

so, we get called up to the interview. we do ours in english. she asked if we're married, if i (sponsor) was born in the us, how many kids we have, when we got married. my husband, classic, got our wedding year wrong. i responded like a snarky wife and the interviewer laughed. i said ""ask him my birthday, lets see if he can remember that!"" it kind of broke the ice. it's a common theme in our marriage that my husband doesn't know any dates. she asked if he had a criminal record, if he has any tattoos, and that was all. 90% of our ten minutes standing at the window, she was typing or reading on the computer, not telling us anything.

after about ten minutes, she said we are approved and congratulations. very exciting. she said it takes about a week to receive his passport back and his shiny new visa. she gave instructions for picking up the docs, and said we would receive an email when it's ready.

our lawyer and another guy in line's lawyer both said 3-5 days to get the docs back.

hope this helps at least one person. i wish i had prepared to be there, phone-less, for nearly 5 hours.

happy to give some details on what to bring if you plan on staying outside of the city, info on la aurora airport, etc. just lemme know!

good luck fellow applicants, it's a long road and i'm pulling for you!!!",True,False
1oy18vx,USCIS,"My experience: US Embassy interview in Guatemala, 1-130A approval","hello! i started our USCIS journey years ago with zero knowledge. i've found that no one will give you the full picture when you ask for info, and that really frustrates me as someone who stresses when they don't know what to expect. so, for anyone about to go to their guatemalan interview at the US embassy, I have written a long novel about our experience. hope it helps you a bit.

2018: applied for I-130a waiver

2019-2024: lots of dumb stuff happened (admin change, covid, etc)

2024 september: received approval

2025 september: received interview date, exactly 2 months later

2025 november: flew to guatemala

travel notes:

we took a 1am flight and arrived in Guate at 5:30am. Surely it was less crowded for this reason. time between landing, customs, baggage claim, and one more security check was less than 1 hour.

keep your passport on you; they ask for it a million times.

customs - they check your passports and compare them to your faces. it was very quick and easy. while you are waiting in customs, there is a sign on the wall with a QR code to fill out a customs declaration form. I was traveling with 5 people total so I filled out and printed the forms prior to travel. i was asked for the QR code at the final security check (after baggage claim) and when i showed him the printed out version, he waved me past security and we were free to go. super simple and easy.

arriving in guatemala:

there is a very small strip of sidewalk outside of the airport that you are kind of dumped out into. there a many people waiting for their loved ones, so it's crowded. the outside of the airport reeks of sewage. there are MANY locals trying to sell you things. it was overwhelming for me and my three kids. if you are not experienced in driving in a huge city, do not drive. it's worse than NYC. there is almost no traffic regulation and people drive like nut jobs.

first day: medical exam. our lawyer advised that we do that 5 days before the interview. my husband went without me. got his blood drawn, four vaccines, full body check, BP, and then was sent a few blocks away for an x-ray. it took a few hours. 9a-12p i think.

second day: drove into the country to see his family. first time in a couple decades!!! weather is LOVELY in november and despite everyone's warnings, there were no mosquitos. it is definitely cooler in the city compared to where we went in the country, but pretty comfortable overall.

spent a couple days in the country with family. made sure to NEVER drink tap water. bottled water is easily accessible but often warm. also in the country, you put all TP in the trash, not the toilet paper. other than that, not too many differences. bring walking shoes!

back to the city for interview:

tip: find a hotel or air bnb that allows for late checkout (noon or later) for your interview date. if you can afford it, air bnb rentals in Cayala (the new zone 10 in the city, which is like another world compared to the rest of the city, is walking distance from the embassy, has lots of shops and restaurants, and was just a lovely place to stay.

our lawyer advised that the interview date provided by USCIS was in fact the ""document appointment"" and the actual interview is the following day at the same time.

**embassy notes:**

everyone has a 7am appointment. the goal is to get you out by noon.

you will arrive and see a huge line. that is for tourist visas (they pay $300 to apply and have a VERY low chance of being approved! i felt so bad). your line is the residential visa line; way shorter.

there are some children there, but if you can swing it, i would get childcare. it is a VERY boring place to bring a child.

**appointment 1/document appointment:** only the one applying for residency is allowed in for this. so i, as my husband's sponsor, couldn't go in. good thing, because phones are not allowed, so I took his and went back to our hotel. i recommend you wear a watch.

\*\*when my husband was inside and i decided to leave, i asked an embassy staffer to go get him so i could get our room key. he gladly helped me\*\*

we arrived for appointment 1 at 6:45am, he jumped right in line, and was out by 9am. my husband stood in line MVA-style, went through security, and was called to a window (think bank teller) to go over his docs. our lawyer required us to have 20+ docs. the embassy handed him a list of like 10 items to have. he had all of them, so he was good to go.

**appointment 2/interview appointment:** we were cocky and thought we'd be done so quick lol. got there at 6:30, waited in a long line (not as long as tourist visa line!) for hours. left phones at hotel, was bored stiff. highly recommend bringing a book, or if you have someone to hold your place in line, you can run your phone to a friend who is driving by before you have to go through security. but it's easier to just leave your phone where you're staying.

reminder that everyone there has an appointment for 7am. arriving before 6am could put you at the front of the line, and you will likely be done by 10/11am. it was chilly and windy in the morning!

so,  after waiting in a line outside from 6:30am, we finally got to the door of the building, went through security at 9:00am. they made me pour out my water bottle. they also found my airtag that i kept on our briefcase/folder with the docs in case we lost it. had to toss that in the trash too.

after security, exit in the rear of the building for more outside waiting. still two lines; resident visa line is WAY shorter. waited another hour outside and then finally made it in the actual building which looked like a cleaner/newer MVA/DMV.

the poor tourist visa applicants had to stand in a really long line inside. resident visa applicants got chairs next to the single-stall bathroom. there is also a water fountain and water fill up station, but i made sure to avoid tap water so i didn't use it. i brought snacks and ate them waiting outside, but the signs inside said don't eat so i kept everything in my purse indoors.

we got inside the building at 9:50am and were almost last in line at that point. another group did come in after us, and they were the final group of the day. we got to the window shortly after 11am.

**the interview:**

disclaimer: my husband is the poster child for a green card. zero record, not even a parking ticket. has three citizen children. he has zero tattoos (our lawyer said tattoo'd applicants are held there longer for ""review,"" yikes).  his wife/sponsor has zero record, we own property in the US, etc.

during our wait, we noticed that most people were at the window about 10 minutes. we saw that some people were given immediate approval while some people left looking a little concerned. i don't believe i saw any outright denials, but not sure. i witnessed one guy get questioned quite a bit about his criminal record.

every interviewer (5 of them total) was a young (20s-30s) white person who appears to be american and speaks fluent spanish. extremely blank faces, much like the MVA/DMV. however, i am very outgoing and friendly, so approaching our interviewer with a good attitude made her respond warmly!  everyone i interacted with was very stoic until i acted nicely and then they smiled and were much more amicable! i think they are just used to applicants being too nervous or pissed to be there.

so, we get called up to the interview. we do ours in english. she asked if we're married, if i (sponsor) was born in the US, how many kids we have, when we got married. my husband, classic, got our wedding year wrong. i responded like a snarky wife and the interviewer laughed. i said ""ask him my birthday, lets see if he can remember that!"" it kind of broke the ice. it's a common theme in our marriage that my husband doesn't know any dates. she asked if he had a criminal record, if he has any tattoos, and that was all. 90% of our ten minutes standing at the window, she was typing or reading on the computer, not telling us anything.

after about ten minutes, she said we are approved and congratulations. very exciting. she said it takes about a week to receive his passport back and his shiny new visa. she gave instructions for picking up the docs, and said we would receive an email when it's ready.

our lawyer and another guy in line's lawyer both said 3-5 days to get the docs back.

hope this helps at least one person. i wish i had prepared to be there, phone-less, for nearly 5 hours.

happy to give some details on what to bring if you plan on staying outside of the city, info on La Aurora airport, etc. just lemme know!

good luck fellow applicants, it's a long road and i'm pulling for you!!!",1763236590.0,2025-11-15T19:56:30,2,2,/r/USCIS/comments/1oy18vx/my_experience_us_embassy_interview_in_guatemala/,https://www.reddit.com/r/USCIS/comments/1oy18vx/my_experience_us_embassy_interview_in_guatemala/,"my experience: us embassy interview in guatemala, 1-130a approval
hello! i started our uscis journey years ago with zero knowledge. i've found that no one will give you the full picture when you ask for info, and that really frustrates me as someone who stresses when they don't know what to expect. so, for anyone about to go to their guatemalan interview at the us embassy, i have written a long novel about our experience. hope it helps you a bit.

2018: applied for i-130a waiver

2019-2024: lots of dumb stuff happened (admin change, covid, etc)

2024 september: received approval

2025 september: received interview date, exactly 2 months later

2025 november: flew to guatemala

travel notes:

we took a 1am flight and arrived in guate at 5:30am. surely it was less crowded for this reason. time between landing, customs, baggage claim, and one more security check was less than 1 hour.

keep your passport on you; they ask for it a million times.

customs - they check your passports and compare them to your faces. it was very quick and easy. while you are waiting in customs, there is a sign on the wall with a qr code to fill out a customs declaration form. i was traveling with 5 people total so i filled out and printed the forms prior to travel. i was asked for the qr code at the final security check (after baggage claim) and when i showed him the printed out version, he waved me past security and we were free to go. super simple and easy.

arriving in guatemala:

there is a very small strip of sidewalk outside of the airport that you are kind of dumped out into. there a many people waiting for their loved ones, so it's crowded. the outside of the airport reeks of sewage. there are many locals trying to sell you things. it was overwhelming for me and my three kids. if you are not experienced in driving in a huge city, do not drive. it's worse than nyc. there is almost no traffic regulation and people drive like nut jobs.

first day: medical exam. our lawyer advised that we do that 5 days before the interview. my husband went without me. got his blood drawn, four vaccines, full body check, bp, and then was sent a few blocks away for an x-ray. it took a few hours. 9a-12p i think.

second day: drove into the country to see his family. first time in a couple decades!!! weather is lovely in november and despite everyone's warnings, there were no mosquitos. it is definitely cooler in the city compared to where we went in the country, but pretty comfortable overall.

spent a couple days in the country with family. made sure to never drink tap water. bottled water is easily accessible but often warm. also in the country, you put all tp in the trash, not the toilet paper. other than that, not too many differences. bring walking shoes!

back to the city for interview:

tip: find a hotel or air bnb that allows for late checkout (noon or later) for your interview date. if you can afford it, air bnb rentals in cayala (the new zone 10 in the city, which is like another world compared to the rest of the city, is walking distance from the embassy, has lots of shops and restaurants, and was just a lovely place to stay.

our lawyer advised that the interview date provided by uscis was in fact the ""document appointment"" and the actual interview is the following day at the same time.

**embassy notes:**

everyone has a 7am appointment. the goal is to get you out by noon.

you will arrive and see a huge line. that is for tourist visas (they pay $300 to apply and have a very low chance of being approved! i felt so bad). your line is the residential visa line; way shorter.

there are some children there, but if you can swing it, i would get childcare. it is a very boring place to bring a child.

**appointment 1/document appointment:** only the one applying for residency is allowed in for this. so i, as my husband's sponsor, couldn't go in. good thing, because phones are not allowed, so i took his and went back to our hotel. i recommend you wear a watch.

\*\*when my husband was inside and i decided to leave, i asked an embassy staffer to go get him so i could get our room key. he gladly helped me\*\*

we arrived for appointment 1 at 6:45am, he jumped right in line, and was out by 9am. my husband stood in line mva-style, went through security, and was called to a window (think bank teller) to go over his docs. our lawyer required us to have 20+ docs. the embassy handed him a list of like 10 items to have. he had all of them, so he was good to go.

**appointment 2/interview appointment:** we were cocky and thought we'd be done so quick lol. got there at 6:30, waited in a long line (not as long as tourist visa line!) for hours. left phones at hotel, was bored stiff. highly recommend bringing a book, or if you have someone to hold your place in line, you can run your phone to a friend who is driving by before you have to go through security. but it's easier to just leave your phone where you're staying.

reminder that everyone there has an appointment for 7am. arriving before 6am could put you at the front of the line, and you will likely be done by 10/11am. it was chilly and windy in the morning!

so,  after waiting in a line outside from 6:30am, we finally got to the door of the building, went through security at 9:00am. they made me pour out my water bottle. they also found my airtag that i kept on our briefcase/folder with the docs in case we lost it. had to toss that in the trash too.

after security, exit in the rear of the building for more outside waiting. still two lines; resident visa line is way shorter. waited another hour outside and then finally made it in the actual building which looked like a cleaner/newer mva/dmv.

the poor tourist visa applicants had to stand in a really long line inside. resident visa applicants got chairs next to the single-stall bathroom. there is also a water fountain and water fill up station, but i made sure to avoid tap water so i didn't use it. i brought snacks and ate them waiting outside, but the signs inside said don't eat so i kept everything in my purse indoors.

we got inside the building at 9:50am and were almost last in line at that point. another group did come in after us, and they were the final group of the day. we got to the window shortly after 11am.

**the interview:**

disclaimer: my husband is the poster child for a green card. zero record, not even a parking ticket. has three citizen children. he has zero tattoos (our lawyer said tattoo'd applicants are held there longer for ""review,"" yikes).  his wife/sponsor has zero record, we own property in the us, etc.

during our wait, we noticed that most people were at the window about 10 minutes. we saw that some people were given immediate approval while some people left looking a little concerned. i don't believe i saw any outright denials, but not sure. i witnessed one guy get questioned quite a bit about his criminal record.

every interviewer (5 of them total) was a young (20s-30s) white person who appears to be american and speaks fluent spanish. extremely blank faces, much like the mva/dmv. however, i am very outgoing and friendly, so approaching our interviewer with a good attitude made her respond warmly!  everyone i interacted with was very stoic until i acted nicely and then they smiled and were much more amicable! i think they are just used to applicants being too nervous or pissed to be there.

so, we get called up to the interview. we do ours in english. she asked if we're married, if i (sponsor) was born in the us, how many kids we have, when we got married. my husband, classic, got our wedding year wrong. i responded like a snarky wife and the interviewer laughed. i said ""ask him my birthday, lets see if he can remember that!"" it kind of broke the ice. it's a common theme in our marriage that my husband doesn't know any dates. she asked if he had a criminal record, if he has any tattoos, and that was all. 90% of our ten minutes standing at the window, she was typing or reading on the computer, not telling us anything.

after about ten minutes, she said we are approved and congratulations. very exciting. she said it takes about a week to receive his passport back and his shiny new visa. she gave instructions for picking up the docs, and said we would receive an email when it's ready.

our lawyer and another guy in line's lawyer both said 3-5 days to get the docs back.

hope this helps at least one person. i wish i had prepared to be there, phone-less, for nearly 5 hours.

happy to give some details on what to bring if you plan on staying outside of the city, info on la aurora airport, etc. just lemme know!

good luck fellow applicants, it's a long road and i'm pulling for you!!!",True,False
1oq60vw,USCIS,I-130 still processing,"I’m a military retiree, I petitioned my father while active duty status and he is now a green card holder with permanent residency, I petitioned my mother now as a retiree, filed November last year, initially it said 12 months last November but now it has an additional 6 months.  I did not file the i-485 concurrently but I wish I had

",1762452051.0,2025-11-06T18:00:51,1,1,/r/USCIS/comments/1oq60vw/i130_still_processing/,https://i.redd.it/0yp1fthteozf1.jpeg,"i-130 still processing
i’m a military retiree, i petitioned my father while active duty status and he is now a green card holder with permanent residency, i petitioned my mother now as a retiree, filed november last year, initially it said 12 months last november but now it has an additional 6 months.  i did not file the i-485 concurrently but i wish i had

",True,False
1oneo8k,USCIS,Anxiety is eating me alive,"I’ve never considered myself an anxious person but these days I can’t sleep. I got married to my USC husband in June 2021, submitted i130 and i485 in Sep 2021 and received conditional green card in April 2022. I submitted i751 (removal of conditions) with my husband in March 2024.  

During that time my husband and I were going through a very difficult time in our marriage we were fighting all the time, and I eventually moved out to live with my family late April. The huge problem is that my drivers license was expiring in May, so when I went to renew it at the DMV, I changed my address to my family’s address, I feel it was a little impulsive because we didn’t try to fix the relationship before i decided “I was done”. However, my husband and I reconciled shortly after, and within a few weeks I was back home with my husband. So yes, we separated and got back together but never divorced.  I updated my address with DMV, wrote my change of address on the back of the ID but never requested a new card from DMV because it felt wasteful and I don’t like waste. 

June 2024, I got an RFE to which I responded with my husband and my ID intending to show same address, for mine I also showed a screenshot of DMV website showing my address on file matching the address written on the back, our health and dental insurance cards showing we are under the same plan, a letter from the bank stating that we have a joint bank account and signed NYS health care proxy designating each other as proxy. I genuinely thought that was enough. I only realized it wasn’t enough when I got an interview notice scheduled for November.


My husband already had his apartment when I moved in, and we didn’t think it wise to add me to the lease as it would potentially cause the rent to increase.  Which isn’t practical for us right now as I am in school and only work part time, so an increased rent would put us in a tight financial position. Also, because I am in school and my husband is supporting me, he pays all the bills so I do not have a bill in my name. Now I am worried that USCIS won’t believe us because we don’t have enough evidence. I feel like we should’ve added my name to these things just to have them to show to USCIS, but I can’t do it now because it’s close to the interview and it’s gonna look like it was only done as a way to fabricate evidence.  My names on the bills and the lease just isn’t a reality in the relationship, but I’m dying inside because we don’t have it.  I wish we went to marriage counseling to fix our break up last year so I can have some proof to show for it but we didn’t, we just read books and spoke to people in our lives and worked on ourselves. I wish I had ordered a new ID card from DMV when we got that RFE, that would’ve shown my address printed on the front but I didn’t want it to seem like I only did that within that timeframe to create evidence. But I feel like I screwed myself by not doing that.  What if they don’t believe us in the interview??
I overlooked the part where the bank account has to show transactions because we submitted a similar letter for i485 without transaction history, but I will print out statements to bring to the interview. I will also print out statements from my personal account  to show Zelle transfers between me and my husband, I also remembered that I am an authorized user on his credit card so I will print out statements and bring evidence of that as well. I also plan to bring a recent Explanatjon of Benefits from our insurance to prove that the insurance is still active and lists both our names, and I also started a new job over the summer that has 401K, and he’s listed as my beneficiary. 
I’m just worried they won’t think it’s enough still and that they won’t believe we got back together because we never went to marriage counseling. 
",1762183538.0,2025-11-03T15:25:38,6,2,/r/USCIS/comments/1oneo8k/anxiety_is_eating_me_alive/,https://www.reddit.com/r/USCIS/comments/1oneo8k/anxiety_is_eating_me_alive/,"anxiety is eating me alive
i’ve never considered myself an anxious person but these days i can’t sleep. i got married to my usc husband in june 2021, submitted i130 and i485 in sep 2021 and received conditional green card in april 2022. i submitted i751 (removal of conditions) with my husband in march 2024.  

during that time my husband and i were going through a very difficult time in our marriage we were fighting all the time, and i eventually moved out to live with my family late april. the huge problem is that my drivers license was expiring in may, so when i went to renew it at the dmv, i changed my address to my family’s address, i feel it was a little impulsive because we didn’t try to fix the relationship before i decided “i was done”. however, my husband and i reconciled shortly after, and within a few weeks i was back home with my husband. so yes, we separated and got back together but never divorced.  i updated my address with dmv, wrote my change of address on the back of the id but never requested a new card from dmv because it felt wasteful and i don’t like waste. 

june 2024, i got an rfe to which i responded with my husband and my id intending to show same address, for mine i also showed a screenshot of dmv website showing my address on file matching the address written on the back, our health and dental insurance cards showing we are under the same plan, a letter from the bank stating that we have a joint bank account and signed nys health care proxy designating each other as proxy. i genuinely thought that was enough. i only realized it wasn’t enough when i got an interview notice scheduled for november.


my husband already had his apartment when i moved in, and we didn’t think it wise to add me to the lease as it would potentially cause the rent to increase.  which isn’t practical for us right now as i am in school and only work part time, so an increased rent would put us in a tight financial position. also, because i am in school and my husband is supporting me, he pays all the bills so i do not have a bill in my name. now i am worried that uscis won’t believe us because we don’t have enough evidence. i feel like we should’ve added my name to these things just to have them to show to uscis, but i can’t do it now because it’s close to the interview and it’s gonna look like it was only done as a way to fabricate evidence.  my names on the bills and the lease just isn’t a reality in the relationship, but i’m dying inside because we don’t have it.  i wish we went to marriage counseling to fix our break up last year so i can have some proof to show for it but we didn’t, we just read books and spoke to people in our lives and worked on ourselves. i wish i had ordered a new id card from dmv when we got that rfe, that would’ve shown my address printed on the front but i didn’t want it to seem like i only did that within that timeframe to create evidence. but i feel like i screwed myself by not doing that.  what if they don’t believe us in the interview??
i overlooked the part where the bank account has to show transactions because we submitted a similar letter for i485 without transaction history, but i will print out statements to bring to the interview. i will also print out statements from my personal account  to show zelle transfers between me and my husband, i also remembered that i am an authorized user on his credit card so i will print out statements and bring evidence of that as well. i also plan to bring a recent explanatjon of benefits from our insurance to prove that the insurance is still active and lists both our names, and i also started a new job over the summer that has 401k, and he’s listed as my beneficiary. 
i’m just worried they won’t think it’s enough still and that they won’t believe we got back together because we never went to marriage counseling. 
",True,False
1mhrpe8,USCIS,N400 approved with criminal record - Phoenix Field Office,"On January 15, 2025, I finally decided to confront a part of my past that had haunted me for years—and applied for U.S. citizenship. I’ve been a legal permanent resident for over 30 years, but a misdemeanor from 2001 always made me afraid to take that step.

Back in 2001,, I pled guilty to “attempted petty larceny.” I was young, made a bad decision, and took advice from a public defender I barely knew. Looking back, I wish I had fought the charge. But that record followed me through adulthood, and I constantly worried it would derail my chances of becoming a U.S. citizen.

On June 1st, 2025, I got the notice: my naturalization interview was scheduled for August 4th.

I prepared thoroughly. I brought:

The original certificate of disposition for the 2001 charge

A complete list of my (very few) traffic violations over the past 30 years, including dates, states, and proof of payment

All other requested documentation in perfect order


Interview Day: August 4, 2025
I met with a cordial but no-nonsense USCIS officer. Within the first few minutes, she looked at me and said, “We have a problem.”

My heart sank.

She explained that the name on my birth certificate from my country of origin didn’t match the name on my U.S. documents. For a moment, I thought the whole thing was about to fall apart. But then she calmly explained that it was fixable—I could legally change the name as part of my citizenship process.

That was the first moment I thought, Wow, I might actually get approved today.

From there, I took and passed the civics, reading, and writing tests. Then we went through the rest of my application, updating a few items.

Finally, we got to the criminal record.
She asked for details about the misdemeanor. I was completely honest—remorseful, transparent, and direct. I admitted it was a dumb mistake in my youth. I handed over the certificate of disposition and answered every follow-up question. She also asked about the three traffic violations (all minor), and typed notes for what felt like the longest 15 minutes of my life.

Then, to my complete surprise…

I was approved on the spot.

And even more shocking—she gave me my oath ceremony date right then and there: August 8, 2025.

I'm not a U.S. citizen just yet, but I’m incredibly close—and beyond grateful.

Final Thoughts
If you’re worried about applying for citizenship with a criminal record:

Make sure you have no serious convictions in the 5 years before your N-400 application.

If you do, be fully truthful. Own your past.

Bring all supporting documents.

You don’t need a lawyer for every case. I didn’t use one. I just showed up prepared, honest, and ready to answer everything.

I hope this encourages someone else out there to face their fear and go for it.",1754346086.0,2025-08-04T22:21:26,30,63,/r/USCIS/comments/1mhrpe8/n400_approved_with_criminal_record_phoenix_field/,https://i.redd.it/41dadhdmv2hf1.jpeg,"n400 approved with criminal record - phoenix field office
on january 15, 2025, i finally decided to confront a part of my past that had haunted me for years—and applied for u.s. citizenship. i’ve been a legal permanent resident for over 30 years, but a misdemeanor from 2001 always made me afraid to take that step.

back in 2001,, i pled guilty to “attempted petty larceny.” i was young, made a bad decision, and took advice from a public defender i barely knew. looking back, i wish i had fought the charge. but that record followed me through adulthood, and i constantly worried it would derail my chances of becoming a u.s. citizen.

on june 1st, 2025, i got the notice: my naturalization interview was scheduled for august 4th.

i prepared thoroughly. i brought:

the original certificate of disposition for the 2001 charge

a complete list of my (very few) traffic violations over the past 30 years, including dates, states, and proof of payment

all other requested documentation in perfect order


interview day: august 4, 2025
i met with a cordial but no-nonsense uscis officer. within the first few minutes, she looked at me and said, “we have a problem.”

my heart sank.

she explained that the name on my birth certificate from my country of origin didn’t match the name on my u.s. documents. for a moment, i thought the whole thing was about to fall apart. but then she calmly explained that it was fixable—i could legally change the name as part of my citizenship process.

that was the first moment i thought, wow, i might actually get approved today.

from there, i took and passed the civics, reading, and writing tests. then we went through the rest of my application, updating a few items.

finally, we got to the criminal record.
she asked for details about the misdemeanor. i was completely honest—remorseful, transparent, and direct. i admitted it was a dumb mistake in my youth. i handed over the certificate of disposition and answered every follow-up question. she also asked about the three traffic violations (all minor), and typed notes for what felt like the longest 15 minutes of my life.

then, to my complete surprise…

i was approved on the spot.

and even more shocking—she gave me my oath ceremony date right then and there: august 8, 2025.

i'm not a u.s. citizen just yet, but i’m incredibly close—and beyond grateful.

final thoughts
if you’re worried about applying for citizenship with a criminal record:

make sure you have no serious convictions in the 5 years before your n-400 application.

if you do, be fully truthful. own your past.

bring all supporting documents.

you don’t need a lawyer for every case. i didn’t use one. i just showed up prepared, honest, and ready to answer everything.

i hope this encourages someone else out there to face their fear and go for it.",True,False
1mf9a0t,USCIS,"✈️ I Flew Domestically with an Expired Real ID, Pending EAD Renewal ( Work Authorization) &amp; Pending I-485  — Here’s What Happened (No Issues!)","Hey everyone,

I wanted to share my recent experience flying domestically (from BWI to Miami and back) while dealing with immigration paperwork and using an expired Real ID — just in case someone out there is as nervous as I was.

⸻

🪪 My Situation:
	•	My Real ID expired in May 2025.
	•	My work permit (EAD) had also expired, and I applied for renewal in May.
	•	My I-485 (Adjustment of Status) is pending.
	•	USCIS sent me an RFE for the medical form (I-693), which I submitted, but I’m still waiting to hear back.
	•	At the time of travel, I had no current unexpired government-issued ID showing legal presence in the U.S. other than my expired Real ID.

⸻

💬 What I Did Before Traveling:
	•	I called USCIS, who told me to contact TSA and the airline to ask what documentation would be accepted.
	•	TSA confirmed that they allow Real IDs expired for less than 2 years to be used for domestic travel.
	•	I also asked my immigration lawyer — she said I should be fine as long as I knew my rights and could defend my status if questioned.

⸻

✅ What Helped Me Feel Prepared:
	•	Just 2–3 days before my trip, I received an approval notice for my work permit renewal — that gave me some peace of mind.
	•	I printed all relevant documents from my USCIS online account, including:
	•	My I-485 receipt
	•	My work permit renewal receipt
	•	The EAD approval notice (once I received it)
	•	The RFE submission confirmation
	•	I also kept soft copies on my phone, and carried my foreign passport, though I didn’t need to use it.

⸻

🙏🏽 What Gave Me the Most Peace:

Above all, I relied on my trust in God.
I prayed a lot before the trip — asking for protection, calm, and guidance — and that gave me a deeper sense of peace than anything else. Even though I still had nerves, putting my trust in Allah gave me strength and helped me feel that I wasn’t walking through this alone.

⸻

✈️ At TSA:
	•	I handed them my expired Real ID and got through security with zero issues.
	•	The process was quick and smooth — no extra questions, no delay.
	•	I didn’t see any ICE officers or immigration agents anywhere in the airport or at the gate.
	•	I flew out Saturday evening and returned early Tuesday morning. No one bothered me either way.

⸻

🧠 Final Thoughts:

I was really scared to travel — mostly because of all the stories going around about people being stopped even if they’re here legally or pending adjustment. And technically, yes, having a pending I-485 doesn’t automatically mean you’re in a legal status, but it does give you a form of protection, especially with a timely filed EAD renewal (which extends your work authorization up to 180 days automatically).

📌 You can still travel domestically. Just be prepared.
Know your rights, bring your documents, and don’t panic. Alhamdulillah, everything went fine for me.

⸻

Let me know if you have questions — I know how scary it can feel. Just wanted to give someone peace of mind like I wish I had before I flew.",1754084844.0,2025-08-01T21:47:24,3,2,/r/USCIS/comments/1mf9a0t/i_flew_domestically_with_an_expired_real_id/,https://www.reddit.com/r/USCIS/comments/1mf9a0t/i_flew_domestically_with_an_expired_real_id/,"✈️ i flew domestically with an expired real id, pending ead renewal ( work authorization) &amp; pending i-485  — here’s what happened (no issues!)
hey everyone,

i wanted to share my recent experience flying domestically (from bwi to miami and back) while dealing with immigration paperwork and using an expired real id — just in case someone out there is as nervous as i was.

⸻

🪪 my situation:
	•	my real id expired in may 2025.
	•	my work permit (ead) had also expired, and i applied for renewal in may.
	•	my i-485 (adjustment of status) is pending.
	•	uscis sent me an rfe for the medical form (i-693), which i submitted, but i’m still waiting to hear back.
	•	at the time of travel, i had no current unexpired government-issued id showing legal presence in the u.s. other than my expired real id.

⸻

💬 what i did before traveling:
	•	i called uscis, who told me to contact tsa and the airline to ask what documentation would be accepted.
	•	tsa confirmed that they allow real ids expired for less than 2 years to be used for domestic travel.
	•	i also asked my immigration lawyer — she said i should be fine as long as i knew my rights and could defend my status if questioned.

⸻

✅ what helped me feel prepared:
	•	just 2–3 days before my trip, i received an approval notice for my work permit renewal — that gave me some peace of mind.
	•	i printed all relevant documents from my uscis online account, including:
	•	my i-485 receipt
	•	my work permit renewal receipt
	•	the ead approval notice (once i received it)
	•	the rfe submission confirmation
	•	i also kept soft copies on my phone, and carried my foreign passport, though i didn’t need to use it.

⸻

🙏🏽 what gave me the most peace:

above all, i relied on my trust in god.
i prayed a lot before the trip — asking for protection, calm, and guidance — and that gave me a deeper sense of peace than anything else. even though i still had nerves, putting my trust in allah gave me strength and helped me feel that i wasn’t walking through this alone.

⸻

✈️ at tsa:
	•	i handed them my expired real id and got through security with zero issues.
	•	the process was quick and smooth — no extra questions, no delay.
	•	i didn’t see any ice officers or immigration agents anywhere in the airport or at the gate.
	•	i flew out saturday evening and returned early tuesday morning. no one bothered me either way.

⸻

🧠 final thoughts:

i was really scared to travel — mostly because of all the stories going around about people being stopped even if they’re here legally or pending adjustment. and technically, yes, having a pending i-485 doesn’t automatically mean you’re in a legal status, but it does give you a form of protection, especially with a timely filed ead renewal (which extends your work authorization up to 180 days automatically).

📌 you can still travel domestically. just be prepared.
know your rights, bring your documents, and don’t panic. alhamdulillah, everything went fine for me.

⸻

let me know if you have questions — i know how scary it can feel. just wanted to give someone peace of mind like i wish i had before i flew.",True,False
1l1k6nv,USCIS,Interview tomorrow,"I have my interview tomorrow for my I-485. Luckily it's at 8am. I've thoroughly combed through common questions asked from people on here, as well as online in general. I've studied and gone over what I need to bring and how to prepare. 

I'm still going crazy and panicking. 

Any last minute tips I should know? Anything that might give me an edge? 

Will update this post with how it goes, as well as information I am able to provide. 

UPDATE: Interview went well. I answered a couple of questions wrong due to being extremely nervous and sleep deprived, etc. Luckily had a professional and nice lady who interviewed my wife and I. We were never separated, just asked questions one at a time. Approved I-130 at the interview. I-485 still pending due to the fact that they needed my (Canadian) long form birth certificate, which I did not have, and did not know that I needed until that moment. 

HOWEVER, the interviewer did say that once I get that, she ""did not see any reason not to approve"" me. 

Kind of bittersweet, I wish I had known about the long form birth certificate prior, but overall, good news. 

Thank you to everyone who wishes me luck, offered advice, or even just took the time to read my post. Good luck to everyone!",1748876245.0,2025-06-02T14:57:25,37,12,/r/USCIS/comments/1l1k6nv/interview_tomorrow/,https://www.reddit.com/r/USCIS/comments/1l1k6nv/interview_tomorrow/,"interview tomorrow
i have my interview tomorrow for my i-485. luckily it's at 8am. i've thoroughly combed through common questions asked from people on here, as well as online in general. i've studied and gone over what i need to bring and how to prepare. 

i'm still going crazy and panicking. 

any last minute tips i should know? anything that might give me an edge? 

will update this post with how it goes, as well as information i am able to provide. 

update: interview went well. i answered a couple of questions wrong due to being extremely nervous and sleep deprived, etc. luckily had a professional and nice lady who interviewed my wife and i. we were never separated, just asked questions one at a time. approved i-130 at the interview. i-485 still pending due to the fact that they needed my (canadian) long form birth certificate, which i did not have, and did not know that i needed until that moment. 

however, the interviewer did say that once i get that, she ""did not see any reason not to approve"" me. 

kind of bittersweet, i wish i had known about the long form birth certificate prior, but overall, good news. 

thank you to everyone who wishes me luck, offered advice, or even just took the time to read my post. good luck to everyone!",True,False
1kd4gyt,USCIS,Marriage-based Interview (05/01/25) - Miami Field Office,"PD: February 13, 2025

Received Interview Notice: April 2, 2025

Interview Date: May 1st, 2025

Hi everyone. Sharing our experience since reading others' posts was incredibly helpful for us during the process. Hopefully this helps someone else feel a bit more prepared.

We arrived about 15 minutes before our interview. There was a line to enter the building, another to get through security, and yet another to enter the waiting room. It was a very busy field office. Once inside, the wait was *gruesome,* we sat for three hours just staring at the walls. Be prepared to spend the whole day there. Between the driving and the waiting, we were out for about 5–6 hours total.

Everyone we interacted with was kind and professional, including our interview officer. The interview itself was short, probably 10 to 20 minutes long, and the questions were simple.

**Open-ended questions we were asked:**

To both of us:

* Do you have another residence where you stay half the time?
* What does your spouse like to eat?
* What does your spouse like to do for fun?

To me:

* What is your current address?
* Does he suffer from any health conditions?
* What medications does he take?

To my husband:

* Describe your apartment.
* Who lives there?
* How did you become a U.S. citizen?
* Which members of your wife’s family have you met?

After that, I was asked the yes/no questions from the I-485 form—things like whether I’ve ever committed a crime, been part of a terrorist group, been polygamous, a communist, etc.

We weren’t given a formal RFE notice, but the officer did ask us *verbally* to upload my husband’s mother’s naturalization certificate. I found that odd, USCIS guidance says a U.S. passport is sufficient proof of citizenship, but she said she wanted to be extra sure. She mentioned that there have been cases of people obtaining U.S. passports without actually being citizens. 

We uploaded the document yesterday and are now waiting for a response. It’s honestly upsetting that we weren’t approved on the spot for something so unexpected. Otherwise, she said everything looked good, our relationship seemed bona fide, and she would approve the form once that last document was in.

We didn’t get the usual piece of paper that people often mention here—the one with three checkboxes (usually saying something like “interview completed, no further info needed at this time”).

The officer congratulated us and said she thought our application was really well-prepared. She specifically liked our photo PDF with captions and dates that explained who was in each picture and how our relationship progressed. For more info on what we submitted, go here: [https://www.reddit.com/r/USCIS/comments/1ieq74a/submit\_now\_or\_wait\_for\_stronger\_evidence/](https://www.reddit.com/r/USCIS/comments/1ieq74a/submit_now_or_wait_for_stronger_evidence/)

We brought a full accordion folder with all the documents we submitted in the original application, plus new evidence. However, the officer only asked for the new documents, she didn’t request to see any originals from our initial packet.

**Some helpful advice our lawyer gave us before the interview:**

* She said bringing a lawyer to the interview is usually unnecessary. The lawyer can't intervene or object during questioning. They’re essentially just there as a “monitor” to keep the officer in check, which might make the officer more polite or cautious—but that’s about it.
* Answer honestly but briefly. Don’t overexplain or offer unnecessary details. The more you say, the more you risk raising questions that weren’t there to begin with.
* If they separate you for questioning, it usually means they already suspect fraud. At that point, a lawyer probably won’t help much—the officer has full control.
* The best thing you can do is submit your initial application with as much evidence as possible (including affidavit of support and health certificate). Don’t wait to send the bulk of your evidence later. Some lawyers do that to avoid front-loading the case, but our lawyer believes that’s a disservice to the client.

**Other tips based on our experience:**

* Keep any new evidence in a clearly labeled section so you can hand it over quickly without having to dig through everything during the interview.
* Try to stay calm. Don’t sound robotic or rehearsed—it can come off as suspicious.
* Our lawyer recommended business casual attire, but most people there were dressed casually—jeans and sneakers. Honestly, I wish I had worn white sneakers instead of heels. I had to take the heels off to go through security and walked barefoot on the floor…
* Skip belts, watches, heels, or anything metal to get through security faster.
* It can get cold inside—bring a sweater!
* Bring something to entertain yourself while waiting.
* If you have a pet or kid, make arrangements ahead of time.
* Eat beforehand so you don't starve in case the wait-time is insane like us

**Final observation:**  
The process is *very* thorough. The officer had multiple sheets of notes analyzing our relationship and took notes during the interview. It’s clear that USCIS takes marriage fraud very seriously. So just be prepared to be scrutinized",1746201349.0,2025-05-02T15:55:49,17,15,/r/USCIS/comments/1kd4gyt/marriagebased_interview_050125_miami_field_office/,https://www.reddit.com/r/USCIS/comments/1kd4gyt/marriagebased_interview_050125_miami_field_office/,"marriage-based interview (05/01/25) - miami field office
pd: february 13, 2025

received interview notice: april 2, 2025

interview date: may 1st, 2025

hi everyone. sharing our experience since reading others' posts was incredibly helpful for us during the process. hopefully this helps someone else feel a bit more prepared.

we arrived about 15 minutes before our interview. there was a line to enter the building, another to get through security, and yet another to enter the waiting room. it was a very busy field office. once inside, the wait was *gruesome,* we sat for three hours just staring at the walls. be prepared to spend the whole day there. between the driving and the waiting, we were out for about 5–6 hours total.

everyone we interacted with was kind and professional, including our interview officer. the interview itself was short, probably 10 to 20 minutes long, and the questions were simple.

**open-ended questions we were asked:**

to both of us:

* do you have another residence where you stay half the time?
* what does your spouse like to eat?
* what does your spouse like to do for fun?

to me:

* what is your current address?
* does he suffer from any health conditions?
* what medications does he take?

to my husband:

* describe your apartment.
* who lives there?
* how did you become a u.s. citizen?
* which members of your wife’s family have you met?

after that, i was asked the yes/no questions from the i-485 form—things like whether i’ve ever committed a crime, been part of a terrorist group, been polygamous, a communist, etc.

we weren’t given a formal rfe notice, but the officer did ask us *verbally* to upload my husband’s mother’s naturalization certificate. i found that odd, uscis guidance says a u.s. passport is sufficient proof of citizenship, but she said she wanted to be extra sure. she mentioned that there have been cases of people obtaining u.s. passports without actually being citizens. 

we uploaded the document yesterday and are now waiting for a response. it’s honestly upsetting that we weren’t approved on the spot for something so unexpected. otherwise, she said everything looked good, our relationship seemed bona fide, and she would approve the form once that last document was in.

we didn’t get the usual piece of paper that people often mention here—the one with three checkboxes (usually saying something like “interview completed, no further info needed at this time”).

the officer congratulated us and said she thought our application was really well-prepared. she specifically liked our photo pdf with captions and dates that explained who was in each picture and how our relationship progressed. for more info on what we submitted, go here: [https://www.reddit.com/r/uscis/comments/1ieq74a/submit\_now\_or\_wait\_for\_stronger\_evidence/](https://www.reddit.com/r/uscis/comments/1ieq74a/submit_now_or_wait_for_stronger_evidence/)

we brought a full accordion folder with all the documents we submitted in the original application, plus new evidence. however, the officer only asked for the new documents, she didn’t request to see any originals from our initial packet.

**some helpful advice our lawyer gave us before the interview:**

* she said bringing a lawyer to the interview is usually unnecessary. the lawyer can't intervene or object during questioning. they’re essentially just there as a “monitor” to keep the officer in check, which might make the officer more polite or cautious—but that’s about it.
* answer honestly but briefly. don’t overexplain or offer unnecessary details. the more you say, the more you risk raising questions that weren’t there to begin with.
* if they separate you for questioning, it usually means they already suspect fraud. at that point, a lawyer probably won’t help much—the officer has full control.
* the best thing you can do is submit your initial application with as much evidence as possible (including affidavit of support and health certificate). don’t wait to send the bulk of your evidence later. some lawyers do that to avoid front-loading the case, but our lawyer believes that’s a disservice to the client.

**other tips based on our experience:**

* keep any new evidence in a clearly labeled section so you can hand it over quickly without having to dig through everything during the interview.
* try to stay calm. don’t sound robotic or rehearsed—it can come off as suspicious.
* our lawyer recommended business casual attire, but most people there were dressed casually—jeans and sneakers. honestly, i wish i had worn white sneakers instead of heels. i had to take the heels off to go through security and walked barefoot on the floor…
* skip belts, watches, heels, or anything metal to get through security faster.
* it can get cold inside—bring a sweater!
* bring something to entertain yourself while waiting.
* if you have a pet or kid, make arrangements ahead of time.
* eat beforehand so you don't starve in case the wait-time is insane like us

**final observation:**  
the process is *very* thorough. the officer had multiple sheets of notes analyzing our relationship and took notes during the interview. it’s clear that uscis takes marriage fraud very seriously. so just be prepared to be scrutinized",True,False
1j4lp8m,USCIS,"M.O. Campbell Center Oath Ceremony, Houston, TX","Hey y’all! I became a citizen today! I had a lot of questions about the ceremony and I couldn’t find any info about it, so I figured I’d leave some info here to help the next person. 

- I filed in November 2024
- had my interview mid February 2025
- Ceremony early March 2025
- Today’s ceremony had 1,553 new citizens from 106 different countries. Wow! 

Ok. Here are the details I wish I had answers for to prepare for today: 
- yes, you’re allowed to bring guests. They won’t be able to sit with you. You sit in the lower ring, they sit in the upper ring. They will be looking at the back of your head for the ceremony. 
- my letter said the ceremony would start at 8am, I’ll come back to that later. 
- there are 2 lines to enter the building. One line for last 3 numbers or green card below 500 and another for numbers above 500. Your family and friends can enter through the same entrance. 
- upon entry, you get a small US flag, and a voter registration card. Since you’re not a citizen yet until after the ceremony, do not fill out this form (yet) 
- We arrived at 7:30am and the line was already long. 1 parking lot was already full. 
- the line did move quick. I don’t know the exact time but I was in well before 8am. 
- USCIS employees direct everyone where to sit. The first one to arrive will sit top left. Then they start filling out that section. When the section is full they move to the middle section top row etc etc. I sat middle section top row. 
- Now the waiting game starts. And you realize it’s absolutely not starting at 8am. People arrived until 9:30am
- Once foot traffic died down, the check in process started. Starting at the too row on the right, rows are released to a hall with 20 tables. You give them your letter, they check your questions, and they perforate your green card. Ouch! Then they stamp your form and write a number on your paper. This is the table where you pick up your certificate after the ceremony. 
- after check in, you go back to your section. You don’t have to sit in the same seat, but you do need to sit in the same section. 
- at 10am the event starts. So if your family and friends are not riding with you, they can come at 9:30. 
- it’s an official court session with a federal judge so hats off and phones on silent. 
- USCIS employees offer the list of new citizens to the court and testify that they are all eligible to become us citizens. 
- you say the pledge of allegiance 
- they play the national anthem 
- end of ceremony. The ceremony itself takes around 30 minutes. 
- family and friends are asked to leave. 
- once they all cleared, the top row on the right can line up for their certificates. You line up under the number that matches the number on your paper. 
- then you get your certificate and you’re done! 

General tips: 
- if you arrive early, you wait a while before the ceremony starts but you get to your certificate sooner. 
- if you arrive later, you don’t have to wait as long for the ceremony to start but you have to wait a while for your turn to pick up your ceremony. You choose. 
- I ordered a hard cover folder on Amazon to keep my certificate looking good. They’re expensive to replace and you don’t get anything to protect it. 

Super long post, but I hope this helps the next batch of Houston based new citizens! ",1741229882.0,2025-03-06T02:58:02,7,10,/r/USCIS/comments/1j4lp8m/mo_campbell_center_oath_ceremony_houston_tx/,https://www.reddit.com/r/USCIS/comments/1j4lp8m/mo_campbell_center_oath_ceremony_houston_tx/,"m.o. campbell center oath ceremony, houston, tx
hey y’all! i became a citizen today! i had a lot of questions about the ceremony and i couldn’t find any info about it, so i figured i’d leave some info here to help the next person. 

- i filed in november 2024
- had my interview mid february 2025
- ceremony early march 2025
- today’s ceremony had 1,553 new citizens from 106 different countries. wow! 

ok. here are the details i wish i had answers for to prepare for today: 
- yes, you’re allowed to bring guests. they won’t be able to sit with you. you sit in the lower ring, they sit in the upper ring. they will be looking at the back of your head for the ceremony. 
- my letter said the ceremony would start at 8am, i’ll come back to that later. 
- there are 2 lines to enter the building. one line for last 3 numbers or green card below 500 and another for numbers above 500. your family and friends can enter through the same entrance. 
- upon entry, you get a small us flag, and a voter registration card. since you’re not a citizen yet until after the ceremony, do not fill out this form (yet) 
- we arrived at 7:30am and the line was already long. 1 parking lot was already full. 
- the line did move quick. i don’t know the exact time but i was in well before 8am. 
- uscis employees direct everyone where to sit. the first one to arrive will sit top left. then they start filling out that section. when the section is full they move to the middle section top row etc etc. i sat middle section top row. 
- now the waiting game starts. and you realize it’s absolutely not starting at 8am. people arrived until 9:30am
- once foot traffic died down, the check in process started. starting at the too row on the right, rows are released to a hall with 20 tables. you give them your letter, they check your questions, and they perforate your green card. ouch! then they stamp your form and write a number on your paper. this is the table where you pick up your certificate after the ceremony. 
- after check in, you go back to your section. you don’t have to sit in the same seat, but you do need to sit in the same section. 
- at 10am the event starts. so if your family and friends are not riding with you, they can come at 9:30. 
- it’s an official court session with a federal judge so hats off and phones on silent. 
- uscis employees offer the list of new citizens to the court and testify that they are all eligible to become us citizens. 
- you say the pledge of allegiance 
- they play the national anthem 
- end of ceremony. the ceremony itself takes around 30 minutes. 
- family and friends are asked to leave. 
- once they all cleared, the top row on the right can line up for their certificates. you line up under the number that matches the number on your paper. 
- then you get your certificate and you’re done! 

general tips: 
- if you arrive early, you wait a while before the ceremony starts but you get to your certificate sooner. 
- if you arrive later, you don’t have to wait as long for the ceremony to start but you have to wait a while for your turn to pick up your ceremony. you choose. 
- i ordered a hard cover folder on amazon to keep my certificate looking good. they’re expensive to replace and you don’t get anything to protect it. 

super long post, but i hope this helps the next batch of houston based new citizens! ",True,False
1iywgna,USCIS,Gold card,So apparently a VIP way to get into America. 5 million dollars for a the Gold card oooooooo. So shiny lol. I wish I had 5 million. &lt;sigh&gt;,1740599406.0,2025-02-26T19:50:06,3,2,/r/USCIS/comments/1iywgna/gold_card/,https://i.redd.it/zuca4aoofjle1.jpeg,"gold card
so apparently a vip way to get into america. 5 million dollars for a the gold card oooooooo. so shiny lol. i wish i had 5 million. &lt;sigh&gt;",True,False
1ibdj8c,USCIS,Best option to maintain wife's green card?,"First and foremost thanks so much for any help guys. My wife is a current green card holder we lived in the states from 2020-2024. However we moved back to China about 6 months ago. I WISH I had applied for a reentry permit for her but didn't realize how big of a deal it is. I want her to maintain her status just in case we decide to move back to the states in the coming years although we will stay in China for the time being - I definitely want to keep that door open. She is currently in China and I am trying to figure out the best option to keep things active. If I fly her back to the states, it seems she needs to stay for 60 days and apply for the reentry permit ? Is there any option to maintain this outside of the country ? I read the SB1 visa might be an option but don't really understand. Any advice is much appreciated! I really ultimately just want her to be able to come to the us with us in case we need to move back in an emergency, etc ",1737996208.0,2025-01-27T16:43:28,16,2,/r/USCIS/comments/1ibdj8c/best_option_to_maintain_wifes_green_card/,https://www.reddit.com/r/USCIS/comments/1ibdj8c/best_option_to_maintain_wifes_green_card/,"best option to maintain wife's green card?
first and foremost thanks so much for any help guys. my wife is a current green card holder we lived in the states from 2020-2024. however we moved back to china about 6 months ago. i wish i had applied for a reentry permit for her but didn't realize how big of a deal it is. i want her to maintain her status just in case we decide to move back to the states in the coming years although we will stay in china for the time being - i definitely want to keep that door open. she is currently in china and i am trying to figure out the best option to keep things active. if i fly her back to the states, it seems she needs to stay for 60 days and apply for the reentry permit ? is there any option to maintain this outside of the country ? i read the sb1 visa might be an option but don't really understand. any advice is much appreciated! i really ultimately just want her to be able to come to the us with us in case we need to move back in an emergency, etc ",True,False
1i4dnlr,USCIS,I hope this somewhat helps ,"I hope this post will help somebody. But I just want to give my experience about the green card for my wife. If you have been waiting for a very long time, this is your sign to contact your state senator. 

A little story: my wife has been waiting since October 2022 for her green card. We have been waiting for updates online and we have gotten nothing. just recently I had contacted my state senator and he was able to push things along and get my wife a biometrics appointment. (We filed in Los Angeles) 

For my military members; if you are under Pcs orders very soon you can get an expedited green card for your spouse. when you expedite the green card it will drop the wait time significantly. I wish I had known this sooner because if I had, I would not be in this predicament. Please use your resources. Talk to your JAG officers about immigration. Email your state senators and other congressmen. You didn’t spend all that money just for USCIS to drop the ball on your case.

For the civilians out there, you have the same resources available to you. Your congressmen and senators are there to help you regardless of their political affiliation. Get free consultations with experienced immigration lawyers. Do the research on what you are able to do to speed up your process and make it hassle free. There will always be unfortunate circumstances in many cases where you will actually have to wait a long time. But you should still do what you can and be aggressive with your case. I’m not a licensed professional so please take my advice with a grain of salt. This is just my experience and what I’ve seen others do. ",1737224221.0,2025-01-18T18:17:01,1,1,/r/USCIS/comments/1i4dnlr/i_hope_this_somewhat_helps/,https://www.reddit.com/r/USCIS/comments/1i4dnlr/i_hope_this_somewhat_helps/,"i hope this somewhat helps 
i hope this post will help somebody. but i just want to give my experience about the green card for my wife. if you have been waiting for a very long time, this is your sign to contact your state senator. 

a little story: my wife has been waiting since october 2022 for her green card. we have been waiting for updates online and we have gotten nothing. just recently i had contacted my state senator and he was able to push things along and get my wife a biometrics appointment. (we filed in los angeles) 

for my military members; if you are under pcs orders very soon you can get an expedited green card for your spouse. when you expedite the green card it will drop the wait time significantly. i wish i had known this sooner because if i had, i would not be in this predicament. please use your resources. talk to your jag officers about immigration. email your state senators and other congressmen. you didn’t spend all that money just for uscis to drop the ball on your case.

for the civilians out there, you have the same resources available to you. your congressmen and senators are there to help you regardless of their political affiliation. get free consultations with experienced immigration lawyers. do the research on what you are able to do to speed up your process and make it hassle free. there will always be unfortunate circumstances in many cases where you will actually have to wait a long time. but you should still do what you can and be aggressive with your case. i’m not a licensed professional so please take my advice with a grain of salt. this is just my experience and what i’ve seen others do. ",True,False
1hdg4at,USCIS,Case Approved in 4 Months with RFE!! I-130 &amp; 1-485,"Woke up this morning Friday 12/13 to I-485 approved! Wednesday morning 12/11 I received an action on my case, with no changes. The following morning 12/12, my husband's I-130 approval appeared on his account. The same time this morning, the I-485 approval came through on mine!

https://preview.redd.it/z7mufh856n6e1.png?width=855&amp;format=png&amp;auto=webp&amp;s=a74104365ab21dfc68928442a2f48cfc02f62490

The entire process took exactly 120 days. On day 61 after submitting my RFE response, I received the initial action on my case.

We filed this case three weeks after getting married and approximately 45 days after returning from an overseas trip from Italy (we were stressed about the ""90 day rule""). I’m on an E-3 visa (Australian) and have been living in the U.S. for about three years.

I’m married to a U.S. citizen, and we handled the process without a lawyer. Our case was filed concurrently and ended up at NBC, the case number started with IOE-9272.

The RFE we received was due to my husband not submitting his most recent tax return with our I-864. While we had provided ample alternative documentation as instructed by USCIS, the RFE was still issued.

In hindsight, one thing I wish I had done differently was rescheduling my biometrics appointment for an earlier date. I didn’t realize that was possible at the time, and it might have expedited the approval process.

Goodluck to anyone anxiously waiting...It feels good not knowing I have to refresh lawfully or casestatus 50x a day.",1734107577.0,2024-12-13T16:32:57,61,87,/r/USCIS/comments/1hdg4at/case_approved_in_4_months_with_rfe_i130_1485/,https://www.reddit.com/r/USCIS/comments/1hdg4at/case_approved_in_4_months_with_rfe_i130_1485/,"case approved in 4 months with rfe!! i-130 &amp; 1-485
woke up this morning friday 12/13 to i-485 approved! wednesday morning 12/11 i received an action on my case, with no changes. the following morning 12/12, my husband's i-130 approval appeared on his account. the same time this morning, the i-485 approval came through on mine!

https://preview.redd.it/z7mufh856n6e1.png?width=855&amp;format=png&amp;auto=webp&amp;s=a74104365ab21dfc68928442a2f48cfc02f62490

the entire process took exactly 120 days. on day 61 after submitting my rfe response, i received the initial action on my case.

we filed this case three weeks after getting married and approximately 45 days after returning from an overseas trip from italy (we were stressed about the ""90 day rule""). i’m on an e-3 visa (australian) and have been living in the u.s. for about three years.

i’m married to a u.s. citizen, and we handled the process without a lawyer. our case was filed concurrently and ended up at nbc, the case number started with ioe-9272.

the rfe we received was due to my husband not submitting his most recent tax return with our i-864. while we had provided ample alternative documentation as instructed by uscis, the rfe was still issued.

in hindsight, one thing i wish i had done differently was rescheduling my biometrics appointment for an earlier date. i didn’t realize that was possible at the time, and it might have expedited the approval process.

goodluck to anyone anxiously waiting...it feels good not knowing i have to refresh lawfully or casestatus 50x a day.",True,False
1gtma1i,USCIS,Request For Evidence? Use the online portal,"I had received a RFE in October with the deadline 32 days later. I sent certified mail to the office it specified in the letter with my original birth certificate and they did not update the portal that they received it after 7 days.

I messaged customer support and they stated that it can take up to 60 days for USCIS to update it on their side. Apparently there is nothing customer support can do if that 60 day mark is past the RFE deadline. I express ordered another birth certificate from my original country (Canada) and received it on the last day I could submit evidence. I took pictures and uploaded the evidence. The online portal immediately updated that the RFE was received.

I wish I had taken pictures of my birth certificate to begin with, but I just assumed they would want to see the original in their office and there wouldn't be any processing issues. Anyways, I feel very lucky that I was able to submit it online, but I was so stressed out that my application would get thrown out. To anyone that gets an RFE, take pictures of the documents you plan to submit.",1731873880.0,2024-11-17T20:04:40,3,2,/r/USCIS/comments/1gtma1i/request_for_evidence_use_the_online_portal/,https://www.reddit.com/r/USCIS/comments/1gtma1i/request_for_evidence_use_the_online_portal/,"request for evidence? use the online portal
i had received a rfe in october with the deadline 32 days later. i sent certified mail to the office it specified in the letter with my original birth certificate and they did not update the portal that they received it after 7 days.

i messaged customer support and they stated that it can take up to 60 days for uscis to update it on their side. apparently there is nothing customer support can do if that 60 day mark is past the rfe deadline. i express ordered another birth certificate from my original country (canada) and received it on the last day i could submit evidence. i took pictures and uploaded the evidence. the online portal immediately updated that the rfe was received.

i wish i had taken pictures of my birth certificate to begin with, but i just assumed they would want to see the original in their office and there wouldn't be any processing issues. anyways, i feel very lucky that i was able to submit it online, but i was so stressed out that my application would get thrown out. to anyone that gets an rfe, take pictures of the documents you plan to submit.",True,False
1gnnb87,USCIS,EAD Card expires before 90 day I-751 application period,"The wiki of this community is so helpful, and I wish I had discovered it earlier. However, my own next steps in the process aren’t so clear to me. I’d greatly appreciate advice. The situation is as follows: the 2-year conditional card expires in July next year, so the 90-day period for I-751 application starts in April. Unfortunately, the card was issued with a delay, and my EAD expires sooner, in the beginning of March. Is there a way I can avoid the month gap for the work authorization? Thank you!",1731195847.0,2024-11-09T23:44:07,7,1,/r/USCIS/comments/1gnnb87/ead_card_expires_before_90_day_i751_application/,https://www.reddit.com/r/USCIS/comments/1gnnb87/ead_card_expires_before_90_day_i751_application/,"ead card expires before 90 day i-751 application period
the wiki of this community is so helpful, and i wish i had discovered it earlier. however, my own next steps in the process aren’t so clear to me. i’d greatly appreciate advice. the situation is as follows: the 2-year conditional card expires in july next year, so the 90-day period for i-751 application starts in april. unfortunately, the card was issued with a delay, and my ead expires sooner, in the beginning of march. is there a way i can avoid the month gap for the work authorization? thank you!",True,False
1c2ldel,USCIS,Can I relink my pending I-485 to my wife's I-140?,"My I-485 is pending with myself as the principal applicant, and my PD is still far away from current. My wife's PD is now current, so we are wondering is there a way to link my pending application to her I-140? If not, what is my best strategy here, to withdraw and re-apply (follow to join)? We are married before all these applications. I wish I had filed I-485 as her dependent but we did not think it through back then :(

Thank you!",1712958667.0,2024-04-12T21:51:07,1,2,/r/USCIS/comments/1c2ldel/can_i_relink_my_pending_i485_to_my_wifes_i140/,https://www.reddit.com/r/USCIS/comments/1c2ldel/can_i_relink_my_pending_i485_to_my_wifes_i140/,"can i relink my pending i-485 to my wife's i-140?
my i-485 is pending with myself as the principal applicant, and my pd is still far away from current. my wife's pd is now current, so we are wondering is there a way to link my pending application to her i-140? if not, what is my best strategy here, to withdraw and re-apply (follow to join)? we are married before all these applications. i wish i had filed i-485 as her dependent but we did not think it through back then :(

thank you!",True,False
1bf4t1c,USCIS,Question about I-9 Forms and citizenship status.,"So I keep hearing that if you incorrectly identify as a US citizen on an I-9 form as a permanent resident then you can be subjected to deportation. But doesn't your employer verify the I-9 form and if you incorrectly enter info about your citizenship then it can be flagged down?

Since moving to the US, I have only been employed like 3 times. I most likely identified as a permanent resident on my I-9 forms but I'm feeling a little paranoid tonight since I applied to citizenship, and I wish I had looked at my previous I-9 forms to confirm that I marked myself as permanent resident.  I can't find my forms anywhere and I'm requesting my previous employers for copies. ",1710474368.0,2024-03-15T03:46:08,8,2,/r/USCIS/comments/1bf4t1c/question_about_i9_forms_and_citizenship_status/,https://www.reddit.com/r/USCIS/comments/1bf4t1c/question_about_i9_forms_and_citizenship_status/,"question about i-9 forms and citizenship status.
so i keep hearing that if you incorrectly identify as a us citizen on an i-9 form as a permanent resident then you can be subjected to deportation. but doesn't your employer verify the i-9 form and if you incorrectly enter info about your citizenship then it can be flagged down?

since moving to the us, i have only been employed like 3 times. i most likely identified as a permanent resident on my i-9 forms but i'm feeling a little paranoid tonight since i applied to citizenship, and i wish i had looked at my previous i-9 forms to confirm that i marked myself as permanent resident.  i can't find my forms anywhere and i'm requesting my previous employers for copies. ",True,False
19eu5yw,USCIS,Post Immigration Interview at Montreal Process seems to be hung with no HELP!,"my wife is a canadian citizen, she had an interview at USCIS Montreal Consulate in June 2022, she was refused since she did not bring my original divorce decree from previouse marriage.  She was asked to submit the certified copy of the decree.  we submitted the requested, within 60 days of the interview.  USCIS Montreal Consulate is holding her Canadian Passport since the interview, we have not heard back, when we call the provided contact number for Montreal USA Consulate, most of the time the call is dropped or the rep that answers the call says its under administrative processing, acknowledges, that all documents have been received.  The Rep does not have any status on processing time, we have sent number of emails to [montreal-iv-dv@state.gov](mailto:montreal-iv-dv@state.gov) , NOTHING.   Any suggestion on how to request for escalation?   so frustrating.   ( yes, I'm an American Citizen, I wish I had filed for her immigration from within USA)",1706137455.0,2024-01-24T23:04:15,4,2,/r/USCIS/comments/19eu5yw/post_immigration_interview_at_montreal_process/,https://www.reddit.com/r/USCIS/comments/19eu5yw/post_immigration_interview_at_montreal_process/,"post immigration interview at montreal process seems to be hung with no help!
my wife is a canadian citizen, she had an interview at uscis montreal consulate in june 2022, she was refused since she did not bring my original divorce decree from previouse marriage.  she was asked to submit the certified copy of the decree.  we submitted the requested, within 60 days of the interview.  uscis montreal consulate is holding her canadian passport since the interview, we have not heard back, when we call the provided contact number for montreal usa consulate, most of the time the call is dropped or the rep that answers the call says its under administrative processing, acknowledges, that all documents have been received.  the rep does not have any status on processing time, we have sent number of emails to [montreal-iv-dv@state.gov](mailto:montreal-iv-dv@state.gov) , nothing.   any suggestion on how to request for escalation?   so frustrating.   ( yes, i'm an american citizen, i wish i had filed for her immigration from within usa)",True,False
17hjlvm,USCIS,Any thoughts on using Boundless to obtain Green Card for my wife?," Cant seem to get the right answer on this topic. Getting a lawyer isnt an option due to financial constraints at the moment. I am a US citizen, My wife is Norwegian (married over 20 years with 3 American citizen children) she has a SS# but her green card expired over 15 ears ago. Not sure if the I-130 makes more sense or just go for the renewal I-90. Currently we live in Norway and want to move back within the next 2 years. Any help would be greatly appreciated. After I spoke with boundless they suggest CR1 Visa, while I hear others say the K1 visa is quicker.  Gotta say, this isnt easy.  I wish I had the extra 3 or 4k to get a real immigration lawyer",1698398669.0,2023-10-27T09:24:29,24,9,/r/USCIS/comments/17hjlvm/any_thoughts_on_using_boundless_to_obtain_green/,https://www.reddit.com/r/USCIS/comments/17hjlvm/any_thoughts_on_using_boundless_to_obtain_green/,"any thoughts on using boundless to obtain green card for my wife?
 cant seem to get the right answer on this topic. getting a lawyer isnt an option due to financial constraints at the moment. i am a us citizen, my wife is norwegian (married over 20 years with 3 american citizen children) she has a ss# but her green card expired over 15 ears ago. not sure if the i-130 makes more sense or just go for the renewal i-90. currently we live in norway and want to move back within the next 2 years. any help would be greatly appreciated. after i spoke with boundless they suggest cr1 visa, while i hear others say the k1 visa is quicker.  gotta say, this isnt easy.  i wish i had the extra 3 or 4k to get a real immigration lawyer",True,False
17b8zvz,USCIS,I-485 approved (Green Card in the mail + interview waived) 1 month after filing for I-131 expedite request - my journey with USCIS,"Hi,

I am sharing my journey with USCIS and adjustment of status process. It took forever.... And I wish I had filed an expedite request from the beggining, rather than waiting 17 months for my case to be processed. I have heard recently that it can be a good idea to either talk to your congressman, or file an expedite request for your case no matter how long you have been waiting for.

I personnaly didn't want to activate these options, thinking that some people might need it more than me, and that I didn't experience any emergencies at the time of filing. But I got so depressed over the past 2 years, waiting for a reply from USCIS, being stuck in the US, not being able to see my family abroad, that now I think I should have done it from the beggining. Nobody should have their life on hold like that. I don't know if USCIS realises how much depression their process causes on applicants and their families, not being able to work or travel to visit their families overseas. That should stop, something definitely needs to change. I wish that one day borders are open and people can live where they feel called to live and bring their value freely.

# Context:

I am married to an american citizen since 2019. I received an EAD (Emplyment Authorization) about 5 months after sending my application for I-485. However, USCIS never processed my application for I-131 that I filed to be able to travel while waiting for a decision on my Green Card application. I really needed to travel in June 2023, so in May 2023 I filed an expedite request on the form I-131 which was still pending. I didn't receive an answer for that request, but instead I received my Green Card in the mail one month later and USCIS waived my interview!

I am not sure my I-131 expedite request was the reason why my I-485 case was approved and interview waived a few weeks later. It might just be a coincidence... But I wanted to share my journey here in case some of you happen to be in a similar situation.

# Timeline:

* Mid Jan 2022
   * Filing for I-485 (and other related forms) + I-131 (at the time of filling, we have been married for 2 years and a half)
   * 6 days later: notice of action received from USCIS to confirm they received my application for I485 + I-130 + I-131 + I-795
* Mid Feb 2022 - Biometrics Appointment (one month after application)
* Mid june 2022 (5 months after application)
   * EAD received mid June + a notice saying medical certificate / form I-693 is missing in my application evidence
   * SSN received 3 days later
* End of February 2023 (13,5 months after my application) - Request for Evidence (RFE) asking for my medical certificate (I didn''t provide it with my application in Jan 2022 because all doctors had long wait time for appointments and I didn't have all the required vaccines). They gave me one month to get my medical certificate in order and send it to them before March 29th. Apparently it's rare that they send a RFE for medical certificate before the interview (usually they ask that you bring the medical certificate during the interview), and that's usually a sign that they might waive the interview...
* Early April 2023 - Notice from USCIS saying they received my medical certificate and that they should get back to me within 60 days
* May 2023:
   * Early May: No news from USCIS and I really need to travel in June, so I file an expedite request for form I-131 (authorization to travel), via the Emma just giving the reason(s) why I was filing an expedite request, but not providing any document (I said mainly because of severe financial loss, but also humanitarian reason and USCIS error)
   * 7 days later, USCIS replies asking for evidence for the expedite request reasons I indicated
   * 3 days later, I fax (lol!) them tons of evidence I had prepared ahead of time (74 pages including evidence and a 10 pages letter explaining why I really need a decision to be made on my application for form I-131)
* June 2023:
   * Early June, USCIS approved my I-485 case, WITHOUT NOTICING ME! I just randomly find out about it 2 days later on my USCIS online account. But they didn't even replied to my expedite request for I-131. And hard to believe at the time, they just waived my interview!! Could be because I was married to my husband for more than 2 years (?)
   * Mid June, a week later, I received my Green Card in the mail - litteraly half a day before I start traveling to my country (flight was booked long time ago).

All this time, the processing time application on USCIS website was telling me I couldn't contact them to ask about my case before sept 2023, then January 2024, and more recently not before May 2024... I was desperate... Having to wait for over 2 years before you can communicate with them about your case is INSANE. This needs to change.

# How I filed the Expedite Request

I followed these awsome recommendations from this person who filed an expedite request for an EAD I-795 and made a very useful thread about it: [https://www.reddit.com/r/USCIS/comments/m8pd3j/part\_2\_of\_expedite\_request\_approved\_what\_evidence/](https://www.reddit.com/r/USCIS/comments/m8pd3j/part_2_of_expedite_request_approved_what_evidence/) and I adapted them to my I-131 expedite request needs. I basically just used the same structure and changed the arguments with my own situation. I can share my letter here, but I don't know how to share a file on reddit. So just let me know if you are interested and I will find a solution to share it.

I really didn't think my situation could apply to the expedite request, because I mainly wanted to travel to attend a cousin's wedding that was planned since over 10 years ago, but I knew this wasn't a good reason for USCIS (unfortunately). So I came up with other reasons that really were not obvious to me at first but I made it work as I was thinking it through. What in my situation is a potential big money income that I could loose if I don't travel soon? What is a humanitarian situation that could apply to me?

## Criteria for expedite request

Here are all the reasons I came up with:

* Risk of severe financial loss (total I came up was with $250K):
   * My father had a business deal for family estate and I had to be part of it, but he ""would'nt"" let me do it from a distance, he wanted me there to sign the deal, otherwise I risked to loose my inheritance from him. Evidence: letter from my father + notice to appear from his notary for a family meeting planned in June (that's it, because the rest of the contract involved was under ""NDA"", Non Disclosure Agreement and only available to parties involved in the contract :)
   * I already lost money because of USCIS: I wasn't able to travel (which my position at the time of I-485 filing required me to be able to travel) and my job was terminated in 2022 after my year off was over. As a consequence, I lost social security / health care benefits and unemployment benefits from my country as I wasn't able to collect it there.
   * I showed how hard it was for me to find a job not being able to travel and prorated the loss of income since my job termination, and how it impacted my career financial compensation.
* USCIS error (I stated that this reason ""MIGHT meet other criteria for consideration"" to show I wasn''t 100% sure and it just added up to the financial reason anyways)
   * I showed how the timeline increased since I had filed my I-485 application in 2022 and how USCIS should have replied by then according to their initial estimated processing times. I used the archive.org to retrieve the dates that were showed on the USCIS page for processing times at the time of filing. I showed how their lack of response was beyond normal processing times and how it impacted my situation.
* Humanitarian reason
   * I provided evidence of my parents health issues: my mom broke her feet 3 years ago, was in a wheel chair for a while (she is totally fine now...) and my father has had heart issues and doctors were stating that he didn't do all the health checks he was supposed to do. So I used this, streched it a little, to show how my parents needed me to help them care for their health (I also really wanted to see them, they really wanted to see me, and that should be a good enough humanitarian reason!!!)

## Thoughts and Mindset

Basically we just need to be creative in the evidence we provide. As you think it out, you might find yourself very creative. I kept in mind that USCIS just want papers to check the boxes.

One thing that was really helpful in this process was that I talked about myself at the 3rd person in the letter. It helps to dissociate yourself from all of this and be ok with whatever you come up with. I didn't want to be in the energy of the victim who asks daddy USCIS to give me an authorisation to live my life. When I was writting this letter, I was just imagining I was talking about this little puppet I was calling ""the Applicant"" (me?) and how it could fit the box the USCIS was asking it to fit.

I was going to travel anyways, event if USCIS didn't get back to me on time. At that point, I was so fed up with the process, I was ready to give it up. Being in the US was never a dream, and I was detached from the idea to live here or not. And my husband was really understanding of my position.

I am really happy to have my Green Card now, but I still feel a bit stuck here because of the rule that says you have to be living at least 6 months a year to maintain your residency benefits. It just doesn''t work with me as I am a big traveler and have kind of a nomad life. I wish this could change too.

Also, whatever you believe in or not, think of the power of prayers (or law of attraction). That has been a powerful tool for me to manifest the reality I wanted, litteraly receiving the Green Card half a day before I leave for my travel / flight.

I wish you the best luck on your case. May it be the quickest and smoothiest as possible!",1697684437.0,2023-10-19T03:00:37,8,0,/r/USCIS/comments/17b8zvz/i485_approved_green_card_in_the_mail_interview/,https://www.reddit.com/r/USCIS/comments/17b8zvz/i485_approved_green_card_in_the_mail_interview/,"i-485 approved (green card in the mail + interview waived) 1 month after filing for i-131 expedite request - my journey with uscis
hi,

i am sharing my journey with uscis and adjustment of status process. it took forever.... and i wish i had filed an expedite request from the beggining, rather than waiting 17 months for my case to be processed. i have heard recently that it can be a good idea to either talk to your congressman, or file an expedite request for your case no matter how long you have been waiting for.

i personnaly didn't want to activate these options, thinking that some people might need it more than me, and that i didn't experience any emergencies at the time of filing. but i got so depressed over the past 2 years, waiting for a reply from uscis, being stuck in the us, not being able to see my family abroad, that now i think i should have done it from the beggining. nobody should have their life on hold like that. i don't know if uscis realises how much depression their process causes on applicants and their families, not being able to work or travel to visit their families overseas. that should stop, something definitely needs to change. i wish that one day borders are open and people can live where they feel called to live and bring their value freely.

# context:

i am married to an american citizen since 2019. i received an ead (emplyment authorization) about 5 months after sending my application for i-485. however, uscis never processed my application for i-131 that i filed to be able to travel while waiting for a decision on my green card application. i really needed to travel in june 2023, so in may 2023 i filed an expedite request on the form i-131 which was still pending. i didn't receive an answer for that request, but instead i received my green card in the mail one month later and uscis waived my interview!

i am not sure my i-131 expedite request was the reason why my i-485 case was approved and interview waived a few weeks later. it might just be a coincidence... but i wanted to share my journey here in case some of you happen to be in a similar situation.

# timeline:

* mid jan 2022
   * filing for i-485 (and other related forms) + i-131 (at the time of filling, we have been married for 2 years and a half)
   * 6 days later: notice of action received from uscis to confirm they received my application for i485 + i-130 + i-131 + i-795
* mid feb 2022 - biometrics appointment (one month after application)
* mid june 2022 (5 months after application)
   * ead received mid june + a notice saying medical certificate / form i-693 is missing in my application evidence
   * ssn received 3 days later
* end of february 2023 (13,5 months after my application) - request for evidence (rfe) asking for my medical certificate (i didn''t provide it with my application in jan 2022 because all doctors had long wait time for appointments and i didn't have all the required vaccines). they gave me one month to get my medical certificate in order and send it to them before march 29th. apparently it's rare that they send a rfe for medical certificate before the interview (usually they ask that you bring the medical certificate during the interview), and that's usually a sign that they might waive the interview...
* early april 2023 - notice from uscis saying they received my medical certificate and that they should get back to me within 60 days
* may 2023:
   * early may: no news from uscis and i really need to travel in june, so i file an expedite request for form i-131 (authorization to travel), via the emma just giving the reason(s) why i was filing an expedite request, but not providing any document (i said mainly because of severe financial loss, but also humanitarian reason and uscis error)
   * 7 days later, uscis replies asking for evidence for the expedite request reasons i indicated
   * 3 days later, i fax (lol!) them tons of evidence i had prepared ahead of time (74 pages including evidence and a 10 pages letter explaining why i really need a decision to be made on my application for form i-131)
* june 2023:
   * early june, uscis approved my i-485 case, without noticing me! i just randomly find out about it 2 days later on my uscis online account. but they didn't even replied to my expedite request for i-131. and hard to believe at the time, they just waived my interview!! could be because i was married to my husband for more than 2 years (?)
   * mid june, a week later, i received my green card in the mail - litteraly half a day before i start traveling to my country (flight was booked long time ago).

all this time, the processing time application on uscis website was telling me i couldn't contact them to ask about my case before sept 2023, then january 2024, and more recently not before may 2024... i was desperate... having to wait for over 2 years before you can communicate with them about your case is insane. this needs to change.

# how i filed the expedite request

i followed these awsome recommendations from this person who filed an expedite request for an ead i-795 and made a very useful thread about it: [https://www.reddit.com/r/uscis/comments/m8pd3j/part\_2\_of\_expedite\_request\_approved\_what\_evidence/](https://www.reddit.com/r/uscis/comments/m8pd3j/part_2_of_expedite_request_approved_what_evidence/) and i adapted them to my i-131 expedite request needs. i basically just used the same structure and changed the arguments with my own situation. i can share my letter here, but i don't know how to share a file on reddit. so just let me know if you are interested and i will find a solution to share it.

i really didn't think my situation could apply to the expedite request, because i mainly wanted to travel to attend a cousin's wedding that was planned since over 10 years ago, but i knew this wasn't a good reason for uscis (unfortunately). so i came up with other reasons that really were not obvious to me at first but i made it work as i was thinking it through. what in my situation is a potential big money income that i could loose if i don't travel soon? what is a humanitarian situation that could apply to me?

## criteria for expedite request

here are all the reasons i came up with:

* risk of severe financial loss (total i came up was with $250k):
   * my father had a business deal for family estate and i had to be part of it, but he ""would'nt"" let me do it from a distance, he wanted me there to sign the deal, otherwise i risked to loose my inheritance from him. evidence: letter from my father + notice to appear from his notary for a family meeting planned in june (that's it, because the rest of the contract involved was under ""nda"", non disclosure agreement and only available to parties involved in the contract :)
   * i already lost money because of uscis: i wasn't able to travel (which my position at the time of i-485 filing required me to be able to travel) and my job was terminated in 2022 after my year off was over. as a consequence, i lost social security / health care benefits and unemployment benefits from my country as i wasn't able to collect it there.
   * i showed how hard it was for me to find a job not being able to travel and prorated the loss of income since my job termination, and how it impacted my career financial compensation.
* uscis error (i stated that this reason ""might meet other criteria for consideration"" to show i wasn''t 100% sure and it just added up to the financial reason anyways)
   * i showed how the timeline increased since i had filed my i-485 application in 2022 and how uscis should have replied by then according to their initial estimated processing times. i used the archive.org to retrieve the dates that were showed on the uscis page for processing times at the time of filing. i showed how their lack of response was beyond normal processing times and how it impacted my situation.
* humanitarian reason
   * i provided evidence of my parents health issues: my mom broke her feet 3 years ago, was in a wheel chair for a while (she is totally fine now...) and my father has had heart issues and doctors were stating that he didn't do all the health checks he was supposed to do. so i used this, streched it a little, to show how my parents needed me to help them care for their health (i also really wanted to see them, they really wanted to see me, and that should be a good enough humanitarian reason!!!)

## thoughts and mindset

basically we just need to be creative in the evidence we provide. as you think it out, you might find yourself very creative. i kept in mind that uscis just want papers to check the boxes.

one thing that was really helpful in this process was that i talked about myself at the 3rd person in the letter. it helps to dissociate yourself from all of this and be ok with whatever you come up with. i didn't want to be in the energy of the victim who asks daddy uscis to give me an authorisation to live my life. when i was writting this letter, i was just imagining i was talking about this little puppet i was calling ""the applicant"" (me?) and how it could fit the box the uscis was asking it to fit.

i was going to travel anyways, event if uscis didn't get back to me on time. at that point, i was so fed up with the process, i was ready to give it up. being in the us was never a dream, and i was detached from the idea to live here or not. and my husband was really understanding of my position.

i am really happy to have my green card now, but i still feel a bit stuck here because of the rule that says you have to be living at least 6 months a year to maintain your residency benefits. it just doesn''t work with me as i am a big traveler and have kind of a nomad life. i wish this could change too.

also, whatever you believe in or not, think of the power of prayers (or law of attraction). that has been a powerful tool for me to manifest the reality i wanted, litteraly receiving the green card half a day before i leave for my travel / flight.

i wish you the best luck on your case. may it be the quickest and smoothiest as possible!",True,False
16xvfzp,USCIS,Shaan - Simplify Your Immigration Journey,"Hello everyone! I'm building [Shaan](https://shaan.ai/) to help simplify all things immigration. My own struggles as an immigrant in the US inspired its creation. I lost two of my three H1b lottery attempts, one because I worked at a small company that didn't have an established process for international employees and another because I got laid off a month before the deadline. I got incredibly lucky on my third attempt. The process was very stressful and I wish I had someone in my corner to guide me through it. Every immigrant's journey, no matter where in the world, is unique and often challenging. My hope is for Shaan to be by your side, guiding and simplifying each step.

Right now, it can answer any question you have about immigration using GPT-4. It can help with small things, like how to fill out a form, and bigger issues, like what your visa options are if you lose your job. In the future, I also want it to do some of the tedious stuff like keeping track of your documents, pre-filling forms and even looking for appointments and notifying you when something is available.

You can try it out here : [https://shaan.ai](https://shaan.ai/)

I'd love to hear your thoughts, feedback, and any personal experiences you've had with immigration processes anywhere in the world!",1696249905.0,2023-10-02T12:31:45,8,8,/r/USCIS/comments/16xvfzp/shaan_simplify_your_immigration_journey/,https://www.reddit.com/r/USCIS/comments/16xvfzp/shaan_simplify_your_immigration_journey/,"shaan - simplify your immigration journey
hello everyone! i'm building [shaan](https://shaan.ai/) to help simplify all things immigration. my own struggles as an immigrant in the us inspired its creation. i lost two of my three h1b lottery attempts, one because i worked at a small company that didn't have an established process for international employees and another because i got laid off a month before the deadline. i got incredibly lucky on my third attempt. the process was very stressful and i wish i had someone in my corner to guide me through it. every immigrant's journey, no matter where in the world, is unique and often challenging. my hope is for shaan to be by your side, guiding and simplifying each step.

right now, it can answer any question you have about immigration using gpt-4. it can help with small things, like how to fill out a form, and bigger issues, like what your visa options are if you lose your job. in the future, i also want it to do some of the tedious stuff like keeping track of your documents, pre-filling forms and even looking for appointments and notifying you when something is available.

you can try it out here : [https://shaan.ai](https://shaan.ai/)

i'd love to hear your thoughts, feedback, and any personal experiences you've had with immigration processes anywhere in the world!",True,False
15t6zgp,USCIS,I-131 approved - expedite USCIS,"After almost a year I finally got my I-131 approved. I wish I had expedited it sooner. I’ve missed so many family occasions, missed saying bye to my family dog of 15 years, and so many more things. I got approved within 3 business days of expediting. If anyone needs help please let me know. I come to this community a lot so would love to help others.",1692231336.0,2023-08-17T00:15:36,19,12,/r/USCIS/comments/15t6zgp/i131_approved_expedite_uscis/,https://www.reddit.com/r/USCIS/comments/15t6zgp/i131_approved_expedite_uscis/,"i-131 approved - expedite uscis
after almost a year i finally got my i-131 approved. i wish i had expedited it sooner. i’ve missed so many family occasions, missed saying bye to my family dog of 15 years, and so many more things. i got approved within 3 business days of expediting. if anyone needs help please let me know. i come to this community a lot so would love to help others.",True,False
15a15hq,USCIS,Military married to non-US citizen wife. Both overseas.,"Hi all. First off, thank you to this great community. My wife and I submitted our I-130 in June and then I found this subreddit. I wish i had it sooner. You guys are great and have helped us calm our nerves and had answers to our questions. I'm hoping someone here can help me calm my nerves more.

I'm in the military stationed overseas and married my wife here in her home country. We submitted the I-130 by ourselves in June. I hope to have the marriage visa process done sometime next year so she can visit my family back in the US.

My concern lies in her ""visiting"" and not living in the US as we will return to my duty station overseas after. I will be stationed here until 2025 at least. Ive seen some things on different websites that since I'm in the military stationed overseas, she'll kind of get a pass on residing in the US? I also worry about what will happen at the airport when we arrive and say we're just visiting to the customs official. Will they care or know since I'm military?

Just looking for any guidance or reassurance if someone has been through something similar. Again, you guys rock and I'm glad to have a community like this.",1690364872.0,2023-07-26T09:47:52,3,4,/r/USCIS/comments/15a15hq/military_married_to_nonus_citizen_wife_both/,https://www.reddit.com/r/USCIS/comments/15a15hq/military_married_to_nonus_citizen_wife_both/,"military married to non-us citizen wife. both overseas.
hi all. first off, thank you to this great community. my wife and i submitted our i-130 in june and then i found this subreddit. i wish i had it sooner. you guys are great and have helped us calm our nerves and had answers to our questions. i'm hoping someone here can help me calm my nerves more.

i'm in the military stationed overseas and married my wife here in her home country. we submitted the i-130 by ourselves in june. i hope to have the marriage visa process done sometime next year so she can visit my family back in the us.

my concern lies in her ""visiting"" and not living in the us as we will return to my duty station overseas after. i will be stationed here until 2025 at least. ive seen some things on different websites that since i'm in the military stationed overseas, she'll kind of get a pass on residing in the us? i also worry about what will happen at the airport when we arrive and say we're just visiting to the customs official. will they care or know since i'm military?

just looking for any guidance or reassurance if someone has been through something similar. again, you guys rock and i'm glad to have a community like this.",True,False
156o55s,USCIS,Oath Ceremony Experience at District Court NYC,"Thought I'd write our experience because I personally like to know exactly what I'm getting into with these appointments.

My husband's oath ceremony was scheduled for more than two months after his interview. This was likely because they asked him to submit more documents on his naturalization application. Even though he submitted the next day it took a while for them to get back with us. We got nervous about how long it took, but all was well. He got notified that his 10 year green card was approved before the naturalization application- which I read is typical.

We arrived at the side door of the courthouse where you wait in a long (but fast-moving) line through security. They take your phone, headphones, and any other electronics, and they are stowed away until the ceremony is over. It was extremely cold in the courthouse and we were there for two and a half hours so I wish I had brought a sweater!

Guests sat in the back of the courthouse. They allowed guests to leave and get breakfast on an upper floor and return, but no one did. The ceremony didn't start until an hour after start time while they checked that new citizens had their appointment paper. Some people were still filing in half an hour after the appointment time.

They checked everyone's documents one by one. I gave my husband his past visa documents because the paper said to bring all travel docs, but they only took his green card and work authorization card.

Then the judge came and made a speech. It was nice. He talked about how America is the nation of immigrants, but I sorta felt like he glossed over the slave trade. Anyways... They all stood up and took the oath together repeating after the judge. Then everyone said the pledge of allegiance. After that, they called the new citizens up to receive their certificate and you could leave.

Been very grateful to this subreddit over the years. Thanks all :)",1690042312.0,2023-07-22T16:11:52,9,5,/r/USCIS/comments/156o55s/oath_ceremony_experience_at_district_court_nyc/,https://www.reddit.com/r/USCIS/comments/156o55s/oath_ceremony_experience_at_district_court_nyc/,"oath ceremony experience at district court nyc
thought i'd write our experience because i personally like to know exactly what i'm getting into with these appointments.

my husband's oath ceremony was scheduled for more than two months after his interview. this was likely because they asked him to submit more documents on his naturalization application. even though he submitted the next day it took a while for them to get back with us. we got nervous about how long it took, but all was well. he got notified that his 10 year green card was approved before the naturalization application- which i read is typical.

we arrived at the side door of the courthouse where you wait in a long (but fast-moving) line through security. they take your phone, headphones, and any other electronics, and they are stowed away until the ceremony is over. it was extremely cold in the courthouse and we were there for two and a half hours so i wish i had brought a sweater!

guests sat in the back of the courthouse. they allowed guests to leave and get breakfast on an upper floor and return, but no one did. the ceremony didn't start until an hour after start time while they checked that new citizens had their appointment paper. some people were still filing in half an hour after the appointment time.

they checked everyone's documents one by one. i gave my husband his past visa documents because the paper said to bring all travel docs, but they only took his green card and work authorization card.

then the judge came and made a speech. it was nice. he talked about how america is the nation of immigrants, but i sorta felt like he glossed over the slave trade. anyways... they all stood up and took the oath together repeating after the judge. then everyone said the pledge of allegiance. after that, they called the new citizens up to receive their certificate and you could leave.

been very grateful to this subreddit over the years. thanks all :)",True,False
151sydd,USCIS,Green card finally approved!,"Background: my wife and I met in China 16 years ago. We’ve been married for six years. After my wife retired, we decided to apply for her green card.  Here’s a brief summary of our journey. 

May 31, 2021, I-130 submitted

December 5, 2022, RFE: Last three empty pages of the I-130 form weren’t sent in. I either neglected to scan these empty pages (for an attorney, if one was used) or thought they were unnecessary because we didn’t use an attorney.

January 3, 2023, I-130 was approved (including documents that were later rejected by NVC). Immediately began collecting information for second phase. 

January 20, 2023, Police clearance from Australia was received two days after request.

February 14, 2020, Our marriage certificate was accepted after resubmission. First submission scan was cropped to the edge of the document. Not acceptable. You must show the edge of the document.

March 2, 2023, Wife’s divorce decree was accepted after resubmission. First submission scan was cropped to the edge of the document. Not acceptable. You must show the edge of the document.

March 24, 2023, Police clearance from Singapore was finally received after having requested it in January. We had to submit fingerprints to Singapore. Oops, red ink fingerprints are not accepted, only black or blue. So we bought a black ink fingerprint pad online and had to go to a Chinese notary to do the fingerprints in front of him so that he could verify that they were indeed the fingerprints of my wife.

May 2, 2023, Received email saying everything was completed and that her appointment was set for 8:50 am June 26. There is so much confusing information online. Do husband and wife both appear and are interviewed separately? No. Just the noncitizen goes for the interview. Is there a separate biometric appointment? No, they did the fingerprints before the interview in Guangzhou and no additional photo was necessary. I kept trying previously to find out how much time there was between the notice of the appointment and the actual appointment and never got a clear answer. So in our case it was almost two months. 

May 24, 2023, Only four locations in China with an authorized medical examination facility. So, we flew to Beijing for physical exam. Took two days because wife had high blood pressure and they wouldn’t give her the required vaccinations until her blood pressure was lower so she had to return the next day. So it was a good thing we scheduled extra time in the city.

June 26, 2023, Appointment at the Guangzhou Consulate at 8:50. Arrived early. Wife went in but didn’t come out for about three hours. She had to wait her turn in a sitting area where everyone heard everyone else’s case. Chinese people conducted the intake process for everyone, reviewing the documents, etc. A non-Chinese man did the actual interview, which was very brief. He seemed to think everything was in order but the Chinese lady said my wife’s divorce decree wasn’t notarized. It was translated and the translation was certified but not notarized. So that meant no green card that day. We had to go back home and get her divorce decree notarized and sent back to the Consulate. It was so picky. Our marriage registration was notarized and accepted. China would not have allowed us to get married if my wife wasn’t properly divorced. So just another meaningless, picky hurdle on our way to green card status.

July 17, 2020, received call from the Citic Bank saying that wife’s passport was being delivered July 18 and could be picked up then. The American Consulate has an agreement with this bank to use its document delivery system to transport passports in a safe manner. You pick out a branch you would like the passport delivered to. The system was also used to return the notarized divorce document back to the Consulate.

I wish I had kept track of the additional cost of obtaining the green card above and beyond the required fees. Travel back and forth to Beijing and Guangzhou, hotel for several nights in each place, cost of notary and translation services (neither of which is cheap in China), cost of police clearances because of wife having lived outside of China, cost of medical exam, cost of vaccinations, cost of Fedexing materials to Texas to correct I-130 blunder, etc. 

The time involved has been unbelievable. It’s a good thing we are both retired. We didn’t use an attorney, thinking we would have to send them the same documents we would be sending to Immigration. In retrospect, an attorney would have known the things that we messed up on and would probably have saved a few months of processing time. An attorney would also have been able to answer our questions and relieve a ton of anxiety.

I hope this anecdotal information is helpful to others.",1689572584.0,2023-07-17T05:43:04,5,8,/r/USCIS/comments/151sydd/green_card_finally_approved/,https://www.reddit.com/r/USCIS/comments/151sydd/green_card_finally_approved/,"green card finally approved!
background: my wife and i met in china 16 years ago. we’ve been married for six years. after my wife retired, we decided to apply for her green card.  here’s a brief summary of our journey. 

may 31, 2021, i-130 submitted

december 5, 2022, rfe: last three empty pages of the i-130 form weren’t sent in. i either neglected to scan these empty pages (for an attorney, if one was used) or thought they were unnecessary because we didn’t use an attorney.

january 3, 2023, i-130 was approved (including documents that were later rejected by nvc). immediately began collecting information for second phase. 

january 20, 2023, police clearance from australia was received two days after request.

february 14, 2020, our marriage certificate was accepted after resubmission. first submission scan was cropped to the edge of the document. not acceptable. you must show the edge of the document.

march 2, 2023, wife’s divorce decree was accepted after resubmission. first submission scan was cropped to the edge of the document. not acceptable. you must show the edge of the document.

march 24, 2023, police clearance from singapore was finally received after having requested it in january. we had to submit fingerprints to singapore. oops, red ink fingerprints are not accepted, only black or blue. so we bought a black ink fingerprint pad online and had to go to a chinese notary to do the fingerprints in front of him so that he could verify that they were indeed the fingerprints of my wife.

may 2, 2023, received email saying everything was completed and that her appointment was set for 8:50 am june 26. there is so much confusing information online. do husband and wife both appear and are interviewed separately? no. just the noncitizen goes for the interview. is there a separate biometric appointment? no, they did the fingerprints before the interview in guangzhou and no additional photo was necessary. i kept trying previously to find out how much time there was between the notice of the appointment and the actual appointment and never got a clear answer. so in our case it was almost two months. 

may 24, 2023, only four locations in china with an authorized medical examination facility. so, we flew to beijing for physical exam. took two days because wife had high blood pressure and they wouldn’t give her the required vaccinations until her blood pressure was lower so she had to return the next day. so it was a good thing we scheduled extra time in the city.

june 26, 2023, appointment at the guangzhou consulate at 8:50. arrived early. wife went in but didn’t come out for about three hours. she had to wait her turn in a sitting area where everyone heard everyone else’s case. chinese people conducted the intake process for everyone, reviewing the documents, etc. a non-chinese man did the actual interview, which was very brief. he seemed to think everything was in order but the chinese lady said my wife’s divorce decree wasn’t notarized. it was translated and the translation was certified but not notarized. so that meant no green card that day. we had to go back home and get her divorce decree notarized and sent back to the consulate. it was so picky. our marriage registration was notarized and accepted. china would not have allowed us to get married if my wife wasn’t properly divorced. so just another meaningless, picky hurdle on our way to green card status.

july 17, 2020, received call from the citic bank saying that wife’s passport was being delivered july 18 and could be picked up then. the american consulate has an agreement with this bank to use its document delivery system to transport passports in a safe manner. you pick out a branch you would like the passport delivered to. the system was also used to return the notarized divorce document back to the consulate.

i wish i had kept track of the additional cost of obtaining the green card above and beyond the required fees. travel back and forth to beijing and guangzhou, hotel for several nights in each place, cost of notary and translation services (neither of which is cheap in china), cost of police clearances because of wife having lived outside of china, cost of medical exam, cost of vaccinations, cost of fedexing materials to texas to correct i-130 blunder, etc. 

the time involved has been unbelievable. it’s a good thing we are both retired. we didn’t use an attorney, thinking we would have to send them the same documents we would be sending to immigration. in retrospect, an attorney would have known the things that we messed up on and would probably have saved a few months of processing time. an attorney would also have been able to answer our questions and relieve a ton of anxiety.

i hope this anecdotal information is helpful to others.",True,False
14tbldo,USCIS,My complicated timeline,"My timeline:

Nov 2nd 2022: submitted I-485, I-130, I-765, I-131 (marriage based GC, married to US citizen)

Dec 5th: biometrics

Dec 9th: RFE for proof of sponsor income (I responded on Dec 10th)

March 28th: I-485 denied (sponsor income did not upload properly on their website even though it said it did so the file was blank. So frustrated I still have no words)

March 29th: I-130 approved

\*I now called USCIS contact center multiple times asking if I needed to refile my I-765 and I-131 when I resubmitted my I-485. They told me **not to** because my old ones would be valid with a pending I-485 (which I was about to resubmit) and I absolutely should not upload unnecessary forms. Three agents told me this\*

April 3rd 2022: USCIS received my new I-485

April 16th: RFE for I-693 (I asked if they could reuse my old one because it was still valid) and notice telling me they would reuse my biometrics

April 26th: USCIS received my I-693

\*At this point my I-765 had been pending so long I was worried. My EAD from OPT expires in 2 weeks from today so I decided to file a new one with my new I-485 receipt notice just in case it processed faster the second time\*

June 20th: USCIS received my I-765. Receipt notice has still not even been sent

June 21st: I-765 and I-131 are terminated due to 'benefit being received through other means'. They still have not even sent me a denial notice but my congressman was able to inquire and found out that this was because my first I-485 was denied *even though 3 agents told me not to refile*. Am also very mad about that but grateful that my paranoia made me send in a new I-765 before this happened. I will try to expedite it based on financial loss and USCIS error because **they told me not to refile** which was obviously incorrect

I've seen many people on this forum receive their green cards and work authorization so quickly and it's very frustrating because while I'm grateful to have my I-130, I feel like I'm back at square one with my I-485 and I-765. I don't understand why USCIS will approve some people so quickly and others so slowly- I feel lucky that my first case denial came in after only 5 months but am also so frustrated that it only happened because one form didn't upload properly. My sponsor makes 5x the minimum income so that being the reason for my denial is frustrating

At this point, I'm not sure what to do. Everything feels so hopeless and I know many people have had worse times than me but it makes me regret moving here and trying to make staying in the US work. I wish I had just decided to go home after my OPT ended and build a life elsewhere. I know that in the long run I will be grateful I stuck it out but wow, life sucks right now and I am so upset that I will be losing my right to work in 2 weeks as it is the only thing that has been keeping me sane. Not sure whether to just leave the US and go home and apply from abroad since I have my I-130- at least I could travel and have a job there",1688746269.0,2023-07-07T16:11:09,1,0,/r/USCIS/comments/14tbldo/my_complicated_timeline/,https://www.reddit.com/r/USCIS/comments/14tbldo/my_complicated_timeline/,"my complicated timeline
my timeline:

nov 2nd 2022: submitted i-485, i-130, i-765, i-131 (marriage based gc, married to us citizen)

dec 5th: biometrics

dec 9th: rfe for proof of sponsor income (i responded on dec 10th)

march 28th: i-485 denied (sponsor income did not upload properly on their website even though it said it did so the file was blank. so frustrated i still have no words)

march 29th: i-130 approved

\*i now called uscis contact center multiple times asking if i needed to refile my i-765 and i-131 when i resubmitted my i-485. they told me **not to** because my old ones would be valid with a pending i-485 (which i was about to resubmit) and i absolutely should not upload unnecessary forms. three agents told me this\*

april 3rd 2022: uscis received my new i-485

april 16th: rfe for i-693 (i asked if they could reuse my old one because it was still valid) and notice telling me they would reuse my biometrics

april 26th: uscis received my i-693

\*at this point my i-765 had been pending so long i was worried. my ead from opt expires in 2 weeks from today so i decided to file a new one with my new i-485 receipt notice just in case it processed faster the second time\*

june 20th: uscis received my i-765. receipt notice has still not even been sent

june 21st: i-765 and i-131 are terminated due to 'benefit being received through other means'. they still have not even sent me a denial notice but my congressman was able to inquire and found out that this was because my first i-485 was denied *even though 3 agents told me not to refile*. am also very mad about that but grateful that my paranoia made me send in a new i-765 before this happened. i will try to expedite it based on financial loss and uscis error because **they told me not to refile** which was obviously incorrect

i've seen many people on this forum receive their green cards and work authorization so quickly and it's very frustrating because while i'm grateful to have my i-130, i feel like i'm back at square one with my i-485 and i-765. i don't understand why uscis will approve some people so quickly and others so slowly- i feel lucky that my first case denial came in after only 5 months but am also so frustrated that it only happened because one form didn't upload properly. my sponsor makes 5x the minimum income so that being the reason for my denial is frustrating

at this point, i'm not sure what to do. everything feels so hopeless and i know many people have had worse times than me but it makes me regret moving here and trying to make staying in the us work. i wish i had just decided to go home after my opt ended and build a life elsewhere. i know that in the long run i will be grateful i stuck it out but wow, life sucks right now and i am so upset that i will be losing my right to work in 2 weeks as it is the only thing that has been keeping me sane. not sure whether to just leave the us and go home and apply from abroad since i have my i-130- at least i could travel and have a job there",True,False
14j1p0k,USCIS,Green card approved today after 6 months - AOS,"Hi All,

My I-485 got approved today. This is AOS based, I came under a J1 visa and married a US citizen last year. My husband was the sponsor and his father the co-sponsor (as my husband didn't have enough US income on a retroactive basis at the time to do it on his own).

We worked with a lawyer (paid by my employer) and filed from NYC (the center is NBC). We filed concurrently the I-485,I-130,I-131,I-765 and sent my medicals with the package. The package of proofs was pretty simple (a couple of pictures max, one utility bill + rental agreement with both our names + marriage certificate). We got no RFE.

**This is the timeline of the whole package:**

\- We get receipt of our package on 01/05/2023

\- Biometrics taken on 01/31/2023 at c. 2.30pm EST

\- I-131, I-130, I-765 and I-485's respective status got changed to ""under active review""

\- EAD (I-765) got approved on 01/31/23 around 5-6pm EST

\- I-131 got approved via an expedite process on 04/26/23 (I needed to visit a dying friend, I posted about it here: [https://www.reddit.com/r/USCIS/comments/12zy13f/my\_expedite\_to\_see\_my\_ailing\_friend\_has\_been/](https://www.reddit.com/r/USCIS/comments/12zy13f/my_expedite_to_see_my_ailing_friend_has_been/) )

\- I-130 was ""under review"" a second time on *Saturday* 06/24/23 (still not approved technically as I'm writing this post)

\- I-485 got approved early afternoon on *Sunday* 06/25/23 - interview waived (we've been married less than 6 months)

I was part of the batch that got a boost in their processing time a couple of weeks back (as provided by the USCIS on their website under the I-130 section). My processing time this week was ""1 week"" for what it's worth as it is not always a reliable indicator. It's also interesting that the USCIS works on the weekend.

**What I wish I had known when starting the process:**

*(this is not legal advice)*

\- Sponsors can and should create an online USCIS account: The I-130 results is only available under your sponsor's USCIS account (under documents). We hadn't received a code for my husband to create an account so we were in the dark until my I-485 got approved (only for a day though, appreciate that)

\- Processing time: There is a processing time tool available via the USCIS as mentioned above (yes, I didn't know that). FYI it's not always a reliable source

\- Weekends and the USCIS: The USCIS seem to be working on cases during the weekends

\- Contacting congressmen is free and *can* work: If you want to expedite a case, it's best to straight away contact your congressman. It's a *free* tool available to anyone my lawyer hadn't told me about. Pretty much every congressman has a form to deal with state agencies available on their website. It might work or not but it will cost way less time than all the clicks spent on refreshing apps such as ""Lawfully"". It worked in my case for the travel authorization (I posted the link if that's of interest to anyone)

\- Receiving documents and cards: If you work with a lawyer, then most likely your documents (such as the EAD, the GC, etc.) will first be sent to your lawyer's office rather than to your address directly

Best of luck to everyone in your journey with the USCIS",1687738054.0,2023-06-26T00:07:34,23,11,/r/USCIS/comments/14j1p0k/green_card_approved_today_after_6_months_aos/,https://www.reddit.com/r/USCIS/comments/14j1p0k/green_card_approved_today_after_6_months_aos/,"green card approved today after 6 months - aos
hi all,

my i-485 got approved today. this is aos based, i came under a j1 visa and married a us citizen last year. my husband was the sponsor and his father the co-sponsor (as my husband didn't have enough us income on a retroactive basis at the time to do it on his own).

we worked with a lawyer (paid by my employer) and filed from nyc (the center is nbc). we filed concurrently the i-485,i-130,i-131,i-765 and sent my medicals with the package. the package of proofs was pretty simple (a couple of pictures max, one utility bill + rental agreement with both our names + marriage certificate). we got no rfe.

**this is the timeline of the whole package:**

\- we get receipt of our package on 01/05/2023

\- biometrics taken on 01/31/2023 at c. 2.30pm est

\- i-131, i-130, i-765 and i-485's respective status got changed to ""under active review""

\- ead (i-765) got approved on 01/31/23 around 5-6pm est

\- i-131 got approved via an expedite process on 04/26/23 (i needed to visit a dying friend, i posted about it here: [https://www.reddit.com/r/uscis/comments/12zy13f/my\_expedite\_to\_see\_my\_ailing\_friend\_has\_been/](https://www.reddit.com/r/uscis/comments/12zy13f/my_expedite_to_see_my_ailing_friend_has_been/) )

\- i-130 was ""under review"" a second time on *saturday* 06/24/23 (still not approved technically as i'm writing this post)

\- i-485 got approved early afternoon on *sunday* 06/25/23 - interview waived (we've been married less than 6 months)

i was part of the batch that got a boost in their processing time a couple of weeks back (as provided by the uscis on their website under the i-130 section). my processing time this week was ""1 week"" for what it's worth as it is not always a reliable indicator. it's also interesting that the uscis works on the weekend.

**what i wish i had known when starting the process:**

*(this is not legal advice)*

\- sponsors can and should create an online uscis account: the i-130 results is only available under your sponsor's uscis account (under documents). we hadn't received a code for my husband to create an account so we were in the dark until my i-485 got approved (only for a day though, appreciate that)

\- processing time: there is a processing time tool available via the uscis as mentioned above (yes, i didn't know that). fyi it's not always a reliable source

\- weekends and the uscis: the uscis seem to be working on cases during the weekends

\- contacting congressmen is free and *can* work: if you want to expedite a case, it's best to straight away contact your congressman. it's a *free* tool available to anyone my lawyer hadn't told me about. pretty much every congressman has a form to deal with state agencies available on their website. it might work or not but it will cost way less time than all the clicks spent on refreshing apps such as ""lawfully"". it worked in my case for the travel authorization (i posted the link if that's of interest to anyone)

\- receiving documents and cards: if you work with a lawyer, then most likely your documents (such as the ead, the gc, etc.) will first be sent to your lawyer's office rather than to your address directly

best of luck to everyone in your journey with the uscis",True,False
12z2ajv,USCIS,Question about vaccinations for immigration,"I'm not sure what all information I should include here, so if I'm missing something important to my question, then I apologize in advance.

I completed and submitted the I-130 spousal visa 7 months ago. According to the USCIS website, we still have an estimated time of 4 months to wait. The idea of vaccination records only just occurred to me in the last couple of days. For those of you who have been through the process (or are further along than I am), what kind of vaccines (and records) will she need to get? I wish I had thought of this 7 months ago, but what's done is done.

My fear is that when the 4 months of waiting is over (assuming it doesn't get prolonged beyond that) ... that we will find out that we should have done this, that, and some other thing while waiting for the I-130 to process. So with the time we have left, I want to get all those things done.

If you can help direct me as to what we need to be doing during this time, I would greatly appreciate it.

If it matters, she is from the Philippines.",1682472114.0,2023-04-26T01:21:54,15,4,/r/USCIS/comments/12z2ajv/question_about_vaccinations_for_immigration/,https://www.reddit.com/r/USCIS/comments/12z2ajv/question_about_vaccinations_for_immigration/,"question about vaccinations for immigration
i'm not sure what all information i should include here, so if i'm missing something important to my question, then i apologize in advance.

i completed and submitted the i-130 spousal visa 7 months ago. according to the uscis website, we still have an estimated time of 4 months to wait. the idea of vaccination records only just occurred to me in the last couple of days. for those of you who have been through the process (or are further along than i am), what kind of vaccines (and records) will she need to get? i wish i had thought of this 7 months ago, but what's done is done.

my fear is that when the 4 months of waiting is over (assuming it doesn't get prolonged beyond that) ... that we will find out that we should have done this, that, and some other thing while waiting for the i-130 to process. so with the time we have left, i want to get all those things done.

if you can help direct me as to what we need to be doing during this time, i would greatly appreciate it.

if it matters, she is from the philippines.",True,False
12sps8w,USCIS,Secondary Financial Sponsor Question,"Hello All,

I have posted on here before, typically about the I-601A. I wish I had an update on that, but unfortunately my husband is still awaiting approval since January 2021. (Go IMMpact! Hopefully, we can get USCIS off their butts and adjudicate some I-601s!)

Anyway, I have a separate question I'm hoping maybe someone has an answer to. My brother is a USC currently living in Canada. His wife has a Canadian PR card and is originally from Columbia. He is attempting to sponsor her to come here to the US.

After a year, their I-130 was approved. Now they are filling out all of the documents for the NVC. Because his income is Canadian, they informed me they need a ""secondary financial sponsor"" and are asking if I can do that for them. My concern is that because I'm already petitioning and sponsoring my husband, will agreeing to be a joint financial sponsor for them impact his case?

I called USCIS and the representative admitted she didn't know and that her supervisor (funny, whenever I want to talk to a supervisor, they never seem to have one) advised I contact a lawyer to ask.

Does anyone possibly know if I can (or even should) do this for my brother and his wife?

Thank you.",1681975122.0,2023-04-20T07:18:42,3,1,/r/USCIS/comments/12sps8w/secondary_financial_sponsor_question/,https://www.reddit.com/r/USCIS/comments/12sps8w/secondary_financial_sponsor_question/,"secondary financial sponsor question
hello all,

i have posted on here before, typically about the i-601a. i wish i had an update on that, but unfortunately my husband is still awaiting approval since january 2021. (go immpact! hopefully, we can get uscis off their butts and adjudicate some i-601s!)

anyway, i have a separate question i'm hoping maybe someone has an answer to. my brother is a usc currently living in canada. his wife has a canadian pr card and is originally from columbia. he is attempting to sponsor her to come here to the us.

after a year, their i-130 was approved. now they are filling out all of the documents for the nvc. because his income is canadian, they informed me they need a ""secondary financial sponsor"" and are asking if i can do that for them. my concern is that because i'm already petitioning and sponsoring my husband, will agreeing to be a joint financial sponsor for them impact his case?

i called uscis and the representative admitted she didn't know and that her supervisor (funny, whenever i want to talk to a supervisor, they never seem to have one) advised i contact a lawyer to ask.

does anyone possibly know if i can (or even should) do this for my brother and his wife?

thank you.",True,False
10mz2uy,USCIS,A Start to Finish Account of an Immigrant Visa Application- I am an American citizen (dual citizen Canadian-American). We have been married 5 years (I was a Canadian resident when married). I was relocated for work.,"Timeline:

**June 4th 2022:** Email sent to the Montreal Immigrant Visa Office asking for ""Direct Consular Filing Under Extraordinary Circumstances Due to Relocation of Employment"". I had just signed a new contract within the same organization and I was given a date of August 22nd to start work in the USA. I was going to leave my job in Canada and start a position in Canada.

**June 9th 2022:** Immigrant Visa Office in Montreal wrote back and asked for the following information:

1. Petitioner’s Last Name: 
2. Petitioner’s Maiden Name:
3. Petitioner’s First Name:
4. Petitioner’s Alias (Also known as):
5. Petitioner’s Middle Name: 
6. Petitioner’s DOB, POB: 
7. Applicant’s Last Name: 
8. Applicant’s Maiden Name
9. Applicant’s First Name: 
10. Applicant’s Middle Name: 
11. Applicant’s DOB, POB: 
12. Family relationship Petitioner-Applicant (child/spouse/parent ): 
13. Explanation of the exceptional circumstances (please include scanned documentation to support the case).

**June 9th 2022:** The above information was immediately sent to the consular.

**June 30th 2022:** Follow up email sent by me asking for an update.

**July 12th 2022:** Immigrant Visa Clerk from Montreal Replies stating:

*While we cannot predict when the processing of your request will be completed, please be assured that the Consulate and the State Department are aware of your concerns and will contact you with further instructions as soon as possible.*

**July 26th 2022:** Follow up email asking for an appointment sent.

**August 2nd 2022:**  Reply sent by Montreal Office

*Please note that we cannot predict such processing times. While we aim to schedule and process cases as soon as practicable, there are increased wait times for completing services due to the ongoing pandemic and substantial backlogs.*  

*It is not possible to provide precise wait times for immigrant visa appointments, as facilities, staffing resources, and local conditions all affect capacity and scheduling.*

**August 4th 2022:** Appointment confirmed by Montreal office. Appointment for August 9th made.

**August 9th 2022:** I-130, I-130a, supporting documents, letter of employment and employment contract, passport photos, and a $535 USD payment made at appointment in Montreal.

**August 18th 2022:** An email containing packet 3 instructions is sent in the middle of our move.

&amp;#x200B;

*Listed are is packet 3 instruction checklist:*

\_\_\_ Passport, valid for at least 6 months beyond the date you plan to enter the United States.

\_\_\_ Canadian Immigration documents, if applicable.

\_\_\_ Birth certificate for applicant and for petitioner, if applicable.

\_\_\_ Custody documents / Adoption decree(s).

\_\_\_ Marriage certificate(s) for applicant and for petitioner.

\_\_\_ Death and/or divorce certificate(s) for beneficiary and for petitioner.

\_\_\_ Name Change certificate for petitioner and for beneficiary, if applicable.

\_\_\_ Police certificates from each country in which the applicant has resided for 6 months or longer since the age

of 16. Canadian police certificate(s) must be issued within two years of the visa appointment. Note: you must

request the RCMP fingerprint-based certificate under the Privacy Act.

\_\_\_ Court records.

\_\_\_ Military records.

\_\_\_ Certified translation of all foreign civil documents including police certificates.

\_\_\_ Evidence of petitioner’s domicile in the United States.

\_\_\_ Recent job offer letter (for employment-based visas).

\_\_\_ I-864 or I-864EZ Affidavit of Support. You must bring the latest W2 if using the I-864EZ.

\_\_\_ I-864A Contract Between Sponsor and Household Member, if applicable.

\_\_\_ Most recent 1040 U.S. Income Tax return and supporting financial documents.

\_\_\_ Evidence of education or employment qualifications (for employment-based and DV visas).

\_\_\_ Two recent photographs

&amp;#x200B;

**August 20th 2022:** My wife and I part ways as I start my position in the United States and she moves into her parent's basement on the West Coast of Canada. Her I-130 was already filed and she was not allowed in the United States at that time. *THIS IS CRUCIAL INFORMATION. IF YOU CALL THE CUSTOMS AND IMMIGRATION HOTLINE THEY WILL TELL YOU THAT IT DOESN'T MATTER IF AN ACTIVE I-130 IS BEING PROCESSED. IF YOU TRY TO CROSS THE BORDER YOU COULD BE DENIED ENTRY.*

**October 14th 2022:** After dealing with importing my car, getting an American drivers licence, settling in to the new place on my own, I now finally find a way to get my Canadian RCMP fingerprinting done while living in the US. I went through a company called Reliability Screening. The process took close to 8 weeks.

**December 7th 2022:** Packet 3 submitted. DS-260 form completed. Delayed submission for fingerprinting. I wish I had gotten fingerprints it in advance.

**December 8th 2022:** Casework requested through a State Senator. Numerous letters from my community in the US were sent to the Senator asking for help. The office of the Senator immediately took on the case and petitioned for an expedited Visa. This was on the grounds that I work for a non profit and my spouse is an integral part of my work life. Letters from my employer were sent to the Senator's office immediately.

**December 23rd 2022:** Interview date confirmed by US Consulate in Montreal. Items requested for the interview.

* The appointment letter showing the date and time of your interview
* Passport valid for at least 6 months beyond the date you plan to enter the United States – bring a copy of the Biographical pages
* Birth certificate (**Petitioner and Beneficiary**)
* Adoptions decree (s) 
* Marriage certificate (s) 
* Death and/or divorce certificate(s) **(Petitioner and Beneficiary)**
* Police certificates from each country in which the applicant has resided for one year or longer. The certificate(s) must be issued within two years of the date of the visa appointment. NOTE: An applicant must present a police certificate from his/her country of current residence and country of nationality, if residence in such country exceeds 6 months 
* Court records
* Military records
* Evidence of domicile in the United States
* Job offer letter (for employment-based visas)
* Affidavit of support 
* Evidence of support
* Medical examination
* Two photographs (in color)

I prepared all financial documents and documentation from my employer. I gathered 2 letters outlining my income from my employer. Incredibly detailed information was provided. Proof of residence was given as well.

We scheduled a doctors exam immediately upon receiving the interview. We had her visit a Doctor in Surrey British Columbia. We rebooked flights for our vacation in Vancouver to include a detour to Montreal.

**December 27th 2022:** Doctors exam. My wife is under 40. She has no chronic health conditions and doesn't even drink alcohol. No history of smoking. The interview was cursory. *THIS IS CONTRARY TO THE INFORMATION PROVIDED.* They make it seem as if the medical exam will be more invasive. The results of the exams and lab work were couriered to the consulate by the doctor. This all cost about $375 CND.

**January 5th 2023:** Interview @ Montreal Consulate.

The interview was routine. They asked where she would live. She was asked what my job was. She was asked where we met. She answered all of the questions and was told more processing would have to take place. The said they would temporarily refuse the Visa and send it off for processing. They took my wife's passport. No indication of how long this would take. $390 USD paid.

**January 5th-26th 2023:** The status of my wife's case was indicated as ""Refused"" on the CEAC Visa Status check page. This was incredibly nerve racking. This was the longest, coldest and most hopeless part of the whole process. Even though there was a blurb about ""administrative processing""... it still hit hard.

**January 12th 2023:** I contacted the State Senator's office again after they came back to me with no new information from the consulate on January 12th. I stated that the Visa was being processed and the consulate had my wife's passport. The senator's office agreed to contact the consulate again.

January 18th 2023: Senator's office replied saying this:

*This is in response to your email inquiry into the Immigrant Visa petition filed by REDACTED on behalf of REDACTED, case number REDACTED.*

*According to our records, REDACTED case is currently undergoing administrative processing. While we cannot predict when the processing of REDACTED's visa will be completed, please be assured that the Consulate and the State Department are aware of your constituent's concerns and will contact them as soon as the processing is complete.*

&amp;#x200B;

**January 27th 2023:** The US consulate contacted my wife and we confirmed through CEAC website that her Visa had been issued. I checked the website on the 26th and it still said ""Refused"". Overnight the status changed. Her passport is now being couriered from Montreal to Vancouver.

&amp;#x200B;

I do not think that this is a typical case. I am happy to answer questions.",1674860940.0,2023-01-27T23:09:00,19,3,/r/USCIS/comments/10mz2uy/a_start_to_finish_account_of_an_immigrant_visa/,https://www.reddit.com/r/USCIS/comments/10mz2uy/a_start_to_finish_account_of_an_immigrant_visa/,"a start to finish account of an immigrant visa application- i am an american citizen (dual citizen canadian-american). we have been married 5 years (i was a canadian resident when married). i was relocated for work.
timeline:

**june 4th 2022:** email sent to the montreal immigrant visa office asking for ""direct consular filing under extraordinary circumstances due to relocation of employment"". i had just signed a new contract within the same organization and i was given a date of august 22nd to start work in the usa. i was going to leave my job in canada and start a position in canada.

**june 9th 2022:** immigrant visa office in montreal wrote back and asked for the following information:

1. petitioner’s last name: 
2. petitioner’s maiden name:
3. petitioner’s first name:
4. petitioner’s alias (also known as):
5. petitioner’s middle name: 
6. petitioner’s dob, pob: 
7. applicant’s last name: 
8. applicant’s maiden name
9. applicant’s first name: 
10. applicant’s middle name: 
11. applicant’s dob, pob: 
12. family relationship petitioner-applicant (child/spouse/parent ): 
13. explanation of the exceptional circumstances (please include scanned documentation to support the case).

**june 9th 2022:** the above information was immediately sent to the consular.

**june 30th 2022:** follow up email sent by me asking for an update.

**july 12th 2022:** immigrant visa clerk from montreal replies stating:

*while we cannot predict when the processing of your request will be completed, please be assured that the consulate and the state department are aware of your concerns and will contact you with further instructions as soon as possible.*

**july 26th 2022:** follow up email asking for an appointment sent.

**august 2nd 2022:**  reply sent by montreal office

*please note that we cannot predict such processing times. while we aim to schedule and process cases as soon as practicable, there are increased wait times for completing services due to the ongoing pandemic and substantial backlogs.*  

*it is not possible to provide precise wait times for immigrant visa appointments, as facilities, staffing resources, and local conditions all affect capacity and scheduling.*

**august 4th 2022:** appointment confirmed by montreal office. appointment for august 9th made.

**august 9th 2022:** i-130, i-130a, supporting documents, letter of employment and employment contract, passport photos, and a $535 usd payment made at appointment in montreal.

**august 18th 2022:** an email containing packet 3 instructions is sent in the middle of our move.

&amp;#x200b;

*listed are is packet 3 instruction checklist:*

\_\_\_ passport, valid for at least 6 months beyond the date you plan to enter the united states.

\_\_\_ canadian immigration documents, if applicable.

\_\_\_ birth certificate for applicant and for petitioner, if applicable.

\_\_\_ custody documents / adoption decree(s).

\_\_\_ marriage certificate(s) for applicant and for petitioner.

\_\_\_ death and/or divorce certificate(s) for beneficiary and for petitioner.

\_\_\_ name change certificate for petitioner and for beneficiary, if applicable.

\_\_\_ police certificates from each country in which the applicant has resided for 6 months or longer since the age

of 16. canadian police certificate(s) must be issued within two years of the visa appointment. note: you must

request the rcmp fingerprint-based certificate under the privacy act.

\_\_\_ court records.

\_\_\_ military records.

\_\_\_ certified translation of all foreign civil documents including police certificates.

\_\_\_ evidence of petitioner’s domicile in the united states.

\_\_\_ recent job offer letter (for employment-based visas).

\_\_\_ i-864 or i-864ez affidavit of support. you must bring the latest w2 if using the i-864ez.

\_\_\_ i-864a contract between sponsor and household member, if applicable.

\_\_\_ most recent 1040 u.s. income tax return and supporting financial documents.

\_\_\_ evidence of education or employment qualifications (for employment-based and dv visas).

\_\_\_ two recent photographs

&amp;#x200b;

**august 20th 2022:** my wife and i part ways as i start my position in the united states and she moves into her parent's basement on the west coast of canada. her i-130 was already filed and she was not allowed in the united states at that time. *this is crucial information. if you call the customs and immigration hotline they will tell you that it doesn't matter if an active i-130 is being processed. if you try to cross the border you could be denied entry.*

**october 14th 2022:** after dealing with importing my car, getting an american drivers licence, settling in to the new place on my own, i now finally find a way to get my canadian rcmp fingerprinting done while living in the us. i went through a company called reliability screening. the process took close to 8 weeks.

**december 7th 2022:** packet 3 submitted. ds-260 form completed. delayed submission for fingerprinting. i wish i had gotten fingerprints it in advance.

**december 8th 2022:** casework requested through a state senator. numerous letters from my community in the us were sent to the senator asking for help. the office of the senator immediately took on the case and petitioned for an expedited visa. this was on the grounds that i work for a non profit and my spouse is an integral part of my work life. letters from my employer were sent to the senator's office immediately.

**december 23rd 2022:** interview date confirmed by us consulate in montreal. items requested for the interview.

* the appointment letter showing the date and time of your interview
* passport valid for at least 6 months beyond the date you plan to enter the united states – bring a copy of the biographical pages
* birth certificate (**petitioner and beneficiary**)
* adoptions decree (s) 
* marriage certificate (s) 
* death and/or divorce certificate(s) **(petitioner and beneficiary)**
* police certificates from each country in which the applicant has resided for one year or longer. the certificate(s) must be issued within two years of the date of the visa appointment. note: an applicant must present a police certificate from his/her country of current residence and country of nationality, if residence in such country exceeds 6 months 
* court records
* military records
* evidence of domicile in the united states
* job offer letter (for employment-based visas)
* affidavit of support 
* evidence of support
* medical examination
* two photographs (in color)

i prepared all financial documents and documentation from my employer. i gathered 2 letters outlining my income from my employer. incredibly detailed information was provided. proof of residence was given as well.

we scheduled a doctors exam immediately upon receiving the interview. we had her visit a doctor in surrey british columbia. we rebooked flights for our vacation in vancouver to include a detour to montreal.

**december 27th 2022:** doctors exam. my wife is under 40. she has no chronic health conditions and doesn't even drink alcohol. no history of smoking. the interview was cursory. *this is contrary to the information provided.* they make it seem as if the medical exam will be more invasive. the results of the exams and lab work were couriered to the consulate by the doctor. this all cost about $375 cnd.

**january 5th 2023:** interview @ montreal consulate.

the interview was routine. they asked where she would live. she was asked what my job was. she was asked where we met. she answered all of the questions and was told more processing would have to take place. the said they would temporarily refuse the visa and send it off for processing. they took my wife's passport. no indication of how long this would take. $390 usd paid.

**january 5th-26th 2023:** the status of my wife's case was indicated as ""refused"" on the ceac visa status check page. this was incredibly nerve racking. this was the longest, coldest and most hopeless part of the whole process. even though there was a blurb about ""administrative processing""... it still hit hard.

**january 12th 2023:** i contacted the state senator's office again after they came back to me with no new information from the consulate on january 12th. i stated that the visa was being processed and the consulate had my wife's passport. the senator's office agreed to contact the consulate again.

january 18th 2023: senator's office replied saying this:

*this is in response to your email inquiry into the immigrant visa petition filed by redacted on behalf of redacted, case number redacted.*

*according to our records, redacted case is currently undergoing administrative processing. while we cannot predict when the processing of redacted's visa will be completed, please be assured that the consulate and the state department are aware of your constituent's concerns and will contact them as soon as the processing is complete.*

&amp;#x200b;

**january 27th 2023:** the us consulate contacted my wife and we confirmed through ceac website that her visa had been issued. i checked the website on the 26th and it still said ""refused"". overnight the status changed. her passport is now being couriered from montreal to vancouver.

&amp;#x200b;

i do not think that this is a typical case. i am happy to answer questions.",True,False
wref2j,USCIS,Medical exam valid for 1 year?,"I finally received my interview notice. The problem is that they state that medicals should have been received within the last year otherwise I should present a new form. I thought that medicals last for 2 years and were even extended to 4 because of COVID delays: https://www.uscis.gov/newsroom/alerts/uscis-temporarily-extending-validity-period-of-form-i-693

The notice says that failure to bring any of the requested documents will result in application denial. So I wouldn’t be able to submit the medicals at a later date even though I sent my medicals along with my application on January 2021?
Am I interpreting everything correctly?

I’m also surprised about a 2-week quarantine for those who have traveled abroad because it doesn’t match CDC guidelines nor the information on the USCIS website.
With all these unexpected requirements, I wish I had had more notice, they just gave me 3 weeks.

Any info would be appreciated!",1660812865.0,2022-08-18T08:54:25,1,2,/r/USCIS/comments/wref2j/medical_exam_valid_for_1_year/,https://www.reddit.com/r/USCIS/comments/wref2j/medical_exam_valid_for_1_year/,"medical exam valid for 1 year?
i finally received my interview notice. the problem is that they state that medicals should have been received within the last year otherwise i should present a new form. i thought that medicals last for 2 years and were even extended to 4 because of covid delays: https://www.uscis.gov/newsroom/alerts/uscis-temporarily-extending-validity-period-of-form-i-693

the notice says that failure to bring any of the requested documents will result in application denial. so i wouldn’t be able to submit the medicals at a later date even though i sent my medicals along with my application on january 2021?
am i interpreting everything correctly?

i’m also surprised about a 2-week quarantine for those who have traveled abroad because it doesn’t match cdc guidelines nor the information on the uscis website.
with all these unexpected requirements, i wish i had had more notice, they just gave me 3 weeks.

any info would be appreciated!",True,False
vrzwse,USCIS,What is USCIS plan for EB Visas next 3 months?,"Last quarter has started. USCIS (specially NSC) is sitting on 60K unapproved petitions from Indian applicants. What is USCIS directive for these petitions as the time is running out and visas will go waste. Will they throw away food while we starve? They wasted 66K visas last year while 400K Indians wait for GC. Is suing them the only option ? They process in random order. They transfer / approve in random order. National Benefit Center approves in 3 months. My case at NSC is untouched since biometrics in March 2021. 

Just ranting.. sick of USCIS. I wish I had money to sue them.",1657033358.0,2022-07-05T15:02:38,4,2,/r/USCIS/comments/vrzwse/what_is_uscis_plan_for_eb_visas_next_3_months/,https://www.reddit.com/r/USCIS/comments/vrzwse/what_is_uscis_plan_for_eb_visas_next_3_months/,"what is uscis plan for eb visas next 3 months?
last quarter has started. uscis (specially nsc) is sitting on 60k unapproved petitions from indian applicants. what is uscis directive for these petitions as the time is running out and visas will go waste. will they throw away food while we starve? they wasted 66k visas last year while 400k indians wait for gc. is suing them the only option ? they process in random order. they transfer / approve in random order. national benefit center approves in 3 months. my case at nsc is untouched since biometrics in march 2021. 

just ranting.. sick of uscis. i wish i had money to sue them.",True,False
st6sx1,USCIS,N-336 Notice of Denial US Citizenship,"Hi, I have filed my N-336 application and the USCIS have received it on July 16. According to their website and my research, they respond within 180 days but I haven’t heard anything about my case as of yet. My case status says ‘my case was received and a receipt notice was sent’. I tried contacting them but I haven’t got a response yet. Have anyone else experienced this before?

Reason for my denial. I got married in April 2015, my husband sponsored me and I got IR-1 visa within 11 months. I came to the US in September 2016 and got a 10 year green card mailed to me by USCIS. Now USCIS is saying that because I immigrated to the US within two years of my marriage, I should’ve received a 2 year conditional green card and not a 10 year permanent resident card. Furthermore, their records doesn’t show that I have applied for conditional removal after 2 years. 
But how would I apply to remove any condition when I never needed to? They are the one who sent me a 10 year green card and I never knew about conditional status until now.


Update 2023 !!!!!!!!!!!!!!!! 

Comments have been disabled on this post for some reason and I’m not able to reply to anyone. 

One of the suggestions below was to apply for i751, I wish I had listen to it sooner. I also consulted with an immigration lawyer when I had a pending N-336 for over 18 months and they also suggested that I should apply for i751. But then a free immigration agent suggested that I should apply for another N-400 in December of 2022 as I’ve been a permanent resident for over 5 years now. I applied for N-400 and the process went by very quickly, did my fingerprints again and my 2nd  naturalization interview was scheduled for June 6th 2023, almost 2 years after the first one. At the interview, they actually interviewed me again, asked me all questions and written exam. Luckily I passed again, the officer said that I will not deny your case but you need to apply for i751 and send us the confirmation proof by July 9th, 2023 in order for us to proceed. I came out and filed i751 the same day and sent it over the next day. I was worried about its processing time though because I had limited time and I didn’t know how long will it take for USCIS to get it, process it, and send me a confirmation email or a letter. 
The letter they gave me at the interview stated that I must have an approved or pending i751 by the time of naturalization interview since I am a “conditional resident”. 
Thankfully the USCIS send me an acceptance letter on July 5th and it was also uploaded online at myUSCIS portal. I took screenshots and printed them out and sent it along with a paper they gave me to Queens field office and I also uploaded it online in the evidence section. Then I waited. 
In mid August, they finally sent me a notification for oath ceremony scheduled for September 1st. Yay 😁 yesterday I took an oath and became a U.S. citizen. Thank you so much for your help guys. And good luck to everyone who is experiencing immigration issues. God bless 🤝",1644942357.0,2022-02-15T16:25:57,28,3,/r/USCIS/comments/st6sx1/n336_notice_of_denial_us_citizenship/,https://www.reddit.com/r/USCIS/comments/st6sx1/n336_notice_of_denial_us_citizenship/,"n-336 notice of denial us citizenship
hi, i have filed my n-336 application and the uscis have received it on july 16. according to their website and my research, they respond within 180 days but i haven’t heard anything about my case as of yet. my case status says ‘my case was received and a receipt notice was sent’. i tried contacting them but i haven’t got a response yet. have anyone else experienced this before?

reason for my denial. i got married in april 2015, my husband sponsored me and i got ir-1 visa within 11 months. i came to the us in september 2016 and got a 10 year green card mailed to me by uscis. now uscis is saying that because i immigrated to the us within two years of my marriage, i should’ve received a 2 year conditional green card and not a 10 year permanent resident card. furthermore, their records doesn’t show that i have applied for conditional removal after 2 years. 
but how would i apply to remove any condition when i never needed to? they are the one who sent me a 10 year green card and i never knew about conditional status until now.


update 2023 !!!!!!!!!!!!!!!! 

comments have been disabled on this post for some reason and i’m not able to reply to anyone. 

one of the suggestions below was to apply for i751, i wish i had listen to it sooner. i also consulted with an immigration lawyer when i had a pending n-336 for over 18 months and they also suggested that i should apply for i751. but then a free immigration agent suggested that i should apply for another n-400 in december of 2022 as i’ve been a permanent resident for over 5 years now. i applied for n-400 and the process went by very quickly, did my fingerprints again and my 2nd  naturalization interview was scheduled for june 6th 2023, almost 2 years after the first one. at the interview, they actually interviewed me again, asked me all questions and written exam. luckily i passed again, the officer said that i will not deny your case but you need to apply for i751 and send us the confirmation proof by july 9th, 2023 in order for us to proceed. i came out and filed i751 the same day and sent it over the next day. i was worried about its processing time though because i had limited time and i didn’t know how long will it take for uscis to get it, process it, and send me a confirmation email or a letter. 
the letter they gave me at the interview stated that i must have an approved or pending i751 by the time of naturalization interview since i am a “conditional resident”. 
thankfully the uscis send me an acceptance letter on july 5th and it was also uploaded online at myuscis portal. i took screenshots and printed them out and sent it along with a paper they gave me to queens field office and i also uploaded it online in the evidence section. then i waited. 
in mid august, they finally sent me a notification for oath ceremony scheduled for september 1st. yay 😁 yesterday i took an oath and became a u.s. citizen. thank you so much for your help guys. and good luck to everyone who is experiencing immigration issues. god bless 🤝",True,False
sq7yvh,USCIS,Just got my citizenship! (Newark),"Hi all, I just got my citizenship through the Newark office. While it’s fresh in my mind, I figured I would share my process and experience with you all since people on here helped me by posting theirs. 

Timeline: March 24, 2021 (application received) - February 11, 2022 (interview and oath ceremony). Naturalized with the 5 year rule (not through marriage). 

Pros: 
- the officer and most of the other people working there were pretty friendly.

- interview and oath were in the federal building so there was a line through security, but it didn’t take more than 10 minutes. 

- lots of waiting between the interview (which took 30 minutes) and the oath (~3 hours) but everything happened in the same day. I wish I had brought a book! 

Cons: 
- they “descheduled” my interview last minute because of covid, which caused a lot of stress 

- the officer asked for documentation that wasn’t listed on the notice— I didn’t naturalize through marriage, but he wanted a copy of my marriage license, for instance. I was over prepared with documentation for everything, but I’m glad that was the case and I wasn’t caught off guard 

- he asked me the civics questions before even asking me my name and before I sat down, which did catch me off guard a bit as I imagined they would be at the end for some reason


Name change and oath happened in the same day, so overall really a productive and convenient day! 

Happy to answer any questions folks might have.",1644609167.0,2022-02-11T19:52:47,8,9,/r/USCIS/comments/sq7yvh/just_got_my_citizenship_newark/,https://www.reddit.com/r/USCIS/comments/sq7yvh/just_got_my_citizenship_newark/,"just got my citizenship! (newark)
hi all, i just got my citizenship through the newark office. while it’s fresh in my mind, i figured i would share my process and experience with you all since people on here helped me by posting theirs. 

timeline: march 24, 2021 (application received) - february 11, 2022 (interview and oath ceremony). naturalized with the 5 year rule (not through marriage). 

pros: 
- the officer and most of the other people working there were pretty friendly.

- interview and oath were in the federal building so there was a line through security, but it didn’t take more than 10 minutes. 

- lots of waiting between the interview (which took 30 minutes) and the oath (~3 hours) but everything happened in the same day. i wish i had brought a book! 

cons: 
- they “descheduled” my interview last minute because of covid, which caused a lot of stress 

- the officer asked for documentation that wasn’t listed on the notice— i didn’t naturalize through marriage, but he wanted a copy of my marriage license, for instance. i was over prepared with documentation for everything, but i’m glad that was the case and i wasn’t caught off guard 

- he asked me the civics questions before even asking me my name and before i sat down, which did catch me off guard a bit as i imagined they would be at the end for some reason


name change and oath happened in the same day, so overall really a productive and convenient day! 

happy to answer any questions folks might have.",True,False
prb8gi,USCIS,Immigration filing consultant,"To those looking into filing marriage based and vawa, there’s someone we discovered who saves you money for filing assistance rather that paying for expensive lawyers. The lady can actually assist you with filling the forms, gather necessary documents and advices you if your case needs an attorney or not. It’s way cheaper and saves a lot of money. My friends saved $4K just like that and I wish I had known this before I spent my good earned money on a lawyer for nothing",1632069019.0,2021-09-19T16:30:19,8,3,/r/USCIS/comments/prb8gi/immigration_filing_consultant/,https://www.reddit.com/r/USCIS/comments/prb8gi/immigration_filing_consultant/,"immigration filing consultant
to those looking into filing marriage based and vawa, there’s someone we discovered who saves you money for filing assistance rather that paying for expensive lawyers. the lady can actually assist you with filling the forms, gather necessary documents and advices you if your case needs an attorney or not. it’s way cheaper and saves a lot of money. my friends saved $4k just like that and i wish i had known this before i spent my good earned money on a lawyer for nothing",True,False
oo967k,USCIS,"Careful with who you hire, my case got denied because of her","Hi guys, I want to share a horrible experience I had the past year with a paralegal that says “she is in the business for 12 years”

*sorry if my English is a little confusing*

I Got married in July 11,2020 she “sent” my forms in July 28, 2020 (we never signed more than 2 forms, she only sent us the i130 and i864 for my Husband to sign) 

After 6 months and nothing of receipt notices and this whole time I kept asking her and she always saying “you will get your work permit in a week, or it should be getting here in a month” 
Anyways, I asked my husband to call USCIS, it was January, 18 2021 already and there was NOTHING in my name or my husband name, NOTHING! I freaked out and told my friend who was doing with this paralegal too and also haven’t got any receipts! She called USCIS too nothing on her name either! We start asking about our receipt numbers. The paralegal sent the SAME receipt number to me and to my friend, THE SAME. 
Anyways, she was saying that they probably lost our documents that she did send it. (She could never proof)
January 19 she just message me saying that she “resubmitted all the forms again, in the same process” which was a lie, she simply did the process all over again without letting me know before! Because she did that I decided to wait and see where it will go. 
I asked her so many times for my online access so I could create my account, she said she couldn’t give it to me, because it would access the other clients account too! Also, she put her mailing address in the forms, without letting us Know! I live in Florida, her office is in NY. 
She never gave me my online access code, and in March I received pictures for the first time the receipt notices. All originals went to her address first! So I never got the complete receipts! 
Also, I kept asking for copies of the forms and she took Months to sent it to me, and when I finally got it, it was so frustrating, so many wrong information filled, and informations she never asked me. Forms I never knew existed. 

In May 2021, my biometrics was scheduled to NY, and I live in FL! I was so mad, but she paid for my flight tickets and hotel! 

So I Did my biometrics, I thought everything was great! 
10 days later, my case was DENIED! I cried so much, I was freaking out. The paralegal always trying to talk it out, and saying that it wasn’t her fault! 3 days I got the letter and it was saying 

“Missing i864 and birth certificate translation” So they DENIED right away and said I couldn’t make an appeal or letter of motion. Also, I had 33 days to leave the Country” 
My husband was so mad so mad, we contacted his Sergeant and we got a Lawyer, who didn’t let me tell the paralegal anything about the letter until we sent the forms again and the check to be deposited! 

July 9, they received the whole process again, including the i130 and 1 week later now I have all my receipts already and they said they will use my biometrics that I took in May, which made me so happy! Now I have my online access and all my complete receipts! 

The end, the paralegal gave me all my money back, said it wasn’t her fault, but her secretary’s fault, said she was sorry, she would sent me proof that the documents were sent, (it’s been a month and she didn’t send me anything) she blocked me from seeing her Instagram stories, she tells all her clients to not talk about their process with anyone, because she know she messes up and doesn’t want people to find out! Anyways, she is a piece of, you know what! 

I spent days without a good sleep schedule, my anxiety went so high up, it was a nightmare! 

I trusted someone who made me lose 1 year of good sleep! My process is starting all again, thank God I got the receipts so fast, I’m hoping it will all work out! 

Please, hire someone who is a professional and a really trustworthy person, or if you’re confident enough, do it yourself, I wish I had looked it up and done it myself before! 


Thank you guys! I wish it doesn’t happen to anyone else? 


I believe the worse part for me, was all the lies she used to tell me. Specifically after I kept asking the online access code so much, she started saying that the lady on the phone said that I don’t have online code because it was paper files case. Such a liar, funny how all my process now was sent paper filed and I got all my online access 👍🏼🙂 

So many more lies that I would be writing a whole essay here! 

Anyways, thank you guys for taking your time reading this!",1626809295.0,2021-07-20T19:28:15,40,19,/r/USCIS/comments/oo967k/careful_with_who_you_hire_my_case_got_denied/,https://www.reddit.com/r/USCIS/comments/oo967k/careful_with_who_you_hire_my_case_got_denied/,"careful with who you hire, my case got denied because of her
hi guys, i want to share a horrible experience i had the past year with a paralegal that says “she is in the business for 12 years”

*sorry if my english is a little confusing*

i got married in july 11,2020 she “sent” my forms in july 28, 2020 (we never signed more than 2 forms, she only sent us the i130 and i864 for my husband to sign) 

after 6 months and nothing of receipt notices and this whole time i kept asking her and she always saying “you will get your work permit in a week, or it should be getting here in a month” 
anyways, i asked my husband to call uscis, it was january, 18 2021 already and there was nothing in my name or my husband name, nothing! i freaked out and told my friend who was doing with this paralegal too and also haven’t got any receipts! she called uscis too nothing on her name either! we start asking about our receipt numbers. the paralegal sent the same receipt number to me and to my friend, the same. 
anyways, she was saying that they probably lost our documents that she did send it. (she could never proof)
january 19 she just message me saying that she “resubmitted all the forms again, in the same process” which was a lie, she simply did the process all over again without letting me know before! because she did that i decided to wait and see where it will go. 
i asked her so many times for my online access so i could create my account, she said she couldn’t give it to me, because it would access the other clients account too! also, she put her mailing address in the forms, without letting us know! i live in florida, her office is in ny. 
she never gave me my online access code, and in march i received pictures for the first time the receipt notices. all originals went to her address first! so i never got the complete receipts! 
also, i kept asking for copies of the forms and she took months to sent it to me, and when i finally got it, it was so frustrating, so many wrong information filled, and informations she never asked me. forms i never knew existed. 

in may 2021, my biometrics was scheduled to ny, and i live in fl! i was so mad, but she paid for my flight tickets and hotel! 

so i did my biometrics, i thought everything was great! 
10 days later, my case was denied! i cried so much, i was freaking out. the paralegal always trying to talk it out, and saying that it wasn’t her fault! 3 days i got the letter and it was saying 

“missing i864 and birth certificate translation” so they denied right away and said i couldn’t make an appeal or letter of motion. also, i had 33 days to leave the country” 
my husband was so mad so mad, we contacted his sergeant and we got a lawyer, who didn’t let me tell the paralegal anything about the letter until we sent the forms again and the check to be deposited! 

july 9, they received the whole process again, including the i130 and 1 week later now i have all my receipts already and they said they will use my biometrics that i took in may, which made me so happy! now i have my online access and all my complete receipts! 

the end, the paralegal gave me all my money back, said it wasn’t her fault, but her secretary’s fault, said she was sorry, she would sent me proof that the documents were sent, (it’s been a month and she didn’t send me anything) she blocked me from seeing her instagram stories, she tells all her clients to not talk about their process with anyone, because she know she messes up and doesn’t want people to find out! anyways, she is a piece of, you know what! 

i spent days without a good sleep schedule, my anxiety went so high up, it was a nightmare! 

i trusted someone who made me lose 1 year of good sleep! my process is starting all again, thank god i got the receipts so fast, i’m hoping it will all work out! 

please, hire someone who is a professional and a really trustworthy person, or if you’re confident enough, do it yourself, i wish i had looked it up and done it myself before! 


thank you guys! i wish it doesn’t happen to anyone else? 


i believe the worse part for me, was all the lies she used to tell me. specifically after i kept asking the online access code so much, she started saying that the lady on the phone said that i don’t have online code because it was paper files case. such a liar, funny how all my process now was sent paper filed and i got all my online access 👍🏼🙂 

so many more lies that i would be writing a whole essay here! 

anyways, thank you guys for taking your time reading this!",True,False
ogzl8r,USCIS,"Letter to you, future GC applicant"," To you, future Green Card applicant: 

I hope you are doing well. You probably don’t know yet, the same way I had no idea two years ago that I would get involved in a process like this one. When I applied, I felt like I was very well informed: document names, acronyms, evidence, processing times, future steps, sources of information … I had read A LOT. But, at the same time, I knew nothing AT ALL. 

It wasn’t until I was already some months in without any  updates that I started to really grasp how this works and all the contradictions that come with it. First contradiction: you are not supposed to be a public charge, but yet you are not allowed to work, which would mean to pay taxes and contribute to the US economy. You will have a huge gap in a CV that you were excited to fill with more experience in a career you were passionate about. You will get excited if you suddenly get a job offer but the excitement fades as you have to reject the offer given that you don't know when you will get your EAD.

Maybe you will spend more time than you had ever thought crying because of lack of information, feeling helpless and huge impotence for not being able to do anything, despite using every single resource you know of. For feeling financially dependent, for not been able to support your household and for seeing how your savings, the ones you made working hard, are almost gone because you are in a standby situation longer than you expected. Now you are “glad” you don’t have kids yet, and think about those who are struggling even more than you, and wish them the best. 

Don’t get me wrong, my friend, I am not trying to sound pessimistic, just realistic. This process can get very hard. You will start thinking about all those things you used to take for granted. Maybe you had never thought about having to see your grandfather’s health deteriorating over a video call, feeling guilty for all the months you were not allowed to work, all the time you could have spent with him that you will never get back. And then, you will just pray in all the languages you know for him to hold on until you are allowed to pay him a visit that would mean the world to both of you. 

Maybe you have other important life events coming soon that you never even considered you could miss. Like your brother’s wedding, which had to be postponed a year due to COVID. That is mainly what has been keeping your faith and hopes up: looking forward to celebrating with you family, whom you have not been able to visit in almost 2 years, the love of your brother and your soon-to-be sister in law. The thought of not assisting, or to do so at the expense of abandoning the process is definitely very consuming. 

I write this letter to you because I wish I had known earlier all the mental health up and downs it involves. This is my story, I know there are people dealing with worst scenarios who might think that mine is nothing, but everyone lives their reality in their own way and we should respect that.  (If you are not going to, I kindly ask you to not comment)

I really hope this system gets changed very soon for the best and when it’s your moment to apply, you don’t have to go through the uncertainty and anxiety that sometimes I think I can’t take any longer. The wait seems unbearable but because LOVE IS STRONGER than that and the hope of finally getting our green cards and starting our lives without so many restrictions with the person who brought us to the US is what makes me not give up. 

To finish, I would like to wish you a renewed, fair process, where cases are really processed in the order they are received, where the extraordinary benefits of new technologies are used for a better, more relaxed experience for the applicant, with more information and more accurate timelines, where you feel free in the country that advocates for it. 

Only by changing this process, future applicants like you will be able to plan, to look for jobs and tell your potential boss when you will be able to start, so that you can take life decisions, so you can visit that family member that is suffering, so that you don’t have to miss any important life event of your loved ones. Because it wouldn’t have to be necessary someone dying in your family to be able to go to your home country in a quickly manner. Because getting married and wanting to live in the US shouldn’t have to put so much at stake. It should be a reason of happiness.",1625849373.0,2021-07-09T16:49:33,90,206,/r/USCIS/comments/ogzl8r/letter_to_you_future_gc_applicant/,https://www.reddit.com/r/USCIS/comments/ogzl8r/letter_to_you_future_gc_applicant/,"letter to you, future gc applicant
 to you, future green card applicant: 

i hope you are doing well. you probably don’t know yet, the same way i had no idea two years ago that i would get involved in a process like this one. when i applied, i felt like i was very well informed: document names, acronyms, evidence, processing times, future steps, sources of information … i had read a lot. but, at the same time, i knew nothing at all. 

it wasn’t until i was already some months in without any  updates that i started to really grasp how this works and all the contradictions that come with it. first contradiction: you are not supposed to be a public charge, but yet you are not allowed to work, which would mean to pay taxes and contribute to the us economy. you will have a huge gap in a cv that you were excited to fill with more experience in a career you were passionate about. you will get excited if you suddenly get a job offer but the excitement fades as you have to reject the offer given that you don't know when you will get your ead.

maybe you will spend more time than you had ever thought crying because of lack of information, feeling helpless and huge impotence for not being able to do anything, despite using every single resource you know of. for feeling financially dependent, for not been able to support your household and for seeing how your savings, the ones you made working hard, are almost gone because you are in a standby situation longer than you expected. now you are “glad” you don’t have kids yet, and think about those who are struggling even more than you, and wish them the best. 

don’t get me wrong, my friend, i am not trying to sound pessimistic, just realistic. this process can get very hard. you will start thinking about all those things you used to take for granted. maybe you had never thought about having to see your grandfather’s health deteriorating over a video call, feeling guilty for all the months you were not allowed to work, all the time you could have spent with him that you will never get back. and then, you will just pray in all the languages you know for him to hold on until you are allowed to pay him a visit that would mean the world to both of you. 

maybe you have other important life events coming soon that you never even considered you could miss. like your brother’s wedding, which had to be postponed a year due to covid. that is mainly what has been keeping your faith and hopes up: looking forward to celebrating with you family, whom you have not been able to visit in almost 2 years, the love of your brother and your soon-to-be sister in law. the thought of not assisting, or to do so at the expense of abandoning the process is definitely very consuming. 

i write this letter to you because i wish i had known earlier all the mental health up and downs it involves. this is my story, i know there are people dealing with worst scenarios who might think that mine is nothing, but everyone lives their reality in their own way and we should respect that.  (if you are not going to, i kindly ask you to not comment)

i really hope this system gets changed very soon for the best and when it’s your moment to apply, you don’t have to go through the uncertainty and anxiety that sometimes i think i can’t take any longer. the wait seems unbearable but because love is stronger than that and the hope of finally getting our green cards and starting our lives without so many restrictions with the person who brought us to the us is what makes me not give up. 

to finish, i would like to wish you a renewed, fair process, where cases are really processed in the order they are received, where the extraordinary benefits of new technologies are used for a better, more relaxed experience for the applicant, with more information and more accurate timelines, where you feel free in the country that advocates for it. 

only by changing this process, future applicants like you will be able to plan, to look for jobs and tell your potential boss when you will be able to start, so that you can take life decisions, so you can visit that family member that is suffering, so that you don’t have to miss any important life event of your loved ones. because it wouldn’t have to be necessary someone dying in your family to be able to go to your home country in a quickly manner. because getting married and wanting to live in the us shouldn’t have to put so much at stake. it should be a reason of happiness.",True,False
nhzrkk,USCIS,Timeline: New Card Being Produced (EB-3 I-485),"I have been lurking here throughout my application process, and wanted to give back by sharing my timeline now that my card is being produced. I will answer any questions that you post here, and I will post an update when the card is in my hands.

My background: I am from Canada, adjusting from TN status via EB-3 (skilled). Field office San Francisco. Job: Mechanical engineer.

&amp;#x200B;

Timeline:

* December 15, 2019: Filed PERM application.
* May 14, 2020: PERM approved.
* May 29, 2020: I-140 filed, with premium processing.
   * Could not file I-485 at this time, due to PD (which I believe was Dec 20, based on my PERM filing -- not totally sure of this) not being current.
* June 15, 2020: I-140 approved.
* October 1, 2020: PD became current.
* October 5, 2020: Sent I-485. I would have liked to send it right on Oct 1, but lawyers were swamped.
* November 13, 2020: ""We accepted the fingerprint fee for your Form I-485, Application to Register Permanent Residence or Adjust Status. Our National Benefits Center location is working on your case.""
* March 25, 2021: ""The fingerprints relating to your Form I-485 Application to Register Permanent Residence or Adjust Status, were taken.""
* April 6, 2021: ""We sent a request for initial evidence for your Form I-485, Application to Register Permanent Residence or Adjust Status.""
   * For medical, which I hadn't mailed in with my initial application, based on lawyers' advice. In retrospect, I wish I had, my application might have gone even faster (although I still feel extremely lucky how quickly it has gone).
* April 8, 2021: I received a pink Request For Initial Evidence saying to mail in my medical. I did it that day. I was able to do it so quickly, because I had my medical done right after getting biometrics, in anticipation of getting this RFE soon. I checked with my lawyer before mailing it in, to make sure it hadn't expired or anything like that, since I didn't totally understand the rules around medicals expiring.
* May 20, 2021: ""New Card Is Being Produced""
* I never got EAD/AP. My interview was waived.

**Updates after I originally posted:**

* May 25, 2021 We approved your Form I-485, Application to Register Permanent Residence or Adjust Status.
* May 26, 2021 Card Was Mailed To Me
* June 1, 2021 got the card in my mailbox

God bless, and I hope that people reading this will hear good news soon too. Thank you to everyone here for posting updates, memes, and positive messages.",1621622717.0,2021-05-21T18:45:17,28,27,/r/USCIS/comments/nhzrkk/timeline_new_card_being_produced_eb3_i485/,https://www.reddit.com/r/USCIS/comments/nhzrkk/timeline_new_card_being_produced_eb3_i485/,"timeline: new card being produced (eb-3 i-485)
i have been lurking here throughout my application process, and wanted to give back by sharing my timeline now that my card is being produced. i will answer any questions that you post here, and i will post an update when the card is in my hands.

my background: i am from canada, adjusting from tn status via eb-3 (skilled). field office san francisco. job: mechanical engineer.

&amp;#x200b;

timeline:

* december 15, 2019: filed perm application.
* may 14, 2020: perm approved.
* may 29, 2020: i-140 filed, with premium processing.
   * could not file i-485 at this time, due to pd (which i believe was dec 20, based on my perm filing -- not totally sure of this) not being current.
* june 15, 2020: i-140 approved.
* october 1, 2020: pd became current.
* october 5, 2020: sent i-485. i would have liked to send it right on oct 1, but lawyers were swamped.
* november 13, 2020: ""we accepted the fingerprint fee for your form i-485, application to register permanent residence or adjust status. our national benefits center location is working on your case.""
* march 25, 2021: ""the fingerprints relating to your form i-485 application to register permanent residence or adjust status, were taken.""
* april 6, 2021: ""we sent a request for initial evidence for your form i-485, application to register permanent residence or adjust status.""
   * for medical, which i hadn't mailed in with my initial application, based on lawyers' advice. in retrospect, i wish i had, my application might have gone even faster (although i still feel extremely lucky how quickly it has gone).
* april 8, 2021: i received a pink request for initial evidence saying to mail in my medical. i did it that day. i was able to do it so quickly, because i had my medical done right after getting biometrics, in anticipation of getting this rfe soon. i checked with my lawyer before mailing it in, to make sure it hadn't expired or anything like that, since i didn't totally understand the rules around medicals expiring.
* may 20, 2021: ""new card is being produced""
* i never got ead/ap. my interview was waived.

**updates after i originally posted:**

* may 25, 2021 we approved your form i-485, application to register permanent residence or adjust status.
* may 26, 2021 card was mailed to me
* june 1, 2021 got the card in my mailbox

god bless, and i hope that people reading this will hear good news soon too. thank you to everyone here for posting updates, memes, and positive messages.",True,False
ic7j2m,USCIS,My AOS package made it to USCIS's PO Box after TWENTY FOUR days in transit (USPS).,"I guess I am posting this mainly to vent but I am also interested to know if there's other people going through something similar. 

I posted [here](https://www.reddit.com/r/USCIS/comments/i3mrvd/has_anyone_gotten_a_your_item_has_been_forwarded/) the first part of the story. I sent my package on Jul 23rd, it arrived to an incorrect office on Jul 30th, got forwarded, and then there were 15 days of no updates whatsoever. During that time I called USPS almost every day (with a 1 hour+ hold), opened several cases both by phone and online, tried calling every post office in Chicago that I got the number for and opened a missing package case (where I requested that the package was sent back to me when found --this was obviously ignored). I also called USCIS and was informed that I could re send my package and that having a duplicated application wouldn't be a problem but that the fees would be withdrawn for each one. 

On Friday (08/14) we had actually decided that if there were no updates by Monday (08/17), we would re-print the whole package, send it again taking on the risk of having to pay the fees twice if the original package made it at some point. I am the beneficiary of a marriage based GC application and the fees are a very significant amount, specially not being authorized to work, but I was about to loose my mind.

On Aug 15th the tracking history finally updated and yesterday at around 11pm (Aug 17th) appeared as Delivered at ~2:30pm.  

I am not celebrating yet. I will when the credit card charge goes through and I get a case number assigned I guess (and I know that even then it will not be over), but last night I slept better than I had in weeks. 

My advice to anyone filing just now would be to use a different carrier than USPS, and overnight your package if possible. I wish I had, but at the moment of sending it the news that we have today were not out yet (it seems like it was ages ago). What is happening is absolutely unbelievable and this process, that is already very stressful, is becoming more and more painful every week. 

If there's anyone going through a similar situation, I'd be interested in hearing your story because I'm curious if mine was a freak occurrence, or if it is something generalized.

The complete USPS tracking history:

August 17, 2020, 2:37 pm Delivered
CHICAGO, IL 60680 
Your item was delivered at 2:37 pm on August 17, 2020 in CHICAGO, IL 60680.

August 17, 2020, 2:36 pm Available for Pickup
CHICAGO, IL 60680 

August 17, 2020, 11:55 am
Distribution to PO Box in Progress
CHICAGO, IL 60680 

August 17, 2020, 11:44 am Arrived at Post Office
CHICAGO, IL 60680 

August 16, 2020, 3:36 pm Arrived at USPS Regional Destination Facility
CHICAGO IL DISTRIBUTION CENTER 

August 16, 2020 In Transit to Next Facility

August 15, 2020, 11:38 am Arrived at USPS Regional Destination Facility
ELK GROVE VILLAGE IL DISTRIBUTION CENTER 

July 30, 2020, 11:15 am Forwarded
CHICAGO, IL 

July 30, 2020, 10:55 am Arrived at USPS Facility
CHICAGO, IL 60655 

July 29, 2020, 9:52 am Arrived at Post Office
CHICAGO, IL 60655 

July 28, 2020, 2:24 pm Departed USPS Regional Destination Facility
CHICAGO IL DISTRIBUTION CENTER 

July 28, 2020, 2:15 pm Arrived at USPS Regional Destination Facility
CHICAGO IL DISTRIBUTION CENTER 

July 23, 2020, 9:17 pm Arrived at USPS Regional Origin Facility
NASHUA NH DISTRIBUTION CENTER 

July 23, 2020, 5:25 pm Departed Post Office
----, MA ----- 

July 23, 2020, 1:22 pm USPS in possession of item
----, MA -----",1597777932.0,2020-08-18T19:12:12,21,7,/r/USCIS/comments/ic7j2m/my_aos_package_made_it_to_usciss_po_box_after/,https://www.reddit.com/r/USCIS/comments/ic7j2m/my_aos_package_made_it_to_usciss_po_box_after/,"my aos package made it to uscis's po box after twenty four days in transit (usps).
i guess i am posting this mainly to vent but i am also interested to know if there's other people going through something similar. 

i posted [here](https://www.reddit.com/r/uscis/comments/i3mrvd/has_anyone_gotten_a_your_item_has_been_forwarded/) the first part of the story. i sent my package on jul 23rd, it arrived to an incorrect office on jul 30th, got forwarded, and then there were 15 days of no updates whatsoever. during that time i called usps almost every day (with a 1 hour+ hold), opened several cases both by phone and online, tried calling every post office in chicago that i got the number for and opened a missing package case (where i requested that the package was sent back to me when found --this was obviously ignored). i also called uscis and was informed that i could re send my package and that having a duplicated application wouldn't be a problem but that the fees would be withdrawn for each one. 

on friday (08/14) we had actually decided that if there were no updates by monday (08/17), we would re-print the whole package, send it again taking on the risk of having to pay the fees twice if the original package made it at some point. i am the beneficiary of a marriage based gc application and the fees are a very significant amount, specially not being authorized to work, but i was about to loose my mind.

on aug 15th the tracking history finally updated and yesterday at around 11pm (aug 17th) appeared as delivered at ~2:30pm.  

i am not celebrating yet. i will when the credit card charge goes through and i get a case number assigned i guess (and i know that even then it will not be over), but last night i slept better than i had in weeks. 

my advice to anyone filing just now would be to use a different carrier than usps, and overnight your package if possible. i wish i had, but at the moment of sending it the news that we have today were not out yet (it seems like it was ages ago). what is happening is absolutely unbelievable and this process, that is already very stressful, is becoming more and more painful every week. 

if there's anyone going through a similar situation, i'd be interested in hearing your story because i'm curious if mine was a freak occurrence, or if it is something generalized.

the complete usps tracking history:

august 17, 2020, 2:37 pm delivered
chicago, il 60680 
your item was delivered at 2:37 pm on august 17, 2020 in chicago, il 60680.

august 17, 2020, 2:36 pm available for pickup
chicago, il 60680 

august 17, 2020, 11:55 am
distribution to po box in progress
chicago, il 60680 

august 17, 2020, 11:44 am arrived at post office
chicago, il 60680 

august 16, 2020, 3:36 pm arrived at usps regional destination facility
chicago il distribution center 

august 16, 2020 in transit to next facility

august 15, 2020, 11:38 am arrived at usps regional destination facility
elk grove village il distribution center 

july 30, 2020, 11:15 am forwarded
chicago, il 

july 30, 2020, 10:55 am arrived at usps facility
chicago, il 60655 

july 29, 2020, 9:52 am arrived at post office
chicago, il 60655 

july 28, 2020, 2:24 pm departed usps regional destination facility
chicago il distribution center 

july 28, 2020, 2:15 pm arrived at usps regional destination facility
chicago il distribution center 

july 23, 2020, 9:17 pm arrived at usps regional origin facility
nashua nh distribution center 

july 23, 2020, 5:25 pm departed post office
----, ma ----- 

july 23, 2020, 1:22 pm usps in possession of item
----, ma -----",True,False
1lwqg0x,USCIS,EB2-NIW I-485 AOS approved!,"Hi all, I've been following this sub-reddit and others for years. Was approved today so thought I'd add my stats, given that I've watched and tried to learn from everyone else's.

My profile: ROW applicant, MD from Western Europe, was a PhD candidate at a R1, now graduated. At time of submission 13 pubs in decent journals, 12 posters, 5 awards. \~100 citations at time of submission, now 235. Endeavor is oncology drug development.

I-140 filed (Texas Service Center, non premium-processing) PD: July 28, 2023

RFE all 3 prongs: April 2024 (I let the local lawyer I hired write the initial submission and it was not good, probably my biggest mistake. I spent a long time crafting my RFE response to hit all 3 prongs, but after submitting my RFE, I was approved in 21 days.)

I-140 approved: July 2024

I-485/I-131/I-765 submitted (no dependents): October 2, 2024

I-485 RFIE: October 2024 (birth certificate, seems fairly common)

Biometrics: November 2024

I-765 EAD approved: November 2024

I-131 AP approved: May 2025 (didn't use)

Current in Visa Bulletin as of: June 1, 2025

Case moved to non-local FO (Brooklyn FO) \~ June 18, 2025

I-485 New Card being produced, no interview: July 10, 2025

From a budget POV between lawyer for I-140, I-485 and admin fees, spent \~ $12k across the process.

Total time 713 days. Feels like a long time, but I know others have much longer. Hang in there!",1752187018.0,2025-07-10T22:36:58,15,11,/r/USCIS/comments/1lwqg0x/eb2niw_i485_aos_approved/,https://www.reddit.com/r/USCIS/comments/1lwqg0x/eb2niw_i485_aos_approved/,"eb2-niw i-485 aos approved!
hi all, i've been following this sub-reddit and others for years. was approved today so thought i'd add my stats, given that i've watched and tried to learn from everyone else's.

my profile: row applicant, md from western europe, was a phd candidate at a r1, now graduated. at time of submission 13 pubs in decent journals, 12 posters, 5 awards. \~100 citations at time of submission, now 235. endeavor is oncology drug development.

i-140 filed (texas service center, non premium-processing) pd: july 28, 2023

rfe all 3 prongs: april 2024 (i let the local lawyer i hired write the initial submission and it was not good, probably my biggest mistake. i spent a long time crafting my rfe response to hit all 3 prongs, but after submitting my rfe, i was approved in 21 days.)

i-140 approved: july 2024

i-485/i-131/i-765 submitted (no dependents): october 2, 2024

i-485 rfie: october 2024 (birth certificate, seems fairly common)

biometrics: november 2024

i-765 ead approved: november 2024

i-131 ap approved: may 2025 (didn't use)

current in visa bulletin as of: june 1, 2025

case moved to non-local fo (brooklyn fo) \~ june 18, 2025

i-485 new card being produced, no interview: july 10, 2025

from a budget pov between lawyer for i-140, i-485 and admin fees, spent \~ $12k across the process.

total time 713 days. feels like a long time, but i know others have much longer. hang in there!",True,False
17b92k0,USCIS,Biggest Mistake,My biggest mistake was not sending my medicals when I initially filed my I-485🤦🏽‍♀️🤦🏽‍♀️Almost 4 months since my rfe was received,1697684653.0,2023-10-19T03:04:13,16,1,/r/USCIS/comments/17b92k0/biggest_mistake/,https://www.reddit.com/r/USCIS/comments/17b92k0/biggest_mistake/,"biggest mistake
my biggest mistake was not sending my medicals when i initially filed my i-485🤦🏽‍♀️🤦🏽‍♀️almost 4 months since my rfe was received",True,False
1qv6xau,USCIS,I-751 filed 22 days early :( by mistake will it get rejcted and does it raises any red flags,"Hi everyone, I messed up. I just submitted my I-751 (Removal of Conditions) online today, February 2nd. My Green Card doesn't expire until May 23, 2026.  
what now?

Has anyone else done this?

1. What is the percentage of it getting recjected? 100? or 70? :D :( :'(
2. Will USCIS just reject it and let me refile, or is this considered a ""denial""?
3. Does filing early count as a ""red flag"" for fraud? I’m worried this will trigger a mandatory interview or an RFE.

I’m already stressed about the evidence, and now I’m worried I’ve ruined my case before it even started. Any advice or shared experiences would be appreciated!",1770158856.0,2026-02-03T22:47:36,18,0,/r/USCIS/comments/1qv6xau/i751_filed_22_days_early_by_mistake_will_it_get/,https://www.reddit.com/r/USCIS/comments/1qv6xau/i751_filed_22_days_early_by_mistake_will_it_get/,"i-751 filed 22 days early :( by mistake will it get rejcted and does it raises any red flags
hi everyone, i messed up. i just submitted my i-751 (removal of conditions) online today, february 2nd. my green card doesn't expire until may 23, 2026.  
what now?

has anyone else done this?

1. what is the percentage of it getting recjected? 100? or 70? :d :( :'(
2. will uscis just reject it and let me refile, or is this considered a ""denial""?
3. does filing early count as a ""red flag"" for fraud? i’m worried this will trigger a mandatory interview or an rfe.

i’m already stressed about the evidence, and now i’m worried i’ve ruined my case before it even started. any advice or shared experiences would be appreciated!",True,False
1qhzxoi,USCIS,N400 Chances of Denial,"Hey guys,

I've been in the US since 2009 (I was 15 at the time). I got married in 2017 and applied for adjustment of status in 2018. In early January 2019, I received my green card.

I have had no criminal record since arriving in the US.
In 2022, I was Section 8'ed in Massachusetts (involuntary hospitalization due to suicidal ideation). After that, I went through a rough period and honestly gave up on myself for a while.

In 2024, I made a mistake while driving. I entered a one-way street during school hours without realizing it. I saw a police officer pointing, and I mistakenly thought he was warning me not to hit someone who appeared to be changing a tire. I did not realize he was signaling for me to stop.

About a week later, I received a court notice for failing to stop for a police officer, canceled registration, and canceled insurance. I went to court, and all charges were dismissed after I paid a $400 fee, which I did.

I fully understand that I messed up. I am currently receiving treatment and have been feeling much better.

Given all of this, how good are my chances of getting my N-400 approved?

Thank you all.",1768912495.0,2026-01-20T12:34:55,8,2,/r/USCIS/comments/1qhzxoi/n400_chances_of_denial/,https://www.reddit.com/r/USCIS/comments/1qhzxoi/n400_chances_of_denial/,"n400 chances of denial
hey guys,

i've been in the us since 2009 (i was 15 at the time). i got married in 2017 and applied for adjustment of status in 2018. in early january 2019, i received my green card.

i have had no criminal record since arriving in the us.
in 2022, i was section 8'ed in massachusetts (involuntary hospitalization due to suicidal ideation). after that, i went through a rough period and honestly gave up on myself for a while.

in 2024, i made a mistake while driving. i entered a one-way street during school hours without realizing it. i saw a police officer pointing, and i mistakenly thought he was warning me not to hit someone who appeared to be changing a tire. i did not realize he was signaling for me to stop.

about a week later, i received a court notice for failing to stop for a police officer, canceled registration, and canceled insurance. i went to court, and all charges were dismissed after i paid a $400 fee, which i did.

i fully understand that i messed up. i am currently receiving treatment and have been feeling much better.

given all of this, how good are my chances of getting my n-400 approved?

thank you all.",True,False
1q49zgd,USCIS,"i-485 Interview Scheduled in Fairfax, VA - Advice Needed!","So we got an update around Christmas that our interview has been scheduled! 🎄  
I’m excited, but also a bit worried. I honestly thought they would send the I-130 back for corrections first since I know I messed up some information on it. I did refill the form correctly and uploaded it as updated evidence, but I’m not sure if they actually reviewed it or not.

As we’re preparing for the interview, is there anything specific we should really be paying attention to? From what I’ve read in other posts, it seems like the interview is mostly about everyday life, confirming that we live together and that the relationship is legit.

One concern is questions about her parents. She has a bad relationship with them and doesn’t really talk to them anymore, so I don’t know much there. Otherwise, I feel pretty prepared.

Also, clothing question: for anyone who’s done their interview at the Fairfax, VA office, how strict are they with attire? I was planning on wearing nice jeans and a sweater since I can’t wear fitted clothes right now due to a skin condition. My wife was planning something similar.

I will be bringing copy of what I mailed out + official documents incase. Do I need to bring anything else?

Timeline so far.

* Submitted I-130 - Early Sept Submitted I-485 - Early Oct I-485 Received &amp; Confirmed 1.5 Week
* Biometrics scheduled - Early Nov
* Interview Letter Sent - Early Dec
* Interview - End Jan

  
UPDATED : [https://www.reddit.com/r/USCIS/comments/1qsn57x/update\_i485\_interview\_experience\_fairfaxva\_fo/](https://www.reddit.com/r/USCIS/comments/1qsn57x/update_i485_interview_experience_fairfaxva_fo/)",1767581721.0,2026-01-05T02:55:21,13,1,/r/USCIS/comments/1q49zgd/i485_interview_scheduled_in_fairfax_va_advice/,https://www.reddit.com/r/USCIS/comments/1q49zgd/i485_interview_scheduled_in_fairfax_va_advice/,"i-485 interview scheduled in fairfax, va - advice needed!
so we got an update around christmas that our interview has been scheduled! 🎄  
i’m excited, but also a bit worried. i honestly thought they would send the i-130 back for corrections first since i know i messed up some information on it. i did refill the form correctly and uploaded it as updated evidence, but i’m not sure if they actually reviewed it or not.

as we’re preparing for the interview, is there anything specific we should really be paying attention to? from what i’ve read in other posts, it seems like the interview is mostly about everyday life, confirming that we live together and that the relationship is legit.

one concern is questions about her parents. she has a bad relationship with them and doesn’t really talk to them anymore, so i don’t know much there. otherwise, i feel pretty prepared.

also, clothing question: for anyone who’s done their interview at the fairfax, va office, how strict are they with attire? i was planning on wearing nice jeans and a sweater since i can’t wear fitted clothes right now due to a skin condition. my wife was planning something similar.

i will be bringing copy of what i mailed out + official documents incase. do i need to bring anything else?

timeline so far.

* submitted i-130 - early sept submitted i-485 - early oct i-485 received &amp; confirmed 1.5 week
* biometrics scheduled - early nov
* interview letter sent - early dec
* interview - end jan

  
updated : [https://www.reddit.com/r/uscis/comments/1qsn57x/update\_i485\_interview\_experience\_fairfaxva\_fo/](https://www.reddit.com/r/uscis/comments/1qsn57x/update_i485_interview_experience_fairfaxva_fo/)",True,False
1q1krkg,USCIS,Incorrect travel dates on application,"I have no idea how I messed up, but I’m preparing for my citizenship interview that’s happening soon and I’m getting my physical documents together. I found my boarding passes for a trip I took, and noticed I entered the departing and arrival dates 3 days later than the actual dates. Is this something worth telling them at the start of the interview? Or will it not even come up? ",1767315908.0,2026-01-02T01:05:08,10,0,/r/USCIS/comments/1q1krkg/incorrect_travel_dates_on_application/,https://www.reddit.com/r/USCIS/comments/1q1krkg/incorrect_travel_dates_on_application/,"incorrect travel dates on application
i have no idea how i messed up, but i’m preparing for my citizenship interview that’s happening soon and i’m getting my physical documents together. i found my boarding passes for a trip i took, and noticed i entered the departing and arrival dates 3 days later than the actual dates. is this something worth telling them at the start of the interview? or will it not even come up? ",True,False
1pzj7mw,USCIS,I messed up,"I messed up. Applied for my n-400 and forgot my arrest 20 years ago bc I wasn’t convicted and I don’t know if I’ll have time to get my records as my interview is Jan 7. Court house are closed this week bc of new years. I don’t know what to do and some people have been saying I’ll get removed bc of this. 

*discloser, after this incident I have never been in trouble again. This was a one time stupid incident that really wasn’t my fault except it was my car and as the owner I was charged as well. 

I just called my court house, they will be closed tmw, Thursday and Friday. I will be there first time Monday to get my records and everything I need for my interview. Thank you everyone who has commented and given me good advice. ",1767104193.0,2025-12-30T14:16:33,172,82,/r/USCIS/comments/1pzj7mw/i_messed_up/,https://www.reddit.com/r/USCIS/comments/1pzj7mw/i_messed_up/,"i messed up
i messed up. applied for my n-400 and forgot my arrest 20 years ago bc i wasn’t convicted and i don’t know if i’ll have time to get my records as my interview is jan 7. court house are closed this week bc of new years. i don’t know what to do and some people have been saying i’ll get removed bc of this. 

*discloser, after this incident i have never been in trouble again. this was a one time stupid incident that really wasn’t my fault except it was my car and as the owner i was charged as well. 

i just called my court house, they will be closed tmw, thursday and friday. i will be there first time monday to get my records and everything i need for my interview. thank you everyone who has commented and given me good advice. ",True,False
1pgyycx,USCIS,accidentally submitted I-864A along with I-864 being the intending Immigrant with no dependents. will i get RFE ?,"I’m on an H1B visa, earning six figures. My wife is a U.S. citizen, currently a student working part‑time making about $12k. Mine and my my wife's income is entered on I-864.

While filing my AOS packet, I think I messed up the Affidavit of Support section. I should have selected:

&gt;One or more of the people listed in Item Numbers 8–11 do not need to complete Form I‑864A because he or she is the intending immigrant and has no accompanying dependents.

Instead, I listed my income on Form I‑864, checked the box saying:

&gt;‘The people listed in Item Numbers 8–11 have completed Form I‑864A. I am filing along with this affidavit all necessary Form I‑864As completed by these people.’

…and I also submitted Form I‑864A.

Here’s what I sent:

    Form - I864, Affidavit of Support
    
    Proofs:
    Petitioner USC spouse Passport
    Petitioner Birth Certificate
    Petitioner Passport card
    Petitioner Federal and State Tax returns last 3 years
    Petitioner Paystubs from May 1st  to Nov 15th 2025
    
    -----------------------------------------------------------
    Form - I864A
    Applicant I-797 
    Applicant Driving License
    Marriage Certificate
    Applicant Tax returns and W-2 for last 3 years
    Applicant 6 months pay stubs.
    Employment verification letter
    Applicant Offer letter
    last 12 months Bank statements wells Fargo
    last 12 months Bank statements Chase
    last 12 months Robinhood statements
    etrade stock account latest statement (doesnt generate monthly)",1765155594.0,2025-12-08T00:59:54,4,1,/r/USCIS/comments/1pgyycx/accidentally_submitted_i864a_along_with_i864/,https://www.reddit.com/r/USCIS/comments/1pgyycx/accidentally_submitted_i864a_along_with_i864/,"accidentally submitted i-864a along with i-864 being the intending immigrant with no dependents. will i get rfe ?
i’m on an h1b visa, earning six figures. my wife is a u.s. citizen, currently a student working part‑time making about $12k. mine and my my wife's income is entered on i-864.

while filing my aos packet, i think i messed up the affidavit of support section. i should have selected:

&gt;one or more of the people listed in item numbers 8–11 do not need to complete form i‑864a because he or she is the intending immigrant and has no accompanying dependents.

instead, i listed my income on form i‑864, checked the box saying:

&gt;‘the people listed in item numbers 8–11 have completed form i‑864a. i am filing along with this affidavit all necessary form i‑864as completed by these people.’

…and i also submitted form i‑864a.

here’s what i sent:

    form - i864, affidavit of support
    
    proofs:
    petitioner usc spouse passport
    petitioner birth certificate
    petitioner passport card
    petitioner federal and state tax returns last 3 years
    petitioner paystubs from may 1st  to nov 15th 2025
    
    -----------------------------------------------------------
    form - i864a
    applicant i-797 
    applicant driving license
    marriage certificate
    applicant tax returns and w-2 for last 3 years
    applicant 6 months pay stubs.
    employment verification letter
    applicant offer letter
    last 12 months bank statements wells fargo
    last 12 months bank statements chase
    last 12 months robinhood statements
    etrade stock account latest statement (doesnt generate monthly)",True,False
1ozr7ks,USCIS,I messed up my taxes.,"I married my wife in February 2024. She wasn’t work before that and had no W2. I filed MFS ( Married filing separately ) but for my 2025 taxes ,I filed as Head of household and not the portion that states married filing separately or filing jointly. 

I know this might post a problem for USCIS. What do I do since we are about to apply for my change of status from F1?

Kindly help. ",1763410956.0,2025-11-17T20:22:36,8,1,/r/USCIS/comments/1ozr7ks/i_messed_up_my_taxes/,https://www.reddit.com/r/USCIS/comments/1ozr7ks/i_messed_up_my_taxes/,"i messed up my taxes.
i married my wife in february 2024. she wasn’t work before that and had no w2. i filed mfs ( married filing separately ) but for my 2025 taxes ,i filed as head of household and not the portion that states married filing separately or filing jointly. 

i know this might post a problem for uscis. what do i do since we are about to apply for my change of status from f1?

kindly help. ",True,False
1ocpis6,USCIS,Marriage GC approved!,"Hey everyone! After weeks of waiting, I finally got a notification about my green card being printed. I wanted to post here and talk about my timeline! 

I came into the US in 2020 on a tourist Visa (b2) I met my husband a month in and ended up applying for a talented persons visa (o1) before my B2 expired at close to a 6 month point. I applied in April and received the visa in September 2021. We got married in the meantime and I applied for my green card May 2024 again a month before my O1 expired. 

I was applying with a lawyer and messed up the first application because I didn’t send in medical on time (didn’t know there was a deadline) and my lawyer said he did not receive the notice for medical at all, which I don’t think is true and he was just covering his ass. 
We ended up scrapping the application in May 2025 once I realised I messed up (I was meant to submit medical by October 2024 so I was lucky I wasn’t declined before then since I was flying in and out of the country on my advanced parole!) and we ended up reapplying in May 2025. I had to pay the fees again and the lawyer requested another 400 for refiling🫠
(also, please always make sure to double check the forms before the lawyer submits them- mine messed up so many of my details, like for example they left the marriage date blank and got so many things wrong😅 I strongly believe I would’ve been better off probably filing it myself but water under the bridge)

Fast forward, since I’ve done my biometrics in 2024 I got an RFE in July because we didn’t submit the 2024 tax return (we are in California and had an extension because of the fires). I submitted it around two weeks later and I got a notice for an interview at the beginning of September. the interview was 3 weeks later beginning of October in Los Angeles. 

The interview itself went super quick, the officer was super friendly, he looked through our photos and said they don’t look AI’d (which apparently happens more than you expect, crazy) we had a friendly conversation about how we met, first date etc. he asked us a few questions, what is our favourite quality in each other, we had to tell him one thing we know about the other that nobody else does and that was pretty much it. 
At this point we’ve been married for over four years so I was hoping they would speak for itself. He approved the green card on the spot and told me if I don’t receive it in up to 3 weeks I should come back to see him to make sure it wasn’t lost, etc.

It took the system over two weeks to update with the approval, my notice said I might be called for biometrics or I might just receive my green card. I got another notice today saying my card is being printed so hopefully it will arrive soon. 

I also wanted to mention that neither of my work permit or my advanced parole was approved in that time and it’s technically still pending lol (my previous 2024 application I received both work and travel permit 2 and 4 months respectively after applying)

So not counting the previous application, the whole process from start to finish took approximately five months ☺️

Wish everyone on here luck! This is such a long stressful process and it can really take a toll on your mental health. Stay strong 💕",1761081844.0,2025-10-21T21:24:04,3,9,/r/USCIS/comments/1ocpis6/marriage_gc_approved/,https://www.reddit.com/r/USCIS/comments/1ocpis6/marriage_gc_approved/,"marriage gc approved!
hey everyone! after weeks of waiting, i finally got a notification about my green card being printed. i wanted to post here and talk about my timeline! 

i came into the us in 2020 on a tourist visa (b2) i met my husband a month in and ended up applying for a talented persons visa (o1) before my b2 expired at close to a 6 month point. i applied in april and received the visa in september 2021. we got married in the meantime and i applied for my green card may 2024 again a month before my o1 expired. 

i was applying with a lawyer and messed up the first application because i didn’t send in medical on time (didn’t know there was a deadline) and my lawyer said he did not receive the notice for medical at all, which i don’t think is true and he was just covering his ass. 
we ended up scrapping the application in may 2025 once i realised i messed up (i was meant to submit medical by october 2024 so i was lucky i wasn’t declined before then since i was flying in and out of the country on my advanced parole!) and we ended up reapplying in may 2025. i had to pay the fees again and the lawyer requested another 400 for refiling🫠
(also, please always make sure to double check the forms before the lawyer submits them- mine messed up so many of my details, like for example they left the marriage date blank and got so many things wrong😅 i strongly believe i would’ve been better off probably filing it myself but water under the bridge)

fast forward, since i’ve done my biometrics in 2024 i got an rfe in july because we didn’t submit the 2024 tax return (we are in california and had an extension because of the fires). i submitted it around two weeks later and i got a notice for an interview at the beginning of september. the interview was 3 weeks later beginning of october in los angeles. 

the interview itself went super quick, the officer was super friendly, he looked through our photos and said they don’t look ai’d (which apparently happens more than you expect, crazy) we had a friendly conversation about how we met, first date etc. he asked us a few questions, what is our favourite quality in each other, we had to tell him one thing we know about the other that nobody else does and that was pretty much it. 
at this point we’ve been married for over four years so i was hoping they would speak for itself. he approved the green card on the spot and told me if i don’t receive it in up to 3 weeks i should come back to see him to make sure it wasn’t lost, etc.

it took the system over two weeks to update with the approval, my notice said i might be called for biometrics or i might just receive my green card. i got another notice today saying my card is being printed so hopefully it will arrive soon. 

i also wanted to mention that neither of my work permit or my advanced parole was approved in that time and it’s technically still pending lol (my previous 2024 application i received both work and travel permit 2 and 4 months respectively after applying)

so not counting the previous application, the whole process from start to finish took approximately five months ☺️

wish everyone on here luck! this is such a long stressful process and it can really take a toll on your mental health. stay strong 💕",True,False
1o11zpg,USCIS,"I-485 Denied, what now.","So I just got a message from USCIS that my wife’s I-485 case was denied. This was after a request for evidence for the affidavit of support, I-864 I’m a 100% disabled veteran. So I had my father and mother file the an affidavit of support I-864 and I-864a as a sponsor and co-sponsor. From what I under I messed up when I didn’t make myself the sponsor and my father and mother as the co-sponsors. Now I see that people as saying not to panic and to either refile or submit the form I-290b, but from what I read the I-290b can take a long time, and it might just be better to refile the I-485, but will I have to pay the fees again? Has anyone dealt with this before, also she came here on a k-1 visa and we got married in the requested timeframe.",1759901130.0,2025-10-08T05:25:30,24,0,/r/USCIS/comments/1o11zpg/i485_denied_what_now/,https://www.reddit.com/r/USCIS/comments/1o11zpg/i485_denied_what_now/,"i-485 denied, what now.
so i just got a message from uscis that my wife’s i-485 case was denied. this was after a request for evidence for the affidavit of support, i-864 i’m a 100% disabled veteran. so i had my father and mother file the an affidavit of support i-864 and i-864a as a sponsor and co-sponsor. from what i under i messed up when i didn’t make myself the sponsor and my father and mother as the co-sponsors. now i see that people as saying not to panic and to either refile or submit the form i-290b, but from what i read the i-290b can take a long time, and it might just be better to refile the i-485, but will i have to pay the fees again? has anyone dealt with this before, also she came here on a k-1 visa and we got married in the requested timeframe.",True,False
1nrees4,USCIS,Interview today and I think it went well,"Today my husband and I had our marriage base green card interview. He (USC) applied for the I-130 on July 14, 2025 online. We submitted everything there, pictures since we started dating (2019), car insurance together, lease, joint bank accounts, taxes, i even submitted a screenshot of our social media where you could see that we both post pictures together. 

I submitted my I-485 on August 8th, they reused my biometrics from my TPS and then on August 22nd received the interview notice. Our appointment was today 09/26/25 at the Hialeah, FL FO. 

We got there, we had to wait around 30 min to get called, they don’t really follow the numbers because they would call from the 22 and the jump to 28. We went in and our interview officer was a lady 

We did our oath, and started to ask things to my husband. Like his full name DOB and then asked about mine to him. She asked for our passports, birth certificates, EAD, asked us why we don’t have the original copies of our birth certificates, we explained that getting that stuff from Venezuela is sometimes complicated. She then continue to ask my husband:

How and when we met, who introduced us, how we started talking and what social media we used to do it, when was our first date, when we became exclusive, when he proposed, how he did it and who was there with us, then when he moved in to our now apartment 

He did not remember an exact date but she asked me to answer and I let her know it was a day after our proposal because I told him I was not going to live with him until we were at least engaged and she laughed about it. 

She asked about our lease and why he was only in the recent one and not the one before I explained her my family lived here before and he just moved in at first mid contract and we didn’t change it until later and she understood.

Then she asked me my full name, my parent’s names, my DOB, his name, his DOB, and when did we get marry, this is where I fucked up, I mixed our dating anniversary with our wedding anniversary, basically I said June instead of January, and she catches and my husband too and as soon as I realized I said sorry and stated the date again. I feel so bad and concerned about this because everything was going so well. After this she just asked the questions from the I-485 yes and no, I said yes to everything except to working without authorization, she asked where I worked and when, I gave the dates and the places and then she finished with that. And finally asked about each others family but we said that we see each others family often like once or twice a month minimum 

She explained if I was to get approved I would get a 2 year conditional green card. She also gave me the paper with the “your case will be held for review” and that mentioned that sometimes we can get notifications for REF but that she didn’t not think that at the moment that would be necessary.  It took around 25-30 min in total, she was friendly, and not as intimidating as I thought it was going to be

What do you think? I am scared that I messed up with that mistake 
  ",1758924372.0,2025-09-26T22:06:12,5,2,/r/USCIS/comments/1nrees4/interview_today_and_i_think_it_went_well/,https://www.reddit.com/r/USCIS/comments/1nrees4/interview_today_and_i_think_it_went_well/,"interview today and i think it went well
today my husband and i had our marriage base green card interview. he (usc) applied for the i-130 on july 14, 2025 online. we submitted everything there, pictures since we started dating (2019), car insurance together, lease, joint bank accounts, taxes, i even submitted a screenshot of our social media where you could see that we both post pictures together. 

i submitted my i-485 on august 8th, they reused my biometrics from my tps and then on august 22nd received the interview notice. our appointment was today 09/26/25 at the hialeah, fl fo. 

we got there, we had to wait around 30 min to get called, they don’t really follow the numbers because they would call from the 22 and the jump to 28. we went in and our interview officer was a lady 

we did our oath, and started to ask things to my husband. like his full name dob and then asked about mine to him. she asked for our passports, birth certificates, ead, asked us why we don’t have the original copies of our birth certificates, we explained that getting that stuff from venezuela is sometimes complicated. she then continue to ask my husband:

how and when we met, who introduced us, how we started talking and what social media we used to do it, when was our first date, when we became exclusive, when he proposed, how he did it and who was there with us, then when he moved in to our now apartment 

he did not remember an exact date but she asked me to answer and i let her know it was a day after our proposal because i told him i was not going to live with him until we were at least engaged and she laughed about it. 

she asked about our lease and why he was only in the recent one and not the one before i explained her my family lived here before and he just moved in at first mid contract and we didn’t change it until later and she understood.

then she asked me my full name, my parent’s names, my dob, his name, his dob, and when did we get marry, this is where i fucked up, i mixed our dating anniversary with our wedding anniversary, basically i said june instead of january, and she catches and my husband too and as soon as i realized i said sorry and stated the date again. i feel so bad and concerned about this because everything was going so well. after this she just asked the questions from the i-485 yes and no, i said yes to everything except to working without authorization, she asked where i worked and when, i gave the dates and the places and then she finished with that. and finally asked about each others family but we said that we see each others family often like once or twice a month minimum 

she explained if i was to get approved i would get a 2 year conditional green card. she also gave me the paper with the “your case will be held for review” and that mentioned that sometimes we can get notifications for ref but that she didn’t not think that at the moment that would be necessary.  it took around 25-30 min in total, she was friendly, and not as intimidating as i thought it was going to be

what do you think? i am scared that i messed up with that mistake 
  ",True,False
1nc2eu3,USCIS,Biometrics,"So I messed up. I submitted the EAD way before the green card application. I have received a notification that they received EAD and they scheduled a biometrics appt for this week. They haven't sent me a notification that they received my green card app. Should I be worried? should I reschedule my EAD appt?

",1757371743.0,2025-09-08T22:49:03,2,1,/r/USCIS/comments/1nc2eu3/biometrics/,https://www.reddit.com/r/USCIS/comments/1nc2eu3/biometrics/,"biometrics
so i messed up. i submitted the ead way before the green card application. i have received a notification that they received ead and they scheduled a biometrics appt for this week. they haven't sent me a notification that they received my green card app. should i be worried? should i reschedule my ead appt?

",True,False
1mow9zj,USCIS,Filed I-485 with Wrong Edition - rejection/ I-693 Question,"
Hi everyone,

My packet was delivered to the Chicago lockbox on July 29, 2025, and I noticed that my payment still hasn’t been processed, which made me go back and double-check everything — that’s when I realized I used an outdated edition of the I-485 form. Now I’m expecting a rejection from USCIS and feel stuck in limbo. Nothing from them yet...

From what I’ve seen, some people are getting rejection notices with green slips telling them to just resubmit the correct form and include the old I-693.

But I recently came across this on USCIS’s site, and it threw me off:

&gt; “Form I-693... signed by a civil surgeon on or after Nov. 1, 2023, is only valid while the application it was submitted with is pending. If the application... is withdrawn or denied, that Form I-693 is no longer valid. This guidance... applies to applications pending or filed on or after June 11, 2025.

Under this updated policy, if an alien submitted Form I-693 with their Form I-485, Application to Register Permanent Residence or Adjust Status, and then they withdrew their Form I-485 or we denied it, then if they submit a future Form I-485, they must submit a newly completed Form I-693 signed by a civil surgeon.”



Has anyone gotten a rejection recently what was the time line and been able to reuse their sealed I-693? Or did USCIS toss it even though the case wasn’t adjudicated?

I understand that “denial” and “rejection” are different — with denial meaning the case was reviewed and decided on, and rejection meaning it wasn’t processed at all due to filing issues — but I’m not totally familiar with how USCIS treats that distinction for I-693 purposes.

I’m prepping a clean refile so I can send it right away once the rejection comes, but I’m unsure if I should wait and see what happens with the original I-693 first.

I know I messed up badly by not double-checking the edition date. Just trying to fix it now and move forward the right way. Any insight is appreciated.",1755064110.0,2025-08-13T05:48:30,4,1,/r/USCIS/comments/1mow9zj/filed_i485_with_wrong_edition_rejection_i693/,https://www.uscis.gov/newsroom/alerts/uscis-changes-validity-period-for-any-form-i-693-signed-on-or-after-nov-1-2023,"filed i-485 with wrong edition - rejection/ i-693 question

hi everyone,

my packet was delivered to the chicago lockbox on july 29, 2025, and i noticed that my payment still hasn’t been processed, which made me go back and double-check everything — that’s when i realized i used an outdated edition of the i-485 form. now i’m expecting a rejection from uscis and feel stuck in limbo. nothing from them yet...

from what i’ve seen, some people are getting rejection notices with green slips telling them to just resubmit the correct form and include the old i-693.

but i recently came across this on uscis’s site, and it threw me off:

&gt; “form i-693... signed by a civil surgeon on or after nov. 1, 2023, is only valid while the application it was submitted with is pending. if the application... is withdrawn or denied, that form i-693 is no longer valid. this guidance... applies to applications pending or filed on or after june 11, 2025.

under this updated policy, if an alien submitted form i-693 with their form i-485, application to register permanent residence or adjust status, and then they withdrew their form i-485 or we denied it, then if they submit a future form i-485, they must submit a newly completed form i-693 signed by a civil surgeon.”



has anyone gotten a rejection recently what was the time line and been able to reuse their sealed i-693? or did uscis toss it even though the case wasn’t adjudicated?

i understand that “denial” and “rejection” are different — with denial meaning the case was reviewed and decided on, and rejection meaning it wasn’t processed at all due to filing issues — but i’m not totally familiar with how uscis treats that distinction for i-693 purposes.

i’m prepping a clean refile so i can send it right away once the rejection comes, but i’m unsure if i should wait and see what happens with the original i-693 first.

i know i messed up badly by not double-checking the edition date. just trying to fix it now and move forward the right way. any insight is appreciated.",True,False
1mhexvy,USCIS,I can't login to the Department of State's Consular Electronic Application Center (CEAC) application :((,"Is anybody else having this issue? I go to [https://ceac.state.gov/ceac/](https://ceac.state.gov/ceac/) and that seems to work but then when I click on DS-260 site, this appears. It is a Monday morning, so the site should not be as saturated as on the weekends (at least from what I have read online). I am scared that I messed up something :( 

https://preview.redd.it/bbh4t0j8i0hf1.png?width=1424&amp;format=png&amp;auto=webp&amp;s=a0adafe7c2ea566f071c1578ed908c8ceb17826c

",1754317638.0,2025-08-04T14:27:18,3,1,/r/USCIS/comments/1mhexvy/i_cant_login_to_the_department_of_states_consular/,https://www.reddit.com/r/USCIS/comments/1mhexvy/i_cant_login_to_the_department_of_states_consular/,"i can't login to the department of state's consular electronic application center (ceac) application :((
is anybody else having this issue? i go to [https://ceac.state.gov/ceac/](https://ceac.state.gov/ceac/) and that seems to work but then when i click on ds-260 site, this appears. it is a monday morning, so the site should not be as saturated as on the weekends (at least from what i have read online). i am scared that i messed up something :( 

https://preview.redd.it/bbh4t0j8i0hf1.png?width=1424&amp;format=png&amp;auto=webp&amp;s=a0adafe7c2ea566f071c1578ed908c8ceb17826c

",True,False
1mea562,USCIS,I think I messed up when sending in my RFE,"Long story short I had my interview a week ago and got a verbal approval. Later that day I got an RFE for what I think was the second dose of a vaccine I didn’t get. Today I went to my civil surgeon to get the second dose and  then send off my new sealed envelope to my local field office without including the RFE notice. I just got home and got the RFE notice in the mail ( I just saw it on my account before ) and it says that it’s important to send the original notice in with my response which I didn’t do. I’m very worried about what’s gonna happen now, is there anything I can do? I’m also confused because the last page of the RFE was a copy of my vaccination record and they circled something that doesn’t apply to me and not the second dose which is what I thought the RFE was for. Has anyone been in a similar situation? ",1753988225.0,2025-07-31T18:57:05,2,2,/r/USCIS/comments/1mea562/i_think_i_messed_up_when_sending_in_my_rfe/,https://www.reddit.com/r/USCIS/comments/1mea562/i_think_i_messed_up_when_sending_in_my_rfe/,"i think i messed up when sending in my rfe
long story short i had my interview a week ago and got a verbal approval. later that day i got an rfe for what i think was the second dose of a vaccine i didn’t get. today i went to my civil surgeon to get the second dose and  then send off my new sealed envelope to my local field office without including the rfe notice. i just got home and got the rfe notice in the mail ( i just saw it on my account before ) and it says that it’s important to send the original notice in with my response which i didn’t do. i’m very worried about what’s gonna happen now, is there anything i can do? i’m also confused because the last page of the rfe was a copy of my vaccination record and they circled something that doesn’t apply to me and not the second dose which is what i thought the rfe was for. has anyone been in a similar situation? ",True,False
1lju61b,USCIS,I864-RFE-UPLOADING EVIDENCE.,"Hey everyone, 

I have a question, so I recieved an RFE for my I864 form. I replied to the portal online with the evidence but I messed up on the inital response. I originally thought my wife wasn't required to file taxes in 2024 but we found out later she was..

So after we corrected our mistakes- I basically uploaded all the correct evidence this time with a letter as-well. But when I uploaded it- it said it was unsolicited evidence and I'm worried that they wont look at my correction because it wasn't the initial upload. It was considered unsolicited. 

  
Do you think I'll get a denial for this, starting to stress about this. ",1750818549.0,2025-06-25T02:29:09,4,1,/r/USCIS/comments/1lju61b/i864rfeuploading_evidence/,https://www.reddit.com/r/USCIS/comments/1lju61b/i864rfeuploading_evidence/,"i864-rfe-uploading evidence.
hey everyone, 

i have a question, so i recieved an rfe for my i864 form. i replied to the portal online with the evidence but i messed up on the inital response. i originally thought my wife wasn't required to file taxes in 2024 but we found out later she was..

so after we corrected our mistakes- i basically uploaded all the correct evidence this time with a letter as-well. but when i uploaded it- it said it was unsolicited evidence and i'm worried that they wont look at my correction because it wasn't the initial upload. it was considered unsolicited. 

  
do you think i'll get a denial for this, starting to stress about this. ",True,False
1ld9g8c,USCIS,I-485 spouse interview today. Think it went well but think I messed up.,"Had my wife's I-485 interview today. I think things went mostly well but I may have goofed it a bit.

We arrived at 6:45 for our 7:15 appointment and the building opened at 7. By the time we were checked in it was 7:24. 

Got seen around 8:45

Everyone was very friendly. The officer was very warm and welcoming. We went back together and took our seat. Officer had a little computer trouble and asked us questions while they waited for the system to work.  Where did you meet, why did you get married so fast (3 months after dating) met in 2022. Our answers matched but when asked about proposal we didn't really have one we had a conversation in the shower about it and technically I asked. My wife said I asked. I said We had discussed the idea before and I was in the shower and said ""we should get married"" and we eloped. Officer said she hadn't seen red flags yet but I don't know if that was before or after that question so I'm second guessing it. We presented our evidence and we're having conversations with the officer that we're friendly and they asked if I started learning Spanish and I answered in Spanish. (This all may be a little out of order.)

We concluded and officer said they would try to get to our evidence today and hopefully we hear something soon.

Am I overthinking it or did I mess up royally?

Evidence presented:

ID's and documents of eligibility.
Joint tax return
Joint checking (2 different ones) statements
Joint savings that we used to buy a house
The mortgage and temporary deed.
Health life eye dental and auto insurance all joint
Accidental death with her as my beneficiary
Retirement account with her as my beneficiary
Utility bills
About a hundred photos from dating and the wedding until after our first anniversary to recently.
Maybe some other things I can't remember.
Anyway any feedback is appreciated.

Edit:also got an email that said action was taken but nothing showing. However our address was updated so it may have been that.


Edit 06/17/25
I 130 acceptance letter posted to documents but no update on file and nothing posted to 485 yet.",1750120257.0,2025-06-17T00:30:57,14,3,/r/USCIS/comments/1ld9g8c/i485_spouse_interview_today_think_it_went_well/,https://www.reddit.com/r/USCIS/comments/1ld9g8c/i485_spouse_interview_today_think_it_went_well/,"i-485 spouse interview today. think it went well but think i messed up.
had my wife's i-485 interview today. i think things went mostly well but i may have goofed it a bit.

we arrived at 6:45 for our 7:15 appointment and the building opened at 7. by the time we were checked in it was 7:24. 

got seen around 8:45

everyone was very friendly. the officer was very warm and welcoming. we went back together and took our seat. officer had a little computer trouble and asked us questions while they waited for the system to work.  where did you meet, why did you get married so fast (3 months after dating) met in 2022. our answers matched but when asked about proposal we didn't really have one we had a conversation in the shower about it and technically i asked. my wife said i asked. i said we had discussed the idea before and i was in the shower and said ""we should get married"" and we eloped. officer said she hadn't seen red flags yet but i don't know if that was before or after that question so i'm second guessing it. we presented our evidence and we're having conversations with the officer that we're friendly and they asked if i started learning spanish and i answered in spanish. (this all may be a little out of order.)

we concluded and officer said they would try to get to our evidence today and hopefully we hear something soon.

am i overthinking it or did i mess up royally?

evidence presented:

id's and documents of eligibility.
joint tax return
joint checking (2 different ones) statements
joint savings that we used to buy a house
the mortgage and temporary deed.
health life eye dental and auto insurance all joint
accidental death with her as my beneficiary
retirement account with her as my beneficiary
utility bills
about a hundred photos from dating and the wedding until after our first anniversary to recently.
maybe some other things i can't remember.
anyway any feedback is appreciated.

edit:also got an email that said action was taken but nothing showing. however our address was updated so it may have been that.


edit 06/17/25
i 130 acceptance letter posted to documents but no update on file and nothing posted to 485 yet.",True,False
1l2idpy,USCIS,Interview Scheduled Biddeford NH any experience there ?,"Hello. 
I just got scheduled for my I-130 and I-485 based on AOS on July 
I am really nervous about that. 
Is there any experience in that office ? 
If yes, please share with me. Thank you in advance 

* I messed up.  I meant BEDFORD NEW HAMPSHIRE hahaha 

I hope all people get a good news today ",1748972699.0,2025-06-03T17:44:59,10,2,/r/USCIS/comments/1l2idpy/interview_scheduled_biddeford_nh_any_experience/,https://www.reddit.com/r/USCIS/comments/1l2idpy/interview_scheduled_biddeford_nh_any_experience/,"interview scheduled biddeford nh any experience there ?
hello. 
i just got scheduled for my i-130 and i-485 based on aos on july 
i am really nervous about that. 
is there any experience in that office ? 
if yes, please share with me. thank you in advance 

* i messed up.  i meant bedford new hampshire hahaha 

i hope all people get a good news today ",True,False
1l2e16a,USCIS,i-130 Denial due to lack of signature,"I'm embarassed and flabbergasted and all that as I write this but somehow I messed up the signature part of the i-130.  
I plan to appeal, but is there a section of the appeal where I can resubmit the forms with the correct signatures? This seems to be cut and dry and just a filing mistake, but how to fix it?  
So frustrated and sad, any help would be appreciated. Thanks all.

Edit:
It seems like my best course of action is to file an I-290B and specifically a motion to reopen and reconsider our case. It looks like it's $800 to submit this form, which is a lot of money, but I accept that I made a mistake and would pay it but I want to be sure that this is the proper course of action. Also, the I-290B seems quite complicated and even knowing where exactly to submit the form isn't immediately clear--it doesn't specifically state where to send I-130 denials. ",1748962557.0,2025-06-03T14:55:57,10,0,/r/USCIS/comments/1l2e16a/i130_denial_due_to_lack_of_signature/,https://www.reddit.com/r/USCIS/comments/1l2e16a/i130_denial_due_to_lack_of_signature/,"i-130 denial due to lack of signature
i'm embarassed and flabbergasted and all that as i write this but somehow i messed up the signature part of the i-130.  
i plan to appeal, but is there a section of the appeal where i can resubmit the forms with the correct signatures? this seems to be cut and dry and just a filing mistake, but how to fix it?  
so frustrated and sad, any help would be appreciated. thanks all.

edit:
it seems like my best course of action is to file an i-290b and specifically a motion to reopen and reconsider our case. it looks like it's $800 to submit this form, which is a lot of money, but i accept that i made a mistake and would pay it but i want to be sure that this is the proper course of action. also, the i-290b seems quite complicated and even knowing where exactly to submit the form isn't immediately clear--it doesn't specifically state where to send i-130 denials. ",True,False
1kwb76b,USCIS,Interview Scheduled - 485 Standalone?,"I am a USC. My husband and I got married in 2019, when he already was in removal proceedings and in process of applying for political asylum. Once we were married, we filed I-130. It finally got approved in May 2023, four years after filing and after an RFE for bonafide marriage. Removal proceedings case was dismissed by a judge in October 2024. 

In January 2025, we filed the 485, sent in 693 with it, and obviously 864. In February 2025, we had an RFE to clarify our 864 because I messed up on part of it. We sent in everything within about two weeks of the RFE, after consulting with a paralegal and making sure I had the form fixed and all evidence showing that I earn enough to be the only sponsor. 

A few days ago we received a notice that we are scheduled for an interview at our FO for the beginning of July, and the letter states we have to bring pretty much EVERYTHING with us in terms of paperwork (marriage certificate, birth certificates, proof of my citizenship, our child's birth certificate, financials, medical if it needs to be updated, proof of bonafide marriage.. literally everything). 

Is this normal? My husband was taken aback that we're being called to an interview and needing to bring all of the paperwork when we already have an approved 130 and a dismissal of removal proceedings. He's freaking out that we fucked up somewhere in the application.",1748309493.0,2025-05-27T01:31:33,8,1,/r/USCIS/comments/1kwb76b/interview_scheduled_485_standalone/,https://www.reddit.com/r/USCIS/comments/1kwb76b/interview_scheduled_485_standalone/,"interview scheduled - 485 standalone?
i am a usc. my husband and i got married in 2019, when he already was in removal proceedings and in process of applying for political asylum. once we were married, we filed i-130. it finally got approved in may 2023, four years after filing and after an rfe for bonafide marriage. removal proceedings case was dismissed by a judge in october 2024. 

in january 2025, we filed the 485, sent in 693 with it, and obviously 864. in february 2025, we had an rfe to clarify our 864 because i messed up on part of it. we sent in everything within about two weeks of the rfe, after consulting with a paralegal and making sure i had the form fixed and all evidence showing that i earn enough to be the only sponsor. 

a few days ago we received a notice that we are scheduled for an interview at our fo for the beginning of july, and the letter states we have to bring pretty much everything with us in terms of paperwork (marriage certificate, birth certificates, proof of my citizenship, our child's birth certificate, financials, medical if it needs to be updated, proof of bonafide marriage.. literally everything). 

is this normal? my husband was taken aback that we're being called to an interview and needing to bring all of the paperwork when we already have an approved 130 and a dismissal of removal proceedings. he's freaking out that we fucked up somewhere in the application.",True,False
1kqla0g,USCIS,MY AOS GOT DENIED-K1 marriaged base,"We waited a whole year, only to get rejected!  Seeing that this morning totally crushed me. So, according to that letter, are they saying I messed up the affidavit and didn't send in the 2023 taxes? Because I totally did.  We weren't gonna appeal or file AOS anyway; our plan was to leave in June if nothing happened.  My question is, if we file for CR1 late this year *after* leaving the US, will this denial screw up our CR1 application? Thanks!",1747684182.0,2025-05-19T19:49:42,7,0,/r/USCIS/comments/1kqla0g/my_aos_got_deniedk1_marriaged_base/,https://i.redd.it/l21bm6sels1f1.jpeg,"my aos got denied-k1 marriaged base
we waited a whole year, only to get rejected!  seeing that this morning totally crushed me. so, according to that letter, are they saying i messed up the affidavit and didn't send in the 2023 taxes? because i totally did.  we weren't gonna appeal or file aos anyway; our plan was to leave in june if nothing happened.  my question is, if we file for cr1 late this year *after* leaving the us, will this denial screw up our cr1 application? thanks!",True,False
1k39cvs,USCIS,"I-751 postoffice delays, postmark or reciept date?","I messed up and waited to file spouse's i-751 due to final semester in strenuous academic program, but still sent it off via USPS priority (to arrive April 15). Postmarked April 12, and still sitting in a post office in Pheonix as of today (April 19) which is in the same city for USCIS address is used. However, card expired April 17. Post office is on board to write me letter if I need to refile if it's lost, but my spouse thinks they will just deny since it's late and that we will have to move back to his country.

Anyone else been in a situation like this recently? Will they see it was sent express and before april 17 and accept or will they straight deny us? My spouse has travel planned in the June or July that he cannot forgo and plans to travel regardless of the outcome. ",1745105617.0,2025-04-19T23:33:37,5,0,/r/USCIS/comments/1k39cvs/i751_postoffice_delays_postmark_or_reciept_date/,https://www.reddit.com/r/USCIS/comments/1k39cvs/i751_postoffice_delays_postmark_or_reciept_date/,"i-751 postoffice delays, postmark or reciept date?
i messed up and waited to file spouse's i-751 due to final semester in strenuous academic program, but still sent it off via usps priority (to arrive april 15). postmarked april 12, and still sitting in a post office in pheonix as of today (april 19) which is in the same city for uscis address is used. however, card expired april 17. post office is on board to write me letter if i need to refile if it's lost, but my spouse thinks they will just deny since it's late and that we will have to move back to his country.

anyone else been in a situation like this recently? will they see it was sent express and before april 17 and accept or will they straight deny us? my spouse has travel planned in the june or july that he cannot forgo and plans to travel regardless of the outcome. ",True,False
1jn019s,USCIS,K1 viss packet returned due to non signature,So i messed up the first time and sent in one with an outdated form. So i rushed to send in again and forgot to sign it. Do i just sign it and resend or do i need to redo the whole thing and resubmit?,1743293204.0,2025-03-30T00:06:44,7,0,/r/USCIS/comments/1jn019s/k1_viss_packet_returned_due_to_non_signature/,https://www.reddit.com/r/USCIS/comments/1jn019s/k1_viss_packet_returned_due_to_non_signature/,"k1 viss packet returned due to non signature
so i messed up the first time and sent in one with an outdated form. so i rushed to send in again and forgot to sign it. do i just sign it and resend or do i need to redo the whole thing and resubmit?",True,False
1jmvwqp,USCIS,IOE926.. i485 Marriage based Pittsburgh FO + missed RFE,"Anyone else in that category and been approved or had interview yet? I am nervous that I messed up by submitting my RFE too late. I didn't receive the letter and on the USCIS portal it showed ""nothing else is needed right now"" even though there was a pending RFE. Reached out to EMMA many months later, when I realized and they said I could still submit but with no guarantee it would be accepted. Looks like they did but.. anyway! Any one been in the same boat with missed RFE but still approved? Or anyone in Pittsburgh FO? ",1743281417.0,2025-03-29T20:50:17,27,3,/r/USCIS/comments/1jmvwqp/ioe926_i485_marriage_based_pittsburgh_fo_missed/,https://i.redd.it/opd8s6koyore1.png,"ioe926.. i485 marriage based pittsburgh fo + missed rfe
anyone else in that category and been approved or had interview yet? i am nervous that i messed up by submitting my rfe too late. i didn't receive the letter and on the uscis portal it showed ""nothing else is needed right now"" even though there was a pending rfe. reached out to emma many months later, when i realized and they said i could still submit but with no guarantee it would be accepted. looks like they did but.. anyway! any one been in the same boat with missed rfe but still approved? or anyone in pittsburgh fo? ",True,False
1j74ddv,USCIS,I messed up at the GC through marriage interview,"I met my US citizen husband in 2018. We got engaged in 2021. I have a son from a previous “marriage” which was never made “legal” in my home country, I only gave birth to my son, but in his birth certificate is stated that I am married. And when I applied to the US visa, the agency that made all the documentation, made me sign a document stating I was married. Now, when me and my current husband applied for the I-130 and I-485, I stated that I was single and never married.

I never conceived my relationship with my past partner and my son’s father to be a “marriage.” So I forgot and truly misinterpreted as a no marriage. Now, our interview for the GC was 4 weeks ago. I was asked many times if I was single and never married and I said yes. I don’t know how fucked I’m now…

USCIS people may truly have proof that I’m “married” and I’m afraid they will decide to punish me…I have no idea what to do now. I don’t want my husband to be punished or anything because of my huge mistake. I had all the information I needed and could prevent this scenario, but I just…idk anymore. 

My husband said to revoque his I-130 which could terminate the I-485, but we don’t know if we can actually do it now at this rate after the first interview. We were told to expect a second one, but haven’t received anything. I’m really thinking about him revoking the application so he can be assured that nothing happens to him, he is an amazing person, the least I want is him paying for my mistake…",1741513979.0,2025-03-09T09:52:59,75,8,/r/USCIS/comments/1j74ddv/i_messed_up_at_the_gc_through_marriage_interview/,https://www.reddit.com/r/USCIS/comments/1j74ddv/i_messed_up_at_the_gc_through_marriage_interview/,"i messed up at the gc through marriage interview
i met my us citizen husband in 2018. we got engaged in 2021. i have a son from a previous “marriage” which was never made “legal” in my home country, i only gave birth to my son, but in his birth certificate is stated that i am married. and when i applied to the us visa, the agency that made all the documentation, made me sign a document stating i was married. now, when me and my current husband applied for the i-130 and i-485, i stated that i was single and never married.

i never conceived my relationship with my past partner and my son’s father to be a “marriage.” so i forgot and truly misinterpreted as a no marriage. now, our interview for the gc was 4 weeks ago. i was asked many times if i was single and never married and i said yes. i don’t know how fucked i’m now…

uscis people may truly have proof that i’m “married” and i’m afraid they will decide to punish me…i have no idea what to do now. i don’t want my husband to be punished or anything because of my huge mistake. i had all the information i needed and could prevent this scenario, but i just…idk anymore. 

my husband said to revoque his i-130 which could terminate the i-485, but we don’t know if we can actually do it now at this rate after the first interview. we were told to expect a second one, but haven’t received anything. i’m really thinking about him revoking the application so he can be assured that nothing happens to him, he is an amazing person, the least i want is him paying for my mistake…",True,False
1j5tux3,USCIS,I think I messed up ..,I just send I-130 and I485 and in the money order instead of U.S homeland security I put USCIS would they send everything back ? I did send two money order one for each with the fees that the page have. I’m just confused and I hope they accept it . Anybody did the same as me and they accepted? ,1741367472.0,2025-03-07T17:11:12,31,5,/r/USCIS/comments/1j5tux3/i_think_i_messed_up/,https://www.reddit.com/r/USCIS/comments/1j5tux3/i_think_i_messed_up/,"i think i messed up ..
i just send i-130 and i485 and in the money order instead of u.s homeland security i put uscis would they send everything back ? i did send two money order one for each with the fees that the page have. i’m just confused and i hope they accept it . anybody did the same as me and they accepted? ",True,False
1j5chc1,USCIS,Did not put tracking on my RFE and have not heard back from USCIS since mailing my photos 2 weeks ago,"So I submitted / mailed my RFE (photo issues) for my I-765 application a little over 2 weeks ago and didn't put tracking (which I know I messed up). Now I have not heard anything back from USCIS that my RFE is received and I have no evidence to prove that my mail was delivered to them. I called them and they ask me to wait for 60 days before calling them again if I don't hear back. What are my options now? Do I try uploading online? Do I try requesting a new notice so I can resend my RFE? Should I wait but the 60 days are cutting quite close to my RFE response deadline.

FYI: I am certain that I put in the correct address and I understand processing takes time. But because I don't have tracking, it's making me worried that I can't even argue that the RFE was mailed to them.",1741312728.0,2025-03-07T01:58:48,4,0,/r/USCIS/comments/1j5chc1/did_not_put_tracking_on_my_rfe_and_have_not_heard/,https://www.reddit.com/r/USCIS/comments/1j5chc1/did_not_put_tracking_on_my_rfe_and_have_not_heard/,"did not put tracking on my rfe and have not heard back from uscis since mailing my photos 2 weeks ago
so i submitted / mailed my rfe (photo issues) for my i-765 application a little over 2 weeks ago and didn't put tracking (which i know i messed up). now i have not heard anything back from uscis that my rfe is received and i have no evidence to prove that my mail was delivered to them. i called them and they ask me to wait for 60 days before calling them again if i don't hear back. what are my options now? do i try uploading online? do i try requesting a new notice so i can resend my rfe? should i wait but the 60 days are cutting quite close to my rfe response deadline.

fyi: i am certain that i put in the correct address and i understand processing takes time. but because i don't have tracking, it's making me worried that i can't even argue that the rfe was mailed to them.",True,False
1iu56ae,USCIS,Unable to find service centre,"I am a USC. I submitted my wife's i130 on 2/18/2025. I'm unable to find the service centre anywhere, not in the case status and the receipt notice as well. Am I missing something here? 

Please help, I'm panicking if I messed up something  🫠",1740075301.0,2025-02-20T18:15:01,10,1,/r/USCIS/comments/1iu56ae/unable_to_find_service_centre/,https://www.reddit.com/r/USCIS/comments/1iu56ae/unable_to_find_service_centre/,"unable to find service centre
i am a usc. i submitted my wife's i130 on 2/18/2025. i'm unable to find the service centre anywhere, not in the case status and the receipt notice as well. am i missing something here? 

please help, i'm panicking if i messed up something  🫠",True,False
1ima05a,USCIS,I-751 and N-400 Combo Interview Experience,"I live in Washington D.C. My wife and I got married in 2020, and I got my Green Card the same year. Applied for I-751 in 2023, and applied for N-400 in October 2024. I got my interview schedule notice in January 2025. Did the interview on 2/10/25. 

  
My appointment was at 6:40am, and the office didn't open until 6:30. More people came as it got closer to 6:20. 

When I got through the security, we went upstairs to get checked in. I think the guy who was checking us in was new because he couldn't find 2 or 3 appointments on the schedule sheet. I was getting nervous because I thought either I messed up or they messed up and we weren't going to do the interview. The supervisor ended up coming and finding our names. My wife and I waited about an hour and the FO called us around 7:30am. 

  
The FO was very cordial but it was very serious. He swore us in. He took my and my wife's IDs (driver's license), took my green card, my passport(s), and EADs. He asked about why the address on my license was different from my wife's (I renewed mine as soon as I got here and she renewed hers after a year and we moved during that time). 

He did the N-400 interview with my wife in the room. The reading test: ""Who was Washington?""; the writing test: ""George Washington was the first president"" and the civic test questions were (I forget the order):

1. Who vetoes bills?
2. What is the name of the Vice President?
3. Name three original states 
4. What is one reason colonists came to America?
5. Before he was President, Eisenhower was a general. What war was he in?
6. Name one problem that led to the Civil War?

And then... a lot of silence and clicking. He barely asked us questions about our marriage. I was worried that I didn't bring enough evidence, but it all ended up working out because he didn't even check or ask for anything that we brought. We do have two kids together (almost 3 and almost 1) and submitted their birth certificates. I don't know if that significantly helped. 

After a few minutes, he asked if all my information is still correct and then made me sign some documents and told me I was going to be approved! The only bummer is that, if I were a Virginia resident, I could've done the same-day oath ceremony. But, because I live in DC, I have to wait and get scheduled for the ceremony. We got out around 8am.

I still haven't gotten any receipt or notification that my case was approved but I did receive a paper receipt from the FO that it was approved and all I need to do is wait. 

Just wanted to post this because I personally have been helped by these kids of posts. Thank you everyone! ",1739204575.0,2025-02-10T16:22:55,16,8,/r/USCIS/comments/1ima05a/i751_and_n400_combo_interview_experience/,https://www.reddit.com/r/USCIS/comments/1ima05a/i751_and_n400_combo_interview_experience/,"i-751 and n-400 combo interview experience
i live in washington d.c. my wife and i got married in 2020, and i got my green card the same year. applied for i-751 in 2023, and applied for n-400 in october 2024. i got my interview schedule notice in january 2025. did the interview on 2/10/25. 

  
my appointment was at 6:40am, and the office didn't open until 6:30. more people came as it got closer to 6:20. 

when i got through the security, we went upstairs to get checked in. i think the guy who was checking us in was new because he couldn't find 2 or 3 appointments on the schedule sheet. i was getting nervous because i thought either i messed up or they messed up and we weren't going to do the interview. the supervisor ended up coming and finding our names. my wife and i waited about an hour and the fo called us around 7:30am. 

  
the fo was very cordial but it was very serious. he swore us in. he took my and my wife's ids (driver's license), took my green card, my passport(s), and eads. he asked about why the address on my license was different from my wife's (i renewed mine as soon as i got here and she renewed hers after a year and we moved during that time). 

he did the n-400 interview with my wife in the room. the reading test: ""who was washington?""; the writing test: ""george washington was the first president"" and the civic test questions were (i forget the order):

1. who vetoes bills?
2. what is the name of the vice president?
3. name three original states 
4. what is one reason colonists came to america?
5. before he was president, eisenhower was a general. what war was he in?
6. name one problem that led to the civil war?

and then... a lot of silence and clicking. he barely asked us questions about our marriage. i was worried that i didn't bring enough evidence, but it all ended up working out because he didn't even check or ask for anything that we brought. we do have two kids together (almost 3 and almost 1) and submitted their birth certificates. i don't know if that significantly helped. 

after a few minutes, he asked if all my information is still correct and then made me sign some documents and told me i was going to be approved! the only bummer is that, if i were a virginia resident, i could've done the same-day oath ceremony. but, because i live in dc, i have to wait and get scheduled for the ceremony. we got out around 8am.

i still haven't gotten any receipt or notification that my case was approved but i did receive a paper receipt from the fo that it was approved and all i need to do is wait. 

just wanted to post this because i personally have been helped by these kids of posts. thank you everyone! ",True,False
1ih9ls0,USCIS,O think I messed up RFE part 8 question 62 about,"I think I made a mistake and put NO but I did answered everything from 62 and on. I was pregnant at the time I submitted so we were 2 but now we’re a household of 3, is that why they send this rfe? Also my husband is in the military, do I put the anual income with the benefits or just the salary? Thank you for your help 🥺",1738643564.0,2025-02-04T04:32:44,9,2,/r/USCIS/comments/1ih9ls0/o_think_i_messed_up_rfe_part_8_question_62_about/,https://i.redd.it/vcn6mqoyv1he1.jpeg,"o think i messed up rfe part 8 question 62 about
i think i made a mistake and put no but i did answered everything from 62 and on. i was pregnant at the time i submitted so we were 2 but now we’re a household of 3, is that why they send this rfe? also my husband is in the military, do i put the anual income with the benefits or just the salary? thank you for your help 🥺",True,False
1ih2irm,USCIS,My N-400 (Naturalization/citizenship) Journey. Saint Louis field office,"

👋 Hello! Sharing my N-400 (naturalization) journey so it may help others. Hopefully this will inspire others and feel less lost in the process! There were some hiccups to my application, but I made it here nonetheless.

I was a 5+ years as a GC holder (7 years), and I applied for a name change with my N-400.

I filed online as a spouse of USC as that is how my immigration journey started. However, during my interview I have found out I was able to file under general provision (1-A instead of 1-B) due to being a lawful permanent resident for over 5 years. I had received my green card with conditioned removed after my adjustment of status.

Application: 6/27/24
Biometrics: 6/27/24 (reusable)
Interview notice arrival: 10/7/24
Interview date: 11/25/24
Oath date notice arrival: 1/8/25
Oath ceremony: 1/24/25

There were some other timelines from my field office (St. Louis) that was much shorter! It could be that my name change delayed things, that I applied as spouse of USC when I could have applied under general provision, or possibly because I messed up my travel dates 😂 Luckily, the error in dates and changing filing type was corrected during the interview.
 
Although the mail for interview &amp; oath came from the same state, it took over 2 weeks after USCIS updated the status to mailed. I had thought that the mail was lost for the interview, but it was just really slow.

Dates and times for both the interview and oath are not available to view online.


Specific experiences regarding the St. Louis field office

Citizenship interview

After checking in for your interview, your check-in officer asks you to put your appointment letter in a mailbox looking box.

The time you were called in for your interview did not seem to correlate to your appointment time or the time, order you checked in.

I checked in 15-20 minutes before my appointment time, but still waited over 1h 30m until the interview. Some were called in within 10 minutes of arrival (with appointment times over an hour later than mine).

Another interviewee was saying if you put in your appointment letter deeper towards the other side of the box (opposite from opening), you get called in earlier. There may be some truth to this, as I set mine on the outer most side towards the opening 😂 The interviewee that told me this got called in earlier as well! YMMV

At most the interview takes about 30 mins. Some people were out in 10-15. Aside from the civics questions, they comb through your N-400 again and ask you questions from it. It seems like most people just memorize everything including dates of travel and move in-out dates and addresses for efficiency. Don’t be a goober like me and try to jog your memory from the last 5 years 😂

All of the interviewers seemed kind, caring and nice. Aside from my own nerves, my interviewer was firm but kind.


Oath Ceremony 

The oath date was earlier than I expected, as my interview officer said my oath date mail could arrive February.

As for the oath, I suggest you bring a folder with you! Your certificate of naturalization does not come with any kind of carrier or envelope. It is a loose sheet of paper, so better not damage it! Don’t want it rolling around with other stuff in your bag. I hoped someone would have told me this!

Regarding name change and certificate of Naturalization. The certificate reflects your new name. I did not receive a signed N-662 to show my legal name change. I did not know I was supposed to receive this at court during the oath process. I’ve called the courthouse and they say it will come in the mail in about 2 weeks time.

There are conflicting informations online saying that this needs to be received during the ceremony signed by the judge’s clerk at the time of oath. I’m not sure if this is something that is not done in the St. Louis field office, or if I just missed it. I would suggest you ask for it when you’re there!

The arrival time on our appointment letter was 8:30, ceremony started at 10. Somehow being assigned near the very end of the 50 people being sworn in, it was around 11:15 by the time I was out.

My ceremony was at the courthouse (most are scheduled there lately except during the summer I think?), the schedules and locations can be viewed online.


Other things

After a name change naturalization, it seems like the best way to approach things are (based on what I’ve gathered from the internet, I am not certain if this is the optimal way):

Update SSN &gt; Update drivers license &gt; Apply for passport

The certificate of naturalization is sent away when you apply for your passport which delays other things that need it.

Regarding passport application, the instructions on the government website asks for a N-500 which I could not figure out how to obtain. N-550 (certificate of naturalization) ended up being enough for me.


Overall, I’m happy I don’t have to worry about my status in the US ever again. What really finalized my decision to naturalize was having kids. I think it’s important to share the same citizenship as your children — especially when you are actively living there. Also grateful to have naturalized in this political climate.

Obviously my experience is not legal advice by any means, and experiences vary depending on a lot of different circumstances. Please consult a lawyer for your specific case.

Sorry for the long wall of text, I tried to go into as much detail as I can in hopes it might help someone out.

That’s about it!

Best of luck to everyone!",1738622910.0,2025-02-03T22:48:30,3,9,/r/USCIS/comments/1ih2irm/my_n400_naturalizationcitizenship_journey_saint/,https://www.reddit.com/r/USCIS/comments/1ih2irm/my_n400_naturalizationcitizenship_journey_saint/,"my n-400 (naturalization/citizenship) journey. saint louis field office


👋 hello! sharing my n-400 (naturalization) journey so it may help others. hopefully this will inspire others and feel less lost in the process! there were some hiccups to my application, but i made it here nonetheless.

i was a 5+ years as a gc holder (7 years), and i applied for a name change with my n-400.

i filed online as a spouse of usc as that is how my immigration journey started. however, during my interview i have found out i was able to file under general provision (1-a instead of 1-b) due to being a lawful permanent resident for over 5 years. i had received my green card with conditioned removed after my adjustment of status.

application: 6/27/24
biometrics: 6/27/24 (reusable)
interview notice arrival: 10/7/24
interview date: 11/25/24
oath date notice arrival: 1/8/25
oath ceremony: 1/24/25

there were some other timelines from my field office (st. louis) that was much shorter! it could be that my name change delayed things, that i applied as spouse of usc when i could have applied under general provision, or possibly because i messed up my travel dates 😂 luckily, the error in dates and changing filing type was corrected during the interview.
 
although the mail for interview &amp; oath came from the same state, it took over 2 weeks after uscis updated the status to mailed. i had thought that the mail was lost for the interview, but it was just really slow.

dates and times for both the interview and oath are not available to view online.


specific experiences regarding the st. louis field office

citizenship interview

after checking in for your interview, your check-in officer asks you to put your appointment letter in a mailbox looking box.

the time you were called in for your interview did not seem to correlate to your appointment time or the time, order you checked in.

i checked in 15-20 minutes before my appointment time, but still waited over 1h 30m until the interview. some were called in within 10 minutes of arrival (with appointment times over an hour later than mine).

another interviewee was saying if you put in your appointment letter deeper towards the other side of the box (opposite from opening), you get called in earlier. there may be some truth to this, as i set mine on the outer most side towards the opening 😂 the interviewee that told me this got called in earlier as well! ymmv

at most the interview takes about 30 mins. some people were out in 10-15. aside from the civics questions, they comb through your n-400 again and ask you questions from it. it seems like most people just memorize everything including dates of travel and move in-out dates and addresses for efficiency. don’t be a goober like me and try to jog your memory from the last 5 years 😂

all of the interviewers seemed kind, caring and nice. aside from my own nerves, my interviewer was firm but kind.


oath ceremony 

the oath date was earlier than i expected, as my interview officer said my oath date mail could arrive february.

as for the oath, i suggest you bring a folder with you! your certificate of naturalization does not come with any kind of carrier or envelope. it is a loose sheet of paper, so better not damage it! don’t want it rolling around with other stuff in your bag. i hoped someone would have told me this!

regarding name change and certificate of naturalization. the certificate reflects your new name. i did not receive a signed n-662 to show my legal name change. i did not know i was supposed to receive this at court during the oath process. i’ve called the courthouse and they say it will come in the mail in about 2 weeks time.

there are conflicting informations online saying that this needs to be received during the ceremony signed by the judge’s clerk at the time of oath. i’m not sure if this is something that is not done in the st. louis field office, or if i just missed it. i would suggest you ask for it when you’re there!

the arrival time on our appointment letter was 8:30, ceremony started at 10. somehow being assigned near the very end of the 50 people being sworn in, it was around 11:15 by the time i was out.

my ceremony was at the courthouse (most are scheduled there lately except during the summer i think?), the schedules and locations can be viewed online.


other things

after a name change naturalization, it seems like the best way to approach things are (based on what i’ve gathered from the internet, i am not certain if this is the optimal way):

update ssn &gt; update drivers license &gt; apply for passport

the certificate of naturalization is sent away when you apply for your passport which delays other things that need it.

regarding passport application, the instructions on the government website asks for a n-500 which i could not figure out how to obtain. n-550 (certificate of naturalization) ended up being enough for me.


overall, i’m happy i don’t have to worry about my status in the us ever again. what really finalized my decision to naturalize was having kids. i think it’s important to share the same citizenship as your children — especially when you are actively living there. also grateful to have naturalized in this political climate.

obviously my experience is not legal advice by any means, and experiences vary depending on a lot of different circumstances. please consult a lawyer for your specific case.

sorry for the long wall of text, i tried to go into as much detail as i can in hopes it might help someone out.

that’s about it!

best of luck to everyone!",True,False
1ifw1sj,USCIS,I was granted a 212C waiver in 2018 in Trump’s first term. Am I a deportation candidate in the current climate,"My teenage years were a shit show, I messed up and got a felony conviction for drug possession with intent to distribute. Received 360 days of work release and 1 year probation as part of a plea deal.

I owned it, got my act together, finished college and have never looked back. I am now 56 years old, received my masters from MIT two years ago and an executive at a Fortune 500 company. 

I retained an immigration attorney and many thousands of dollars later, I was granted a 212C waiver in 2018 during the first Trump term. I’ve been traveling internationally without any issues upon re-entry.

Currently overseas and due back in February. What are my odds that ICE will detain me?",1738498719.0,2025-02-02T12:18:39,34,4,/r/USCIS/comments/1ifw1sj/i_was_granted_a_212c_waiver_in_2018_in_trumps/,https://www.reddit.com/r/USCIS/comments/1ifw1sj/i_was_granted_a_212c_waiver_in_2018_in_trumps/,"i was granted a 212c waiver in 2018 in trump’s first term. am i a deportation candidate in the current climate
my teenage years were a shit show, i messed up and got a felony conviction for drug possession with intent to distribute. received 360 days of work release and 1 year probation as part of a plea deal.

i owned it, got my act together, finished college and have never looked back. i am now 56 years old, received my masters from mit two years ago and an executive at a fortune 500 company. 

i retained an immigration attorney and many thousands of dollars later, i was granted a 212c waiver in 2018 during the first trump term. i’ve been traveling internationally without any issues upon re-entry.

currently overseas and due back in february. what are my odds that ice will detain me?",True,False
1i1ugqr,USCIS,USC in UK-  Direct Consular Filing (DCF),"Hi all, does any one have any insight, I feel like I'm reading and going in circles. I am a US citizen, living in the UK for the past 12 years. My husband is a UK citizen; married in 2013 in the USA. We have three children who are all dual citizens. We are moving to the USA.

I have filed the I-130 petition a few days ago &amp; received a receipt of notice almost immediately (good?). My estimated wait time is 22 months..is there any way to speed up this process? I'm filing the K-3 visa (I know its redundant) in hopes it'll do something. Now I'm worried I messed up and I should have done the Direct Consular Filing with the London Embassy. But I've already submitted the petition online. There's nothing I can do now, correct?   
  
 My mother is a permanent US resident and is going to sponsor us financially once I-130 is approved. She is very financially stable, still working at 62, although does have multiple sclerosis. I am wondering if that would qualify for exemptional circumstances. I really need to be there for her when she's not having goo days etc. Any help would be appreciated, thank you!",1736936450.0,2025-01-15T10:20:50,5,1,/r/USCIS/comments/1i1ugqr/usc_in_uk_direct_consular_filing_dcf/,https://www.reddit.com/r/USCIS/comments/1i1ugqr/usc_in_uk_direct_consular_filing_dcf/,"usc in uk-  direct consular filing (dcf)
hi all, does any one have any insight, i feel like i'm reading and going in circles. i am a us citizen, living in the uk for the past 12 years. my husband is a uk citizen; married in 2013 in the usa. we have three children who are all dual citizens. we are moving to the usa.

i have filed the i-130 petition a few days ago &amp; received a receipt of notice almost immediately (good?). my estimated wait time is 22 months..is there any way to speed up this process? i'm filing the k-3 visa (i know its redundant) in hopes it'll do something. now i'm worried i messed up and i should have done the direct consular filing with the london embassy. but i've already submitted the petition online. there's nothing i can do now, correct?   
  
 my mother is a permanent us resident and is going to sponsor us financially once i-130 is approved. she is very financially stable, still working at 62, although does have multiple sclerosis. i am wondering if that would qualify for exemptional circumstances. i really need to be there for her when she's not having goo days etc. any help would be appreciated, thank you!",True,False
1i0ssvt,USCIS,"Did anyone file their i-130, i-745 etc online via the USCIS website?","I didn't know this until recently because we have a lawyer now but for immigration you can literally just select the form you want to [fill out on the official USCIS website](https://www.uscis.gov/i-130), it'll save everything for you also and then it looks like you can submit it at the end.

Looks like you can do all the other forms also so the i-745 and so on.

My main questions are:

1. Has anyone actually used this to fill out their application on their own?

2. If you did, did you then get a lawyer to look it over?

3. And if you did get a lawyer to look it over, how much did they charge you to just look over everything that you collected yourself?

Kind of wondering if I messed up and should have done all this myself before getting a lawyer smh...",1736813237.0,2025-01-14T00:07:17,1,1,/r/USCIS/comments/1i0ssvt/did_anyone_file_their_i130_i745_etc_online_via/,https://www.reddit.com/r/USCIS/comments/1i0ssvt/did_anyone_file_their_i130_i745_etc_online_via/,"did anyone file their i-130, i-745 etc online via the uscis website?
i didn't know this until recently because we have a lawyer now but for immigration you can literally just select the form you want to [fill out on the official uscis website](https://www.uscis.gov/i-130), it'll save everything for you also and then it looks like you can submit it at the end.

looks like you can do all the other forms also so the i-745 and so on.

my main questions are:

1. has anyone actually used this to fill out their application on their own?

2. if you did, did you then get a lawyer to look it over?

3. and if you did get a lawyer to look it over, how much did they charge you to just look over everything that you collected yourself?

kind of wondering if i messed up and should have done all this myself before getting a lawyer smh...",True,False
1hx5ylv,USCIS,How much longer? I-130 case,"Hello guys,

I filed I-130 on February 10, 2023 for my wife, who lives in Eastern Europe.

I am a Legal Permanent Resident with SE3 category.

So, it was filed on **Feb 10, 2023**. Went under review on **October 5, 2023.** There has been no updates/contact from USCIS ever since, which I know is normal, however, as most of you (since its a USCIS sub) know how stressful it is to have a system stand between you and your loved one - my wife (me too) is exhausted from this silence and nothingness.

I filed it myself, I-130 and I-130A as well, then I approached an immigration lawyer and asked if there was anything I could do, if anyone thinks I messed up with anything, I sent over all the paperwork I had submitted and he said, nope, its all been filed correctly and he didn't even charge me for consultation (bless his heart lol)

I am certain we do not fit in any expedited case scenario, but is there anything, JUST ANYTHING that would give my wife a shred of hope? its been 700 grueling days since the filing.

I do have a question about writing to State senator or a congressman regarding the case, how should one approach it (I've read that this is a shot in a dark too for some cases). I do realize that this is a ""googleable"" thing to do, its just, I'm very tired too, I'm writing this out of desperation and overall confusion and would like to hear anything from anyone who can relate to this situation.

Pardon me if it looks like rambling, or bunch of grammar errors, but thank you if you read through it and I wish you all your desired outcome in your own cases.

  
EDIT: I also wanted to see what you guys think about the timelines in my case.

",1736401186.0,2025-01-09T05:39:46,4,0,/r/USCIS/comments/1hx5ylv/how_much_longer_i130_case/,https://www.reddit.com/r/USCIS/comments/1hx5ylv/how_much_longer_i130_case/,"how much longer? i-130 case
hello guys,

i filed i-130 on february 10, 2023 for my wife, who lives in eastern europe.

i am a legal permanent resident with se3 category.

so, it was filed on **feb 10, 2023**. went under review on **october 5, 2023.** there has been no updates/contact from uscis ever since, which i know is normal, however, as most of you (since its a uscis sub) know how stressful it is to have a system stand between you and your loved one - my wife (me too) is exhausted from this silence and nothingness.

i filed it myself, i-130 and i-130a as well, then i approached an immigration lawyer and asked if there was anything i could do, if anyone thinks i messed up with anything, i sent over all the paperwork i had submitted and he said, nope, its all been filed correctly and he didn't even charge me for consultation (bless his heart lol)

i am certain we do not fit in any expedited case scenario, but is there anything, just anything that would give my wife a shred of hope? its been 700 grueling days since the filing.

i do have a question about writing to state senator or a congressman regarding the case, how should one approach it (i've read that this is a shot in a dark too for some cases). i do realize that this is a ""googleable"" thing to do, its just, i'm very tired too, i'm writing this out of desperation and overall confusion and would like to hear anything from anyone who can relate to this situation.

pardon me if it looks like rambling, or bunch of grammar errors, but thank you if you read through it and i wish you all your desired outcome in your own cases.

  
edit: i also wanted to see what you guys think about the timelines in my case.

",True,False
1gxlxrj,USCIS,I just realized I messed up and didn’t send enough evidence I-751,"Hello,
I recently submitted by I-751. I did it myself and honestly I don’t think I submitted enough evidence. I just gave birth 2 months ago prior to applying and my mom brain is exhausted. Evidence I submitted:

- joint checking and savings (only one statement for both)
- marriage certificate 
- Child’s birth certificate 
- private student loans by USC husband co-signed with me 
- Leases from 2021-current 
- joint health insurance 
- life insurance beneficiary 
- photos (social media screenshots with comments, travels, photos either friends and family, baby shower photos, photos with new baby) 

I had a lawyer do my I-485, which from my previous post, got approved quickly. I have no other excuse but I got my hands full with my LO and may have overlooked things.

Question is, should I submit more evidence on the website where it lets you or should I just wait and see if I get an RFE? I was thinking of submitting joint tax returns and joint checking account and savings that go further back. ",1732319169.0,2024-11-22T23:46:09,10,2,/r/USCIS/comments/1gxlxrj/i_just_realized_i_messed_up_and_didnt_send_enough/,https://www.reddit.com/r/USCIS/comments/1gxlxrj/i_just_realized_i_messed_up_and_didnt_send_enough/,"i just realized i messed up and didn’t send enough evidence i-751
hello,
i recently submitted by i-751. i did it myself and honestly i don’t think i submitted enough evidence. i just gave birth 2 months ago prior to applying and my mom brain is exhausted. evidence i submitted:

- joint checking and savings (only one statement for both)
- marriage certificate 
- child’s birth certificate 
- private student loans by usc husband co-signed with me 
- leases from 2021-current 
- joint health insurance 
- life insurance beneficiary 
- photos (social media screenshots with comments, travels, photos either friends and family, baby shower photos, photos with new baby) 

i had a lawyer do my i-485, which from my previous post, got approved quickly. i have no other excuse but i got my hands full with my lo and may have overlooked things.

question is, should i submit more evidence on the website where it lets you or should i just wait and see if i get an rfe? i was thinking of submitting joint tax returns and joint checking account and savings that go further back. ",True,False
1ffyat2,USCIS,Help needed,My wife and I filed I485 and I130 last year. I messed up in attaching my taxes to the I485. She got denied and now we are trying to refile the I485 but can’t find the receipt for my I130. We have the number attached in the I485 paper work but not a copy of it. We do have a screen grab with the page saying it’s pending. I do not have my own account for this and USCIS is being unresponsive to any request for help. They say a new copy of the receipt will take up to 30 days to process but she was only given 33 days to refile or leave the country. Any help/advice would be appreciated. ,1726243184.0,2024-09-13T15:59:44,2,1,/r/USCIS/comments/1ffyat2/help_needed/,https://www.reddit.com/r/USCIS/comments/1ffyat2/help_needed/,"help needed
my wife and i filed i485 and i130 last year. i messed up in attaching my taxes to the i485. she got denied and now we are trying to refile the i485 but can’t find the receipt for my i130. we have the number attached in the i485 paper work but not a copy of it. we do have a screen grab with the page saying it’s pending. i do not have my own account for this and uscis is being unresponsive to any request for help. they say a new copy of the receipt will take up to 30 days to process but she was only given 33 days to refile or leave the country. any help/advice would be appreciated. ",True,False
1exv41t,USCIS,My I-485 will probably be denied. What should I do? ,"First of all, I know I messed up!!! 

I’m on F1-OPT and married to a US citizen. I filed for AOS on 07/19/2024, and yesterday I received an email saying my I-130 was approved. However, on the same day, I got an RFE for my I-485. 😞

The RFE is asking for proof that I met the 2-year residence requirement from a J-1 visa I had in 2018. They gave me until November 15,. Guess what?! I’m short by 31 days. 

When I filed, I didn’t even consider the 2-year rule because the program wasn’t funded by my country or the U.S. government, and my visa stamp doesn’t mention that I’m subject to INA 212. 😭

Now I’ll have to get a non-objection waiver, which, optimistically, could take around 6 months.

So, my question is: should I withdraw my I-485, or let them close the case and deny it? What would look best for when I reapply next year?

Thanks in advance! Don't be like me 😔",1724260115.0,2024-08-21T17:08:35,54,36,/r/USCIS/comments/1exv41t/my_i485_will_probably_be_denied_what_should_i_do/,https://www.reddit.com/r/USCIS/comments/1exv41t/my_i485_will_probably_be_denied_what_should_i_do/,"my i-485 will probably be denied. what should i do? 
first of all, i know i messed up!!! 

i’m on f1-opt and married to a us citizen. i filed for aos on 07/19/2024, and yesterday i received an email saying my i-130 was approved. however, on the same day, i got an rfe for my i-485. 😞

the rfe is asking for proof that i met the 2-year residence requirement from a j-1 visa i had in 2018. they gave me until november 15,. guess what?! i’m short by 31 days. 

when i filed, i didn’t even consider the 2-year rule because the program wasn’t funded by my country or the u.s. government, and my visa stamp doesn’t mention that i’m subject to ina 212. 😭

now i’ll have to get a non-objection waiver, which, optimistically, could take around 6 months.

so, my question is: should i withdraw my i-485, or let them close the case and deny it? what would look best for when i reapply next year?

thanks in advance! don't be like me 😔",True,False
1exbrr4,USCIS,Question about renewing green card with criminal record.,"Hello, my green card expires in February. I was wondering if anyone knows if I can renew it. Back in 2018 I got arrested for selling drugs and having guns on me. Did 3 years at half time. I stopped what I was doing when I did my time and have been doing good since. I was only charged for possession and sales. They dismissed the gun charges. As well as in 2016 I also had same thing. 2 felonies at that point at this point.
In 2022 I ran from the cops because I was homeless at that time and I didn't want to lose my motorcycle. They were trying to give me prison time and another felony. Fought it for over a year and ended up getting my charge brought down to misdemeanor, got a year of probation without checking in with anyone. And 11 days of work release. Well October I finish probation and haven't gotten into trouble at all.

I started the process to expunge my 2 felonies but the money I paid the lawyer they did some dumb stuff and never told me that it was just an assessment. I paid 5k for just that. And now they're saying I gave to pay another 5k. But I just recently lost my job and have no more money to finish what I started 

Does anyone know if I can submit my I-90 and can get a renewal before I expunge my record? I know I messed up and I probably don't deserve it. But I am trying to better myself. I just found out I'm going to be a father a month ago and for the last couple months I have been speaking to a recruiter to join the army and was told that my record isnt a problem, Just I need to make sure my green card is good and that's why I want to renew it but don't have the funds to finish paying a lawyer . I would like to repay my debt to society and show that I am not a lost cause . Show my future kid I'm not a screw up.

I have been living in California since I was a year old and I ended up getting my green card through children's court cause I was a foster kid. My categore is SL6 how it appears on my green card
I am currently 29 male.

If anyone can give me an answer or some advice that would be greatly appreciated, thank you for taking the time to read and help.",1724200177.0,2024-08-21T00:29:37,37,1,/r/USCIS/comments/1exbrr4/question_about_renewing_green_card_with_criminal/,https://www.reddit.com/r/USCIS/comments/1exbrr4/question_about_renewing_green_card_with_criminal/,"question about renewing green card with criminal record.
hello, my green card expires in february. i was wondering if anyone knows if i can renew it. back in 2018 i got arrested for selling drugs and having guns on me. did 3 years at half time. i stopped what i was doing when i did my time and have been doing good since. i was only charged for possession and sales. they dismissed the gun charges. as well as in 2016 i also had same thing. 2 felonies at that point at this point.
in 2022 i ran from the cops because i was homeless at that time and i didn't want to lose my motorcycle. they were trying to give me prison time and another felony. fought it for over a year and ended up getting my charge brought down to misdemeanor, got a year of probation without checking in with anyone. and 11 days of work release. well october i finish probation and haven't gotten into trouble at all.

i started the process to expunge my 2 felonies but the money i paid the lawyer they did some dumb stuff and never told me that it was just an assessment. i paid 5k for just that. and now they're saying i gave to pay another 5k. but i just recently lost my job and have no more money to finish what i started 

does anyone know if i can submit my i-90 and can get a renewal before i expunge my record? i know i messed up and i probably don't deserve it. but i am trying to better myself. i just found out i'm going to be a father a month ago and for the last couple months i have been speaking to a recruiter to join the army and was told that my record isnt a problem, just i need to make sure my green card is good and that's why i want to renew it but don't have the funds to finish paying a lawyer . i would like to repay my debt to society and show that i am not a lost cause . show my future kid i'm not a screw up.

i have been living in california since i was a year old and i ended up getting my green card through children's court cause i was a foster kid. my categore is sl6 how it appears on my green card
i am currently 29 male.

if anyone can give me an answer or some advice that would be greatly appreciated, thank you for taking the time to read and help.",True,False
1dd2rqn,USCIS,RE I-485,"I just received a mail about RE I485. They say they could not determine that the petitioning sponsor's Form I-864, Affidavit of Support, is qualified.

My spouse income previous year was 31k. As far as I know it is exceeded the requirement for household size of 2 is 25.5k. I am not sure if I messed up the household size in form I-864 because I was confused about it I did not remember how many I filled in that part.

A friend suggest me to resubmit what they require, and put more money in sponsor bank account around 30k. Otherwise I have to find a joint sponsor. 
Any suggestion? Thanks.",1718070786.0,2024-06-11T01:53:06,3,2,/r/USCIS/comments/1dd2rqn/re_i485/,https://www.reddit.com/r/USCIS/comments/1dd2rqn/re_i485/,"re i-485
i just received a mail about re i485. they say they could not determine that the petitioning sponsor's form i-864, affidavit of support, is qualified.

my spouse income previous year was 31k. as far as i know it is exceeded the requirement for household size of 2 is 25.5k. i am not sure if i messed up the household size in form i-864 because i was confused about it i did not remember how many i filled in that part.

a friend suggest me to resubmit what they require, and put more money in sponsor bank account around 30k. otherwise i have to find a joint sponsor. 
any suggestion? thanks.",True,False
1d06p6l,USCIS,I think I messed up bad,"Recently, I received a paper notice from USCIS with my Receipt Number and an Online Access Code, instructing me to create an account to check the status of my case online. Since I had an existing account, I decided to use it to follow the instructions. However, when I entered my Receipt Number and Online Access Code, the webpage just reset to the homepage without confirming if my case was added successfully.

I tried two or three more times, but it kept sending me to the homepage. I thought the issue might be with my account, so I deleted it completely and created a new one. After creating the new account and entering the Online Access Code, it now tells me that the code doesn't exist.

I'm worried because I think I may have deleted the account with my case, and I no longer have a working code. Unfortunately, I can't contact USCIS because it's the weekend.

Has anyone else experienced a similar problem? Any advice would be greatly appreciated.",1716622457.0,2024-05-25T07:34:17,7,1,/r/USCIS/comments/1d06p6l/i_think_i_messed_up_bad/,https://www.reddit.com/r/USCIS/comments/1d06p6l/i_think_i_messed_up_bad/,"i think i messed up bad
recently, i received a paper notice from uscis with my receipt number and an online access code, instructing me to create an account to check the status of my case online. since i had an existing account, i decided to use it to follow the instructions. however, when i entered my receipt number and online access code, the webpage just reset to the homepage without confirming if my case was added successfully.

i tried two or three more times, but it kept sending me to the homepage. i thought the issue might be with my account, so i deleted it completely and created a new one. after creating the new account and entering the online access code, it now tells me that the code doesn't exist.

i'm worried because i think i may have deleted the account with my case, and i no longer have a working code. unfortunately, i can't contact uscis because it's the weekend.

has anyone else experienced a similar problem? any advice would be greatly appreciated.",True,False
1cy1cps,USCIS,Filed unsolicited evidence and our timeline jumped 8 months,"Filed March 3, 2023 and watched our case count all the way down to one week until we received the “taking longer than expected” in April. Since it had been over a year since we filed, we have a lot more evidence for our case. So we uploaded it! Now it jumped to 8 months and I feel like I messed up :/ Any words of encouragement? My wife is Canadian and I am a US citizen. So many people with the same time frame have been approved already. We’ve even reached out to our congressman and was told they can’t do anything :(",1716387465.0,2024-05-22T14:17:45,5,2,/r/USCIS/comments/1cy1cps/filed_unsolicited_evidence_and_our_timeline/,https://www.reddit.com/r/USCIS/comments/1cy1cps/filed_unsolicited_evidence_and_our_timeline/,"filed unsolicited evidence and our timeline jumped 8 months
filed march 3, 2023 and watched our case count all the way down to one week until we received the “taking longer than expected” in april. since it had been over a year since we filed, we have a lot more evidence for our case. so we uploaded it! now it jumped to 8 months and i feel like i messed up :/ any words of encouragement? my wife is canadian and i am a us citizen. so many people with the same time frame have been approved already. we’ve even reached out to our congressman and was told they can’t do anything :(",True,False
1csr2gb,USCIS,Rescheduled N400 Interview,"Howdy y’all. So I called USCIS to reschedule my interview at the Tucson field office because I couldn’t make it to the date they assigned me. Afterwards I got an email stating my interview was canceled/descheduled and I realized I messed up trying to reschedule. How badly have I ruined things? Based on other posts, some people get rescheduled in a week or so, some get listed as ‘no show’ on their original date because the local office didn’t get the memo and others get put back months before getting another appointment. Thanks for any insight or personal experience. ",1715795524.0,2024-05-15T17:52:04,13,1,/r/USCIS/comments/1csr2gb/rescheduled_n400_interview/,https://www.reddit.com/r/USCIS/comments/1csr2gb/rescheduled_n400_interview/,"rescheduled n400 interview
howdy y’all. so i called uscis to reschedule my interview at the tucson field office because i couldn’t make it to the date they assigned me. afterwards i got an email stating my interview was canceled/descheduled and i realized i messed up trying to reschedule. how badly have i ruined things? based on other posts, some people get rescheduled in a week or so, some get listed as ‘no show’ on their original date because the local office didn’t get the memo and others get put back months before getting another appointment. thanks for any insight or personal experience. ",True,False
1bvxb3w,USCIS,"Approved after 51 Days. No RFE, No Interview","edit: I-130 approved same day 4/4/24  
**Application stats**:

From Peru, came on B-2 Visa (legal entry) in 2005 as a minor. Overstayed the visa 2006 and DACA since 2015. 1 traffic ticket under $500 explained in extra info section.

Package was put together with dividers and loose papers. My clips wouldn't fit inside the package when I sent it so I had to remove them but they were accepted regardless.

**Timeline**:

1/26/24 - Married my wife  
2/10/24 - Sent package (I-485, I-130, I-765, I-131, I-864, I-693) to Chicago lockbox

2/12/24 - USCIS Received package and sent notice

2/15/24 - I-485 Case is Being Actively Reviewed and Biometrics Reuse  
4/3/24 - I-130 Case is Being Actively Reviewed

4/4/24 - I-485 Approval

Package was at National Benefits Center then transferred to Santa Ana, CA field office (not sure when)

**Evidence provided for bonafide marriage**: (My wife is Petitioner)

* Labeled photos of Relationship over 3 years (dates, trips, wedding photoshoot)
* Employment Verification with statement of Life insurance benefits to Petitioner
* Joint Lease Agreement
* Joint Checking Account Statement
* Credit card statement with Petitioner as authorized user
* Joint Renter’s insurance
* Electric Bill to joint household under wife's name
* Trip confirmation for trip
* Bank statements showing payments to each other

**Personal tips (Not legal advice):**

* If you can, try to submit your medical exam with your application. You will get an RFE and that only slows down your application
* It seems like most applications that get approved quickly showed a lot of proof an intent of a future life together like joint bank accounts, insurance together, leases, mortgages, beneficiary statements. Yes pictures are important but USCIS wants more concrete proof of a joint partnership
* I know it is hard not to check every single day, multiple times a day. Once it is in USCIS's hands, you have no control over what they do or how long it will take. Relax and know that your green life is almost here!

\* I messed up on I-485 application Part 8, #17 which asks ""Have you **EVER** violated the terms of your nonimmigrant visa?"". I checked ""No"" but the correct answer is ""Yes"" since I overstayed my B-2 visa. I did not get an RFE but if I had an interview, this might have come up.",1712261171.0,2024-04-04T20:06:11,10,16,/r/USCIS/comments/1bvxb3w/approved_after_51_days_no_rfe_no_interview/,https://www.reddit.com/r/USCIS/comments/1bvxb3w/approved_after_51_days_no_rfe_no_interview/,"approved after 51 days. no rfe, no interview
edit: i-130 approved same day 4/4/24  
**application stats**:

from peru, came on b-2 visa (legal entry) in 2005 as a minor. overstayed the visa 2006 and daca since 2015. 1 traffic ticket under $500 explained in extra info section.

package was put together with dividers and loose papers. my clips wouldn't fit inside the package when i sent it so i had to remove them but they were accepted regardless.

**timeline**:

1/26/24 - married my wife  
2/10/24 - sent package (i-485, i-130, i-765, i-131, i-864, i-693) to chicago lockbox

2/12/24 - uscis received package and sent notice

2/15/24 - i-485 case is being actively reviewed and biometrics reuse  
4/3/24 - i-130 case is being actively reviewed

4/4/24 - i-485 approval

package was at national benefits center then transferred to santa ana, ca field office (not sure when)

**evidence provided for bonafide marriage**: (my wife is petitioner)

* labeled photos of relationship over 3 years (dates, trips, wedding photoshoot)
* employment verification with statement of life insurance benefits to petitioner
* joint lease agreement
* joint checking account statement
* credit card statement with petitioner as authorized user
* joint renter’s insurance
* electric bill to joint household under wife's name
* trip confirmation for trip
* bank statements showing payments to each other

**personal tips (not legal advice):**

* if you can, try to submit your medical exam with your application. you will get an rfe and that only slows down your application
* it seems like most applications that get approved quickly showed a lot of proof an intent of a future life together like joint bank accounts, insurance together, leases, mortgages, beneficiary statements. yes pictures are important but uscis wants more concrete proof of a joint partnership
* i know it is hard not to check every single day, multiple times a day. once it is in uscis's hands, you have no control over what they do or how long it will take. relax and know that your green life is almost here!

\* i messed up on i-485 application part 8, #17 which asks ""have you **ever** violated the terms of your nonimmigrant visa?"". i checked ""no"" but the correct answer is ""yes"" since i overstayed my b-2 visa. i did not get an rfe but if i had an interview, this might have come up.",True,False
1bke1w0,USCIS,‘Mistakes’ in form,"Hi ! Super quick question — ive seen on this sub that a lot of people are saying things like

My lawyer messed up so had to resubmit
Or
I messed up a part so it took way longer

But how do you know you / your lawyer messed up? Does some kind of notification come from USCIS that you made a mistake? Or do you recheck your forms and find them? 

Thanks in advance!! ❤️❤️",1711046784.0,2024-03-21T18:46:24,5,1,/r/USCIS/comments/1bke1w0/mistakes_in_form/,https://www.reddit.com/r/USCIS/comments/1bke1w0/mistakes_in_form/,"‘mistakes’ in form
hi ! super quick question — ive seen on this sub that a lot of people are saying things like

my lawyer messed up so had to resubmit
or
i messed up a part so it took way longer

but how do you know you / your lawyer messed up? does some kind of notification come from uscis that you made a mistake? or do you recheck your forms and find them? 

thanks in advance!! ❤️❤️",True,False
1ayf8xo,USCIS,Very Urgent -,"Hello,

Last month, I got a request for more info (RFE) asking for a new joint sponsor and the I-693 medical exam form. I thought I'd included everything, but when I got home, I found the I-693 envelope in my backpack.

Now, I'm not sure what to do. Should I send the I-693 as soon as possible, even if it's in a separate delivery and without the RFE notice? Or should I try to stop the delivery and send a new package with everything included? I'm worried I messed up and don't know the best way forward.  
",1708730969.0,2024-02-23T23:29:29,6,5,/r/USCIS/comments/1ayf8xo/very_urgent/,https://www.reddit.com/r/USCIS/comments/1ayf8xo/very_urgent/,"very urgent -
hello,

last month, i got a request for more info (rfe) asking for a new joint sponsor and the i-693 medical exam form. i thought i'd included everything, but when i got home, i found the i-693 envelope in my backpack.

now, i'm not sure what to do. should i send the i-693 as soon as possible, even if it's in a separate delivery and without the rfe notice? or should i try to stop the delivery and send a new package with everything included? i'm worried i messed up and don't know the best way forward.  
",True,False
1asr5lc,USCIS,I—130 and I-485 Concurrent ,"So I think I messed up. I am a US Citizen who submitted the I-130 last April. Is it true my spouse could have applied for I-485 without an A number since I am a US citizen? If it is true, can my spouse apply now? Thanks for your help.",1708137527.0,2024-02-17T02:38:47,16,3,/r/USCIS/comments/1asr5lc/i130_and_i485_concurrent/,https://www.reddit.com/r/USCIS/comments/1asr5lc/i130_and_i485_concurrent/,"i—130 and i-485 concurrent 
so i think i messed up. i am a us citizen who submitted the i-130 last april. is it true my spouse could have applied for i-485 without an a number since i am a us citizen? if it is true, can my spouse apply now? thanks for your help.",True,False
1aelrds,USCIS,"I-130, I-130A and I-485?!","Hello wonderful humans on Reddit. 

Okay so my spouse (citizen in the uk) and I (USA citizen born and raised) filed the I-130 and I-130a at the same time but now I’m seeing I should have filed the I-485 as well?  Can someone explain why? And do I need to still? We haven’t been approved yet but are close to being so it’s like I feel like I messed up and now this process will take way longer because we didn’t use a lawyer. Anyways can someone help me? I just need to figure out if we need to file the i-485 and when I need to file it? Google isn’t super helpful. Thank you",1706612140.0,2024-01-30T10:55:40,8,7,/r/USCIS/comments/1aelrds/i130_i130a_and_i485/,https://www.reddit.com/r/USCIS/comments/1aelrds/i130_i130a_and_i485/,"i-130, i-130a and i-485?!
hello wonderful humans on reddit. 

okay so my spouse (citizen in the uk) and i (usa citizen born and raised) filed the i-130 and i-130a at the same time but now i’m seeing i should have filed the i-485 as well?  can someone explain why? and do i need to still? we haven’t been approved yet but are close to being so it’s like i feel like i messed up and now this process will take way longer because we didn’t use a lawyer. anyways can someone help me? i just need to figure out if we need to file the i-485 and when i need to file it? google isn’t super helpful. thank you",True,False
18hy1za,USCIS,Mistake on Naturalization application,So I helped my Mom fill out her citizenship application back in July and only now realized I messed up on the when did you become a permanent resident question. I put the date we came to the U.S instead of the date she was issued her 5-year green card. What should I do?,1702520579.0,2023-12-14T02:22:59,3,0,/r/USCIS/comments/18hy1za/mistake_on_naturalization_application/,https://www.reddit.com/r/USCIS/comments/18hy1za/mistake_on_naturalization_application/,"mistake on naturalization application
so i helped my mom fill out her citizenship application back in july and only now realized i messed up on the when did you become a permanent resident question. i put the date we came to the u.s instead of the date she was issued her 5-year green card. what should i do?",True,False
17zj319,USCIS,How effed am I on a scale of 1-10?,"Backstory:

Moved to the US with a K1 visa, got married and applied for green card (all in 2022). Got green card early this year but I was 6 months pregnant so I couldn’t exactly go out and look for a job. Husband then got job offer overseas and took it. Had baby in the US and moved a couple of months later.
We are planning on visiting/moving back next June. (This will mean 10 months out of the country.)

Questions:

1. Will me moving away with SO been seen as abandoning my PR?
2. Will I be denied entry?
3. Is there anything I can do while Im OUTSIDE the country to protect my PR?
4. Will I have to start over by applying for a spousal visa this time?

I feel/know I messed but I want to know to which level I messed up.",1700465375.0,2023-11-20T07:29:35,7,2,/r/USCIS/comments/17zj319/how_effed_am_i_on_a_scale_of_110/,https://www.reddit.com/r/USCIS/comments/17zj319/how_effed_am_i_on_a_scale_of_110/,"how effed am i on a scale of 1-10?
backstory:

moved to the us with a k1 visa, got married and applied for green card (all in 2022). got green card early this year but i was 6 months pregnant so i couldn’t exactly go out and look for a job. husband then got job offer overseas and took it. had baby in the us and moved a couple of months later.
we are planning on visiting/moving back next june. (this will mean 10 months out of the country.)

questions:

1. will me moving away with so been seen as abandoning my pr?
2. will i be denied entry?
3. is there anything i can do while im outside the country to protect my pr?
4. will i have to start over by applying for a spousal visa this time?

i feel/know i messed but i want to know to which level i messed up.",True,False
17z7c4u,USCIS,I made a huge typo in my I-864 Affidavit and am panicking,"TLDR: I mistakenly reported my wife's hourly rate as $40 instead of $14 on the I-864 affidavit. I’m debating whether to wait for an RFE or submit the correct form with an addendum immediately. 

For context, my wife was on a business trip for 2 months so we mostly communicated via FaceTime when completing the application. We used an immigration filing service for it. 

They asked for her verification of employment letter and gave us a template to use. On the FaceTime call she helped me fill out the information we already knew and then sent it to the employer to help us complete it with a signature via DocuSign. However, this is where I messed up, when she was mentioning her hourly rate on FaceTime, she said she made $14/hr at her job, however I had heard her say $40/hr instead. I did not question it or anything because I was in a rush and just wanted to fill out the application and move on. She even provided a paystub that clearly wrote $14/hr but I just never double checked. However, the service did suggest I still get a joint sponsor to which I successfully did from one of my wealthy friends. 

After everything had been reviewed by the service, I then received the package and was so excited and in a rush that I went ahead and mailed it just last week Friday 11/17/2023, with the passport photos, checks and everything. Fast forward to today I was having a random conversation with my wife where I had finally brought up her hourly rate, to which she said it was $14, not $40. We both panicked and went to review the I-864 document again (we requested a digital copy), and saw that she basically was earning over $80k a year due to my mishearing. Yikes. 

I don’t know how no one caught this or mentioned anything even despite the paystub evidence, but now I want to know what to do next. The service said I’ll most likely get an RFE to submit a correct affidavit. But I saw online that I can mail the correct one immediately with a brief addendum attached clarifying the error or call them and let them know the issue. What do y’all suggest I do? Should I wait, or act immediately and submit the correct form by Monday?
",1700428942.0,2023-11-19T21:22:22,9,2,/r/USCIS/comments/17z7c4u/i_made_a_huge_typo_in_my_i864_affidavit_and_am/,https://www.reddit.com/r/USCIS/comments/17z7c4u/i_made_a_huge_typo_in_my_i864_affidavit_and_am/,"i made a huge typo in my i-864 affidavit and am panicking
tldr: i mistakenly reported my wife's hourly rate as $40 instead of $14 on the i-864 affidavit. i’m debating whether to wait for an rfe or submit the correct form with an addendum immediately. 

for context, my wife was on a business trip for 2 months so we mostly communicated via facetime when completing the application. we used an immigration filing service for it. 

they asked for her verification of employment letter and gave us a template to use. on the facetime call she helped me fill out the information we already knew and then sent it to the employer to help us complete it with a signature via docusign. however, this is where i messed up, when she was mentioning her hourly rate on facetime, she said she made $14/hr at her job, however i had heard her say $40/hr instead. i did not question it or anything because i was in a rush and just wanted to fill out the application and move on. she even provided a paystub that clearly wrote $14/hr but i just never double checked. however, the service did suggest i still get a joint sponsor to which i successfully did from one of my wealthy friends. 

after everything had been reviewed by the service, i then received the package and was so excited and in a rush that i went ahead and mailed it just last week friday 11/17/2023, with the passport photos, checks and everything. fast forward to today i was having a random conversation with my wife where i had finally brought up her hourly rate, to which she said it was $14, not $40. we both panicked and went to review the i-864 document again (we requested a digital copy), and saw that she basically was earning over $80k a year due to my mishearing. yikes. 

i don’t know how no one caught this or mentioned anything even despite the paystub evidence, but now i want to know what to do next. the service said i’ll most likely get an rfe to submit a correct affidavit. but i saw online that i can mail the correct one immediately with a brief addendum attached clarifying the error or call them and let them know the issue. what do y’all suggest i do? should i wait, or act immediately and submit the correct form by monday?
",True,False
17a6wqp,USCIS,Realized that I've lost my EAD after employer asks for i9 reverification.,"Hi guys, I'm an F1 student on my STEM OPT. I have been working for 14 months now. My STEM EAD expires on July 21, 2024. Just a week ago my employer asked for i9 reverification. Only then I realized that I've misplaced/lost my STEM EAD. (I remember having it in my wallet literally a week before that)

Employer had mentioned in the email that I need to do this by Nov 20th, failing to verify by then; I will be put on paid leave until Nov 2nd. After which, I am no longer eligible to work. I applied for new replacement EAD yesterday and I just finished my Equifax appointment by providing the lost STEM EAD number and i797C receipt notice of replacement EAD. However, at the end the screen showed that I have 3 days until I should show my new EAD.

&amp;#x200B;

What do I do? Can I ask my employer to give an extension?  Do I have 90 days' time with that receipt notice? (In the USCIS website it mentions 90 days from date of hire or expiration of current EAD. Both of those doesn't apply to me). I messed up big time by having it in my wallet. Please help.


Update:
The documents I submitted was rejected. Saying that I should give an expired EAD along with the i797C notice. Doesn’t make any sense. I went ahead and did the premium processing form i907. Expensive lesson but hopefully I get the card soon.",1697572078.0,2023-10-17T19:47:58,8,1,/r/USCIS/comments/17a6wqp/realized_that_ive_lost_my_ead_after_employer_asks/,https://www.reddit.com/r/USCIS/comments/17a6wqp/realized_that_ive_lost_my_ead_after_employer_asks/,"realized that i've lost my ead after employer asks for i9 reverification.
hi guys, i'm an f1 student on my stem opt. i have been working for 14 months now. my stem ead expires on july 21, 2024. just a week ago my employer asked for i9 reverification. only then i realized that i've misplaced/lost my stem ead. (i remember having it in my wallet literally a week before that)

employer had mentioned in the email that i need to do this by nov 20th, failing to verify by then; i will be put on paid leave until nov 2nd. after which, i am no longer eligible to work. i applied for new replacement ead yesterday and i just finished my equifax appointment by providing the lost stem ead number and i797c receipt notice of replacement ead. however, at the end the screen showed that i have 3 days until i should show my new ead.

&amp;#x200b;

what do i do? can i ask my employer to give an extension?  do i have 90 days' time with that receipt notice? (in the uscis website it mentions 90 days from date of hire or expiration of current ead. both of those doesn't apply to me). i messed up big time by having it in my wallet. please help.


update:
the documents i submitted was rejected. saying that i should give an expired ead along with the i797c notice. doesn’t make any sense. i went ahead and did the premium processing form i907. expensive lesson but hopefully i get the card soon.",True,False
17504or,USCIS,I-485 rfie,"I need a joint sponsor and I know I do. They requested rfe for my joint sponsors because I think I didn’t send in the tax transcripts from irs website. The ones I sent where informal from businesses. Also, I think I messed up calculating his house hold. Do I need to submit another I-864 for myself, if I don’t reach the income threshold? Or just send in the joint sponsor in rfie",1696982257.0,2023-10-10T23:57:37,1,1,/r/USCIS/comments/17504or/i485_rfie/,https://www.reddit.com/r/USCIS/comments/17504or/i485_rfie/,"i-485 rfie
i need a joint sponsor and i know i do. they requested rfe for my joint sponsors because i think i didn’t send in the tax transcripts from irs website. the ones i sent where informal from businesses. also, i think i messed up calculating his house hold. do i need to submit another i-864 for myself, if i don’t reach the income threshold? or just send in the joint sponsor in rfie",True,False
15ryx98,USCIS,RFE I-693 - how should I include a copy of the RFE letter?,"Hey,

I received a letter requesting evidence for my i-693 results. I'm supposed to include a copy of my RFE letter with my response.

I got the sealed envelope for the medical exam. Is the RFE letter copy supposed to be inside the envelope? The people at the clinic never asked me for the letter. So my envelope has just the medical forms and I have a separate copy of my RFE letter.

I'm reading conflicting stuff online. Some people suggest the RFE letter should be inside the sealed envelope. Others say, just stick them both in a separate envelope and send that.

Can someone shed some light on this? TIA!

Note: I haven't sent my response yet, so I do have time to fix it, if I messed up.",1692120392.0,2023-08-15T17:26:32,5,1,/r/USCIS/comments/15ryx98/rfe_i693_how_should_i_include_a_copy_of_the_rfe/,https://www.reddit.com/r/USCIS/comments/15ryx98/rfe_i693_how_should_i_include_a_copy_of_the_rfe/,"rfe i-693 - how should i include a copy of the rfe letter?
hey,

i received a letter requesting evidence for my i-693 results. i'm supposed to include a copy of my rfe letter with my response.

i got the sealed envelope for the medical exam. is the rfe letter copy supposed to be inside the envelope? the people at the clinic never asked me for the letter. so my envelope has just the medical forms and i have a separate copy of my rfe letter.

i'm reading conflicting stuff online. some people suggest the rfe letter should be inside the sealed envelope. others say, just stick them both in a separate envelope and send that.

can someone shed some light on this? tia!

note: i haven't sent my response yet, so i do have time to fix it, if i messed up.",True,False
15c3wsf,USCIS,EAD renewal (c8),"Hi everyone! I've applied for my ead renewal on Feb 8, 2023. Up until now I didn't receive a card yet, but did receive a notice with 540 days extension. But it also states that to be eligible for automatic extension I had to apply for renewal before my previous ead card expired. I WAS 2 month late with my renewal application when I submitted it, meaning that my ead was expired on the day of submission. Does that really mean that I messed up and won't be able to legally work in US until they sent me new ead? No way around it? 

It seems like it will take me over an year to get renewed ead and I don't know what am I supposed to do without ability to work. Become homeless?",1690565825.0,2023-07-28T17:37:05,8,3,/r/USCIS/comments/15c3wsf/ead_renewal_c8/,https://www.reddit.com/r/USCIS/comments/15c3wsf/ead_renewal_c8/,"ead renewal (c8)
hi everyone! i've applied for my ead renewal on feb 8, 2023. up until now i didn't receive a card yet, but did receive a notice with 540 days extension. but it also states that to be eligible for automatic extension i had to apply for renewal before my previous ead card expired. i was 2 month late with my renewal application when i submitted it, meaning that my ead was expired on the day of submission. does that really mean that i messed up and won't be able to legally work in us until they sent me new ead? no way around it? 

it seems like it will take me over an year to get renewed ead and i don't know what am i supposed to do without ability to work. become homeless?",True,False
14umt58,USCIS,Worried my AOS application is lost?,"We filed in December 2021. I am starting to get worried because I have had no update since my i130 changed to actively reviewing 5 months ago. We did everything ourselves so I am starting to think maybe I did something wrong or my case is lost or something but everytime I call they just say it is processing normally, and the earliest I can enquire is 2025? I really don't want to wait until then just to find out my whole case has been lost for like 2 years. Other people are being approved who filed in 2023, so I have no idea if I messed up something. I know some people wait over two years, but I still need to get an rfe for my medical exam and I haven't even got that yet so I am just confused what is going on with my case but I can't get any detailed updates. Is anyone else still waiting from 2021 who is at the Charleston SC FO?",1688870404.0,2023-07-09T02:40:04,34,10,/r/USCIS/comments/14umt58/worried_my_aos_application_is_lost/,https://www.reddit.com/r/USCIS/comments/14umt58/worried_my_aos_application_is_lost/,"worried my aos application is lost?
we filed in december 2021. i am starting to get worried because i have had no update since my i130 changed to actively reviewing 5 months ago. we did everything ourselves so i am starting to think maybe i did something wrong or my case is lost or something but everytime i call they just say it is processing normally, and the earliest i can enquire is 2025? i really don't want to wait until then just to find out my whole case has been lost for like 2 years. other people are being approved who filed in 2023, so i have no idea if i messed up something. i know some people wait over two years, but i still need to get an rfe for my medical exam and i haven't even got that yet so i am just confused what is going on with my case but i can't get any detailed updates. is anyone else still waiting from 2021 who is at the charleston sc fo?",True,False
14t8978,USCIS,I-I30 NEED CORRECTION FOR BENEFICIARY BIRTHDAY,"Concurrent filing of I-130. 
I received the notice and I realized I messed up the birth date of the beneficiary, instead of 5/4 I wrote 5/14. How can I fix this? 🥹",1688738663.0,2023-07-07T14:04:23,4,1,/r/USCIS/comments/14t8978/ii30_need_correction_for_beneficiary_birthday/,https://www.reddit.com/r/USCIS/comments/14t8978/ii30_need_correction_for_beneficiary_birthday/,"i-i30 need correction for beneficiary birthday
concurrent filing of i-130. 
i received the notice and i realized i messed up the birth date of the beneficiary, instead of 5/4 i wrote 5/14. how can i fix this? 🥹",True,False
14p18yn,USCIS,How do you submit a form 130A?,Thinking I messed up now😭 I filed the 130 online and added the 130A in the “unsolicited evidence” on USCIS website. Where was I supposed to submit this?😅,1688336974.0,2023-07-02T22:29:34,7,2,/r/USCIS/comments/14p18yn/how_do_you_submit_a_form_130a/,https://www.reddit.com/r/USCIS/comments/14p18yn/how_do_you_submit_a_form_130a/,"how do you submit a form 130a?
thinking i messed up now😭 i filed the 130 online and added the 130a in the “unsolicited evidence” on uscis website. where was i supposed to submit this?😅",True,False
14c5lfv,USCIS,Impact of Unlawful Presence? Less Than 180 Days,"I messed up.

&amp;#x200B;

I lost my job on my H1B. I missed doing a timely filing of change of status. USCIS denied my change of status, stating I was outside the 60-day filing window. They state in their decision letter that I may remain in the country on non-immigrant status until the end of my I-94.

&amp;#x200B;

But my I-94 date is already past. It's still well under the 180-days mark, so I'm not subject to the 3-year ban if I departed today. I spoke with two immigration lawyers about the consequences of the overstay in applying for a future H1B.

* The first is 100% convinced I can never ever get an H1B again.
* The other says, I have to declare this overstay in the future, and I can only do home country consular processing (no consulate shopping), but he does not believe the overstay alone will result in denial. (Dual intent, no misrepresentation, real job, etc.)

&amp;#x200B;

I'm speaking with a third lawyer this week to get more clarity. Is anyone familiar with possibility of denial for future H1B? I have not found much online. I'm inclined to trust lawyer #2, because lawyer #1 seemed to pontificate when I pointed out there's a difference in out-of-status vs unlawful presence. Thank you.",1687045848.0,2023-06-17T23:50:48,11,0,/r/USCIS/comments/14c5lfv/impact_of_unlawful_presence_less_than_180_days/,https://www.reddit.com/r/USCIS/comments/14c5lfv/impact_of_unlawful_presence_less_than_180_days/,"impact of unlawful presence? less than 180 days
i messed up.

&amp;#x200b;

i lost my job on my h1b. i missed doing a timely filing of change of status. uscis denied my change of status, stating i was outside the 60-day filing window. they state in their decision letter that i may remain in the country on non-immigrant status until the end of my i-94.

&amp;#x200b;

but my i-94 date is already past. it's still well under the 180-days mark, so i'm not subject to the 3-year ban if i departed today. i spoke with two immigration lawyers about the consequences of the overstay in applying for a future h1b.

* the first is 100% convinced i can never ever get an h1b again.
* the other says, i have to declare this overstay in the future, and i can only do home country consular processing (no consulate shopping), but he does not believe the overstay alone will result in denial. (dual intent, no misrepresentation, real job, etc.)

&amp;#x200b;

i'm speaking with a third lawyer this week to get more clarity. is anyone familiar with possibility of denial for future h1b? i have not found much online. i'm inclined to trust lawyer #2, because lawyer #1 seemed to pontificate when i pointed out there's a difference in out-of-status vs unlawful presence. thank you.",True,False
14ail7q,USCIS,I-765 Got denied due to I-20 issue,"&amp;#x200B;

I messed up and applied OPT before getting my DSO signed I-20. I got a denial notice and they are telling me to file I-290B. My work start date is in about a month. How do i move forward with this? I am still in my grace period time. Can I apply again? I am full on panicking and cannot think straight.",1686876306.0,2023-06-16T00:45:06,2,1,/r/USCIS/comments/14ail7q/i765_got_denied_due_to_i20_issue/,https://www.reddit.com/r/USCIS/comments/14ail7q/i765_got_denied_due_to_i20_issue/,"i-765 got denied due to i-20 issue
&amp;#x200b;

i messed up and applied opt before getting my dso signed i-20. i got a denial notice and they are telling me to file i-290b. my work start date is in about a month. how do i move forward with this? i am still in my grace period time. can i apply again? i am full on panicking and cannot think straight.",True,False
1364mt9,USCIS,Can you fly while waiting for a response?,"Ok so a quick story, i have been married almost 16yrs with a US citizen i came here when i was 8yrs old attended school and finished but i wasnt able to get on the Daca because of Julys ruling (yes i messed up and didnt file back in 2012) i did do biometrics on May before it all got stopped..  we did a petition back in 2013, yes i am a very indecisive person i know like i should of moved faster. Anyways i have been traveling (driving) tru the US and every time an agent asks me the ""us citizen?"" Question i always say NO i have never lied. Only once i was asked an ID and paper work. Only show my Mexican passport and the Petition Receipt and thats it. So i know i can travel if i drive. Now my husband right now is in Phoneix AZ (due to work) and im in TX and i REALLY want to go see him but i def dont want to drive like 18hrs. My question is has anyone Flown before while waiting for a response? Also i have the i-604A receipt and waiting on response... i have seen many social media videos of ppl flying and being ""lucky"" but i have seen so many mix responses",1683072002.0,2023-05-03T00:00:02,4,2,/r/USCIS/comments/1364mt9/can_you_fly_while_waiting_for_a_response/,https://www.reddit.com/r/USCIS/comments/1364mt9/can_you_fly_while_waiting_for_a_response/,"can you fly while waiting for a response?
ok so a quick story, i have been married almost 16yrs with a us citizen i came here when i was 8yrs old attended school and finished but i wasnt able to get on the daca because of julys ruling (yes i messed up and didnt file back in 2012) i did do biometrics on may before it all got stopped..  we did a petition back in 2013, yes i am a very indecisive person i know like i should of moved faster. anyways i have been traveling (driving) tru the us and every time an agent asks me the ""us citizen?"" question i always say no i have never lied. only once i was asked an id and paper work. only show my mexican passport and the petition receipt and thats it. so i know i can travel if i drive. now my husband right now is in phoneix az (due to work) and im in tx and i really want to go see him but i def dont want to drive like 18hrs. my question is has anyone flown before while waiting for a response? also i have the i-604a receipt and waiting on response... i have seen many social media videos of ppl flying and being ""lucky"" but i have seen so many mix responses",True,False
133zqnd,USCIS,I think I messed up my case,"So case was approved and sent to the NVC fees are paid documents submitted but I’m just realizing I made a whole lots of errors
I-864 was electronically signed 
Upload joint sponsor with misspelt name 
Uploaded a deferent joint sponsor and went ahead and signed my civil documents. After signing I noticed I can’t upload no other documents but my remaining civil documents also my 2nd joint sponsor is showing N/A N/A 
Anytime I try to upload other documents it takes me to my civil documents..
How do I correct all this mistakes ? Do we still have a chance
Are there any deadlines to submit documents? Someone please help
i130 filler",1682880520.0,2023-04-30T18:48:40,3,1,/r/USCIS/comments/133zqnd/i_think_i_messed_up_my_case/,https://www.reddit.com/r/USCIS/comments/133zqnd/i_think_i_messed_up_my_case/,"i think i messed up my case
so case was approved and sent to the nvc fees are paid documents submitted but i’m just realizing i made a whole lots of errors
i-864 was electronically signed 
upload joint sponsor with misspelt name 
uploaded a deferent joint sponsor and went ahead and signed my civil documents. after signing i noticed i can’t upload no other documents but my remaining civil documents also my 2nd joint sponsor is showing n/a n/a 
anytime i try to upload other documents it takes me to my civil documents..
how do i correct all this mistakes ? do we still have a chance
are there any deadlines to submit documents? someone please help
i130 filler",True,False
11bxrn9,USCIS,case finally approved after 1 year and 3 days no interview Boston Massachusetts RFE was for medical messed up the first medical and opened it and submitted it online realized i messed up and got a new one before USCIS started working on it and mailed it fast open to questions alway,,1677364239.0,2023-02-25T22:30:39,39,9,/r/USCIS/comments/11bxrn9/case_finally_approved_after_1_year_and_3_days_no/,https://i.redd.it/fnn6pgl2dgka1.jpg,"case finally approved after 1 year and 3 days no interview boston massachusetts rfe was for medical messed up the first medical and opened it and submitted it online realized i messed up and got a new one before uscis started working on it and mailed it fast open to questions alway
",True,False
y7jfy4,USCIS,CPT course with wrong duration,"I think I messed up. Last year, I did a co-op from summer 2021 to the end of fall 2021. I had the cpt authorization for both the internships. However, I noticed that the CPT course I registered in has the wrong duration. My first internship is from 05/10 to 09/06. However, the course I registered in is only from 05/10 to 08/23. I had credit for both the internships during the summer and fall 2021. My question is that, is the wrong duration going to affect my F1 standing. Is there a way to ask the course instructor to change the duration of the course even if the course has ended? Thanks!",1666128471.0,2022-10-18T21:27:51,3,1,/r/USCIS/comments/y7jfy4/cpt_course_with_wrong_duration/,https://www.reddit.com/r/USCIS/comments/y7jfy4/cpt_course_with_wrong_duration/,"cpt course with wrong duration
i think i messed up. last year, i did a co-op from summer 2021 to the end of fall 2021. i had the cpt authorization for both the internships. however, i noticed that the cpt course i registered in has the wrong duration. my first internship is from 05/10 to 09/06. however, the course i registered in is only from 05/10 to 08/23. i had credit for both the internships during the summer and fall 2021. my question is that, is the wrong duration going to affect my f1 standing. is there a way to ask the course instructor to change the duration of the course even if the course has ended? thanks!",True,False
wr1p8g,USCIS,Filing for Re-entry Permit instead of Travel document.,"2 years ago I flew to a country that doesn't consider a Travel document a valid passport so I have used my original passport from where I seek asylum from bc both my parents that I haven't seen in 10 years had surgeries and it was pretty serious. I took my chances and didn't want anything to happen to them and flew there. 

  
Came back to the US and all is good and went again for their 2nd surgery after 5 months and again made it to the US. I know I messed up big time but I guess anyone else would've done the same thing. 

&amp;#x200B;

Now I'm thinking to be prepared and file for one incase god forbid something happens and I need to fly and see them. my lawyer recommended I file for an Re-entry permit since I get to skip the Travel Document question that reads 'Applied or obtained a passport of the country seeking asylum from' in Part 6 3.b.

Is this ok? or am I going to be in trouble for not choosing 'I'm a a permanent resident as a direct result of refugee or asylee status, and I'm applying for a refugee travel document. 

&amp;#x200B;

I chose 'I'm a permanent resident of the US and I'm applying for a reentry permit?",1660774128.0,2022-08-17T22:08:48,2,3,/r/USCIS/comments/wr1p8g/filing_for_reentry_permit_instead_of_travel/,https://www.reddit.com/r/USCIS/comments/wr1p8g/filing_for_reentry_permit_instead_of_travel/,"filing for re-entry permit instead of travel document.
2 years ago i flew to a country that doesn't consider a travel document a valid passport so i have used my original passport from where i seek asylum from bc both my parents that i haven't seen in 10 years had surgeries and it was pretty serious. i took my chances and didn't want anything to happen to them and flew there. 

  
came back to the us and all is good and went again for their 2nd surgery after 5 months and again made it to the us. i know i messed up big time but i guess anyone else would've done the same thing. 

&amp;#x200b;

now i'm thinking to be prepared and file for one incase god forbid something happens and i need to fly and see them. my lawyer recommended i file for an re-entry permit since i get to skip the travel document question that reads 'applied or obtained a passport of the country seeking asylum from' in part 6 3.b.

is this ok? or am i going to be in trouble for not choosing 'i'm a a permanent resident as a direct result of refugee or asylee status, and i'm applying for a refugee travel document. 

&amp;#x200b;

i chose 'i'm a permanent resident of the us and i'm applying for a reentry permit?",True,False
wez4hx,USCIS,advice for family based green card,"Hello,

I am petitioning my mother to come and live with me in the US. I filed many documents including I-130, which was approved and then everything was sent to the NVC. There, she had the interview and the medical exam, and she got her Visa. She came here and stayed 4 months, we received a notice to pay immigration fees which we did, then she had to back to her home country to deal with some unfinished business. I completely forgot (but I thought I did but could not find any proof I filed it) to to help her file I 485. She is coming back soon (she can enter the Usa without a visa if she stays less than 3 months). Should I wait she comes here to file the form or can we file it together online? 

Thank you everyone, I am really worried I messed up the process.",1659508441.0,2022-08-03T06:34:01,8,2,/r/USCIS/comments/wez4hx/advice_for_family_based_green_card/,https://www.reddit.com/r/USCIS/comments/wez4hx/advice_for_family_based_green_card/,"advice for family based green card
hello,

i am petitioning my mother to come and live with me in the us. i filed many documents including i-130, which was approved and then everything was sent to the nvc. there, she had the interview and the medical exam, and she got her visa. she came here and stayed 4 months, we received a notice to pay immigration fees which we did, then she had to back to her home country to deal with some unfinished business. i completely forgot (but i thought i did but could not find any proof i filed it) to to help her file i 485. she is coming back soon (she can enter the usa without a visa if she stays less than 3 months). should i wait she comes here to file the form or can we file it together online? 

thank you everyone, i am really worried i messed up the process.",True,False
w1n625,USCIS,Appealing about voting status,"Hello reddit,

I lived in Bay Area

I had N400 review 4 days ago. I messed up and answered ""Yes"" to ""Did you register to vote?"" Obviously I didn't cuz I'm not US Citizen but my dumbass said ""Yes"" even though I tried and say ""No"". The officer hold me on that answer and request additional documents from me.

At the end of the Interview, she provided me all the form that said I passed civic tests and writing tests. HOWEVER, she said I require to obtain a letter to prove THAT I indeed ""did not register to vote"". And once I sent proof of that including with the documents she gave me. I will be able to schedule for ceremony and become US Citizen. Deadline to appeal this is August 15. And I'm in shitshow right now. I check on ""Voter Status"" but when I entered my info it doesn't show anything, because obviously I in fact didn't registered to vote.

So bottom-line is, can I just print a webpage that show they don't have my voter information or do you guys know anywhere I can get a letter that say ""This person didn't registered to vote""

Thank you very much for helping me become US Citizen.",1658108266.0,2022-07-18T01:37:46,1,5,/r/USCIS/comments/w1n625/appealing_about_voting_status/,https://www.reddit.com/r/USCIS/comments/w1n625/appealing_about_voting_status/,"appealing about voting status
hello reddit,

i lived in bay area

i had n400 review 4 days ago. i messed up and answered ""yes"" to ""did you register to vote?"" obviously i didn't cuz i'm not us citizen but my dumbass said ""yes"" even though i tried and say ""no"". the officer hold me on that answer and request additional documents from me.

at the end of the interview, she provided me all the form that said i passed civic tests and writing tests. however, she said i require to obtain a letter to prove that i indeed ""did not register to vote"". and once i sent proof of that including with the documents she gave me. i will be able to schedule for ceremony and become us citizen. deadline to appeal this is august 15. and i'm in shitshow right now. i check on ""voter status"" but when i entered my info it doesn't show anything, because obviously i in fact didn't registered to vote.

so bottom-line is, can i just print a webpage that show they don't have my voter information or do you guys know anywhere i can get a letter that say ""this person didn't registered to vote""

thank you very much for helping me become us citizen.",True,False
t4e7gu,USCIS,I-485 Interview today went ok.,"Had my I-485 interview today and went pretty well. Asked for our IDs, gave him our marriage license and our daughters birth certificate. He Asked what my full name was and my wife’s too &amp; my date of birth along with my nationality. Asked where we met. He just asked me questions based off the application. I messed up on one question unfortunately. Was asked if i have ever been in removal proceedings and I said no, but he corrects me and says that I’ve actually have been in removal proceedings. Early 2009 my mom had applied for me and her and our case was denied don’t know why don’t really remember since I was only 12 years old. I told him I was a minor at that time and really don’t recall anything but the case was terminated. Other than that, just continued to ask simple yes or no questions off the application. He gave me a paper saying interview is being reviewed, but he reassured me everything looks fine on his end and that I would get a permanent GC since my wife and I have been married for more than 2 years. Now I’m just waiting for the status to change.",1646158139.0,2022-03-01T18:08:59,10,4,/r/USCIS/comments/t4e7gu/i485_interview_today_went_ok/,https://www.reddit.com/r/USCIS/comments/t4e7gu/i485_interview_today_went_ok/,"i-485 interview today went ok.
had my i-485 interview today and went pretty well. asked for our ids, gave him our marriage license and our daughters birth certificate. he asked what my full name was and my wife’s too &amp; my date of birth along with my nationality. asked where we met. he just asked me questions based off the application. i messed up on one question unfortunately. was asked if i have ever been in removal proceedings and i said no, but he corrects me and says that i’ve actually have been in removal proceedings. early 2009 my mom had applied for me and her and our case was denied don’t know why don’t really remember since i was only 12 years old. i told him i was a minor at that time and really don’t recall anything but the case was terminated. other than that, just continued to ask simple yes or no questions off the application. he gave me a paper saying interview is being reviewed, but he reassured me everything looks fine on his end and that i would get a permanent gc since my wife and i have been married for more than 2 years. now i’m just waiting for the status to change.",True,False
s8dgwi,USCIS,Help with lost I-797C for biometrics for I-751,"  

	Hey guys need some advice because I feel that I messed up so would like some advice about the situation.

	On Tuesday I got a notice from USPS that a letter from immigration  arrived. When I went to pick up the letters it seems I somehow managed to  lose the envelope with the letter in it before I had a chance to  look at it.   
Talking with an agent in USCIS through Emma they told me  that there is a biometrics appointment scheduled for 2/2/22 (The online case status hasn't been updated to reflect that) and after a short discussion they've sent me a pdf  file at my email which is the ASC notice. 

I wanted to ask if there's anything else I can do at this point, is it  even worth trying to get them to resend the actual paper or just the  printed pdf will do? 

Anyone else had a similar experience? 

Thank you all.",1642664322.0,2022-01-20T07:38:42,2,1,/r/USCIS/comments/s8dgwi/help_with_lost_i797c_for_biometrics_for_i751/,https://www.reddit.com/r/USCIS/comments/s8dgwi/help_with_lost_i797c_for_biometrics_for_i751/,"help with lost i-797c for biometrics for i-751
  

	hey guys need some advice because i feel that i messed up so would like some advice about the situation.

	on tuesday i got a notice from usps that a letter from immigration  arrived. when i went to pick up the letters it seems i somehow managed to  lose the envelope with the letter in it before i had a chance to  look at it.   
talking with an agent in uscis through emma they told me  that there is a biometrics appointment scheduled for 2/2/22 (the online case status hasn't been updated to reflect that) and after a short discussion they've sent me a pdf  file at my email which is the asc notice. 

i wanted to ask if there's anything else i can do at this point, is it  even worth trying to get them to resend the actual paper or just the  printed pdf will do? 

anyone else had a similar experience? 

thank you all.",True,False
pswmzj,USCIS,HELP!!!,"I messed up and haven't yet taken the i693 medical. 
I have the 1st appointment with the Dr tomorrow and my interview is on Thursday the 30th.
What happens if I am still waiting results/do not have a full, completed i693?",1632272980.0,2021-09-22T01:09:40,17,5,/r/USCIS/comments/pswmzj/help/,https://www.reddit.com/r/USCIS/comments/pswmzj/help/,"help!!!
i messed up and haven't yet taken the i693 medical. 
i have the 1st appointment with the dr tomorrow and my interview is on thursday the 30th.
what happens if i am still waiting results/do not have a full, completed i693?",True,False
nuuji4,USCIS,AR-11 Change of Address,So i recently filed a change of address but i messed up the apartment #. My current address is not the problem but the address i’m moving from.I did put “APT 4” instead of “3F”. Do i need to do anything? Would really appreciate your help. Thanks,1623120606.0,2021-06-08T02:50:06,5,2,/r/USCIS/comments/nuuji4/ar11_change_of_address/,https://www.reddit.com/r/USCIS/comments/nuuji4/ar11_change_of_address/,"ar-11 change of address
so i recently filed a change of address but i messed up the apartment #. my current address is not the problem but the address i’m moving from.i did put “apt 4” instead of “3f”. do i need to do anything? would really appreciate your help. thanks",True,False
nr5kwj,USCIS,"I forgot to add my current part-time job in n400 form, need advice","So, just like what I typed in the title, I messed up my n400 and realized it after submitting it. I printed it out, read multiple times before submitting it and still forgot. I feel like a total idiot right now. I’m currently a full time college student and helping my family with a small business (it’s a farm). I forgot that I usually get pay a very small amount by every quarter ($300-500/quarter), get w2 forms and even filed tax. I added all my schools and other part time jobs that I had but completely forgot about my current part time job that I have been doing it for almost 2 years. Maybe because I thought I live on the farm with my family so I didn’t even think of it. Maybe I don’t consider myself having a part-time job which led to this situation. Is there any way that I can update or amend the form? What should I do now? Any advice would be greatly appreciated.",1622697295.0,2021-06-03T05:14:55,9,2,/r/USCIS/comments/nr5kwj/i_forgot_to_add_my_current_parttime_job_in_n400/,https://www.reddit.com/r/USCIS/comments/nr5kwj/i_forgot_to_add_my_current_parttime_job_in_n400/,"i forgot to add my current part-time job in n400 form, need advice
so, just like what i typed in the title, i messed up my n400 and realized it after submitting it. i printed it out, read multiple times before submitting it and still forgot. i feel like a total idiot right now. i’m currently a full time college student and helping my family with a small business (it’s a farm). i forgot that i usually get pay a very small amount by every quarter ($300-500/quarter), get w2 forms and even filed tax. i added all my schools and other part time jobs that i had but completely forgot about my current part time job that i have been doing it for almost 2 years. maybe because i thought i live on the farm with my family so i didn’t even think of it. maybe i don’t consider myself having a part-time job which led to this situation. is there any way that i can update or amend the form? what should i do now? any advice would be greatly appreciated.",True,False
n1wuks,USCIS,Messed up the money order,Screwed up my i-130 and forgot to sign the money order. Consulate sent the money order back and said it's currently being rejected because I messed up the payment. Do I have to resend a whole package or do you think I can fix the money order and send? Thank you!,1619798153.0,2021-04-30T15:55:53,4,1,/r/USCIS/comments/n1wuks/messed_up_the_money_order/,https://www.reddit.com/r/USCIS/comments/n1wuks/messed_up_the_money_order/,"messed up the money order
screwed up my i-130 and forgot to sign the money order. consulate sent the money order back and said it's currently being rejected because i messed up the payment. do i have to resend a whole package or do you think i can fix the money order and send? thank you!",True,False
mzr1uc,USCIS,I think I messed up my passport renewal! Plz Help!,"Hi everyone! So I just submitted my passport renewal, but I totally missed that i had to be 16 when it was first issued to renew by mail (I was like 13). So now I do not know what to do! I have not received any updates.

Should I go ahead and get a new passport by going to the post office or should I just wait on this one to get an update? 

Also will my check be cashed if the renewal is denied?",1619537434.0,2021-04-27T15:30:34,4,2,/r/USCIS/comments/mzr1uc/i_think_i_messed_up_my_passport_renewal_plz_help/,https://www.reddit.com/r/USCIS/comments/mzr1uc/i_think_i_messed_up_my_passport_renewal_plz_help/,"i think i messed up my passport renewal! plz help!
hi everyone! so i just submitted my passport renewal, but i totally missed that i had to be 16 when it was first issued to renew by mail (i was like 13). so now i do not know what to do! i have not received any updates.

should i go ahead and get a new passport by going to the post office or should i just wait on this one to get an update? 

also will my check be cashed if the renewal is denied?",True,False
luvyo1,USCIS,I-751 - I think I messed up,"My conditional green card expires March 23rd. I sent my application in December, they received it 91 days prior to expiration so they rejected it and sent me the rejection mid February. I immediately sent out another application, but I think I forgot to include a copy of the back of my green card. Anyone have any insight as to how I can send that in at this point? Or should I just wait for another rejection?",1614561046.0,2021-03-01T01:10:46,4,3,/r/USCIS/comments/luvyo1/i751_i_think_i_messed_up/,https://www.reddit.com/r/USCIS/comments/luvyo1/i751_i_think_i_messed_up/,"i-751 - i think i messed up
my conditional green card expires march 23rd. i sent my application in december, they received it 91 days prior to expiration so they rejected it and sent me the rejection mid february. i immediately sent out another application, but i think i forgot to include a copy of the back of my green card. anyone have any insight as to how i can send that in at this point? or should i just wait for another rejection?",True,False
leri5h,USCIS,N-400 application rejected because my payment failed - how do I resubmit it?,"Hi!

I recently (last week ish) submitted my N-400 application, and just got a notice that my application was rejected because my payment failed. I definitely have the money in the bank, so I'm guessing I messed up somehow putting in my account information. How do I re-submit the application with correct payment? Do I have to re-do the entire application?",1612720593.0,2021-02-07T17:56:33,1,2,/r/USCIS/comments/leri5h/n400_application_rejected_because_my_payment/,https://www.reddit.com/r/USCIS/comments/leri5h/n400_application_rejected_because_my_payment/,"n-400 application rejected because my payment failed - how do i resubmit it?
hi!

i recently (last week ish) submitted my n-400 application, and just got a notice that my application was rejected because my payment failed. i definitely have the money in the bank, so i'm guessing i messed up somehow putting in my account information. how do i re-submit the application with correct payment? do i have to re-do the entire application?",True,False
jgfjl7,USCIS,How would I fix a mistake related to my signature on the I-765?,"_**UPDATE:** My application was approved in December, without having to do anything from my end. My classmate did the same thing, and his application was approved as well. HOWEVER, if you’ve made such a mistake, I highly encourage you to get in touch with USCIS since we just might have gotten really lucky. Also, note that I still “drew” my signature using my hand and a laptop trackpad. If you used the auto-generated signature that is just your name in cursive, it is highly unlikely that your application will be approved._

I messed up my form I-765 submission for OPT EAD by placing a hand ""drawn"" electronic signature. I should have printed out the filled form, signed with a real pen and ink, and mailed the form to USCIS, instead of doing what I did.  

The signature itself is NOT electronically auto-generated. It is very much my own signature, and is indistinguishable from my ""real"" signature. However, it is not a photocopy of an ""original, handwritten, ink-based signature.""  

I haven't received confirmation of receipt from USCIS, but I will be attempting to get in touch with an officer by calling their customer care number, and will ask for advice.  

Will I be asked to mail another filled form with a real signature, or will my application be rejected after the full processing time of 90-120 days? That will suck beyond measure and I am freaking out.  

I believe it would be unwise to just send in another package with all documents -- that would simply confuse everyone. What should I do? Any idea how such an issue can be rectified?  

Thank you.",1603425072.0,2020-10-23T03:51:12,11,2,/r/USCIS/comments/jgfjl7/how_would_i_fix_a_mistake_related_to_my_signature/,https://www.reddit.com/r/USCIS/comments/jgfjl7/how_would_i_fix_a_mistake_related_to_my_signature/,"how would i fix a mistake related to my signature on the i-765?
_**update:** my application was approved in december, without having to do anything from my end. my classmate did the same thing, and his application was approved as well. however, if you’ve made such a mistake, i highly encourage you to get in touch with uscis since we just might have gotten really lucky. also, note that i still “drew” my signature using my hand and a laptop trackpad. if you used the auto-generated signature that is just your name in cursive, it is highly unlikely that your application will be approved._

i messed up my form i-765 submission for opt ead by placing a hand ""drawn"" electronic signature. i should have printed out the filled form, signed with a real pen and ink, and mailed the form to uscis, instead of doing what i did.  

the signature itself is not electronically auto-generated. it is very much my own signature, and is indistinguishable from my ""real"" signature. however, it is not a photocopy of an ""original, handwritten, ink-based signature.""  

i haven't received confirmation of receipt from uscis, but i will be attempting to get in touch with an officer by calling their customer care number, and will ask for advice.  

will i be asked to mail another filled form with a real signature, or will my application be rejected after the full processing time of 90-120 days? that will suck beyond measure and i am freaking out.  

i believe it would be unwise to just send in another package with all documents -- that would simply confuse everyone. what should i do? any idea how such an issue can be rectified?  

thank you.",True,False
if4v7a,USCIS,Naturalisation experience,"I just became a US citizen , let me tell y’all something it’s it the greatest feeling ever and very proud to be a Us citizen, and may god protect this beautiful nation. 
Wanted to share my timeline too

Cleveland Ohio 
I applied on early February 2020
I got my interview notice June 14
End of July attended my citizenship interview went very smooth , the interviewer was very friendly and professional, i was very nervous because I messed up my travel dates on my online application but I brought it up to his attention at the beginning of the interview and he was ok to fix my my travel dates .(i was missing a day from each trip I posted ) 
This passed Friday attended my ceremony, we were almost 20 people in this big room , of course masks on , 6 feet away from each other .it was very short ceremony and we sworn in and got our naturalisation certificates . One of the biggest  highlights of the ceremony is this woman at least she has to be on her mid 90s in a wheelchair joined us as well to be a us citizen, she brought me to tears to know that people have so much love for this country and willing to be part of this beautiful nation no matter what age or background or colour you are . God bless the United States and good luck to everybody.",1598195615.0,2020-08-23T15:13:35,13,33,/r/USCIS/comments/if4v7a/naturalisation_experience/,https://www.reddit.com/r/USCIS/comments/if4v7a/naturalisation_experience/,"naturalisation experience
i just became a us citizen , let me tell y’all something it’s it the greatest feeling ever and very proud to be a us citizen, and may god protect this beautiful nation. 
wanted to share my timeline too

cleveland ohio 
i applied on early february 2020
i got my interview notice june 14
end of july attended my citizenship interview went very smooth , the interviewer was very friendly and professional, i was very nervous because i messed up my travel dates on my online application but i brought it up to his attention at the beginning of the interview and he was ok to fix my my travel dates .(i was missing a day from each trip i posted ) 
this passed friday attended my ceremony, we were almost 20 people in this big room , of course masks on , 6 feet away from each other .it was very short ceremony and we sworn in and got our naturalisation certificates . one of the biggest  highlights of the ceremony is this woman at least she has to be on her mid 90s in a wheelchair joined us as well to be a us citizen, she brought me to tears to know that people have so much love for this country and willing to be part of this beautiful nation no matter what age or background or colour you are . god bless the united states and good luck to everybody.",True,False
