id,subreddit,title,selftext,created_utc,created_dt,num_comments,score,permalink,url
1t9syl7,f1visa,STEM OPT Extenstion,"Hey guys, my EAD card expires 05/11/2026. I finished my application at 12:04am ET 05/11/2026. Is this considered timely? How does this even work with different timezones",1778474370.0,2026-05-11T04:39:30,0,2,/r/f1visa/comments/1t9syl7/stem_opt_extenstion/,https://www.reddit.com/r/f1visa/comments/1t9syl7/stem_opt_extenstion/
1t9ppk1,f1visa,How does PP affect the clock and when is the remaining time reset to 30 days?,Was working on updating the OPT Pulse dashboard to accommodate people who did PP after a few days of submitting the application. Wanted to understand how are clocks reset and the overall 30 day clock once PP is submitted. Can anyone give any information on this?,1778464915.0,2026-05-11T02:01:55,3,0,/r/f1visa/comments/1t9ppk1/how_does_pp_affect_the_clock_and_when_is_the/,https://www.reddit.com/r/f1visa/comments/1t9ppk1/how_does_pp_affect_the_clock_and_when_is_the/
1t9pf7m,f1visa,Missed USCIS biometrics appointment for STEM OPT — What should I do?,"I applied for STEM OPT on April 8.  
I was waiting for any update on my case.  
I did not receive any email or physical mail about biometrics.  
Today, I randomly checked my USCIS documents tab and found a biometrics appointment notice there.  
My biometrics appointment was scheduled for April 27.  
Today is May 10, so I have already missed the appointment.  
I had no idea the appointment was scheduled until today.  
I am now worried about what this means for my STEM OPT case.

Please help me out.",1778464119.0,2026-05-11T01:48:39,3,9,/r/f1visa/comments/1t9pf7m/missed_uscis_biometrics_appointment_for_stem_opt/,https://www.reddit.com/r/f1visa/comments/1t9pf7m/missed_uscis_biometrics_appointment_for_stem_opt/
1t9p4tm,f1visa,Getting SSN before start date (post OPT),is it 100% the case that we can't get SSN before EAD start date no matter what?,1778463319.0,2026-05-11T01:35:19,2,4,/r/f1visa/comments/1t9p4tm/getting_ssn_before_start_date_post_opt/,https://www.reddit.com/r/f1visa/comments/1t9p4tm/getting_ssn_before_start_date_post_opt/
1t9odws,f1visa,Traveling to Puerto Rico on Valid F-1 Status but Expired Visa Stamp — Any Issues?,"I’m an F-1 student currently living in Tampa, Florida. My F-1 visa stamp in my passport is expired, but my status is valid, my SEVIS is active, and I have a valid I-20.

I’m planning a short trip to Puerto Rico and wanted to hear from anyone who has traveled there in a similar situation recently.

I know Puerto Rico is a U.S. territory and technically domestic travel, but I’ve read that CBP officers are sometimes present at the airport when returning to the mainland. Did anyone with an expired visa but valid F-1 status have any issues flying back to the continental U.S.?

I’ll be carrying:  
\- Passport  
\- Valid I-20  
\- I-94  
\- School documents/enrollment proof

Would appreciate hearing recent experiences or advice. Thanks!",1778461261.0,2026-05-11T01:01:01,2,2,/r/f1visa/comments/1t9odws/traveling_to_puerto_rico_on_valid_f1_status_but/,https://www.reddit.com/r/f1visa/comments/1t9odws/traveling_to_puerto_rico_on_valid_f1_status_but/
1t9nkty,f1visa,"On F1 visa. Got 2 tickets, and won’t be able to renew license, a little confused as to how to tackle this situation","Hello, I’m sorry if this is not the subreddit for a problem like this, but I couldn’t figure out if this should go in some driving law subreddit or an immigration one because the situation is intertwined between the two.

So I’m an on an F1 visa in FL. I graduated in Dec 2025. Applied for OPT in November, when the USCIS website showed the normal processing times to be 2-3 months (which would fall somewhere in Feb). Th original timeline ends, I checked the new processing times website and it said normal processing time will now take about 4.5 months. The 4.5 months end, The website says to fill out a service request, I did that. The service request confirmation says wait for 60 days for it to process. I called USCIS and was told she can only tell me what I can already see on the website or else pay about 2k for the expedited one, which apparently guarantees a decision in under 30 days. Since i was a student and running low on cash as my on campus employment ended right after graduation but the apartment rent did not, i don’t think I could just up and pay 2 thousand for the expedited process when the normal processing times is way past its due date and could be processed any day now, delusional but also broke. I cannot work as my OPT hasn’t been approved yet so I don’t have the EAD card, which I could use to work and get some money.

Also, my license got expired shortly after my graduation and when I went to the DMV to renew it, I was told they cannot do it since they cannot find any reason for me to stay here until my OPT is approved and only then could they renew my license, so basically I had no EAD and no drivers license (expired).

Now the situation, I had a car that I bought in cash from marketplace in the initial months that I got to the US, she served me well for the years and i always worked on it myself but a big engine fault came up that i could not do by myself and was too much for me to pay because it would cost me more than the car, I let that car go for cheap and started looking for another car, i found one, slightly out of my expected range but i loved it. I met the guy who was selling it, go a pre purchase inspection done and everything, finally took it out on a test drive.

There’s a highway near where I live so I took the highway just to see how the car holds up on highway speeds, the seller, who was in the passenger seat let me know there’s a sport mode in the car too. Now I’m used to driving cheap cash cars I don’t like monthly payments so I’m not used to fast cars. I put it in sport (MY FAULT I AM NOT SAYING THIS IS THE SELLERS FAULT IT IS ME WHO IN ALL CONSCIOUSNESS PUT THE CAR IN SPORT MODE WITH MY OWN HANDS) and the car zoomed right past an unmarked cop.

I got pulled over, gave the cop my license, never admitted to anything. Got 2 tickets, driving with exp license (6 months or less) and over speeding, both of which I have to go to court for. These would be my first tickets that I’ve gotten and I gotta go to court. I would post the instructions sides of the ticket here but there’s not an option to attach pictures to the post for me.

I asked a friend of mine (citizen) who’s gotten an over speeding ticket with an expired license as to how he tackled it, he said “pay the over speeding fee right now (about 350-400$) and go renew your license right now, so when you got to the court and the judge sees that you have renewed it and paid the over speeding ticket, he might drop the charges for you”

Now how do I explain to him that I cannot just go and renew my license because the DMV won’t renew it for me.

I’m just confused as to how do I go about this situation, what do i tell the judge? It’s not really about the fee amount I can make that work somehow and pay it off, I just don’t want my license suspended/go to jail i guess.

If this post does not belong in this subreddit, my apologies I just don’t know where should it go, because yall know immigration but I don’t think any driving  law subreddit would be as savvy in immigration. ",1778459014.0,2026-05-11T00:23:34,25,14,/r/f1visa/comments/1t9nkty/on_f1_visa_got_2_tickets_and_wont_be_able_to/,https://www.reddit.com/r/f1visa/comments/1t9nkty/on_f1_visa_got_2_tickets_and_wont_be_able_to/
1t9jbll,f1visa,Is it common for F-1 visa holder to attend public high school in the united states?,Is it common for F-1 visa holder to attend public high school in the united states?,1778448061.0,2026-05-10T21:21:01,8,0,/r/f1visa/comments/1t9jbll/is_it_common_for_f1_visa_holder_to_attend_public/,https://www.reddit.com/r/f1visa/comments/1t9jbll/is_it_common_for_f1_visa_holder_to_attend_public/
1t9ez9p,f1visa,waitlist &amp; visa,hey everyone. i haven't applied for student visa yet because i'm still waiting to give some more time to my waitlists. when should i stop expecting from my waitlists and get an appointment with the documents of my current college? f-1 visa wait time is shorter than two weeks at my consulate general.,1778438136.0,2026-05-10T18:35:36,1,3,/r/f1visa/comments/1t9ez9p/waitlist_visa/,https://www.reddit.com/r/f1visa/comments/1t9ez9p/waitlist_visa/
1t9dzuo,f1visa,Is stem OPT 1099 eligible or only W2??,"I’m working as a 1099 independent contractor in a small LLC.

I am on initial OPT which ends in July and looking to apply for stem OPT. Would like to know is the stem OPT only eligible for W-2? Should I ask my employer to switch me to W-2 ? Or my current 1099 contract is eligible already?

Please let me know",1778435972.0,2026-05-10T17:59:32,3,1,/r/f1visa/comments/1t9dzuo/is_stem_opt_1099_eligible_or_only_w2/,https://www.reddit.com/r/f1visa/comments/1t9dzuo/is_stem_opt_1099_eligible_or_only_w2/
1t9d733,f1visa,Keeping OPT: Which startup?,"I’m currently on STEM OPT and I’m trying to decide between two startup opportunities, and honestly I feel very split because they represent two completely different types of risk.

Option 1 is a very early-stage AI startup that I’ve already been working with remotely for the past few weeks while living in Arlington, VA. The team is tiny and engineering-heavy, and I’m basically one of the first business/GTM hires. The founder has been very transparent with me and said they see me more as a long-term business/operator person rather than just a temporary SDR. They’re willing to officially put me on W-2 for STEM OPT purposes and support the paperwork.

The upside is:  
\- remote work  
\- lower pressure environment  
\- a lot of ownership very quickly  
\- flexibility  
\- possibility of becoming deeply embedded in the company  
\- probably more stable emotionally/day-to-day

The downside is:  
\- lower pay (\~$30–40/hr part-time structure)  
\- very early stage  
\- no guaranteed H1B path right now because they’re still small

Option 2 is another AI startup in San Francisco that already seems to have stronger traction/revenue growth. I flew out to SF to shadow the team and attend startup/AI events with them. The role is very event-driven GTM/sales/networking focused. The compensation is around $72k base + commission, and they said they’d sponsor H1B if I perform well over the next 6 months.

The upside is:  
\- stronger compensation  
\- SF startup ecosystem/network  
\- potentially faster career acceleration  
\- more “real” startup structure and traction

The downside is:  
\- I would need to relocate to SF  
\- much more intense/sink-or-swim environment  
\- they explicitly told me they’d replace me quickly if performance isn’t there  
\- the role depends heavily on pipeline generation/networking/event-based sales  
\- cost of living in SF seems very high for the salary

What makes this hard is that as an international student on STEM OPT, employment stability matters a lot. Losing a job isn’t just losing income, it can affect immigration status too.

Part of me feels like the SF startup is the “bigger” opportunity and maybe the smarter long-term bet. But another part of me wonders if taking a hyper-volatile sales role in an expensive city while depending on sponsorship is actually too much concentrated risk at once.

Has anyone here gone through a similar choice between:  
\- a safer/lower-paying startup where you’re more embedded,  
vs  
\- a faster-growing but much more performance-driven startup?

What would you prioritize in my situation?",1778434190.0,2026-05-10T17:29:50,7,1,/r/f1visa/comments/1t9d733/keeping_opt_which_startup/,https://www.reddit.com/r/f1visa/comments/1t9d733/keeping_opt_which_startup/
1t9ca8q,f1visa,Can you do 2 doctorates (such as JD/MD/PhD) on f1 with the proposed rule change?,"With the new proposed rule that says f1 students cannot pursue another program at the same or lower education level, what does it mean for people wanting to do JD/MD/another professional degree after a PhD or the other way around? How are the “education levels” determined in those cases (since they are all technically doctorate level)?",1778432146.0,2026-05-10T16:55:46,1,0,/r/f1visa/comments/1t9ca8q/can_you_do_2_doctorates_such_as_jdmdphd_on_f1/,https://www.reddit.com/r/f1visa/comments/1t9ca8q/can_you_do_2_doctorates_such_as_jdmdphd_on_f1/
1t9c386,f1visa,Stuck while creating SSN application (Currently on F1-CPT),"Im sorry if this is not the right forum to ask, but I would really appreciate it if someone would be able to help out.

The SSA verification on login . gov is asking me to verify my identity but requires things like a social security number, US passport etc. How exactly do i go about booking an appointment? I have already received CPT authorization from my university.

Im kinda worried as I just found out today that the company i'll be interning at requires a SSN before i join (June 1st). And from what i have read online, it seems that SSN's can take upto 2-4 weeks to arrive after the appointment. Can anyone who has successfully filled out an SSN application please help out with what I should do?

I tried logging out and logging back in but just keep get a new control number with the same identity verification page preventing me from going ahead.",1778431708.0,2026-05-10T16:48:28,0,1,/r/f1visa/comments/1t9c386/stuck_while_creating_ssn_application_currently_on/,https://www.reddit.com/r/f1visa/comments/1t9c386/stuck_while_creating_ssn_application_currently_on/
1t99gg1,f1visa,Advice on career choices,"Hey guys, I’m currently working on my initial OPT, and my STEM OPT extension is being processed. I work as a Sales Engineer at a large Fortune 500 company. A couple of weeks ago, my employer informed me that they wouldn’t sponsor my H-1B, but that I could continue working through the remainder of my OPT period, and they’ve already submitted the required paperwork for my STEM OPT extension.

My question is whether it’s still realistic to apply for other Solutions Consulting or Presales roles within the US while on STEM OPT, and whether people have had success finding employers willing to sponsor H-1B in these types of roles.

I’ve had a few interviews recently from recruiters reaching out because my resume is relatively strong with this company on it, but sponsorship still seems to become a blocker during the process.

Please don’t give me doomer advice, if i thought like that I’d never make it here 🙏🙏",1778425687.0,2026-05-10T15:08:07,9,0,/r/f1visa/comments/1t99gg1/advice_on_career_choices/,https://www.reddit.com/r/f1visa/comments/1t99gg1/advice_on_career_choices/
1t98e56,f1visa,Gap year post-grad pre-OPT,"Has anyone ever heard of being able to take some time off to travel, see your family again, etc., for the time period before graduation and OPT begins? I hear it just comes down to when you start working for your sponsoring employer, however, if anyone has ever asked their DSO, what have they said about it?

This year’s summer is the first year I’ll be staying in the States, so I won’t see my family for a long time. It’s certainly a first for me, so I’m hoping I don’t have to wait a couple more years just to hug my parents again ):

Any information is heavily appreciated! Thank you in advance.",1778423209.0,2026-05-10T14:26:49,4,6,/r/f1visa/comments/1t98e56/gap_year_postgrad_preopt/,https://www.reddit.com/r/f1visa/comments/1t98e56/gap_year_postgrad_preopt/
1t97mp0,f1visa,H4 and F1 visa category,"Hi everyone,

I would like to ask if anyone here has experienced changing visa categories right away while still in the Philippines.

I am currently in the Philippines and I just received my H4 visa last May 4, 2026. However, I am now planning to apply for an F1 student visa because I was admitted to a graduate program in the U.S.

Do you think there could be a risk or issue because of the sudden change in visa category from H4 to F1 in a short period of time?

I would really appreciate hearing your experiences or advice. Thank you so much.",1778421393.0,2026-05-10T13:56:33,0,1,/r/f1visa/comments/1t97mp0/h4_and_f1_visa_category/,https://www.reddit.com/r/f1visa/comments/1t97mp0/h4_and_f1_visa_category/
1t94ddg,f1visa,"Opt , Sevis help","I am an F-1 student who graduated in December 2025, and I recently filed Form I-765 for OPT. My SEVIS record has been automatically completed due to the auto-cancellation  
To activate my sevis back  i contacted my Dso he told me while filing the application, I mistakenly selected pre-completion OPT instead of post-completion OPT.He informed me to contact USCIS  
Contacted USCIS, and they created an urgent service request to correct the application category from pre-completion OPT to post-completion OPT. I was informed i will get call from USCIS with in 72 hours and iam still waiting on call i might recieve call on monday

My concern is that since I already graduated, I cannot submit a new OPT application because the filing window may expire. I would like to understand:

1. Is USCIS generally able to correct this type of OPT category error?  
2. What are the chances of the correction being accepted instead of the application being denied?  
3. Is there anything else I should do immediately to protect my F-1 status and OPT eligibility?  
4. If USCIS does not correct it, what options would I still have?

Thank you for your guidance.",1778412442.0,2026-05-10T11:27:22,2,1,/r/f1visa/comments/1t94ddg/opt_sevis_help/,https://www.reddit.com/r/f1visa/comments/1t94ddg/opt_sevis_help/
1t8vxng,f1visa,Enrolling in a PhD while completing an MS,"Hi,

I will be completing my master's at the end of Fall 2027. However, I do not want to miss out on the PhD application period for Fall 2027. 

Can I start a PhD at a different school for Fall 2027 while completing my master's thesis in the same Fall 2027?",1778384771.0,2026-05-10T03:46:11,1,2,/r/f1visa/comments/1t8vxng/enrolling_in_a_phd_while_completing_an_ms/,https://www.reddit.com/r/f1visa/comments/1t8vxng/enrolling_in_a_phd_while_completing_an_ms/
1t8uyzl,f1visa,Changing Interview Date After Biometric,"Hi, all,

I have my visa interview in the next few days but I have a family emergency to attend to and I was wondering if I could reschedule my interview to a later date, maybe a few weeks later. Is this something that can be done or will I need to pay the visa fee again and get the appointment booked again? Any help is appreciated, thanks!",1778381956.0,2026-05-10T02:59:16,8,3,/r/f1visa/comments/1t8uyzl/changing_interview_date_after_biometric/,https://www.reddit.com/r/f1visa/comments/1t8uyzl/changing_interview_date_after_biometric/
1t8ud52,f1visa,"F-1 visa with pending F2B petition, future reentry and visa renewal concerns","I’m currently in the U.S. on an F-1 visa valid until 2031. My mom recently filed an F2B petition for me (I-130), and I know that category takes many years.

My concern is about future travel and visa renewal. Since my current F-1 visa is valid for several more years, can I still leave the U.S. temporarily and re-enter normally while the F2B is pending, as long as I maintain my F-1 status and SEVIS?

Also, if by 2031 my green card still isn’t ready and I need to renew my F-1 visa abroad, how risky is it to get denied because of immigrant intent due to the pending F2B?

Would appreciate hearing from anyone who has been in a similar situation.",1778380188.0,2026-05-10T02:29:48,1,4,/r/f1visa/comments/1t8ud52/f1_visa_with_pending_f2b_petition_future_reentry/,https://www.reddit.com/r/f1visa/comments/1t8ud52/f1_visa_with_pending_f2b_petition_future_reentry/
1t8u5n9,f1visa,Traveling expired visa/valid i20,"Hi all,

Looking for experiences/advice traveling within the U.S. with an expired F-1 visa but a current I-20. I’m legally maintaining status, but I’m still pretty nervous about flying domestically right now.

I don’t have a REAL ID, so I’d be using my passport for TSA. My concern is that when they see the expired visa stamp, it could create issues or extra scrutiny, especially with the recent increase in ICE activity.

Has anyone traveled domestically recently in a similar situation? How did TSA handle it? Did they only check your passport, or did they ask for your I-20/I-94 too?

Just looking for recent experiences and advice because my anxiety is definitely getting the better of me a bit.",1778379573.0,2026-05-10T02:19:33,7,2,/r/f1visa/comments/1t8u5n9/traveling_expired_visavalid_i20/,https://www.reddit.com/r/f1visa/comments/1t8u5n9/traveling_expired_visavalid_i20/
1t8twwo,f1visa,Masters Program with full time CPT to Education Majors/Education Related Majors,Is there a university in the US that offers a masters program while working on a full-time CPT?,1778378874.0,2026-05-10T02:07:54,0,0,/r/f1visa/comments/1t8twwo/masters_program_with_full_time_cpt_to_education/,https://www.reddit.com/r/f1visa/comments/1t8twwo/masters_program_with_full_time_cpt_to_education/
1t8qzja,f1visa,Change in day 1 CPT,Now a days I am hearing too many things about day 1 cpt. Like that there will be no day 1 cpt and all thing. Can anyone clearly mention what exactly happening and will be any changes ,1778370731.0,2026-05-09T23:52:11,6,0,/r/f1visa/comments/1t8qzja/change_in_day_1_cpt/,https://www.reddit.com/r/f1visa/comments/1t8qzja/change_in_day_1_cpt/
1t8mx3o,f1visa,Travel beofre Interview appointment,"Hi, I applied for F1 visa and my interview date is 7 Aug. I have already been to SA in 2024 for Umrah so i entered SA in my travel history already. Now that i have book my interview appointment, Can i travel to SA again in june or will it effect my chances or they might send my application to ""Admisintrative process"". Please guide!",1778360415.0,2026-05-09T21:00:15,0,0,/r/f1visa/comments/1t8mx3o/travel_beofre_interview_appointment/,https://www.reddit.com/r/f1visa/comments/1t8mx3o/travel_beofre_interview_appointment/
1t8mw57,f1visa,"Planning to do a Masters, worried if my lack of job experience will be a problem","Im going to do a masters (Stem) in supply chain , but i dont have work experience as right after graduation from my bachelors i am forced to go to the US on an A2 visa. Im wondering if this will be an issue in job search , etc. My field Is supply chain. 

Could you guys recommend what should i do to improve my chances, learn any skills or etc",1778360354.0,2026-05-09T20:59:14,2,1,/r/f1visa/comments/1t8mw57/planning_to_do_a_masters_worried_if_my_lack_of/,https://www.reddit.com/r/f1visa/comments/1t8mw57/planning_to_do_a_masters_worried_if_my_lack_of/
1t8mr24,f1visa,Hybrid CPT while taking an in-person summer class in another state?,"Has anyone dealt with a hybrid CPT internship while also taking a transient/in-person summer course in another state?

My internship is primarily in-person and based in one state, but the employer also allows some remote flexibility depending on the task/workload. Over the summer, I may need to travel occasionally for a required in-person class/exams through another institution.

I’m trying to understand how schools/DSOs usually handle:

* CPT worksite reporting
* hybrid work arrangements
* temporary travel for coursework
* whether the primary office location can still remain the CPT site

I’ll obviously confirm with my school directly, but I wanted to see if anyone has had a similar situation and how it was handled.

Thanks!",1778360141.0,2026-05-09T20:55:41,2,0,/r/f1visa/comments/1t8mr24/hybrid_cpt_while_taking_an_inperson_summer_class/,https://www.reddit.com/r/f1visa/comments/1t8mr24/hybrid_cpt_while_taking_an_inperson_summer_class/
1t8jyzm,f1visa,[F1-OPT] Re-entry with visa expiring in 2 months?,"I am currently on my initial 12-month OPT and plan to travel to Australia in June to visit family. I will be returning to the US in early July, but my F-1 visa stamp expires in mid-August. I will have my EAD, a signed I-20, and an employment verification letter from my company.

 it considered risky to re-enter only five weeks before my visa stamp actually expires? I will be on my STEM extension during travel. Thanks for the help.

Is",1778357913.0,2026-05-09T20:18:33,4,0,/r/f1visa/comments/1t8jyzm/f1opt_reentry_with_visa_expiring_in_2_months/,https://www.reddit.com/r/f1visa/comments/1t8jyzm/f1opt_reentry_with_visa_expiring_in_2_months/
1t8a4vf,f1visa,Process of STEM OPT,"HI all  
I recently found out I’m eligible for stem extension and wanted your help to know the timeline and the process and everything I should keep in mind while applying.  
My initial opt expired September 28 2026  
I already received the signed training plan from my employer but haven’t yet applied to the school for the new I-20.  
Can someone help me with the next steps and everything I must know before moving on?",1778345306.0,2026-05-09T16:48:26,7,2,/r/f1visa/comments/1t8a4vf/process_of_stem_opt/,https://www.reddit.com/r/f1visa/comments/1t8a4vf/process_of_stem_opt/
1t89spv,f1visa,SEVIS TRANSFER RULE,"Hello Good People,

I would like to know if there have been any recent changes to the SEVIS transfer rules for international students inside the United States. Specifically, I am interested in understanding whether there are any new regulations, timelines, travel restrictions, transfer procedures, or policy updates affecting F-1 students transferring between institutions within the U.S.

If anyone has recent experience, official information, or guidance regarding SEVIS transfers, please share. Your insights would be greatly appreciated.

Thank you in advance.",1778344546.0,2026-05-09T16:35:46,4,4,/r/f1visa/comments/1t89spv/sevis_transfer_rule/,https://www.reddit.com/r/f1visa/comments/1t89spv/sevis_transfer_rule/
1t89ext,f1visa,Guys please posting your timeline on the OPT megathread,We need continuous data points to keep the predictions accurate for you guys. The OPT Pulse dashboard just crossed 1000 users in 24 hours and I wanna keep it as accurate as possible for you all. Thank you once again for all your support!,1778343656.0,2026-05-09T16:20:56,1,0,/r/f1visa/comments/1t89ext/guys_please_posting_your_timeline_on_the_opt/,https://www.reddit.com/r/f1visa/comments/1t89ext/guys_please_posting_your_timeline_on_the_opt/
1t87zcc,f1visa,Thank you for your support on the dashboard!,"[opt-pulse.vercel.app](http://opt-pulse.vercel.app/)

Thank you all for the immense support! The site just crossed a 1000 users. Truly honored to see a personal project grabbing so much traction.

Always happy for any feedback or improvements that you think the site might need!

And as always please continue posting your timeline on OPT megathread on this subreddit for the portal to be upto date and give accurate timelines!",1778340361.0,2026-05-09T15:26:01,1,0,/r/f1visa/comments/1t87zcc/thank_you_for_your_support_on_the_dashboard/,https://www.reddit.com/r/f1visa/comments/1t87zcc/thank_you_for_your_support_on_the_dashboard/
1t861tw,f1visa,Travel while in OPT,"Hey lovely people, I have to travel internationally for 10 days in July 2026. I work in a hospital ,valid visa f1 that expires in Oct, and EAD on Jan 2027. No any rules violation or anything. Am I safe to travel? GENUINE SUGGESTIONS",1778335812.0,2026-05-09T14:10:12,5,4,/r/f1visa/comments/1t861tw/travel_while_in_opt/,https://www.reddit.com/r/f1visa/comments/1t861tw/travel_while_in_opt/
1t81jaa,f1visa,F1 visa Process,If I drop out due to health problems will I able to re enter or getting visa with valid new i20 and Sevis ?,1778323383.0,2026-05-09T10:43:03,1,0,/r/f1visa/comments/1t81jaa/f1_visa_process/,https://www.reddit.com/r/f1visa/comments/1t81jaa/f1_visa_process/
1t7yp1y,f1visa,OPT Case Still Pending After Biometrics,"Hi everyone,

I applied for OPT on December 26 and completed my biometrics on March 20. My case is still pending as of today, and I’m getting worried about the delay. I’m not from any banned country either.

Has anyone else had a similar experience recently?",1778313945.0,2026-05-09T08:05:45,9,0,/r/f1visa/comments/1t7yp1y/opt_case_still_pending_after_biometrics/,https://www.reddit.com/r/f1visa/comments/1t7yp1y/opt_case_still_pending_after_biometrics/
1t7wum9,f1visa,Issue in rescheduling US visa interview,I am trying to reschedule my visa appointment but for some reason i don't see my name and place under the Group Member drop down anymore. Been running into this issue since last couple of days. Anyone else ran into this issue?,1778307786.0,2026-05-09T06:23:06,1,0,/r/f1visa/comments/1t7wum9/issue_in_rescheduling_us_visa_interview/,https://i.redd.it/61a9lww1220h1.jpeg
1t7wt0n,f1visa,Can you resell your stuff while on an F1 visa?,"Things that you bought yourself but now want to resell because they are in pristine condition? Or is that considered a secondary income? For the record, that I paid for all these when I bought them. Reselling would be on platforms like Nextdoor, FB Marketplace, or Poshmark, etc. ",1778307635.0,2026-05-09T06:20:35,8,0,/r/f1visa/comments/1t7wt0n/can_you_resell_your_stuff_while_on_an_f1_visa/,https://www.reddit.com/r/f1visa/comments/1t7wt0n/can_you_resell_your_stuff_while_on_an_f1_visa/
1t7tux6,f1visa,CA DMV randomly mailed my dad a replacement REAL ID with shorter expiration after I renewed mine. Anyone else?,"Hi, I’m on an F1 visa and I was one of the people who received a letter to replace my REAL ID because they said there was an error in their system where the ID expiration date did not align with the validity period of the holder’s immigration documents.

So 2 weeks ago, I went to the DMV, submitted an I-20 that ends in May 2027 and renewed my REAL ID. Today, 2 weeks later, my dad who has a green card and did not apply for a renewal or replacement, received a new REAL ID with a May 2027 expiration date.

His original ID was supposed to expire on October (his birth month) 2029 which was normal. Now he received a new ID with a shorter expiration date but the weird thing is that he never applied for renewal.

I checked my renewal status through the DMV website, and it still says my application is processing.

Has this whole mambo jumbo happened to anyone else here? Is it normal for the DMV to send a renewed REAL ID without the person applying for one?

I'd like to add that we live in the same address so I'm suspecting they accidentally tied my documents to his ID.

  
Edit: His ID was supposed to expire October 2029. New ID is ending May 2027",1778298523.0,2026-05-09T03:48:43,6,2,/r/f1visa/comments/1t7tux6/ca_dmv_randomly_mailed_my_dad_a_replacement_real/,https://www.reddit.com/r/f1visa/comments/1t7tux6/ca_dmv_randomly_mailed_my_dad_a_replacement_real/
1t7tsa3,f1visa,SEVIS transferred and i20 not received,"Hi guys, I have my SEVIS transferred to a new college and the i20 is still pending. The release date I selected in SEVIS transferred form is May 9 and classes start on May 11. I dont see an option to register for classes as well. Tried contacting the DSO but they are out of office.

So SEVIS transferred, i20 not received and cant register to classes.  
Will there be any problem? Will the SEVIS be active or terminated? Can I register the classes on Monday after what DSO says? The final date for add/drop classes is 19 May after course start date.",1778298307.0,2026-05-09T03:45:07,10,0,/r/f1visa/comments/1t7tsa3/sevis_transferred_and_i20_not_received/,https://www.reddit.com/r/f1visa/comments/1t7tsa3/sevis_transferred_and_i20_not_received/
1t7soqj,f1visa,"F1 Visa for one school, but switching to another (new SEVIS) — can I enter the US?","I’m an international student accepted into University A for Fall 2026. I already have a valid F-1 visa for the same school(Uni A), issued in March 2026.   
However, now I have a better admission from school B and have decided to attend school B.

I have a new I-20 and SEVIS number from University B. I understand getting a new F1 visa with University B stamped in it is the safest option. However, it is extremely difficult to find visa slots, plus my course starts in July 2026. 

Can I travel to the US with my existing valid F1 Visa for University A, along with the new I-20 and new SEVIS for University B and explain my situation to the CBP officers at the port of entry? I know that this is not the safest option, but what are my chances of being allowed to enter the US with this approach?

Would love to know if anyone has been in the same boat. Slightly urgent and thanks in advance for any advice.",1778295117.0,2026-05-09T02:51:57,1,1,/r/f1visa/comments/1t7soqj/f1_visa_for_one_school_but_switching_to_another/,https://www.reddit.com/r/f1visa/comments/1t7soqj/f1_visa_for_one_school_but_switching_to_another/
1t7rxi6,f1visa,Two biometric appointments: I-485 on May 15 and OPT I-765 on May 27. Should I attend both?,"Two biometric appointments: I-485 on May 15 and OPT I-765 on May 27. Should I attend both?

I have I-485 biometrics scheduled for May 15. 

I also applied for OPT I-765 on May 5, and now I got another biometrics appointment for May 27. 

Basically the title: should I attend both appointments, or will the first biometrics cover both cases?

Has anyone had this happen before?",1778292960.0,2026-05-09T02:16:00,0,1,/r/f1visa/comments/1t7rxi6/two_biometric_appointments_i485_on_may_15_and_opt/,https://www.reddit.com/r/f1visa/comments/1t7rxi6/two_biometric_appointments_i485_on_may_15_and_opt/
1t7rju1,f1visa,OPT Grace Period domestic travel,"Am I allowed to travel by plane to a different U.S. state while on post initial OPT grace period? I wanted to visit my friend in the east coast before returning home.

I’m asking cause I’ve seen many posts about status being checked during domestic flights now. But technically I am in status right? ",1778291921.0,2026-05-09T01:58:41,2,0,/r/f1visa/comments/1t7rju1/opt_grace_period_domestic_travel/,https://www.reddit.com/r/f1visa/comments/1t7rju1/opt_grace_period_domestic_travel/
1t7r8sd,f1visa,Traveling while OPT is pending?,"Hi everyone! I applied for OPT (PP) on April 24 and wanted to visit Brazil before starting my job on July 1, but OIS told me it can be risky to travel while OPT is still pending.

Has anyone done this before? I’d really appreciate hearing about your experience and whether you had any issues coming back to the U.S.

Thanks!",1778291069.0,2026-05-09T01:44:29,6,0,/r/f1visa/comments/1t7r8sd/traveling_while_opt_is_pending/,https://www.reddit.com/r/f1visa/comments/1t7r8sd/traveling_while_opt_is_pending/
1t7plfw,f1visa,Risks of doing 2nd Masters after completing Doctorate degree,"I am planning to start an MS in Computer Science after completing my DBA degree this summer. Before DBA, I did an MBA. I was warned that going a level down is considered suspicious by USCIS. But, since I'm going for a different specialization, will this cause any issues in the future, like when I apply for H1b or EB category green cards?",1778286504.0,2026-05-09T00:28:24,13,0,/r/f1visa/comments/1t7plfw/risks_of_doing_2nd_masters_after_completing/,https://www.reddit.com/r/f1visa/comments/1t7plfw/risks_of_doing_2nd_masters_after_completing/
1t7p8yu,f1visa,Job start date with 5 weeks left on STEM OPT (pending marriage-based EAD) risk of getting fired during I-9,"Hi all,

I’m looking for advice on how to handle a new job while my STEM OPT is ending soon and my c(9) EAD is still pending.

**Background:**

* Married to a U.S. citizen
* Filed I-130 + I-485 + I-765 (c9) on **January 30, 2026**
* Biometrics done on **February 9, 2026**
* No updates on I-485 or I-765 since biometrics
* Currently on **STEM OPT** expiring **June 14, 2026**

I submitted an **expedite request** for my I-765 on **April 14, 2026**. On **April 15**, my congressman submitted an inquiry to USCIS. Today (**April 30**), I also reached out to my senator for help.  
The recruiter just sent the formal offer letter which I already signed and the start date is **May 11th (upcoming Monday)**.

**My dilemma**  
I can start working on May 11 and work until June 14 on my STEM OPT. After that, I cannot work legally until my c9 EAD (or green card) is approved. My c9 EAD could arrive by then or it might not.

I did not lie as I don't need future sponsorship. But I didn't proactively bring up the expiration date either. The employer hasn't asked about it yet. I haven't completed I-9 (that happens on/around start date). I would present my valid STEM OPT EAD, which is unexpired. I signed up for everify+ since they use it and filed out all the info there already.

**What I'm considering**

* present my valid STEM OPT EAD for I-9 (15 min meeting already got set up on the 1st day of work for i-9 verification)
* If HR asks about the June 14 expiration date, which she would, I'll calmly explain my pending c9 EAD and expedite request.
* If nothing is said, then around June 1 (2 weeks before expiration), I'll approach my manager and HR proactively, explain the situation, and offer to take unpaid leave until the new EAD arrives or simply ask for termination.

**What I'm worried about**

* Will employers actually fire someone for this or are they usually okay with termination and re-hiring someone. God knows how long i-765 approval take.
* Has anyone been through something similar while starting a new job on OPT with a pending AOS EAD? How did the employer react?
* Any other legal/tactical advice for minimizing the chance of getting terminated?

  
PS: I was terminated April 13th so currently unemployed. Been applying to jobs for 2.5 months and interviewed at more than 25 companies to land an offer. I applied to over 1,500 roles to land this one offer lol, so letting it slip away would sting hard. It's a high-paying remote Data Engineer II role. As much as I'd love a clean ""delay to July"" option, the reality is I can't afford to push it that far and risk them moving on entirely. So I'm leaning into the high-risk, high-reward approach. If I get terminated because they feel I was deceitful, then that's the outcome and I'll live with it but I think telling them before I've even started, when they've invested nothing in me yet, is the riskier move",1778285558.0,2026-05-09T00:12:38,23,5,/r/f1visa/comments/1t7p8yu/job_start_date_with_5_weeks_left_on_stem_opt/,https://www.reddit.com/r/f1visa/comments/1t7p8yu/job_start_date_with_5_weeks_left_on_stem_opt/
1t7o0ks,f1visa,Stem OPT Job Offer,"I have a Master’s degree in Public Health (Behavioral Science CIP code) and I’m currently on STEM OPT (i have the  EAD). I also hold an RN license, and I recently received an offer to work as a Registered Nurse at a Behavioral/Mental health hospital.

Since the role focuses on behavioral and mental health patients, and many of the responsibilities relate closely to my Behavioral Science background, would I be allowed to work in this role under STEM OPT as the position directly relates to my degree?",1778282336.0,2026-05-08T23:18:56,5,1,/r/f1visa/comments/1t7o0ks/stem_opt_job_offer/,https://www.reddit.com/r/f1visa/comments/1t7o0ks/stem_opt_job_offer/
1t7nfor,f1visa,Medical leave and departure deadline,"I applied for a medical leave and the date of separation is April 30. I understand that I would need to leave the US within 15 days following the termination of my status. So does that mean I must leave before May 15? Or is departing on May 15 OK as well?  
Thank you.",1778280895.0,2026-05-08T22:54:55,1,2,/r/f1visa/comments/1t7nfor/medical_leave_and_departure_deadline/,https://www.reddit.com/r/f1visa/comments/1t7nfor/medical_leave_and_departure_deadline/
1t7mprc,f1visa,STEM OPT application for Sikhs,"Hi everyone,

I applied for my initial OPT on 4/27 with premium processing. I used the official tool for cropping my picture. 

When I uploaded my picture on the form. It gave me an automated notification saying your head is covered, any such pictures might face delays. Please upload another one. I have to wear a turban and obviously that’s how my pic is in my passport on the F1 visa etc. To be on the safe side, I even added a note at the end of my application saying that I wear a turban in observance of my religious belief. 

Now the problem is that I applied on 4/27 but I still haven’t received any biometric appointment. It has been 9 working days since my application. My joining is on July 3rd and I’m freaking out. 

Anyone who faced the same issue/in a similar position/has some advice on what I can do right now, in terms of maybe calling them up or something. Please help 🙏🙏 I’m losing it. ",1778279064.0,2026-05-08T22:24:24,6,1,/r/f1visa/comments/1t7mprc/stem_opt_application_for_sikhs/,https://www.reddit.com/r/f1visa/comments/1t7mprc/stem_opt_application_for_sikhs/
1t7luk1,f1visa,ISSS advisor not responding to calls or emails regarding I20 extension,"Hello all,

My F1 expires May 15th. I requested an extension back in March. I went back and forth over email with the ISSS officer regarding more information they needed from me. 

 I gave them what I thought they needed and asked for confirmation if that was enough. Did not hear back from her for three weeks despite repeated follow up emails. Finally called ISSS, someone took a note for her, she emailed me back the next day saying the only thing she needed was this last piece of information on funding over the summer.

  
I gave it and asked if there is anything else they need from me. No response despite repeated emails and calls now over the past two weeks. I called again today, they took another note for her saying she should have responded by now.

I'm at a loss. I'm thinking of going in-person on Monday if I don't hear from her in the Morning. Has anyone else dealt with this? The people who answer the calls say that they are aware if the deadline, but can I really trust that?",1778277040.0,2026-05-08T21:50:40,2,4,/r/f1visa/comments/1t7luk1/isss_advisor_not_responding_to_calls_or_emails/,https://www.reddit.com/r/f1visa/comments/1t7luk1/isss_advisor_not_responding_to_calls_or_emails/
1t7llv1,f1visa,Biometrics- STEM OPT Extension,"Hi everyone,

I applied for my STEM OPT extension on May 3rd ‘26 with premium processing, but I still haven’t received any biometrics notice yet.

For people who recently applied, how long did it take for you to get the biometrics appointment notice (if you got one at all)? Just trying to get an idea of the current timeline.",1778276466.0,2026-05-08T21:41:06,14,1,/r/f1visa/comments/1t7llv1/biometrics_stem_opt_extension/,https://www.reddit.com/r/f1visa/comments/1t7llv1/biometrics_stem_opt_extension/
1t7ktit,f1visa,Stuck while creating SSN application (Currently on F1-CPT),"The SSA verification on login.gov is asking me to verify my identity but requires things like a social security number, US passport etc. How exactly do i go about booking an appointment? I have already received CPT authorization from my university.

Im kinda worried as I just found out today that the company i'll be interning at requires a SSN before i join (June 1st). And from what i have read online, it seems that SSN's can take upto 2-4 weeks to arrive after the appointment. Can anyone who has successfully filled out an SSN application please help out with what I should do?

I tried logging out and logging back in but just keep get a new control number with the same identity verification page preventing me from going ahead.",1778274648.0,2026-05-08T21:10:48,2,2,/r/f1visa/comments/1t7ktit/stuck_while_creating_ssn_application_currently_on/,https://www.reddit.com/r/f1visa/comments/1t7ktit/stuck_while_creating_ssn_application_currently_on/
1t7ehz9,f1visa,Using PTO after post completion OPT,Does anyone know if using paid time off (PTO) after the expiration of my OPT EAD violates any rules of post completion OPT?,1778260970.0,2026-05-08T17:22:50,1,0,/r/f1visa/comments/1t7ehz9/using_pto_after_post_completion_opt/,https://www.reddit.com/r/f1visa/comments/1t7ehz9/using_pto_after_post_completion_opt/
1t7bz60,f1visa,LIVE NOW! OPT Pulse — Dashboard Tracking OPT/STEM OPT Processing Timelines,"Hey everyone, I built a small dashboard that visualizes processing timelines from the OPT timeline megathread. Huge thanks to the mods for creating and maintaining this thread - it's been invaluable for so many of us.

The dashboard shows:

* Average processing times
* Processing pace (which application dates USCIS is currently approving)
* Timeline distribution
* OPT vs STEM OPT breakdown
* ""Where is my date?"" lookup to see how your cohort is doing

🔗 [**opt-pulse.vercel.app**](http://opt-pulse.vercel.app)

Data is sourced entirely from this thread and updated regularly. If you've posted your timeline here, you're already in it.

Feedback welcome - happy to add more features if people find it useful.

Please keep on adding your timelines to [https://www.reddit.com/r/f1visa/comments/1r6p9k0/optstem\_opt\_processing\_timelines\_megathread/](https://www.reddit.com/r/f1visa/comments/1r6p9k0/optstem_opt_processing_timelines_megathread/)  
for the dashboard to be up to date and give you an accurate view of the timelines.",1778255613.0,2026-05-08T15:53:33,23,44,/r/f1visa/comments/1t7bz60/live_now_opt_pulse_dashboard_tracking_optstem_opt/,https://www.reddit.com/r/f1visa/comments/1t7bz60/live_now_opt_pulse_dashboard_tracking_optstem_opt/
1t7bklo,f1visa,Maintaining F1 status,"Hello everyone. I’m currently on an F-1 student visa in the U.S. I applied for BSN programs for Fall 2026, but unfortunately I was not accepted and now I’m unsure how to maintain my F-1 status for the fall semester since I won’t be transferring to a university yet.

I also just finished all of my nursing prerequisites at a community college, so I’m kind of in between schools right now while planning to reapply for the next admission cycle.

Has anyone been in a similar situation before? What options did you have to maintain your status while waiting to reapply for the next term? Any advice would really help. Thank you!",1778254743.0,2026-05-08T15:39:03,5,2,/r/f1visa/comments/1t7bklo/maintaining_f1_status/,https://www.reddit.com/r/f1visa/comments/1t7bklo/maintaining_f1_status/
1t78ow3,f1visa,Should I worry about getting an F-1 visa?,"Hi everyone,

I’m an Ethiopian citizen living in the UAE, and I have a UAE Golden Visa (10 years). I’m planning to apply for an F-1 visa for the University of Miami, which I’ll be attending as a full-pay student.

I’ve also previously travelled to the US and other major countries, and I returned on time from all trips.  
Based on this profile, would an F-1 visa be highly likely, or is it still difficult to predict? Any advice would be appreciated.",1778248541.0,2026-05-08T13:55:41,8,4,/r/f1visa/comments/1t78ow3/should_i_worry_about_getting_an_f1_visa/,https://www.reddit.com/r/f1visa/comments/1t78ow3/should_i_worry_about_getting_an_f1_visa/
1t76tvs,f1visa,Question about social media content,"I am not a political person and I do not own any real firearms but my instagram account (I mainly use instagram) have some airsoft content in them and the most I do in terms of politics is just like the memes about them, would this pass the visa or make them deny me? Is there anything I can do to not make them deny me (yes I know I’ll have to do the interview too, but I’m mostly worried about this) ",1778244211.0,2026-05-08T12:43:31,2,2,/r/f1visa/comments/1t76tvs/question_about_social_media_content/,https://www.reddit.com/r/f1visa/comments/1t76tvs/question_about_social_media_content/
1t74s4d,f1visa,SEVIS fee payment,"Hi everyone,

I initially applied for F1 visa last year and paid SEVIS fee on April 2025, but due to circumstances, I had to defer and applied again this year, and will have F1 interview in couples of week (May 2026). I made the transfer for my SEVIS payment recently and on the system it said the status is  PAID for my new i-20 and the payment confirmation is still generated. However, as I am aware, the SEVIS fee is said to be only valid for one year, so technically it would have expired when I have the interview.

So I'm a bit confused. Does it mean it's still OKAY to use the payment confirmation as it is on the system, or I have to make another payment?

Thanks folks.",1778238617.0,2026-05-08T11:10:17,0,0,/r/f1visa/comments/1t74s4d/sevis_fee_payment/,https://www.reddit.com/r/f1visa/comments/1t74s4d/sevis_fee_payment/
1t71p1b,f1visa,"Late tuition payment, any trouble?","So my parents have a nest529 college savings account and we just sent the college the fee that is due the 16th of may, we are not sure if it will arrive on time but that hasn't been an issue when I was in h4 visa but now that I am on f1 visa is there any concerns about this? Like we sent the payment but it will take 5-7 business days. It won't cause any trouble with the college and my courses I'm taking for the summer but my status wise I'm not sure so if anyone has any idea let me know, thanks! ",1778228467.0,2026-05-08T08:21:07,2,0,/r/f1visa/comments/1t71p1b/late_tuition_payment_any_trouble/,https://www.reddit.com/r/f1visa/comments/1t71p1b/late_tuition_payment_any_trouble/
1t71h2p,f1visa,F-1 Scheduling: Country of birth on my visa scheduling profile is wrong,"Hi all,

Need some advice. I'm applying for an F-1 student visa from Japan (I'm an Indian citizen, currently working here). When I went to book my visa interview slot, I noticed that the portal is showing my country of birth as Japan, but I was actually born in India.

The field is greyed out so I can't edit it myself. My DS-160 and passport both correctly say India, so it's just this scheduling portal that has it wrong.

I called the support helpline and they basically told me that since I've already paid the visa fee, they can't change it anymore. They said to just bring it up at the interview and it'll be handled case by case. Also emailed them with my passport scan but haven't heard back yet.

Now I'm a bit worried and wanted to ask:

1. Has anyone else had this happen to them? Like the portal showing wrong info that you couldn't fix?
2. Is there any way to actually get it changed at this point? Some workaround, escalation path, or someone specific to contact?
3. If it can't be changed, did it actually cause any problem at the interview for you?

I'm planning to just mention it upfront when I hand over my documents at the interview, but would love to hear from anyone who's been through this or knows how it usually plays out.

Any help would mean a lot. Thanks!",1778227694.0,2026-05-08T08:08:14,0,0,/r/f1visa/comments/1t71h2p/f1_scheduling_country_of_birth_on_my_visa/,https://www.reddit.com/r/f1visa/comments/1t71h2p/f1_scheduling_country_of_birth_on_my_visa/
1t6x3ls,f1visa,F-1 Student From Libya Dilemma,"I am an F1 student from Libya. I know about the travel ban my visa expired last year, but my I-20 is in good standing. I am a rising junior in university now. I want to know if I were to go back would I be able to get it renewed or no? I feel a bit trapped and I would like to go back to visit my family over the summer. Is that something that is possible or will I get auto rejected?",1778213405.0,2026-05-08T04:10:05,1,0,/r/f1visa/comments/1t6x3ls/f1_student_from_libya_dilemma/,https://www.reddit.com/r/f1visa/comments/1t6x3ls/f1_student_from_libya_dilemma/
1t6wr0p,f1visa,"Can a Congressional Inquiry fix the ""Vetting Hold"" biometric scheduling bottleneck for OPT?","Hi everyone, especially any legal professionals on the sub.

I am an F-1 student currently waiting for my Post-Completion OPT (Form I-765) approval. I filed for *PP* around April 24, 2026, and I am stuck in the ""biometrics scheduling"" phase.

Based on recent reports from AILA and other sources, it appears my case is case is being delayed due to ""vetting hold"" that began on April 27, 2026. My understanding is that USCIS is currently prioritizing the re-vetting of millions of fingerprints against the expanded FBI database (per EO 14385), which has created a massive backlog in scheduling new appointments at Application Support Centers (ASCs). Some say it might cause 4 months of delay🥹

Because I filed after the new policy requiring mandatory photo/biometrics capture for OPT, I cannot move forward until I get an appointment notice.

My questions for the lawyers here:

**1. Can a Congressional Inquiry actually trigger the scheduling of an appointment that hasn't been generated yet, or will they just receive a boilerplate ""background check pending"" response?**

**2. If I have a confirmed job start date that I’m about to miss, does that qualify as ""severe financial loss"" enough to bypass this systemic vetting delay?**

**3. Have you seen any success in the last two weeks with inquiries for cases filed late April?**

I have my receipt number and job offer ready. I'm just trying to decide if I should reach out to my representative now or if it's too early to be effective given the national scale of this hold.

Thanks for any insights!",1778212403.0,2026-05-08T03:53:23,23,4,/r/f1visa/comments/1t6wr0p/can_a_congressional_inquiry_fix_the_vetting_hold/,https://www.reddit.com/r/f1visa/comments/1t6wr0p/can_a_congressional_inquiry_fix_the_vetting_hold/
1t6wgfh,f1visa,2 Biometrics Inital OPT,"Has anyone received 2 biometrics? I applied for OPT end of February and did a biometrics (photo only) beginning of March. A few days ago I got an RFIE and it was a request for biometrics of photo, signature and fingerprint. I also did not apply for PP but the RFIE letter says if I mail it I need to put “student premium processing” on the front and back of the paperwork. 

I don’t have any fingerprints or signatures on file with USCIS and don’t have any issues with visa, law enforcement etc. so just wanted to see if anyone else has been in the same scenario. 

also RFIE letter said “During the review of your immediate case and immigration record, we have encountered potentially adverse information related to you.” But am not sure if this is just the template writing. TIA ",1778211514.0,2026-05-08T03:38:34,3,1,/r/f1visa/comments/1t6wgfh/2_biometrics_inital_opt/,https://www.reddit.com/r/f1visa/comments/1t6wgfh/2_biometrics_inital_opt/
1t6w45o,f1visa,CPT Requirement,"I recently received an internship offer. My school requires an offer letter that has a JD included in it for CPT authorization. Initially my offer letter didn’t include one, I reached out to the HR, after back and forth, she sent me the JD separately and said that both of these documents will be separate. Is it wise to just merge both documents together and send it over? Since the original offer letter didn’t come with a JD.",1778210502.0,2026-05-08T03:21:42,1,0,/r/f1visa/comments/1t6w45o/cpt_requirement/,https://www.reddit.com/r/f1visa/comments/1t6w45o/cpt_requirement/
1t6vyxd,f1visa,Help a 15 year old out for F-1 Visa interview.,"Hi everyone, I will be attending an F-1 visa interview at the end of this month. I am applying for grade 9. So for the interview, do I need to go with my parent or can I go alone? If I need to take someone older than me will it be okay to go with my elder sibling? Please any insights will be appreciated. Thank you!!",1778210074.0,2026-05-08T03:14:34,0,1,/r/f1visa/comments/1t6vyxd/help_a_15_year_old_out_for_f1_visa_interview/,https://www.reddit.com/r/f1visa/comments/1t6vyxd/help_a_15_year_old_out_for_f1_visa_interview/
1t6v1bp,f1visa,"H4 vs F1 for 1-year MSBA program — worried about OPT/COS timing, need advice","Hi everyone,

My wife recently got admitted to a 1-year MSBA/MBIAM-type program for Fall 2026 (Late July/August start)

Current situation:

* I am currently in the US on H1B.
* We already submitted a DS-160 for H4 earlier, and after months of waiting, finally got an H4 visa appointment in India for late June.
* However, now we are confused whether she should:
   1. Apply for F1 directly in India, or
   2. Enter on H4 and then do H4 → F1 COS inside the US.

The main concern is OPT eligibility since the program is only 1 year.

Things worrying us:

* Since I’m already in the US on H1B and we already filed H4 DS-160, will that significantly reduce chances of F1 approval due to immigrant intent concerns?
* Can we immediately apply for COS as soon as she enters US? - Does it risk denial? Considering we will only have a month before her program starts 
* If she starts the program on H4 and later does COS to F1 (possibly premium processing), can this impact OPT eligibility?
* Does she need to already be in F1 status when classes begin for OPT to be safe?
* Has anyone here successfully done H4 → F1 COS during a 1-year master’s and still gotten OPT without issues?

We don’t want to lose the hard-to-get H4 appointment, but also don’t want to accidentally create problems for OPT later.

Would really appreciate advice from anyone who has gone through something similar.",1778207429.0,2026-05-08T02:30:29,4,1,/r/f1visa/comments/1t6v1bp/h4_vs_f1_for_1year_msba_program_worried_about/,https://www.reddit.com/r/f1visa/comments/1t6v1bp/h4_vs_f1_for_1year_msba_program_worried_about/
1t6tgs0,f1visa,OPT International Travel,I need to travel internationally for a conference and returning 10-12 days before my OPT end date. I would apply for STEM OPT right after coming back. Will this be okay from a travel perspective? I have all the necessary documentation,1778203041.0,2026-05-08T01:17:21,0,0,/r/f1visa/comments/1t6tgs0/opt_international_travel/,https://www.reddit.com/r/f1visa/comments/1t6tgs0/opt_international_travel/
1t6s3tm,f1visa,STEM OPT Premium Processing paused,"I applied for pp on April 20, after no updates I called USCIS and was told it was paused on April 20 due to pending biometrics. I have received no notice, mail, or status update. Does anyone have an idea on how long USCIS takes to schedule the biometrics?",1778199286.0,2026-05-08T00:14:46,25,3,/r/f1visa/comments/1t6s3tm/stem_opt_premium_processing_paused/,https://www.reddit.com/r/f1visa/comments/1t6s3tm/stem_opt_premium_processing_paused/
1t6qq14,f1visa,STEM Extension with EAD incorrect end date,"I have an incorrect end-date (currently 15th July 2026) on my EAD. It goes beyond 14-months from my program completion, and thus needs to be corrected. (needs to be updated to 30th June 2026)  
I have two choices right now: 

1. Use the current EAD with incorrect end-date and apply for STEM OPT immediately. My university has mentioned it will give me an i20. But will USCIS approve this?  
2. Second, EAD corrections will take one month, then updating my SEVIS and then applying for STEM OPT. This is a better way but I might not have time, since my work period expires on 29th June 2026. So I have to apply before that!!

Please let me know if you know if someone has applied for STEM Extension with a wrong end-date, and still got it approved. Then I can do the same.",1778195684.0,2026-05-07T23:14:44,0,2,/r/f1visa/comments/1t6qq14/stem_extension_with_ead_incorrect_end_date/,https://www.reddit.com/r/f1visa/comments/1t6qq14/stem_extension_with_ead_incorrect_end_date/
1t6q9ae,f1visa,F-1 Status Violation: Need Advice on Leaving vs. Reinstatement (Transitioning to Grad School),"Hi everyone, I’m an international student and I recently reached out to my university’s ISS office about an unrelated question regarding my summer enrollment. During that conversation, they discovered that I unknowingly violated my F-1 status this spring by taking too many online classes. I’m enrolled in 12 credits, but only 3 are in-person. F-1 requires at least 9 in-person. My academic advisor reviewed my schedule and never flagged it, so I had no idea this was a problem.

Now, I’m facing a few options:

	1.	Leave the US, get a new I-20 with a new SEVIS ID, and re-enter to complete my remaining requirements.

	2.	File for reinstatement of my F-1 status, which takes 4-12 months and restricts work and travel while pending.

	3.	Complete my remaining summer course from outside the US, then re-enter on a new I-20 from my future grad school for fall.

Here’s my situation:

	•	I’m a graduating senior finishing my last degree requirement this summer. It’s a 3-credit online course through another university. After that I’m done.

	•	I’ve been admitted to a US master’s program starting this fall, so I’ll need to transfer my SEVIS record to a new institution.

	•	My F-1 visa stamp is still valid through 2027 so I wouldn’t need a new visa interview to re-enter.

	•	The violation was genuinely unintentional. My advisor approved the schedule without raising any concerns, and I was foolishly ignorant about the requirements.

Since I’m transitioning to a new degree program in the fall anyway, I’m leaning toward Option 3. The plan would be to leave after spring ends, complete the summer course remotely from home, and re-enter on an Initial Attendance I-20 issued by my future grad school. This would avoid the long reinstatement wait entirely and set me up cleanly for the master’s.

I fully recognize that this is completely my fault. I was just wondering if anyone has been through something similar, especially when transitioning from undergrad to a US grad program? Is the “leave and re-enter on a new grad school I-20” path as clean as it sounds, or are there complications at the border or with CBP given a prior status violation? Any advice on which option makes the most sense here would be really appreciated.

Thanks in advance!",1778194513.0,2026-05-07T22:55:13,9,0,/r/f1visa/comments/1t6q9ae/f1_status_violation_need_advice_on_leaving_vs/,https://www.reddit.com/r/f1visa/comments/1t6q9ae/f1_status_violation_need_advice_on_leaving_vs/
1t6q7q5,f1visa,Taking summer class while OPT is processing,"I applied for opt on Jan 19 after I finished my associates degree. My opt is still processing. I had planned to transfer to nursing school in fall 2026. I had applied to few. I got accepted to my option one uni but they didn’t give me scholarship so I have to go with my second option. But turns out they need one ethics class as additional requirements. I haven’t taken that course. I was wondering if I can take that class this summer in community college so, I can start nursing school in fall. I am aware my opt will cancel after transferring my sevis. But will I be able to take only one online class in summer after opt?? then again transfer my sevis to university in fall?? Please help me out. Thank you!!",1778194399.0,2026-05-07T22:53:19,0,0,/r/f1visa/comments/1t6q7q5/taking_summer_class_while_opt_is_processing/,https://www.reddit.com/r/f1visa/comments/1t6q7q5/taking_summer_class_while_opt_is_processing/
1t6owez,f1visa,About new rule for duration of status,"I am currently on initial Post opt. My f1 visa is valid till 2028 December. With the new proposed rule for duration of status, how would it affect me? What would be my options if I don’t get selected in H1B lottery? I am freaking out right now because apparently, option for day 1 CPT would also be over.

Any suggestions would be immensely helpful.

Thanks.",1778191177.0,2026-05-07T21:59:37,15,7,/r/f1visa/comments/1t6owez/about_new_rule_for_duration_of_status/,https://www.reddit.com/r/f1visa/comments/1t6owez/about_new_rule_for_duration_of_status/
1t6mtcw,f1visa,My college has ruined my life,"College has ruined my life

Hey everyone, I’m in a nightmare situation with my current institution (a small private Bible College) and I’m down to my last days of legal status. I need to know my rights.

​The Context:

I am an F-1 student graduating this Saturday (May 2nd). I have a confirmed job offer at a camp starting May 22nd. I have a debt with the school (around $10k, which is half the agreed debt), which I’ve been trying to settle in good faith and Integrity.

​The Trap:

Today, the Business Office and the DSO (who has not disclosed reasons for the denial) sat me down. They pressured me into signing a legal payment agreement to pay $450/month for the next 5 years. If you do the math, that’s $27,000 beacuse of 12% interest. I felt I had no choice but to sign because they led me to believe this was the only way they would recommend my OPT.

​The Betrayal:

As soon as I signed the document, the DSO told me she will not recommend my OPT anyway. She is essentially holding my work authorization hostage even though I just signed a massive financial commitment to the school. Without the OPT, I have no way to earn the USD needed to pay them back.

​The Dilemma:

​If I don't get the OPT recommendation, I lose my chance to work at the camp and my path to a future R-1 visa.

​I’ve been told that a school cannot legally refuse a SEVIS transfer-out due to debt, but can they legally refuse an OPT recommendation based on debt?

​I am trying to pivot to a transfer to another university (Campbellsville/Salem) for a Summer start to get CPT, but I only have 96 hours to get an acceptance letter and force the transfer.

​My Questions:

​Is it legal for a DSO to refuse an OPT recommendation for a student who is academically eligible just because of a financial dispute?

​Since I signed that $27k contract under the impression it would grant me OPT, is that contract even valid if they immediately denied the recommendation?

​What can I do if they try to block my SEVIS transfer to another school?

​I am a theology student and I’ve worked so hard for four years here. I feel like I’m being extorted by the very institution that I once loved.

PLEASE IF YOU CAN HELP IN ANY WAY LET ME KNOW I AM DESPERATE

If you know or are a DSO please help me.


UPDATE: Contacted SEVP And what they are doing is illegal To comply with their responsibility to ensure a student is eligible for the optional practical training (OPT) requested before making a recommendation, a designated school official (DSO) can only consider whether the student meets the criteria set forth in the U.S. Department of Homeland Security regulations. See 8 CFR 214.2(f)(11)(ii)(A). If a DSO determines that a student otherwise meets all the criteria set forth in the regulations related to the type of OPT requested, a DSO should not refuse to recommend OPT for any other reason. Any denial of a recommendation for OPT must be based on the student’s inability to demonstrate that they meet the regulatory requirements for such OPT.

Defined in 8 CFR 214.2(f)(10) and (11). As the SEVP Response Center message you provided states, a DSO is legally permitted to consider only these specific regulatory factors.
​Here are the exact criteria they must verify:
​1. Academic Enrollment &amp; Status
​One Full Academic Year: You must have been lawfully enrolled on a full-time basis in a SEVP-certified institution for at least one full academic year (consecutive Fall and Spring semesters).
​Lawful F-1 Status: You must currently be maintaining valid F-1 status at the time of the application.
​2. Completion of Study
​Degree Completion: You must have completed all course requirements for your degree (Associate, Bachelor, Master, or Doctorate).
​Note: For graduate students, you can apply if you have finished all coursework even if the thesis/dissertation is still pending.
​3. Nature of Employment
​Directly Related to Major: The proposed training or work must be directly related to your primary major of study.
​Commensurate with Level: The training must be appropriate for your level of education (e.g., a Bachelor's level job for a Bachelor's degree).
​4. Timing &amp; Filing Rules
​Filing Window: You must apply within the window starting 90 days before your program end date and ending 60 days after (your grace period).
​The 30-Day Rule: The application must be received by USCIS within 30 days of the DSO entering the recommendation into SEVIS.
​What is NOT a Criterion?
​According to the regulation and the guidance in your image, the following are prohibited reasons for a DSO to refuse a recommendation:
 Financial Disputes: They cannot withhold the recommendation because of unpaid tuition or debt.
​Disciplinary Issues: Unless the discipline resulted in a termination of your SEVIS record before graduation, it cannot be used to block OPT.
​Personal Judgment: A DSO cannot refuse because they ""don't like"" your employer or think you should do something else.
",1778186429.0,2026-05-07T20:40:29,93,54,/r/f1visa/comments/1t6mtcw/my_college_has_ruined_my_life/,https://www.reddit.com/r/f1visa/comments/1t6mtcw/my_college_has_ruined_my_life/
1t6m8oz,f1visa,F1 student building paid software/SaaS — is it allowed?,"I’m an international CS student on an F1 visa. I want to build software/web services as a passion project because I genuinely enjoy creating useful tools.

That said, I’m wondering what happens if the project eventually makes money through one-time purchases or subscriptions.

Would this be considered unauthorized work/self-employment for an F1 student, even if I start it mainly as a passion project? Can I launch it publicly, accept payments, or form an LLC, or would I need CPT/OPT first?",1778185187.0,2026-05-07T20:19:47,7,1,/r/f1visa/comments/1t6m8oz/f1_student_building_paid_softwaresaas_is_it/,https://www.reddit.com/r/f1visa/comments/1t6m8oz/f1_student_building_paid_softwaresaas_is_it/
1t6lj0w,f1visa,Does academic probation result in visa revocation?,"Talked to my DSO, they said no - only happens if I am academically suspended. However, everywhere online it states that ensuring one isn’t in academic probation is a F1 visa requirement.",1778183719.0,2026-05-07T19:55:19,2,1,/r/f1visa/comments/1t6lj0w/does_academic_probation_result_in_visa_revocation/,https://www.reddit.com/r/f1visa/comments/1t6lj0w/does_academic_probation_result_in_visa_revocation/
1t6j1l7,f1visa,I-9 verification.,"Hi y’all, I will be transitioning to employer B soon and StEM OPT is currently pending with the receipt notice and we have the eligibility for automatic 180 day extension.

My question is that for I-9 verification , what documents do I need to submit in this case ?

I read expired EAD+ receipt notice would work , as they will enter the 180th day as the expiration date. Do they need to do verification again after I get my EAD ?

I guess I won’t be able to work if the verification has not been finished , correct me if I am wrong.

Do I also need an I-20 reflecting employer B information for I-9 verification or just the STEM OPT recommendation by DSO would be sufficient for the verification ?",1778178449.0,2026-05-07T18:27:29,0,1,/r/f1visa/comments/1t6j1l7/i9_verification/,https://www.reddit.com/r/f1visa/comments/1t6j1l7/i9_verification/
1t6hqol,f1visa,How to add child information in DS-160 if they are not traveling with me?,"Hi everyone,

I am filling out my DS-160 for a US F1 visa in Ethiopia. I have a spouse and a daughter but they will **not** be traveling with me. I have already passed the Spouse section, but I cannot find where to enter my child’s information.

Questions:

1. Where exactly is the “Children” section in DS-160?
2. Do I still need to add my daughter even if she is not coming to the US with me? or
3. If you face the same issue, how did you add your child’s details?

Any help would be appreciated. Thanks!",1778175744.0,2026-05-07T17:42:24,2,1,/r/f1visa/comments/1t6hqol/how_to_add_child_information_in_ds160_if_they_are/,https://www.reddit.com/r/f1visa/comments/1t6hqol/how_to_add_child_information_in_ds160_if_they_are/
1t6gyqf,f1visa,Unpaid Leave after STEM OPT expires,"Hi everyone,

My STEM OPT is expiring soon, and I’m trying to understand what options (if any) I have between now and my next status.

My employer plans to either:

* Transfer me to Canada, **or**
* Bring me back on **CPT** once I start my graduate program and move to college.

In the interim, the company is willing to provide a formal letter stating that:

* I will **not perform any work**
* I will **not be paid**
* I will be placed on **unpaid leave** until I either transfer internationally or start CPT

My question is:

* Is it legally permissible to remain on unpaid leave in the U.S. after STEM OPT expires if I am not working at all and the employer confirms this in writing?

I’ve seen mixed advice on this, and I would really appreciate if anyone could point me to **specific regulations, USCIS guidance, or the exact section of the law** (CFR, USCIS policy manual, SEVP guidance, etc.) that addresses this scenario.

If you’ve gone through something similar or have links to official sources, that would be extremely helpful.

Thanks in advance!",1778174154.0,2026-05-07T17:15:54,2,0,/r/f1visa/comments/1t6gyqf/unpaid_leave_after_stem_opt_expires/,https://www.reddit.com/r/f1visa/comments/1t6gyqf/unpaid_leave_after_stem_opt_expires/
1t6gbnq,f1visa,COS from B2 to F1,"Hi everyone, I need your advice on my case. I was laid off March 2025 under H-1B, I filed i539 to change status to B2 and got approved til 12/06/2025. I filed a B2 extension and applied for school, got my I20 with earliest admission date 07/15/2026. Then I got hit by RFE for my B2 extension. I guess my question is, while I'm providing additional evidence for USCIS and maintaining my b2 status, is it possible to file a COS from B2 to F1 using premium processing before the decision is made for the b2 extension or do I have to wait after the decision is made. Thanks everyone.",1778172826.0,2026-05-07T16:53:46,4,0,/r/f1visa/comments/1t6gbnq/cos_from_b2_to_f1/,https://www.reddit.com/r/f1visa/comments/1t6gbnq/cos_from_b2_to_f1/
1t6ep02,f1visa,170+ Days Pending STEM OPT (Nov 2025). 180-Day Extension Expiring Soon. Need Advice!,"Hi everyone,

I applied for my STEM OPT extension back in November 2025, and I am getting dangerously close to the end of my 180-day automatic extension. I’m looking for advice or recent experiences from anyone who has been in the same boat.

**My Timeline:**

• **Applied:** Mid November, 2025

• **Current Status:** ""Case Was Received and A Receipt Notice Was Sent"" (Absolutely no movement for 170+ days)

• **RFEs:** None

• 180-day extension last date : 07/07/2026

**What I’ve tried so far:**

• **Emma / Live Chat:** Completely unhelpful. Tier 1 agents just gave me the generic script to check processing times and told me to submit an ""Outside Normal Processing Time"" e-request.

• **e-Request:** Submitted.

• **Next step:** Planning to call tomorrow and push hard for a Tier 2 Officer escalation.

My job is on the line if this doesn't get approved before the 180 days run out.

**My questions for the community:**  
1.	Has anyone who applied around November 2025 actually gotten approved recently without Premium Processing?

2.	If you managed to speak to a Tier 2 officer, did it actually force someone to look at your file, or was it a waste of time?

3.	Has anyone had success involving their local Congressperson or Senator for STEM OPT delays specifically?

4.	Should I just bite the bullet and drop the $1,500 on Premium Processing (I-907) at this point to save my job?  
Any advice, timelines, or success stories would be highly appreciated. Thanks!",1778169413.0,2026-05-07T15:56:53,11,5,/r/f1visa/comments/1t6ep02/170_days_pending_stem_opt_nov_2025_180day/,https://www.reddit.com/r/f1visa/comments/1t6ep02/170_days_pending_stem_opt_nov_2025_180day/
1t6e85n,f1visa,Changing address for EAD,"Hi folks,

I applied around Feb end, and had my biometric in March start. I guess my approval will be after mid-May 

I'll be moving out to a new place at endbof May, and wanted to change address to my new place on USCIS portal.

But I got to know that people generally avoid doing that as it may cause more delay...

Is this true? How safe is changing address and how early should I do it? Like before approval, before production stage (after approval), etc.

Anyone who's done this in past (or have friends who did this) and guide me? Thanks!",1778168427.0,2026-05-07T15:40:27,0,1,/r/f1visa/comments/1t6e85n/changing_address_for_ead/,https://www.reddit.com/r/f1visa/comments/1t6e85n/changing_address_for_ead/
1t6938j,f1visa,Regarding STEM-OPT pending Vermont,"STEM-OPT timeline  
Applied: 14th Dec 2025  
Premium processing: No  
RFE for biometrics: 7th Feb 2026  
Biometrics done: 25th Feb 2026  
Responded to photo only RFE with cover letter, RFE response and appointment stamped notice on portal : 27th Feb 2027  
Case is still processing

So my case is now over normal processing time of 4.5 months, I tried contacting chat live agents and they said my case is pending with Vermont center and they do not need anything from me.

Anyone in the similar boat or any suggestions? Should I also upload my stamped biometric receipt somewhere in portal. I uploaded it in RFE response button.",1778156949.0,2026-05-07T12:29:09,2,0,/r/f1visa/comments/1t6938j/regarding_stemopt_pending_vermont/,https://www.reddit.com/r/f1visa/comments/1t6938j/regarding_stemopt_pending_vermont/
1t61pu3,f1visa,Suggesions for financials,"I have been asked to show around $7,000 annually after I have been given a tuition waiver and $18,000 annual stipend. I have no issue regarding showing the bank balance but the issue is that I don't have a 2-year bank statement which has been mandated as a requirement by the embassy. Is there any alternative like showing an education loan or asking some institution like a school or sahakari for sponsoring me, by which I can show a statement with 2 years? (PROFESSOR IS READY TO WRITE ME A LETTER STATING THAT HE WILL SPONSOR MY REMAINING AMOUNT BUT IT WONT BE SHOWN IN I20 Just asking for genuine suggestions",1778133242.0,2026-05-07T05:54:02,2,0,/r/f1visa/comments/1t61pu3/suggesions_for_financials/,https://www.reddit.com/r/f1visa/comments/1t61pu3/suggesions_for_financials/
1t5wr3d,f1visa,"Just got arrested for public intoxication in Texas, is it over?","I have court in 4 months since I pleaded not guilty. Will my visa get revoked?

WHAT SHOULD I DO???

Are visas/sevis still getting terminated?",1778118575.0,2026-05-07T01:49:35,37,5,/r/f1visa/comments/1t5wr3d/just_got_arrested_for_public_intoxication_in/,https://www.reddit.com/r/f1visa/comments/1t5wr3d/just_got_arrested_for_public_intoxication_in/
1t5wmcm,f1visa,F1 visa renewal during STEM OPT with EAD work authorization,"My F1 visa is set to expire later this year. I have EAD approved until May 2028 under the STEM OPT extension. 

Given the current scenario around immigration scrutiny, is it worth visiting India to renew the visa now, so it allows future travel? 

I have heard about the appointments bottleneck, tightened processing, additional scrutiny and forever changing policies (latest being limits on F1 visa/I-20 based on education duration; it could easily go like you are done with education, STEM OPT isn't technically an education program, so why do we renew your visa?)

All seems scary. Anyone on same boat?

Any advice is appreciated. Thank you!",1778118222.0,2026-05-07T01:43:42,2,1,/r/f1visa/comments/1t5wmcm/f1_visa_renewal_during_stem_opt_with_ead_work/,https://www.reddit.com/r/f1visa/comments/1t5wmcm/f1_visa_renewal_during_stem_opt_with_ead_work/
1t5vheg,f1visa,Job Start Date Before EAD Card Arrives,"Hi everyone! 

I just received a job offer last week with a start date mid June. I have started my OPT application with my school and it will take approximately 10 business days. After that I can submit my application to USCIS and I plan to do the premium processing as well. 

I am doubtful that my EAD card will arrive before my start date. I talked about this with my recruiter and it seems like they can't accommodate a start date later than what have discussed. I am suspecting that worst case scenario my offer would be rescinded, however it is written in the offer letter that I signed that: **my start date will be June 15, 2026 but contingent upon approval of my visa.** 

Based on this, what should I do? Should I still worry about my offer letter being rescinded or my employer can't do that based on what's written in the offer letter? ",1778115158.0,2026-05-07T00:52:38,8,0,/r/f1visa/comments/1t5vheg/job_start_date_before_ead_card_arrives/,https://www.reddit.com/r/f1visa/comments/1t5vheg/job_start_date_before_ead_card_arrives/
1t5uq4w,f1visa,Do you think am I able to?,"Hey, I haven’t registered for Fall 2026 classes yet, and I’m currently outside the U.S. I’m planning to return around mid-June. Would I still be able to re-enter the U.S. even if I’m not registered for classes yet?",1778113158.0,2026-05-07T00:19:18,3,0,/r/f1visa/comments/1t5uq4w/do_you_think_am_i_able_to/,https://www.reddit.com/r/f1visa/comments/1t5uq4w/do_you_think_am_i_able_to/
1t5td4o,f1visa,Lost EAD card - Do I need a new I-20 for replacement? What’s the process?,"Hi, I recently lost my EAD card (OPT), and I’m trying to understand the process to request a replacement. My EAD was already approved and issued earlier.

My DSO advised me to check with USCIS, so I wanted to ask here if anyone has gone through this recently and could share any guidance. I'd really appreciate it.

* Do I need to request a **new I-20 from my DSO**, or can I use my previously approved I-20 with OPT authorization to apply for a replacement EAD?
* What supporting documents are required for a replacement application?
* How long does it typically take to receive the replacement card?
* Can I continue working while waiting for the replacement if I already have valid OPT authorization?",1778109617.0,2026-05-06T23:20:17,0,2,/r/f1visa/comments/1t5td4o/lost_ead_card_do_i_need_a_new_i20_for_replacement/,https://www.reddit.com/r/f1visa/comments/1t5td4o/lost_ead_card_do_i_need_a_new_i20_for_replacement/
1t5r4pk,f1visa,F1 Visa Renewal on OPT/STEM OPT - Recent Experiences?,"I’m currently on OPT, and my STEM OPT starts in June. I’m planning to renew my F1 visa in New Delhi, and I'm honestly feeling a little nervous about the interview process. I currently work remotely on a W-2 role.

If anyone has recently renewed their F1 visa while on OPT/STEM OPT, especially in New Delhi, I’d really appreciate hearing about your experience. What questions were you asked during the interview? Did they focus heavily on your employer/job duties, or was it more straightforward?

I was also wondering - is the renewal process generally easier compared to the very first F1 interview, since there’s already a travel history/compliance record? I’ve consistently returned to India during breaks over the years and also studied abroad in Europe during college, so I’m hoping that helps show travel history and ties to my home country.

",1778104298.0,2026-05-06T21:51:38,0,3,/r/f1visa/comments/1t5r4pk/f1_visa_renewal_on_optstem_opt_recent_experiences/,https://www.reddit.com/r/f1visa/comments/1t5r4pk/f1_visa_renewal_on_optstem_opt_recent_experiences/
1t5pwuh,f1visa,Severe Dilemma about Potential Rule to end Duration of Status for F1 students,"Hi guys,

I am really confused about what to do. I am in the 180 days of automatic extension after filing STEM OPT. The 180 days will end last week of June.

On top of that, my country is listed in the 39 countries USCIS has paused adjudication for. On top of this, I am seeing news about the end of Duration of Status coming to reality soon. I have done 2 masters, MS in Project Management and MS in Data Science, back to back.

Should I abandon my STEM OPT and enrol in a Day 1 CPT DBA or try to enrol in a PHD program? If I was to be approved for STEM OPT, it would end March 2028, but I am really unsure of what to do regarding this new DHS rule to end duration of status.

Given this 39 country pause, I have no idea about what to even do tbh. 

Since my 180 days is ending soon I know I am supposed to stop working but what bothers me is I do not know what my options are, especially with this new d/s rule.

Does that mean I will have to leave the country March 2028?

I appreciate you all.",1778101602.0,2026-05-06T21:06:42,17,2,/r/f1visa/comments/1t5pwuh/severe_dilemma_about_potential_rule_to_end/,https://www.reddit.com/r/f1visa/comments/1t5pwuh/severe_dilemma_about_potential_rule_to_end/
1t5pqco,f1visa,Social media vetting,"**Subreddit:** r/USCIS or r/f1visa  
**Title:** Disclosing multiple Instagram accounts on DS-160 – Do I need to list both?  
**Body:**  
Hi everyone,  
I’m currently filling out my DS-160 for a US visa and I’ve run into a dilemma regarding the social media section.  
I have two separate Instagram accounts (one for personal use and one for content creation/lifestyle). I’m considering only putting one of them on the form because I’d rather keep the other one separate, but I don't want to cause any red flags.  
The form asks: ""Do you wish to provide information about your presence on other websites or applications you have used within last five years to create or share content?""  
1.	For those who have multiple accounts on the same platform (like 2-3 Instagrams), did you list all of them?  
2.	If I have two accounts on one platform, do I just use the ""Add Another"" button and select the same platform again?  
3.	How strict are they about finding ""unlisted"" accounts during the vetting process?  
I want to be truthful, but I’m curious if anyone has experience with this specific case. Thanks!",1778101220.0,2026-05-06T21:00:20,3,0,/r/f1visa/comments/1t5pqco/social_media_vetting/,https://www.reddit.com/r/f1visa/comments/1t5pqco/social_media_vetting/
1t5p16z,f1visa,"Booked appointment in different city than DS-160, will passport get delivered?","Hi all, 

  
I live in Vancouver, Canada, and I filled in my DS-160 as such. The next step was paying the fee and scheduling. I paid the 185$, then got directed to the appointmetn booking page, where there were no slots available for Vancouver. I searched online and it seems overall okay to go to a different city than stated in the ds-160, based on the official website and some anecdotal evidence. I booked my appointment in Calgary with the same DS-160, and then made a new DS-160 with calgary as the application location so I can show that to them if they ask. 

  
The only thing I am not sure about now is the Passport Pick-Up point. I put the point as Vancouver, because I live there. but I am unsure if this will charge me more fees to get my passport shipped there. or worse, not ship at all. I can change it to Calgary if the processing time is quick, but from online evidence it seems it can take a few weeks, and i cannot stay that long in Calgary (my job is not remote). I guess I could go back to Calgary to pick up the passport, but that again becomes an issue of cost. 

  
Does anyone have any opinions on this situation? What would you do, or have you had friends do something similar, etc. Thanks for any and all info",1778099665.0,2026-05-06T20:34:25,0,0,/r/f1visa/comments/1t5p16z/booked_appointment_in_different_city_than_ds160/,https://www.reddit.com/r/f1visa/comments/1t5p16z/booked_appointment_in_different_city_than_ds160/
1t5ou0z,f1visa,F-1 CPT Issue -,"Has anyone gotten CPT approved when their academic program does not explicitly require a co-op or internship?

I recently received an offer from a prestigious company with a fixed start date(it’s cohort based), but my DSO is unwilling to approve CPT because my program does not require internship/co-op participation. I’ve tried everything and they don’t seem willing to budge.

Has anyone been in a similar situation and successfully gotten CPT approved? What are my other options if CPT is denied? Any advice would be appreciated.",1778099237.0,2026-05-06T20:27:17,19,0,/r/f1visa/comments/1t5ou0z/f1_cpt_issue/,https://www.reddit.com/r/f1visa/comments/1t5ou0z/f1_cpt_issue/
1t5mj6p,f1visa,OPT Timeline Tracker,"[https://www.mdjain.com/opt-timeline/](https://www.mdjain.com/opt-timeline/)

I was trying to figure out if premium processing was worth it for my OPT and couldn't find a decent tracker anywhere, that's why I vibecoded this. It tracks processing timelines so you can get a rough sense of where you stand. Data is sourced from the r/f1visa and r/USCIS megathreads - has entries from 2025 and 2026, and you can filter for latest only if you don't care about older trends. Code is open source - feel free to fork it, improve it, whatever. PRs welcome.

One caveat: data updates are manual for now since GitHub Actions requests get blocked by Reddit's API. Working around it but haven't prioritized it yet. If anyone has a clean solution for this I'm all ears. Hope it helps someone.",1778094353.0,2026-05-06T19:05:53,15,42,/r/f1visa/comments/1t5mj6p/opt_timeline_tracker/,https://www.reddit.com/r/f1visa/comments/1t5mj6p/opt_timeline_tracker/
1t5ld1n,f1visa,DSO denied my CPT for a paid summer internship that's directly related to my major,"Hi all, looking for advice from anyone who's dealt with this.

I'm an F-1 student in my junior year (rising senior), dual majoring in a business related field. I just received a paid internship offer from a respected arts organization for this summer (late May through August), 20+ hours per week.

The role's responsibilities include data analytics, SEO, member retention analysis, research for fundraising and programming, email and campaign performance, and digital/operational data management ; work that sits directly at the intersection of both my majors.

My DSO denied the CPT. The reasons given were:

1. I'm coming off another internship in the same 'arts sector' (different organization, different role, different data, different stakeholders). I was also doing very intense data analytics in this role. Almost 40+ hours a week.
2. In the email, she is basically assuming that my role is not rigorous solely because it is in the arts, even though I am clearly going to be doing business/analytics related work.
3. The internship ""does not carry as much academic rigor as we would like to see.""

The denial did not cite any specific responsibility in the offer letter that falls short. The DSO also mentioned having personal connections to the organization in the same email ; which I'm not sure what to make of.

My plan so far:

\- Submitted a formal request for reconsideration

\- Requested a revised offer letter from the employer that explicitly documents the analytics scope

\- Have a reconsideration meeting booked for tomorrow (online, since I'm currently abroad)

\- Bringing curriculum mapping and concrete deliverables from my prior internship

\- Looped in a coach who can advocate

My start date is in three weeks. Housing is finalized.

I believe my DSO denied it because she does not understand the terminilogy in terms of analytics. My internship letter does not specifically state the word ‘analytics’ but says things like; conduct research, maintaining records, assist with membership and retention.",1778091877.0,2026-05-06T18:24:37,12,8,/r/f1visa/comments/1t5ld1n/dso_denied_my_cpt_for_a_paid_summer_internship/,https://www.reddit.com/r/f1visa/comments/1t5ld1n/dso_denied_my_cpt_for_a_paid_summer_internship/
1t5ko38,f1visa,Stem opt extension,Hey guys! I would like to know if anyone changed their employer during stem extension when stem opt is not approved but still processing ? Please let me know the process and also if premium process would help in this situation?,1778090453.0,2026-05-06T18:00:53,3,0,/r/f1visa/comments/1t5ko38/stem_opt_extension/,https://www.reddit.com/r/f1visa/comments/1t5ko38/stem_opt_extension/
1t5j0gv,f1visa,EO 12866 Under Regulatory Review,"FYI, on May 5, 2026, the proposed rule to remove D/S and have fixed dates was submitted to the Office of Information and Regulatory Affairs. It is now in the final rule stage.  

Due to this and the previous changes in USCIS application types and changes in SEVIS functionalities the end of D/S may be coming soon. 

[https://www.reginfo.gov/public/do/eoDetails?rrid=1367212](https://www.reginfo.gov/public/do/eoDetails?rrid=1367212)",1778087122.0,2026-05-06T17:05:22,10,33,/r/f1visa/comments/1t5j0gv/eo_12866_under_regulatory_review/,https://www.reddit.com/r/f1visa/comments/1t5j0gv/eo_12866_under_regulatory_review/
1t5ibod,f1visa,OPT: Time after Biometrics until Approval,"I'm an F1 student who applied for **Post-OPT** **on** **March 20th on PP**. I got scheduled for Biometrics on April 3rd, but I rescheduled on April 7th for an earlier time, April 8th. The same day, USCIS gave 2 updates that they're ""actively reviewing your Form I-765, Application for Employment Authorization. Our records showed nothing is outstanding at this time"" and ""Response Was Received And My Premium Processing Clock Was Restarted."" Since **April 8th** to today, May 6th, I haven't gotten any updates/approval. 

It seems like lots of people get an approval within 2-3 weeks after the biometrics. It's almost been a month. Should I upload my ASC notice (it would be unsolicited evidence), even though they said the response was received and nothing is outstanding? Should I call Potomac Service Center (YSC)? Before I applied, I did not know about the updated biometrics/photo policy for OPT, and I also didn't know that the PP clock got restarted after. My start date is June 1st, and I'm SUPER nervous. Any advice or anyone else in a similar boat/timeline?",1778085708.0,2026-05-06T16:41:48,1,2,/r/f1visa/comments/1t5ibod/opt_time_after_biometrics_until_approval/,https://www.reddit.com/r/f1visa/comments/1t5ibod/opt_time_after_biometrics_until_approval/
1t5hi6u,f1visa,Contractor Role on almost ended OPT,"International student here (F-1), graduated May 2025 with ECE degree. I'm close to exhausting my initial OPT period (worked 2 engineering based part time jobs at university) and got a contract offer through a staffing agency. I have concerns about the visa implications and would love advice from anyone who's navigated this.

The Situation:

* 6-month contract role through well known (?) staffing agency, working onsite at a large robotics company
* I'll be a W-2 employee with the staffing agency, not the end client
* My OPT period is coming to an end
* Recruiter explicitly said ""we handle STEM OPT extensions all the time"" and they have my dates and information.

My Concerns:

1. Job title keeps changing. Initial posting said ""Electrical Test Engineer."" Recruiter emails have said ""Hardware Test Engineer,"" ""Test Technician,"" and now the offer letter says ""Mechanical Engineer."" The work described is definitely electrical/test focused, so why the title confusion?
2. Contractor to Intern pipeline. During the interview, the manager mentioned someone who was a contractor for 2 years, then they converted him to an ""intern"" status (something about legal limits on contract length?), and THEN potentially FTE or even contract again ""if headcount opens."" Is this normal? Feels like they're using loopholes to keep people indefinitely without benefits/stability.
3. Manager vibes. During the interview he was helpful but also had this energy of ""are you an engineer? you should know this"". Not mean, but... I don't know, felt like I'd constantly be proving myself. He manages 5 different teams and explicitly said ""I will not be guiding or supervising you.”
4. Relocation required. I'd need to move and more than double my rent for a 6-month contract with no guarantee it extends. No relocation assistance offered.

Questions for Anyone Who's Done This:

1. Has anyone worked through a staffing agency (Actalent, Kforce, TEKsystems etc.) on STEM OPT? Any issues?
2. Is the contractor to intern conversion thing a red flag for not only visa purposes but also career?
3. I am very close to accepting that I might need to pack up and return home, so should I get into this with so many doubts?

Additional Context:

* No other offers right now
* Would need to relocate for this job (move, double my rent, etc.)
* Company is big robotics/automation

Any advice or experiences would be hugely appreciated. This is my first real job offer post-graduation and I don't want to mess up my status, but I also can't afford to stay unemployed much longer.",1778083991.0,2026-05-06T16:13:11,2,3,/r/f1visa/comments/1t5hi6u/contractor_role_on_almost_ended_opt/,https://www.reddit.com/r/f1visa/comments/1t5hi6u/contractor_role_on_almost_ended_opt/
1t5g0ft,f1visa,Visa interview coming up.,"I've my visa interview on May 26, I'm introvert like I have issues with speaking but I think I'll handle it. The main confusion is that that my father is sponsoring to my master's education, he previously worked in positions of manager, coordinator and vendor(i.e he will operate the whole petrol bunk operation and took care salaries as well like a lease) in his 21 years career and as well my mom took care of general store in same petrol bunk. Now he's retired and my both parents are now taking care of general store earns around 30k-40k INR monthly. Now coming to my college going to binghamton university(SUNY) fee is 49000 USD. Total amount is sponsored by parents and my question is what documents i should carry for visa interview(regarding financial documents)...is there any problem with these background, any chance of rejection. 

(Apart from I20 amount we have some fixed deposits as well)

(The shop is in rural area and we don't have an ITR regarding current business, but have an ITR for father's business ie petrol bunk.)",1778080832.0,2026-05-06T15:20:32,0,1,/r/f1visa/comments/1t5g0ft/visa_interview_coming_up/,https://www.reddit.com/r/f1visa/comments/1t5g0ft/visa_interview_coming_up/
1t5ca6o,f1visa,F-1 Visa Re-entry,"Hi

I already hold an unused but valid B1 US tourist visa. And I just got admitted to Virginia tech in Blacksburg and recently got my F-1 visa and the program start date is 17 August. I plan to travel with my family from our home country to Orlando on 1 August for a short family break, and go on a 7 days Royal Caribbean cruise from 2 to 9 August which goes to the Bahamas and Mexico.

After return from the cruise we will go to Blacksburg to attend and check-in at the university prior to the program start date of 17 August. Should I first enter the US with my B1 or F1 visa?

If I enter with the F-1 visa, considering that the initial SEVIS status hasn’t yet been activated, is that an issue even if I get the travel endorsement signed by the DSO prior to entering the US?

I also worry if i enter the US with the B1 visa and go to the cruise, and then upon return from the cruise and enter with the F-1 visa, that the immigration officer might make an issue that why I had entered initially with B1 if my intention was to study and that the cruise was just a short holiday trip.

What is the suggestion? Has anyone faced such a situation?

Thank you",1778072575.0,2026-05-06T13:02:55,6,0,/r/f1visa/comments/1t5ca6o/f1_visa_reentry/,https://www.reddit.com/r/f1visa/comments/1t5ca6o/f1_visa_reentry/
1t5bm8e,f1visa,Travel during last year of stem opt with no h1b,"Hi Folks 

My stem opt is ending on Jan 30th 2027. I don’t have h1b. In the last attempt also I didn’t get picked! I’m planning to join for cpt for spring 2027. Can I travel to internationally around in June or July 2026 ? 

Is it safe to travel ?

Please let me know your thoughts. 

Thank you! ",1778070964.0,2026-05-06T12:36:04,3,1,/r/f1visa/comments/1t5bm8e/travel_during_last_year_of_stem_opt_with_no_h1b/,https://www.reddit.com/r/f1visa/comments/1t5bm8e/travel_during_last_year_of_stem_opt_with_no_h1b/
1t56eun,f1visa,DS-160 Submission and F1 Visa Renewal Questions,"**Title: DS-160 Submission and F1 Visa Renewal Questions**

I completed DS-160 applications for myself and my two children to travel from the U.S. to Canada for my F1 visa renewal, and I also made the required payments. However, I later realized that the regulations are quite strict about renewing a visa in one’s country of residence or nationality. As a result, I’ve decided to return to my home country alone to complete the renewal process there.

Given this change, do I need to pay a new visa fee? Also, since my visa is expiring soon and it’s been difficult to secure an appointment, is it possible to request an expedited interview date? I would appreciate any guidance or recommendations from others who have gone through a similar situation. Thank you!",1778054616.0,2026-05-06T08:03:36,2,1,/r/f1visa/comments/1t56eun/ds160_submission_and_f1_visa_renewal_questions/,https://www.reddit.com/r/f1visa/comments/1t56eun/ds160_submission_and_f1_visa_renewal_questions/
1t55it5,f1visa,OPT Processing Timeline Board (Based on Reddit Data as of 5/5),"Built a small infographic to visualize OPT processing timelines using data from the OPT Processing Timeline Megathread. It has breakdown between premium and standard filings  updated from real submissions there.

If there's enough interest I'll set up a page / dashboard somewhere to refresh this weekly. 

Edit: this is from all main comments from the thread so it includes banned and non-banned countries. Also it includes both OPT and STEM-OPT

+ I'll look to update this each week based with refreshed data.
+ I'll add in biometrics dates",1778051408.0,2026-05-06T07:10:08,24,81,/r/f1visa/comments/1t55it5/opt_processing_timeline_board_based_on_reddit/,https://i.redd.it/pkpalw35vgzg1.png
1t53ypy,f1visa,F1 Visa - Aiding Police Investigation,"Hey, I’m currently an F1 Visa student in the US. I got a call from the city police department telling me that someone tried to break into my car a few days ago. I didn’t notice it because nothing was taken. The suspect ran away after the alarm went off but was later arrested by the police. Now the police department is asking me if I can aid in prosecuting this individual. Will there be any consequences of this on my F1 Visa? Should I go ahead and say yes? I do not want to mess with my visa status because I only have one year left for my degree completion. Thanks for any advice ",1778046122.0,2026-05-06T05:42:02,19,30,/r/f1visa/comments/1t53ypy/f1_visa_aiding_police_investigation/,https://www.reddit.com/r/f1visa/comments/1t53ypy/f1_visa_aiding_police_investigation/
1t53gex,f1visa,Recruiter asked about sponsorship,Hi everyone. A recruiter reached out after I applied to a job to move things forward and had a couple questions they needed me to answer. One of them was whether I needed any support or sponsorship now or in the future. I am on F1 about to obtain my OPT (potentially STEM OPT due to my degree). How do I respond to this? Any advice would be appreciated. Thanks,1778044489.0,2026-05-06T05:14:49,14,0,/r/f1visa/comments/1t53gex/recruiter_asked_about_sponsorship/,https://www.reddit.com/r/f1visa/comments/1t53gex/recruiter_asked_about_sponsorship/
1t50nqy,f1visa,STEM OPT Timing Dilemma: Current Employer vs Potential New Offer — Need Advice,"Hey everyone, I’m in a tricky spot with my STEM OPT extension, and I’d love your advice. I’m currently employed but interviewing with another company where I might get an offer (timeline should be less than 50 days). My 90-day window to apply has started, but here’s the dilemma: If I file with my current employer’s info, I can’t switch employers until the extension is approved. Premium processing is taking longer, so I worry about delays if I need to join quickly. On the other hand, I could wait for the new company’s offer, but I don’t know how long that’ll take—it could be a month or more, which cuts into my time. Should I file now with my current employer or wait for the potential new one, even if it means some uncertainty? How have others balanced timing in a situation like this? Any guidance or personal experience would mean a lot as I figure out the best path forward!",1778036196.0,2026-05-06T02:56:36,3,0,/r/f1visa/comments/1t50nqy/stem_opt_timing_dilemma_current_employer_vs/,https://www.reddit.com/r/f1visa/comments/1t50nqy/stem_opt_timing_dilemma_current_employer_vs/
1t4ylip,f1visa,Do universities usually hire candidates on stem opt?,Do they hire for tech roles? Are they ok with signing i983 training plan? Any one has any recent experience with them?,1778030592.0,2026-05-06T01:23:12,6,2,/r/f1visa/comments/1t4ylip/do_universities_usually_hire_candidates_on_stem/,https://www.reddit.com/r/f1visa/comments/1t4ylip/do_universities_usually_hire_candidates_on_stem/
1t4xs0k,f1visa,Flying domestically while on OPT,There is a conference that I will be attending and will fly to and from chicago ohare airport. I am on OPT with expired F1 stamp. Will there be any problem flying or is it risky at all?,1778028332.0,2026-05-06T00:45:32,2,0,/r/f1visa/comments/1t4xs0k/flying_domestically_while_on_opt/,https://www.reddit.com/r/f1visa/comments/1t4xs0k/flying_domestically_while_on_opt/
1t4wvsb,f1visa,SEVIS ACCOUNT INQUIRY,"Hey y'all, just wanted to ask how long after OPT approval does it take to get an email from SEVIS to create an account for OPT reporting. Here's my timeline for reference: 

Applied for OPT: Feb 13th, 2026  
Biometrics scheduled: Feb 14th, 2026  
Biometrics completed: March 6th, 2026  
Upgraded to Premium Processing: April 21st, 2026  
OPT approved: April 23rd, 2026   
Card produced: April 29th, 2026  
Card delivered: May 5th, 2026 (today) ",1778025914.0,2026-05-06T00:05:14,4,1,/r/f1visa/comments/1t4wvsb/sevis_account_inquiry/,https://www.reddit.com/r/f1visa/comments/1t4wvsb/sevis_account_inquiry/
1t4wbbi,f1visa,OPT Premium Processing Delayed,"Hello,

I wanted to ask if anyone's opt premium processing is also delayed. This is my timeline:

* I applied for OPT on February 21
* completed biometrics march 16
* applied to premium processing march 24.
* silent API update on April 7
* Uploaded stamped biometrics April 20
* silent API update on May 5 with timestamp 2026-05-05T04:00:00.776Z

Today was my last day to get an update but I did not receive anything. I still don't have an A number, and I am worried it wont get approved by my start date. I am part of 75 countries but not 39.

I also emailed premium processing and was told that: ""it remains under active examination and is being reviewed by an adjudicating officer."" on april 28

Is anyone that upgraded to pp late march still waiting?

I am not sure how to proceed and how to get my case approved.",1778024454.0,2026-05-05T23:40:54,2,1,/r/f1visa/comments/1t4wbbi/opt_premium_processing_delayed/,https://www.reddit.com/r/f1visa/comments/1t4wbbi/opt_premium_processing_delayed/
1t4vd34,f1visa,Lost EAD card - Do I need a new I-20 for replacement? What’s the process?,"Hi, I recently lost my EAD card (OPT), and I’m trying to understand the process to request a replacement. My EAD was already approved and issued earlier.

My DSO advised me to check with USCIS, so I wanted to ask here if anyone has gone through this recently and could share any guidance. I'd really appreciate it. 

* Do I need to request a **new I-20 from my DSO**, or can I use my previously approved I-20 with OPT authorization to apply for a replacement EAD?
* What supporting documents are required for a replacement application?
* How long does it typically take to receive the replacement card?
* Can I continue working while waiting for the replacement if I already have valid OPT authorization? ",1778022041.0,2026-05-05T23:00:41,0,2,/r/f1visa/comments/1t4vd34/lost_ead_card_do_i_need_a_new_i20_for_replacement/,https://www.reddit.com/r/f1visa/comments/1t4vd34/lost_ead_card_do_i_need_a_new_i20_for_replacement/
1t4vaqv,f1visa,Can a relative living in the US sponsor my studies? How will that affect my visa acceptance rate?,"I got $60,000 scholarship and I am supposed to pay $13,500 in tuition for the whole program. I have two sponsors from the US, both are relatives. And two sponsors from my home country. How would this affect my F1 visa approval rate. Also, I am accepted into an Ivy league school (Princeton)",1778021892.0,2026-05-05T22:58:12,1,0,/r/f1visa/comments/1t4vaqv/can_a_relative_living_in_the_us_sponsor_my/,https://www.reddit.com/r/f1visa/comments/1t4vaqv/can_a_relative_living_in_the_us_sponsor_my/
1t4tiym,f1visa,H1 to f1 need bridge for the gap?,"Hello. 

I am on my h1b grace period which is ending on May 26th.

I filed cos to F1 Phd program and my case got approved a week ago. My f1 program start date is August 20th, so my approved 797 says it s valid from 8/20 until D/S as F1. 

Attorneys say different things, some say 3 months gap (5/26-8/20) will make me out of status while some says cos approval will make me legal during this 3 months. 

Anyone was in same situation I am in? Am I legal during 3 months gap or what? ",1778017592.0,2026-05-05T21:46:32,10,0,/r/f1visa/comments/1t4tiym/h1_to_f1_need_bridge_for_the_gap/,https://www.reddit.com/r/f1visa/comments/1t4tiym/h1_to_f1_need_bridge_for_the_gap/
1t4qreu,f1visa,F1 visa appointment as a minor,"I’ve booked my F-1 visa interview for June 30. I’ll still be under 18 at the time, so I’ll be going with my mom.  
I had a few questions about this: 

1) Apart from signing the I-20, are there any other forms or documents where a parent’s signature is required?

2) Does my parent need to bring any documents of her own?

3) What documents do I need to bring specifically as a minor?",1778011475.0,2026-05-05T20:04:35,0,2,/r/f1visa/comments/1t4qreu/f1_visa_appointment_as_a_minor/,https://www.reddit.com/r/f1visa/comments/1t4qreu/f1_visa_appointment_as_a_minor/
1t4qp3o,f1visa,OPT question after internship in home country,"I am a senior who is technically walking this month (May,2026) but my degree requires two internships to be able to graduate. My plan was to walk and then finish up my second internship this summer but I did not manage to get an internship in the US. I am doing my internship in my home country because that’s the only choice I have and I don’t want to add another semester.

I have not yet applied to OPT because you can only apply 90 days before graduation and my real graduation is in August, not May, because I am taking the internship summer class. I plan to apply as soon as summer semester starts. 

I have emailed my DSO but I keep getting conflicting answers with her and my dean and other people. Can I still apply for OPT and come back to work in the US after my internship in my home country? My DSO is saying I would have to forfeit it and terminate my F1 status.

If anyone has had a similar experience or knows any more about this, please let me know!!! Thank you!",1778011341.0,2026-05-05T20:02:21,2,1,/r/f1visa/comments/1t4qp3o/opt_question_after_internship_in_home_country/,https://www.reddit.com/r/f1visa/comments/1t4qp3o/opt_question_after_internship_in_home_country/
1t4oxwo,f1visa,Venezuelan applicant in Colombia – F-1 chances under Proclamation 10998?,"Hi everyone,

I’m trying to understand my situation realistically and would appreciate insights from anyone with recent experience or similar background.

**Context:**

* Nationality: Venezuelan
* Current residence: Colombia (legal resident, living here \~10 years but not yet a citizen.)
* Previous U.S. travel: Held a B1/B2 visa issued in 2024, used recently without issues
* Admission: Accepted to Carnegie Mellon University (Master’s in SWE Scalable Systems)
* Planning to apply for: F-1 student visa (likely from Colombia as there is no US embassy in Venezuela running yet.)

**Concern:**  
Under Presidential Proclamation 10998, it seems like visa issuance for certain countries (including Venezuela) is restricted, even though applications/interviews are still allowed.

I’m trying to understand:

1. Has anyone (Venezuelan nationals specifically) been approved for an F-1 visa **after Jan 2026**?
2. Are approvals happening case-by-case, or is it effectively paused in practice.
3. Anyone from a banned/partially banned country got approved for F type visa recently after the proclamation? 



Thanks for any help.",1778007624.0,2026-05-05T19:00:24,3,1,/r/f1visa/comments/1t4oxwo/venezuelan_applicant_in_colombia_f1_chances_under/,https://www.reddit.com/r/f1visa/comments/1t4oxwo/venezuelan_applicant_in_colombia_f1_chances_under/
1t4nf0o,f1visa,I received acceptance from the school while waiting for my B1/B2 visa appointment,"I had an interview for a B1/B2 visa in a month. Yesterday, I received acceptance from a school. How can I withdraw my B1/B2 application to apply for an F1 visa?",1778004430.0,2026-05-05T18:07:10,1,1,/r/f1visa/comments/1t4nf0o/i_received_acceptance_from_the_school_while/,https://www.reddit.com/r/f1visa/comments/1t4nf0o/i_received_acceptance_from_the_school_while/
1t4mp8a,f1visa,F-1 Visa Renewal with one semester left,"Hi everyone,

I’m an F-1 student from Jordan currently pursuing my MBA, and I have one semester left. My visa is set to expire in August, and I’m considering renewing it to avoid any issues staying in the U.S. while I complete my program.

Has anyone been in a similar situation or gone through this process? My program is in person, and I can obtain a letter from my school confirming that. I’d really appreciate any advice or insights.",1778002978.0,2026-05-05T17:42:58,8,3,/r/f1visa/comments/1t4mp8a/f1_visa_renewal_with_one_semester_left/,https://www.reddit.com/r/f1visa/comments/1t4mp8a/f1_visa_renewal_with_one_semester_left/
1t4mdgx,f1visa,Premium Processing in 2 weeks?,"Can anyone share their current OPT approval timeline with PP? I applied on 2/20, did biometrics on 3/4, and upgraded to PP on 4/26. My start date is May 17th and my manager is willing to push it back a week. 

  
Do you think that I can get the card on time? I'm so stressed right now as I have everything settled down (e.g., lease, moving), but not the card.",1778002320.0,2026-05-05T17:32:00,14,2,/r/f1visa/comments/1t4mdgx/premium_processing_in_2_weeks/,https://www.reddit.com/r/f1visa/comments/1t4mdgx/premium_processing_in_2_weeks/
1t4m8wy,f1visa,SSN appointment close to internship start,"I am going to the SSO on May 8th and my internship starts the following Monday (May 11). This was the earliest possible appointment I could find. I am even driving 2 hours out of town for this time slot. I am trying to get the SSN as fast as possible.   
  
I was wondering what I should expect at the SSO? Should I be worried about my meeting there potentially causing any delays? Is it a relatively straightforward process? Anything to calm my nerves would be appreciated",1778002065.0,2026-05-05T17:27:45,2,1,/r/f1visa/comments/1t4m8wy/ssn_appointment_close_to_internship_start/,https://www.reddit.com/r/f1visa/comments/1t4m8wy/ssn_appointment_close_to_internship_start/
1t4k83f,f1visa,Anyone who did expedite OPT getting approved in 30 days?,"I just submitted an expedited OPT application. I'm not from one of the 39 countries but I'm graduating in a couple weeks. 

Am I fine? ",1777997925.0,2026-05-05T16:18:45,9,2,/r/f1visa/comments/1t4k83f/anyone_who_did_expedite_opt_getting_approved_in/,https://www.reddit.com/r/f1visa/comments/1t4k83f/anyone_who_did_expedite_opt_getting_approved_in/
1t4jh60,f1visa,Listing social media account's previous usernames,"If I changed my username of the same account in the past 5 years, and I know what each change/username was, should I list all of my usernames of the same account? Or just the current username?",1777996370.0,2026-05-05T15:52:50,2,1,/r/f1visa/comments/1t4jh60/listing_social_media_accounts_previous_usernames/,https://www.reddit.com/r/f1visa/comments/1t4jh60/listing_social_media_accounts_previous_usernames/
1t4iu60,f1visa,Applying for Visa for Masters post undergrad completion,"Hi!

I’m finishing my undergrad soon and originally planned to do OPT for a year and then return to my home country. My long-term goal is to go back home (Dominican Republic) and work in the nonprofit sector. I only want to get my education in the U.S. so that I have better professional opportunities at home.

Recently, I was unexpectedly offered a master’s assistantship position, which would cover my tuition. It feels like a great opportunity financially and professionally, so I’m considering doing OPT for a short period and then starting the master’s.  
However, my current visa expires this May as my undergrad ends. I can stay in the U.S. by extending my status for the masters, but if I leave the country, I would need to renew my visa to re-enter.

The program includes international travel opportunities, which is something I’ve always wanted to experience. However, I know there’s always a risk with visa renewals, and being denied would seriously affect my plans.

Do you think it would be alright leaving the U.S. to renew the visa for the chance to travel, or is it safer to stay and avoid the risk altogether?

I have been very paranoid about visa stuff, as I had to renew for my undergrad two times (they gave me  initially 2 years, then 1 year, and then 5 months).",1777995025.0,2026-05-05T15:30:25,1,1,/r/f1visa/comments/1t4iu60/applying_for_visa_for_masters_post_undergrad/,https://www.reddit.com/r/f1visa/comments/1t4iu60/applying_for_visa_for_masters_post_undergrad/
1t4i4xk,f1visa,Fall 2026 I-20 Request Deadline?,"Hi all, I am an incoming PhD student admitted for the Fall 2026 semester. I have already accepted my admission and funding offer.

I was wondering when the typical deadline is to submit the financial documents to request the I-20 from the university? I want to make sure I have plenty of time to get the document and book my F-1 visa appointment.

Any experiences with typical processing times this year would be super helpful! Thanks!",1777993506.0,2026-05-05T15:05:06,1,0,/r/f1visa/comments/1t4i4xk/fall_2026_i20_request_deadline/,https://www.reddit.com/r/f1visa/comments/1t4i4xk/fall_2026_i20_request_deadline/
1t4i2j1,f1visa,Car from Canada to USA?,"For those of you who drove your car to the USA, how did you go about importing your vehicle? How much were the fees? ",1777993366.0,2026-05-05T15:02:46,2,1,/r/f1visa/comments/1t4i2j1/car_from_canada_to_usa/,https://www.reddit.com/r/f1visa/comments/1t4i2j1/car_from_canada_to_usa/
1t4g1o2,f1visa,Does STEM-OPT approval take longer than initial OPT?,"I applied on 22nd april, and was told by my DSO that the biometrics notice usually comes in a couple business days. Even if it hasnt come yet, I told myself to chill out since others have taken a 2-3 weeks to get their notice. However, I saw a few people from my country that applied at a similar time as me, but got their notices in a few days, but they are initial OPT, hence the question abt whether stem-opt takes longer than initial opt. (I'm a singaporean, so I'm not from a travel ban country). Now I'm somewhat worried.... my driver's license is also expiring in Sept, so given the current 5 month timeline, i'm not gonna make it haha. ",1777988960.0,2026-05-05T13:49:20,1,1,/r/f1visa/comments/1t4g1o2/does_stemopt_approval_take_longer_than_initial_opt/,https://www.reddit.com/r/f1visa/comments/1t4g1o2/does_stemopt_approval_take_longer_than_initial_opt/
1t4ex7p,f1visa,Opt approval without uscis update,"I got an email yesterday that my I-765 is approved, but nothing is updated on myuscis website. Does it take long for this to be updated? 

Also, would i be getting my ead card with the approval mail?",1777986354.0,2026-05-05T13:05:54,10,5,/r/f1visa/comments/1t4ex7p/opt_approval_without_uscis_update/,https://www.reddit.com/r/f1visa/comments/1t4ex7p/opt_approval_without_uscis_update/
1t49yt4,f1visa,Traveling while waiting for OPT approval,"I am graduating on May 15th, and I made a mistake by submitting the OPT request a bit late, some time mid-April. Since processing OPT by the school takes about 2 weeks and then processing it with USCIS takes 3-4 months, the entire process will probably last longer than after July 14th (60 days after graduation, also my request start date). I debated myself whether to pay the premium processing fee (of a terrible 1700 dollars) but the international student office at my school days it should be fine, its just that it will deduct into my unemployment days.

Things get even more complicated because I planned to visit a film festival in France from May 17th to 24th. There is no chance I will get the OPT approved and get the EAD by May 17th even if I pay the premium processing fee. I was told by the office that if I have the receipt to prove that I have applied for OPT, I should be fine and not get stopped at the airport customs, but the risks are still there.

I want to ask, how high are the risks? Is the receipt enough?

My flight is non-refundable unfortunately but I can call the airline and beg, if that works, but that would be my last resort.",1777971968.0,2026-05-05T09:06:08,3,0,/r/f1visa/comments/1t49yt4/traveling_while_waiting_for_opt_approval/,https://www.reddit.com/r/f1visa/comments/1t49yt4/traveling_while_waiting_for_opt_approval/
1t464gw,f1visa,Question about wording in i983 form for stem opt,"Hey guys. I’m in the process of getting my i983 form filled out by my employer to apply for stem opt but my employer is a but worried by the wording in a section. Here is the section: 

“The student on a STEM OPT extension will not replace a full- or part-time, temporary or permanent U.S. worker. “

How I interpret that is that my employment will not lead to the laying off/firing of another american employee so that I can take their place.

How my employer is worried it can be interpreted as is that I cannot receive employment in the position if another american applicant applied as well. Meaning, that in the application process, the job must always go to the american worker over the international student.

Their interpretation makes no sense to me tho because if that was the case, literally no student would be able to find a job on stem opt💀. 

I’m gonna contact an immigration lawyer but I’m curious what yall think tho. Thank you for the help!",1777958540.0,2026-05-05T05:22:20,1,1,/r/f1visa/comments/1t464gw/question_about_wording_in_i983_form_for_stem_opt/,https://www.reddit.com/r/f1visa/comments/1t464gw/question_about_wording_in_i983_form_for_stem_opt/
1t461s3,f1visa,Online work during break,"Hi!

I'll travel to my home country in a few days since it's summer break. However, I have a writing residency for which I'll be paid during the summer. Though it counts as on-campus employment, the residency is held online, so I'm planning to work from my home country. 

However, I'm wondering if that represents an issue for immigration. Has anyone traveled outside of the US while working online on campus?",1777958304.0,2026-05-05T05:18:24,0,0,/r/f1visa/comments/1t461s3/online_work_during_break/,https://www.reddit.com/r/f1visa/comments/1t461s3/online_work_during_break/
1t44l4h,f1visa,F-1 OPT STEM Extension Help: Employer Was E-Verified Before but Not Now,"&amp;#x200B;

Hi everyone, 

I need some urgent advice regarding my F-1 OPT/STEM OPT situation.

I am currently on regular F-1 OPT. My undergraduate major was EEE, and my graduate degree is in ECE. I'm currently working for a state agency in an engineering related position.

The issue is that my current employer was E-Verified until around 2021, but now they are not active in E-Verify. I contacted HR, but they said they can't really help with this, they're unable to enroll the agency in E-Verify at this time.

My OPT end date is coming soon, and I need to file for STEM OPT extension immediately. As far as I understand, the employer must be E-Verified and must sign the I-983 training plan for STEM OPT.

I'm now urgently looking for an E-Verified employer related to electrical engineering / ECE, but I don't have much time left.

Has anyone been in a similar situation? What are my realistic options right now?

Questions:

1.Can I file STEM OPT if my current employer is not currently E-Verified but was E-Verified in the past?

2.If I switch to an E-Verified employer quickly, how soon can I apply for STEM OPT?

3.Can I apply for STEM OPT with a new job offer before fully starting, or do I need to already be working there?

4.Are there any temporary legal options if I cannot find an E-Verified employer before my OPT expires?

5.Should I talk to my DSO first or an immigration attorney immediately?

I understand this is not legal advice, but I would really appreciate any guidance, personal experience, or suggestions. Thank you!",1777953852.0,2026-05-05T04:04:12,1,0,/r/f1visa/comments/1t44l4h/f1_opt_stem_extension_help_employer_was_everified/,https://www.reddit.com/r/f1visa/comments/1t44l4h/f1_opt_stem_extension_help_employer_was_everified/
1t44ipb,f1visa,"Loosing job offer, money and hope: no OPT in 6 months despite premium processing","I finished my BS in Physics in December '25 &amp; applied for the OPT on Dec 4, 2025. I got a job offer in a lab in a bioimaging center where I dreamed of working for a while. The job was supposed to start on Feb 2, 2026 (this was also the start date I put on the application). After not hearing back from USCIS, I upgraded to premium processing on Feb 3, 2026. They started the premium processing clock the same day. As for today, May 5th, I still have no decision, no RFE, and no request for biometrics. (Context: I am a dual Israeli and Russian citizen)

I have followed up multiple times, including calls (hours on the phone with USCIS) and an in-person visit. I was told both over the phone and in the USCIS Boston field office that my only options are to request a refund or continue waiting with no timeline. My expediting request was denied. The most urgent service request they offered had a 30-business-day response time, which ended in a generic email from their side. The lawyers I contacted told me that my school is supposed to help resolve this. However, my DSO told me that there is nothing they can do. I submitted a casework request to Senator Elizabeth Warren’s office, and they responded saying that they will be in contact with the Boston's Field office regarding this, but I have not heard anything beyond that. (I am aware that they do not do OPT processing in the Boston location, and the office location I see on my form is Texas).

As of now, I am torn. I see my peers succeeding in life and moving forward, and can't help but feel jealous. I hate the fact that I am unable to make money despite having a degree from an R1 institution and a job offer. I hate myself for being financially dependent on my parents to this day. I do not see the reason for me being in this country in the first place, if I cannot work or do anything productive with my life, professionally. On top of that, a few weeks ago I was diagnosed with depressive disorder. I feel demotivated and questioning my abilities to succeed in my field. The job offer I got is now gone, and, currently, my plan is to sublet my apartment to not pay rent, then go live with my extended family in another US state until the end of the summer.

The positive part in all this is that I got an offer for grad school, which I will start in September. I am planning a SEVIS transfer to my new university for Fall 2026, but I cannot transfer my SEVIS record unless my OPT is active, since my new program starts more than five months after my current program end date. This is also affecting my chances of getting my student visa for grad school. Given the political situations in both countries of my origin, I feel very uneasy knowing that I likely won't be able to go there and see my family there for the next few years. If I have no decision by the end of May, I will just buy a new SEVIS and look into visa appointments.

The field I am in (Medical Physics) requires pursuing a two-year residency program after grad school, for which I will require OPT. My grad school program will end in December, 2028, and I realize that at that time it is likely that I will face a similar situation.

I just wanted to share this whole situation along with my feelings about it, but any advice is welcome.",1777953667.0,2026-05-05T04:01:07,29,40,/r/f1visa/comments/1t44ipb/loosing_job_offer_money_and_hope_no_opt_in_6/,https://www.reddit.com/r/f1visa/comments/1t44ipb/loosing_job_offer_money_and_hope_no_opt_in_6/
1t42zsd,f1visa,Traveling with a beginner’s permit,So I will be traveling domestically and I wanted to ask if I could use my beginners drivers permit as an ID(it has a star so it’s a real ID)? I will be taking my passport also but I wanted to ask if I can use it or just be safe and use my passport? Also has anyone flown out domestically recently and how was it??,1777949345.0,2026-05-05T02:49:05,2,0,/r/f1visa/comments/1t42zsd/traveling_with_a_beginners_permit/,https://www.reddit.com/r/f1visa/comments/1t42zsd/traveling_with_a_beginners_permit/
1t42j0j,f1visa,Do Fair Housing Act ESA protections apply to international students living in off campus housing?,"F1 visa, off-campus apartment, ESA for anxiety that was fully documented back home. The landlord is now asking for documentation from a US-licensed provider specifically and implying the current paperwork doesn't qualify. Does the Fair Housing Act even apply to international students, or is this only a protection for citizens and residents? And does the documentation really have to come from a US therapist, because finding one from scratch in a new country is not simple.",1777948129.0,2026-05-05T02:28:49,9,3,/r/f1visa/comments/1t42j0j/do_fair_housing_act_esa_protections_apply_to/,https://www.reddit.com/r/f1visa/comments/1t42j0j/do_fair_housing_act_esa_protections_apply_to/
1t42eda,f1visa,Stem opt block for nepal ?,"Hello just wanted to ask, any nepali individual who just got their ead card approved for stem opt ( applied in feb) ? Just wanted to make sure ",1777947787.0,2026-05-05T02:23:07,12,0,/r/f1visa/comments/1t42eda/stem_opt_block_for_nepal/,https://www.reddit.com/r/f1visa/comments/1t42eda/stem_opt_block_for_nepal/
1t3zt7v,f1visa,Restamping expired F1 while on STEM opt,"Hi all,  
I’m an F1 student currently applying for my STEM OPT extension. My F1 visa expires August 12th. Since EADs are taking a while to get approved, I fear I won’t have it in time to travel back home and get my F1 restamped before August 16th. 

Is it fine for me to wait until I get EAD card to travel out of the country (say, in September or October) and get the visa restamped then? I want to be able to go back home so having a stamped visa it’s important. Is there no issues on letting the visa “expire” and then restamped when I get all needed documents (EAD, I-20)? 

Thanks so much for the help.  ",1777940960.0,2026-05-05T00:29:20,1,0,/r/f1visa/comments/1t3zt7v/restamping_expired_f1_while_on_stem_opt/,https://www.reddit.com/r/f1visa/comments/1t3zt7v/restamping_expired_f1_while_on_stem_opt/
1t3yn3p,f1visa,F1 Visa Appointments in Ghana 🇬🇭,"Hello, has anyone been able to schedule visa appointments recently? For me, it says there are no dates available.",1777937948.0,2026-05-04T23:39:08,0,0,/r/f1visa/comments/1t3yn3p/f1_visa_appointments_in_ghana/,https://www.reddit.com/r/f1visa/comments/1t3yn3p/f1_visa_appointments_in_ghana/
1t3y8gg,f1visa,"SSN, save shows returned to agency but SSA says its pending.","Today the status changed from under review to returned to agency and soon after i saw it, i visited SSA office but they said it's still pending. ",1777936934.0,2026-05-04T23:22:14,1,1,/r/f1visa/comments/1t3y8gg/ssn_save_shows_returned_to_agency_but_ssa_says/,https://www.reddit.com/r/f1visa/comments/1t3y8gg/ssn_save_shows_returned_to_agency_but_ssa_says/
1t3v673,f1visa,Worried about my SSN,"I got approved for pre-completion OPT mid-March, EAD arrived shortly after. My EAD authorizes me to work starting June 1st. My DSO told me to go to the SSA office to apply for an SSN. I went two weeks ago, and I was told I need to come back within 30 days before my job start date of June 1st to apply. The officer booked my appointment for today (May 4th). I went in, and a different officer told me that I have to wait until June 1st (when my job starts) to apply. I am genuinely so confused and receiving so much conflicting info from every possible source. He said that he will try to apply for me now by submitting my I-94, passport, I-20, job offer letter, a letter from my DSO, and my EAD, despite it not coming into effect until June 1st. He said that I should receive something within 3-4 weeks.

He also told me that F-1 students don't even need an EAD to legally work, which had me extra confused, but I'm just ignoring that lol.

I'm honestly just kinda panicking now and worried I won't be approved for an SSN. Has anyone experienced this? Also, for those of you who didn't have a SSN yet when you started working, did your employer give you a hard time? Will I just have to wait for my SSN to come in before I actually get paid?",1777929723.0,2026-05-04T21:22:03,11,1,/r/f1visa/comments/1t3v673/worried_about_my_ssn/,https://www.reddit.com/r/f1visa/comments/1t3v673/worried_about_my_ssn/
1t3tl58,f1visa,Is clock started or not?,"https://preview.redd.it/euvkmfhoj6zg1.png?width=990&amp;format=png&amp;auto=webp&amp;s=a392c808200295a3b7172b3a9842056bdb3d8168

The clock starts the same day your payment is completed, right? During my OPT, it explicitly stated when the clock started, but for STEM OPT, it doesn’t seem to mention anything.

",1777926322.0,2026-05-04T20:25:22,4,2,/r/f1visa/comments/1t3tl58/is_clock_started_or_not/,https://www.reddit.com/r/f1visa/comments/1t3tl58/is_clock_started_or_not/
1t3tiqu,f1visa,"If I withdraw my pending OPT, do I get another chance at OPT","Hey all,

I graduated in December and initially applied for initial OPT in November 2025 however I have still not been approved because I’m from one of the 39 banned countries.

The question is if I enroll in another masters, and withdraw my pending OPT, do I still get a chance at OPT at the masters level or do I have to enroll in a higher level of education like a Phd?",1777926177.0,2026-05-04T20:22:57,4,8,/r/f1visa/comments/1t3tiqu/if_i_withdraw_my_pending_opt_do_i_get_another/,https://www.reddit.com/r/f1visa/comments/1t3tiqu/if_i_withdraw_my_pending_opt_do_i_get_another/
1t3sypy,f1visa,OPT EAD Approved but Card Not Produced — Running Out of Unemployment Days (Urgent),"Hi everyone, I’m looking to see if anyone has experienced something similar and how you handled it.  
1. My OPT EAD was originally approved and the card was mailed on January 31, 2026 (premium processing). Unfortunately, I never received it USPS marked it as “insufficient address,” and the card was missing for months. It was finally returned to USCIS on May 1.

2. I filed for a replacement on March 9. I received an RFE for a new photo/biometrics, did a walk-in appointment on April 29, and my case was approved the same day.

3. As of today (May 4), my case is approved but the card has not yet been produced. My OPT unemployment clock started after my initial approval, and I have until May 8 to report employment.

My school advised me to wait until I receive the physical EAD card before updating employment, but I’m worried the card won’t be produced and delivered before my unemployment days run out.

Has anyone been in a similar situation where:  
Your EAD was approved but delayed due to mailing issues?  
Your replacement was approved but card production took too long?

You were close to hitting the 90-day unemployment limit because of USCIS delays?  
What did you do in that situation? Were you able to update employment later or get any exception?

Any advice would really help I’m feeling stuck right now.  
Thank you!",1777925000.0,2026-05-04T20:03:20,7,1,/r/f1visa/comments/1t3sypy/opt_ead_approved_but_card_not_produced_running/,https://www.reddit.com/r/f1visa/comments/1t3sypy/opt_ead_approved_but_card_not_produced_running/
1t3s9t1,f1visa,Will traffic violations affect my current or future status in the US?,"Hello, 

I got pulled over last week for 3 violations: failure to change lanes to a stopped emergency vehicle, seat belt, and child restraint system violation. I know I was wrong, but things happen. I forgot to buckle my child when I got into the car. 

I still have a court hearing, and I hope I can get things sorted. But the question here, worst case scenario, I admit and pay fines and this gets into my driver's record. Will this affect my current status as an F1 student? Will this affect a future OPT application, or a green card application in the future? 

I am looking for people with similar experiences. ",1777923549.0,2026-05-04T19:39:09,1,2,/r/f1visa/comments/1t3s9t1/will_traffic_violations_affect_my_current_or/,https://www.reddit.com/r/f1visa/comments/1t3s9t1/will_traffic_violations_affect_my_current_or/
1t3qnme,f1visa,Travel to India After Graduation and OPT Guidance Request,"I am an international student graduating on June 2026, and I am planning to apply for Post-Completion OPT. I would like to travel to India In July 2026, for approximately one week and then return to the United States.

I wanted to seek your guidance on whether this travel plan would be advisable while my OPT is pending or after submission. I would also like to understand the safest option to avoid any re-entry issues and minimize any impact on my OPT timeline.

Could you please advise on:

* Whether I should travel while OPT is pending or wait for approval
* Recommended OPT start date in my situation
* Documents required for re-entry
* Any risks I should be aware of",1777920192.0,2026-05-04T18:43:12,0,1,/r/f1visa/comments/1t3qnme/travel_to_india_after_graduation_and_opt_guidance/,https://www.reddit.com/r/f1visa/comments/1t3qnme/travel_to_india_after_graduation_and_opt_guidance/
1t3qb96,f1visa,I20 turnaround time,What's the shortest/fastest time a school can issue you an i20 after you've submitted all the required documents. I've seen as short as 2 days and as long as 3 months on reddit so I've been wondering what's the shortest time cause on the internet it says the document can be created in as little as under an hour but I've never heard of such a case.,1777919472.0,2026-05-04T18:31:12,4,0,/r/f1visa/comments/1t3qb96/i20_turnaround_time/,https://www.reddit.com/r/f1visa/comments/1t3qb96/i20_turnaround_time/
1t3pw8q,f1visa,F1 reinstatement,"Hello, has anyone who filed for reinstatement between July-Dec 2025 gotten any update regarding their reinstatement case? Texas service center in particular ",1777918603.0,2026-05-04T18:16:43,4,0,/r/f1visa/comments/1t3pw8q/f1_reinstatement/,https://www.reddit.com/r/f1visa/comments/1t3pw8q/f1_reinstatement/
1t3p8bp,f1visa,"STEM OPT Biometrics appointment missed, haven't received reschedule date yet.","Hi guys, long story short my last day of initial OPT was 02/18, I had biometrics scheduled on 03/18 but I didn't get access to the physical mail in time as my landlord (long term Airbnb) had the mailbox keys and he was out of town for a month.

I called USCIS and asked to reschedule on 03/27 when I got the mail, the person said she submitted the request and it will take \~30 days to get a reschedule notice. It's currently 05/04 and I still haven't gotten a rescheduled date yet. 

I'm almost halfway done through the automatic extension so I want to know what I can do right now... ",1777917215.0,2026-05-04T17:53:35,2,0,/r/f1visa/comments/1t3p8bp/stem_opt_biometrics_appointment_missed_havent/,https://www.reddit.com/r/f1visa/comments/1t3p8bp/stem_opt_biometrics_appointment_missed_havent/
1t3oeim,f1visa,Insurance in OPT,"Hi, i am a F1 Student graduating in May 2026, got diabetes and need of insurance is a must for me. If anyone in the same boat or anyone have the same experience as me or any recommendations all are welcome every relevant response does matter to me a lot   
Thanks",1777915523.0,2026-05-04T17:25:23,1,1,/r/f1visa/comments/1t3oeim/insurance_in_opt/,https://www.reddit.com/r/f1visa/comments/1t3oeim/insurance_in_opt/
1t3mk9g,f1visa,USCIS freezing applications - OPT,"Hi.  
Has anyone gotten their OPT approved with an application from February?  
I submitted my application on Feb 27, had biometrics appointment on Mar 17 and have not gotten any response. It is starting to make me very anxious   
I saw something about USCIS freezing al processes and I don’t know if that also applies to OPT applications",1777911724.0,2026-05-04T16:22:04,127,38,/r/f1visa/comments/1t3mk9g/uscis_freezing_applications_opt/,https://www.reddit.com/r/f1visa/comments/1t3mk9g/uscis_freezing_applications_opt/
1t3mf3b,f1visa,Re-entry after SEVIS Transfer question,Still have a valid F-1 (expires July 2027) but has the name of my undergrad insitution. Will I still be allowed to re-enter with a new I-20 for grad school in the fall? ,1777911415.0,2026-05-04T16:16:55,2,0,/r/f1visa/comments/1t3mf3b/reentry_after_sevis_transfer_question/,https://www.reddit.com/r/f1visa/comments/1t3mf3b/reentry_after_sevis_transfer_question/
1t3jo84,f1visa,How many days of grace period will I get ??,"Hi,

I am currently on my last year of stem opt that expires in. a month. 

I plan to pursue a DBA further and I will be enrolling in a day1cpt university. Now lets say due to some circumstances I drop out then will I have to depart the US immediately or will i get a 15-30 day grace period to leave (ofcourse I will be informing my dso before dropping out). I am aware that when stem opt ends we get 60 days but on cpt I am confused that will i have to leave immediately or will i get some days to leave.

Thanks ",1777905625.0,2026-05-04T14:40:25,2,0,/r/f1visa/comments/1t3jo84/how_many_days_of_grace_period_will_i_get/,https://www.reddit.com/r/f1visa/comments/1t3jo84/how_many_days_of_grace_period_will_i_get/
1t3ir3j,f1visa,"Ohio BMV: Anyone from a ""39-ban"" country renewed their DL with STEM OPT receipt notice?","Hi all,

Has anyone from the 39 partial banned countries working in Ohio successfully renewed their driver's license recently using just their I-797C Receipt Notice and STEM-recommended I-20?

I’m looking for info on:

* Which BMV locations were helpful (especially near Columbus or Cleveland).
* If you had to do a SAVE verification and how long that took.

I want to make sure I can keep driving while my work authorization is in its 180-day automatic extension period.   
  
Thanks!",1777903632.0,2026-05-04T14:07:12,0,2,/r/f1visa/comments/1t3ir3j/ohio_bmv_anyone_from_a_39ban_country_renewed/,https://www.reddit.com/r/f1visa/comments/1t3ir3j/ohio_bmv_anyone_from_a_39ban_country_renewed/
1t3im96,f1visa,"OPT not approved yet, how late can I start working?","I’m graduating on May 15 and currently waiting on my OPT approval. My job was originally supposed to start on June 1, but since my OPT is still pending, I’m planning to push my start date.

I’m trying to understand the timing rules here. What’s the latest I can realistically push my start date without violating F-1/OPT requirements?

Also, if I push my start date to something like July 20 but my OPT gets approved earlier than that, does that create any issues (like unemployment days counting or affecting my status)?

Would really appreciate hearing from anyone who’s been in a similar situation. Thanks!",1777903331.0,2026-05-04T14:02:11,9,3,/r/f1visa/comments/1t3im96/opt_not_approved_yet_how_late_can_i_start_working/,https://www.reddit.com/r/f1visa/comments/1t3im96/opt_not_approved_yet_how_late_can_i_start_working/
1t3grvh,f1visa,Reuse F1 visa for a deferred admit?,"Can I reuse f1 visa for a deferred admit (USC MS Supply Chain)?

I had gotten an admit for usc last year, got visa, but couldn’t go due to some personal reasons. They deferred my admit. Can I still go on the same visa to same uni &amp; program with new i20?",1777899034.0,2026-05-04T12:50:34,1,1,/r/f1visa/comments/1t3grvh/reuse_f1_visa_for_a_deferred_admit/,https://www.reddit.com/r/f1visa/comments/1t3grvh/reuse_f1_visa_for_a_deferred_admit/
1t3ekrx,f1visa,DS-160 for F-1 (Fall 2026) — How to list unpaid remote research internships? + A few other questions,"Hey everyone, I have my F-1 visa interview coming up for Fall 2026 and had a few specific questions I couldn’t find clear answers to anywhere.  
My situation:  
I graduated with a B.Tech in Electrical Engineering in August 2025. Since then I have been working as a remote research intern at a university in the USA (October 2025–present) — unpaid, supervised by a named faculty member.  
I have an admit for a Fall 2026 MS program at Columbia University.  
My questions:  
	1.	DS-160 employment section — How do I list an unpaid remote research internship? Do I use the university’s address in the US or my home address in India since the work is done remotely?  
	2.	Pay slips — Since this is an unpaid position I have no pay slips. Will the visa officer ask for proof of the internship? Are supervisor or offer letters sufficient?  
	3.	Gap explanation — I graduated August 2025 and my MS starts September 2026 — roughly 13 months between graduation and program start. The entire period has been a research internship. Is this gap likely to raise questions and how should I frame it?  
	4.	Remote work — Is there anything tricky about listing an internship conducted remotely from India for a US university? Does the officer care about the physical location of work?  
	5.	Social media — DS-160 asks for social media handles. I have a permanently deleted Instagram with no recoverable credentials. Do I need to disclose this?  
	6.	Financial documents — I am funding my MS through an international student loan (MPOWER/Prodigy Finance). What combination of documents works best — loan sanction letter + bank statements? Does the loan amount need to cover the full program cost or just Year 1?  
Any help from people who’ve recently gone through F-1 interviews from India would be massively appreciated. Thank you!",1777893088.0,2026-05-04T11:11:28,4,1,/r/f1visa/comments/1t3ekrx/ds160_for_f1_fall_2026_how_to_list_unpaid_remote/,https://www.reddit.com/r/f1visa/comments/1t3ekrx/ds160_for_f1_fall_2026_how_to_list_unpaid_remote/
1t3dd3r,f1visa,Do universities know if your F-1 visa is approved?,"Hi everyone,

I’m an international student planning to come to the U.S. for a master’s program, and I had a few questions that I haven’t been able to find clear answers to.

Does the university get notified or find out if my F-1 visa has been approved or refused? Or do they only know if I inform them myself?

Is there any system (like SEVIS or anything similar) where the visa status gets updated automatically for the university to see?

If there was any correction or update in my visa status, would that reflect anywhere on the university’s side (like SEVIS/CIT), or is everything completely separate?

I’d really appreciate hearing from anyone who has gone through this process or knows how it works from the university/DSO side.

Thanks a lot!",1777889287.0,2026-05-04T10:08:07,2,1,/r/f1visa/comments/1t3dd3r/do_universities_know_if_your_f1_visa_is_approved/,https://www.reddit.com/r/f1visa/comments/1t3dd3r/do_universities_know_if_your_f1_visa_is_approved/
1t3blcf,f1visa,SEVIS FEE payment,Has anyone ever attanded to F1 visa interview without paying SEVIS FEE and what will happen?,1777883122.0,2026-05-04T08:25:22,5,0,/r/f1visa/comments/1t3blcf/sevis_fee_payment/,https://www.reddit.com/r/f1visa/comments/1t3blcf/sevis_fee_payment/
1t35avw,f1visa,Part time Business on STEM OPT,If I am working full time at a top tech company on STEM OPT and they have my training plan. Can i also have my startup on the side - part time? I can include co-founders and setup a employer-employee relationship but no money to pay. How would that work? ,1777862617.0,2026-05-04T02:43:37,3,0,/r/f1visa/comments/1t35avw/part_time_business_on_stem_opt/,https://www.reddit.com/r/f1visa/comments/1t35avw/part_time_business_on_stem_opt/
1t35a67,f1visa,F1 got cancelled in March,"Dear folks 

Hope you are doing well 

I am reaching out to you to know your opinion of waiting to book a F1 visa slot from Saudi Arabia my slot got cancelled in early March due to ongoing situation should I wait for 1 more month or should I move back to india and book my slot in India?

My school starts in mid July

Ps: I am an Indian working in Saudi Arabia 

If you're in similar situations please do reach out 

Most appreciated your kind support

Best regards",1777862560.0,2026-05-04T02:42:40,4,3,/r/f1visa/comments/1t35a67/f1_got_cancelled_in_march/,https://www.reddit.com/r/f1visa/comments/1t35a67/f1_got_cancelled_in_march/
1t33tw9,f1visa,"Help! I’ve been enrolled in a local uni since 2025, but my US deferral says ""no other enrollment."" How do I handle this for my Fall 2026 F1 Visa?","Hey everyone, I’m in a stressful situation regarding my F1 visa and university deferral.

I was accepted to a US university for Fall 2025 but got ❌ for my visa then I deferred my enrollment to Fall 2026

The US university's deferral policy states that I must not enroll in any other university or take outside courses during the deferral period.

The problem is I didn’t want to waste a year, so I stayed enrolled in my local university here in Saudi Arabia. I’ve been a full-time student there from 2025 through now (2026)

On my new DS-160 for the Fall 2026 start, I listed this local university as my ""Primary Occupation"" and included it in my education history.

My Concerns:

1. Since I’ve been there for a full year (2025-2026), it’s a major part of my profile. If the Visa Officer (VO) sees this, is there any chance they report it to my US school?

2. Does being enrolled for a full year make it look like I’m not ""committed"" to the US school, or does it help prove ""strong ties"" to my home country?

3. During the interview, if they ask why I’m still in school despite my deferral, what is the best way to explain this without sounding like I’m breaking rules? 

4. What is the usual way to go on about this regardless of a deferral ( being enrolled in a uni whilst applying for a visa to study abroad) do I need to provide them with a paper that states I’m currently dropped out of the university?

I'm terrified that listing the local uni was a mistake, but I'm also afraid that not listing it would be fraud. Any advice on how to navigate the interview?",1777858560.0,2026-05-04T01:36:00,2,0,/r/f1visa/comments/1t33tw9/help_ive_been_enrolled_in_a_local_uni_since_2025/,https://www.reddit.com/r/f1visa/comments/1t33tw9/help_ive_been_enrolled_in_a_local_uni_since_2025/
1t30itq,f1visa,I am an F1 OPT Visa and I want to open a LLC,"I want to open LLC as I am working on my personal project, basically my startup idea. and want to register it and start working on it. however I am on F1 OPT visa and I am working full time with my employer.  
I have few questions:  
1. can I open LLC with my visa status  
2. can I work on my project while working with my employer  
3. If I can not work both at the same time then what can be the possible thing I can do.  
4. can I go for o1 visa with the LLC, I am thinking to open",1777849675.0,2026-05-03T23:07:55,6,0,/r/f1visa/comments/1t30itq/i_am_an_f1_opt_visa_and_i_want_to_open_a_llc/,https://www.reddit.com/r/f1visa/comments/1t30itq/i_am_an_f1_opt_visa_and_i_want_to_open_a_llc/
1t30cmr,f1visa,Returning to US on same F1 visa after SEVIS termination + gap — need advice,"Hey everyone,

Looking for some guidance on my situation:

\- Came to the US on an F1 visa in Dec 2022

\- SEVIS got terminated in Dec 2023

\- Stayed until April 2025, then left the US voluntarily. 

\- I’ve now been in my home country for about a year

Now I’m planning to return to the US with:

A new SEVIS ID and new I-20

Same F1 visa (valid until Dec 2027)

I have a few questions:

Has anyone re-entered the US in a similar situation?

Did you face any issues at immigration (CBP)?

What kind of questions should I expect at the airport?

Does the long gap or previous SEVIS termination create a high risk of denial?

PLEASE HELP !!",1777849237.0,2026-05-03T23:00:37,13,0,/r/f1visa/comments/1t30cmr/returning_to_us_on_same_f1_visa_after_sevis/,https://www.reddit.com/r/f1visa/comments/1t30cmr/returning_to_us_on_same_f1_visa_after_sevis/
1t2vao3,f1visa,Urgent STEM OPT Filing - Need Guidance on Employer Change Timing,"I am an F-1 student on post-completion OPT and need urgent guidance on a STEM OPT extension filing with an employer change. Key dates and facts:

Current OPT EAD expires: May 16, 2026

STEM OPT not yet filed. I had originally planned to leave the U.S. after OPT ended, so I hadn’t initiated the extension.

New job offer received: April 30, 2026, with a start date of June 1, 2026 (employer slightly flexible with 1st week of June). I am currently employed.

During the interview process, I told the new employer’s HR that I had already filed for STEM OPT in early April so as to not make the process more complicated and resulting in a rejection. I also told them that if I am offered the role, I will apply for premium processing of STEM. After receiving the offer the new employer asked me to start expediting the process using premium processing.

I need help understanding how should I approach the STEM OPT filing path to support a June 1 start at the new employer?",1777837207.0,2026-05-03T19:40:07,1,0,/r/f1visa/comments/1t2vao3/urgent_stem_opt_filing_need_guidance_on_employer/,https://www.reddit.com/r/f1visa/comments/1t2vao3/urgent_stem_opt_filing_need_guidance_on_employer/
1t2uwp9,f1visa,Change of Plans With OPT,"Hi,

I am in a bit of unique situation. I got my approved OPT I-20 but my plans have shifted and now I have found a job in my home country. I have not submitted the application in USCIS (no I-765). Should I got to my DSO and let them “cancel” my OPT I-20 recommendation since I am no longer applying? Or is this not needed? 

Would this affect future US visa applications? Do I still get the 60 day grace period?",1777836328.0,2026-05-03T19:25:28,2,0,/r/f1visa/comments/1t2uwp9/change_of_plans_with_opt/,https://www.reddit.com/r/f1visa/comments/1t2uwp9/change_of_plans_with_opt/
1t2uqcd,f1visa,Renewing drivers license (OPT ends and waiting for Masters to start in the fall),"Hello! My OPT expires this month and my Master’s program starts on August. My license expires the same day my OPT ends on May20. My new SEVIS I-20 is still being processed by the university. What documents do I need to renew the license (in the case that my I-20 isn’t prepared on time before my dmv appointment)? Any advice on what to do about this situation will be greatly appreciated. 

Thank you!",1777835935.0,2026-05-03T19:18:55,3,1,/r/f1visa/comments/1t2uqcd/renewing_drivers_license_opt_ends_and_waiting_for/,https://www.reddit.com/r/f1visa/comments/1t2uqcd/renewing_drivers_license_opt_ends_and_waiting_for/
1t2rwvz,f1visa,OPT after denial + transfer + second bachelor’s?,"Hi everyone, I’m really confused and would appreciate any help.

I graduated with a bachelor’s and applied for OPT. I also submitted a withdrawal request immediately almost about a month ago, but it hasn’t been processed yet.

Now I’m planning to transfer to another university for a second bachelor’s degree, so my current OPT application will most likely get denied due to the transfer.

My question is:  
If my OPT gets denied and I never actually use it, can I apply for OPT later after completing the second bachelor’s degree? Or is my OPT opportunity at the bachelor’s level gone in this situation?

Would really appreciate any insight if anyone has gone through something similar!",1777829737.0,2026-05-03T17:35:37,2,0,/r/f1visa/comments/1t2rwvz/opt_after_denial_transfer_second_bachelors/,https://www.reddit.com/r/f1visa/comments/1t2rwvz/opt_after_denial_transfer_second_bachelors/
1t2o1j0,f1visa,Can you change OPT biometric location?,"I submitted my OPT application on April 21st (with premium processing). No change or updates on my USCIS portal yet. I graduate next week and I have travel planned from May 25th-June 15th (within USA) with my family. If I am called for a biometric appointment, can I reschedule for a different location to avoid extra travel? I hope I will be called before May 25th but given all the backlogs, I do not know.",1777821026.0,2026-05-03T15:10:26,2,2,/r/f1visa/comments/1t2o1j0/can_you_change_opt_biometric_location/,https://www.reddit.com/r/f1visa/comments/1t2o1j0/can_you_change_opt_biometric_location/
1t2naz3,f1visa,School transfer in Fall 2026 - Worried about the proposed rules,"I am a grad student planning to transfer schools for Fall 2026. My transfer is scheduled for early August 2026. Would this be a problem with the new rules coming in? I saw an article that said they should come into effect late May to June.

If the new rules do come in to effect can I change my transfer  date so that it’s before the implementation date (I hear that there is usually a 30 to 60 day implementation period) or will the final publishing of the rule make it not possible to change the date?

I am really worried because I really do need to transfer for personal reasons. What should I do?

Edit : the rules am referring to are the proposed DHS F1 rules. ‘An F-1 student at the graduate degree level or above may not change programs at any point during a program of study.’",1777819337.0,2026-05-03T14:42:17,4,2,/r/f1visa/comments/1t2naz3/school_transfer_in_fall_2026_worried_about_the/,https://www.reddit.com/r/f1visa/comments/1t2naz3/school_transfer_in_fall_2026_worried_about_the/
1t2muvx,f1visa,Can I Apply for an F-1 Visa from Canada During a Temporary Stay?,"Due to the ongoing conflict, U.S. consulates in Saudi Arabia are currently closed. I will be traveling to Canada to work on a project with the University of Toronto for three months under a work permit, from May 30 to August 15.

Given that my master’s program in the United States begins in September, would it be possible for me to apply for an F-1 visa while I am in Canada during this period?",1777818274.0,2026-05-03T14:24:34,7,0,/r/f1visa/comments/1t2muvx/can_i_apply_for_an_f1_visa_from_canada_during_a/,https://www.reddit.com/r/f1visa/comments/1t2muvx/can_i_apply_for_an_f1_visa_from_canada_during_a/
1t2mjx1,f1visa,Interview advice for unusual situation,"note: this is a long post. Please skip it if this bothers you. 

my visa and passport were stolen so I went back home (saudi arabia). I was put on temporarily academic suspension as my grade dropped bc I was going through so much. Getting hit by a car, moving multiple times, physically assaulted around near the end of finals. I was doing well and then due to the unfortunate timing of events my grades dropped 😭

I go to ucb and the condition to readmit is to do two semesters outside of ucb. I can do the ucb extension program which is the same thing as being a ucb student. We take the same classes, have access to the same services, etc. I would need to get c's for this program but if I do community college the requirement would be B+s.

My scholarship covers both ucb and ucb extension as well! 

I am not worried about improving my grades. I have been doing intensive therapy, got a new passport, been in touch with advisors, etc and feel equipped to come back. 

I voluntarily withdrew as advised by the international office so it's a neutral mark on my record instead of a negative one (academic suspension). My sevis record was terminated per immigration policy. 

My questions: 

When applying for my f1 visa I would be applying with a new I-20 from ucb extension (so new sevis record):

1. Would the best approach to the interview is to be honest: 

\- I went through a medical emergency as well as having my documents stolen.

\- I withdrew to come back home and get my documents in order and to recover.

\- I am transferring to ucb extension to bring my grades up and ease back into my academic journey. My ucb advisors are happy with this decision and support it

\- I will then complete my degree at ucb after transferring back 

 \- My scholarship covers all required funds. 

\-  After completing my degree I would like to pursue law school in the us/a master's degree in the UK. 

any advice on how to approach the interview given my unusual situation to avoid getting rejected? 

Thank you &lt;3! ",1777817541.0,2026-05-03T14:12:21,4,2,/r/f1visa/comments/1t2mjx1/interview_advice_for_unusual_situation/,https://www.reddit.com/r/f1visa/comments/1t2mjx1/interview_advice_for_unusual_situation/
1t2l1a2,f1visa,"F-1 Visa (Saudi) – cancellations (regional situation), options?","Hi,

My F-1 visa appointments at the U.S. Consulate in Saudi Arabia were canceled twice due to regional circumstances (April, then June).

What are my options? Deferring is not an option for me.

Would really appreciate any recent experiences or advice.

Thanks 🙏",1777813714.0,2026-05-03T13:08:34,4,9,/r/f1visa/comments/1t2l1a2/f1_visa_saudi_cancellations_regional_situation/,https://www.reddit.com/r/f1visa/comments/1t2l1a2/f1_visa_saudi_cancellations_regional_situation/
1t2ey7u,f1visa,Real ID cancelled,"My friend who is an international student and now traveling outside US. Her roommate just informed her that her Real ID is cancelled due to some kind of federal law mistakes (I saw some already discussed about this said it’s a common issue for many non-US citizens.  But now my question is how this real ID/DL change affects her auto insurance policy coverage? Her plan to drive her car back to school when arrived US by air. With this silly thing, what is her best solutions? She now parked her car at relative house.",1777794113.0,2026-05-03T07:41:53,18,1,/r/f1visa/comments/1t2ey7u/real_id_cancelled/,https://www.reddit.com/r/f1visa/comments/1t2ey7u/real_id_cancelled/
1t2dmyg,f1visa,F1 visa interview checking,"Hi everyone,

I currently have an I-20 from one university, but I’m still waiting for a decision from another university, which I prefer and expect to hear from within \~2-3 weeks.

My question:  
Is it okay to go ahead and pay the visa fee and check interview availability using my current I-20, then later switch to the new university if I receive another I-20?

Also, has anyone done this before and updated their DS-160 after booking?

I’m trying to avoid delaying my visa appointment but also don’t want to create complications.

Thanks in advance!",1777789691.0,2026-05-03T06:28:11,5,0,/r/f1visa/comments/1t2dmyg/f1_visa_interview_checking/,https://www.reddit.com/r/f1visa/comments/1t2dmyg/f1_visa_interview_checking/
1t2ce0g,f1visa,Safe to exit &amp; re-enter the country right now?,"I'm on a valid F1 visa till December 2026, currently on OPT before I begin my graduation program. If I leave the country in July, can I expect any problems? It's stressful to enter and exit the country right now so I wanted to know if anyone had any advice or experiences leaving the country. I'm from South Asia.",1777785566.0,2026-05-03T05:19:26,1,0,/r/f1visa/comments/1t2ce0g/safe_to_exit_reenter_the_country_right_now/,https://www.reddit.com/r/f1visa/comments/1t2ce0g/safe_to_exit_reenter_the_country_right_now/
1t2c2qx,f1visa,FNU/LNU while on F1 VISA,"Hello everyone,   
I have here in US on f1 VISA, my passport name has only given name: no surname:   
while on my; F1 visa its FNU Preety. I-20 FNU Preety. now when I applied for appointment for SSN, I filled LNU Preety on applicantion and they hold my application. I need suggestions now  
\- should I follow up directly to their office ?  
\- how much should I wait ?  
Anyone who has gone through same process please help. I am stucked here.   
Thank you so much.  
  
",1777784553.0,2026-05-03T05:02:33,2,2,/r/f1visa/comments/1t2c2qx/fnulnu_while_on_f1_visa/,https://www.reddit.com/r/f1visa/comments/1t2c2qx/fnulnu_while_on_f1_visa/
1t2bqc1,f1visa,Travel on STEM OPT with only 27 days left on F-1 visa,"I’m on STEM OPT and thinking about traveling abroad.

My EAD valid is for \~1.5 more years, and I have a valid travel signature, full-time job in my field, as well as employer letter + pay stubs + all docs in order  
My F-1 visa will still be valid on the day I come back, but only **27 days left**  
I know the visa only needs to be valid on the day of entry, but 27 days feels really tight.  
Has anyone here re-entered on OPT/STEM OPT with very little time left on the visa? Did CBP care?  
Would you go in this situation?

Thanks in advance! ",1777783429.0,2026-05-03T04:43:49,1,0,/r/f1visa/comments/1t2bqc1/travel_on_stem_opt_with_only_27_days_left_on_f1/,https://www.reddit.com/r/f1visa/comments/1t2bqc1/travel_on_stem_opt_with_only_27_days_left_on_f1/
1t22n2q,f1visa,"Have valid F1 visa (expires 2030), got into M7 MBA with $90K scholarship but different school than visa. Should I apply for new visa or use existing one? (India-based)","**TL;DR** : I have a valid F1 visa (expires 2030) issued last year for a different school. Never traveled to the US. Got into  (M7) MBA programthis year with a $90K scholarship. Should I apply for a new F1 visa (would get 2031 expiry) or just use my existing visa with a new I-20? Concerned about interview waiver changes and risks.

My situation:  
•	Got F1 visa last year for School A, but couldn’t go to the US  
•	This year, got admitted to M7 MBA program with a $90K scholarship  
•	Current F1 visa is valid until 2030  
•	Based in India  
•	If I apply fresh, the new visa would be valid until 2031, so I’d gain 1 extra year  
•	Never entered the US on this visa

My understanding so far:  
1.	I should be able to enter the US with my existing valid F1 visa + new I-20 from Booth, even though a different school name is printed on the visa, multiple university websites (Columbia, UW, USC) confirm this is fine  
2.	Interview waivers / Dropbox for F1 are completely gone as of September 2, 2025, only B1/B2 holders are eligible now. So if I apply, it’s a mandatory in-person interview

My dilemma:

If dont apply, I will lose out on one year 2031, where i could travel between USA and India (2031 vs 2030). But i am not sure of the risks of applying for a new Visa.

Will my existing active visa cause more scrutiny from the interview officer, how will existing visa have an impact on my new application

The overall visa environment is the toughest in a decade, mandatory social media screening, no waivers, stricter scrutiny

My questions for the community:  
1.	Has anyone entered the US with a valid F1 visa that has a different school name on it + a new I-20? Any issues at the port of entry with CBP?  
2.	If i apply for Visa renewal/ fresh application , how will it impact my new visa interview and chances  
3.	Any other India-based applicants dealing with the post-September 2025 no-dropbox reality for F1?",1777757989.0,2026-05-02T21:39:49,11,0,/r/f1visa/comments/1t22n2q/have_valid_f1_visa_expires_2030_got_into_m7_mba/,https://www.reddit.com/r/f1visa/comments/1t22n2q/have_valid_f1_visa_expires_2030_got_into_m7_mba/
1t20qex,f1visa,"Uploaded wrong I-20 for OPT I-765 — corrected through unsolicited evidence, awaiting decision. Anyone with similar experience?","Filed I-765 for Post-Completion OPT under Premium Processing (I-907) in early February. Recently realized I had accidentally uploaded my academic I-20 instead of my OPT Recommendation I-20 when submitting.

Caught the error and uploaded the correct OPT I-20 along with a signed correction letter through the unsolicited evidence section of my USCIS online account. My DSO also sent a supporting letter to the Premium Processing mailbox on the same day.

Case has been under “further review” since biometrics in early March — already past the premium processing 30-business-day window. My 60-day grace period ends in about 3 weeks.

A few questions:

	1.	Has anyone had a similar document mix-up and had it resolved successfully?  
	2.	Does USCIS typically consider documents submitted through unsolicited evidence during adjudication?  
	3.	Given the grace period timeline, would you recommend waiting or withdrawing and refiling?

Consulting an immigration attorney this week but wanted to hear from others who’ve been through something similar.",1777753439.0,2026-05-02T20:23:59,1,2,/r/f1visa/comments/1t20qex/uploaded_wrong_i20_for_opt_i765_corrected_through/,https://www.reddit.com/r/f1visa/comments/1t20qex/uploaded_wrong_i20_for_opt_i765_corrected_through/
1t20q83,f1visa,To renew or not renew my f1 visa?,"I have a valid f1 visa on my old, expired passport (expires July 2027). Im currently carrying 2 passports when entering us.  
My undergrad program end date is May 2027, but i want to get a new visa in case of stem opt.  
Im worried if the consular officer will think why i'm trying to renew when the program end date is before the current visa.  
I'm trying to explain that I would like to get a new one since 1. I want my visa on the current passport and 2. In case of OPT.  
Will these be a valid, plausible reason to say in the renewal interview?  
Also, are there any chance they might deny my visa renewal?  
Will I be fine renewing my f1 visa, or should I stick to my current passport and simply not travel during opt? Do people often just dont travel during opt with expired visa?",1777753426.0,2026-05-02T20:23:46,4,0,/r/f1visa/comments/1t20q83/to_renew_or_not_renew_my_f1_visa/,https://www.reddit.com/r/f1visa/comments/1t20q83/to_renew_or_not_renew_my_f1_visa/
1t1wbym,f1visa,Will I be denied entry to the US ?,"Hi,  
I am graduating with my bachelor's in a couple of weeks and will be pursuing graduate school in the fall. My visa expires in September so I am planning on renewing it this summer when I go back to my home country (June).

My program starts on 08/28 and I know that F-1 visa holders are only permitted to enter the U.S. 30-days prior to the start date listed on the I-20.  
Will I be denied entry to the US if I fly back in mid-july around the 15th?  
I never really thought about that during my bachelor's because I would just fly in and out during the summer with no worry, but since I am changing program and school in the fall, will it matter?

Thanks!

",1777743420.0,2026-05-02T17:37:00,1,3,/r/f1visa/comments/1t1wbym/will_i_be_denied_entry_to_the_us/,https://www.reddit.com/r/f1visa/comments/1t1wbym/will_i_be_denied_entry_to_the_us/
1t1w2mp,f1visa,Pre-OPT processing time after biometrics,"Anyone here know how long it takes to process your Pre-OPT approval after scheduling the biometrics appointment? Received my biometrics within a week of applying. Was considering buying premium because I start by the end of may, but given how fast my biometrics came I’m thinking to wait and see how fast they process it. Im Canadian and not from the banned countries.",1777742825.0,2026-05-02T17:27:05,5,1,/r/f1visa/comments/1t1w2mp/preopt_processing_time_after_biometrics/,https://www.reddit.com/r/f1visa/comments/1t1w2mp/preopt_processing_time_after_biometrics/
1t1n5vq,f1visa,CONCERN ABOUT LOSING F-1 STATUS WHILE OPT WITHDRAWAL IS PENDING,"Hi everyone,

I’m currently in a critical situation. I have a pending OPT withdrawal request with USCIS and no updates yet.

I was originally supposed to graduate this spring, but I now need to extend my program because I can’t finish my thesis on time.  
However, my school (DSO) says they cannot extend my I-20 while the withdrawal is still pending, and a SEVIS update was already denied. I also have a biometrics appointment scheduled, and I was told they may not be able to extend my program after May 15 if this is not resolved ( is this accurate?) 

Everything seems blocked due to the pending USCIS case.

Has anyone experienced:  
1. A long pending OPT withdrawal with no updates?  
2. An I-20 extension being blocked due to a pending USCIS case?  
3. Or received an extension while waiting for a withdrawal to be approved?

Any insight would really help.",1777720816.0,2026-05-02T11:20:16,8,8,/r/f1visa/comments/1t1n5vq/concern_about_losing_f1_status_while_opt/,https://www.reddit.com/r/f1visa/comments/1t1n5vq/concern_about_losing_f1_status_while_opt/
1t1gx29,f1visa,"H1B selected, OPT ends July 14 - do I need to apply for STEM OPT or will cap-gap cover me?","Hi everyone,

My H-1B petition was selected this year, and it has already been filed. My current OPT EAD is set to expire on July 14, 2026.

I’m trying to understand whether I need to apply for the STEM OPT extension as a backup, or if I will automatically be covered under cap-gap (my H-1B is will fill as change of status).

Has anyone been in a similar situation? Should I still apply for STEM OPT just in case, or is it unnecessary?

Thanks in advance!",1777699706.0,2026-05-02T05:28:26,5,2,/r/f1visa/comments/1t1gx29/h1b_selected_opt_ends_july_14_do_i_need_to_apply/,https://www.reddit.com/r/f1visa/comments/1t1gx29/h1b_selected_opt_ends_july_14_do_i_need_to_apply/
1t1g502,f1visa,CPT end date vs last working day,"Hi everyone,

I had a quick question about CPT dates and wanted to check if anyone has been in a similar situation. I have an internship this summer, and my CPT is officially approved until **August 14**, which is also the end date listed on my offer letter.

However, HR recently told me that my **last working day will be August 13 (Thursday)** because Fridays are work-from-home at the company, so interns end the day before.

Is it okay for the **last working day to be earlier than the CPT end date (there is only a 1 day difference)**? I don't think the company will issue me an amended offer letter with the end date set to 13 August instead of 14 August.

In this case, do I need to update anything with my university/DSO?

Thanks in advance!",1777697193.0,2026-05-02T04:46:33,1,3,/r/f1visa/comments/1t1g502/cpt_end_date_vs_last_working_day/,https://www.reddit.com/r/f1visa/comments/1t1g502/cpt_end_date_vs_last_working_day/
1t1g29o,f1visa,CPT Approval in Last Semester (After applying for OPT),"Hi everyone, I am a master's student graduating in Summer 2026.

My plan is to apply for Post-Completion OPT this week (May 1st week) with start date in first week of August 2026.

However, I am still actively interviewing and might secure a summer internship for May, June and July. If I get an offer in May *after* I've already submitted my OPT application to USCIS, is it legally possible for my university's ISSS to approve a CPT for May, June and July?

Has anyone done this successfully, or does issuing a new CPT I-20 cause issues with a pending OPT application? Thanks!",1777696951.0,2026-05-02T04:42:31,2,0,/r/f1visa/comments/1t1g29o/cpt_approval_in_last_semester_after_applying_for/,https://www.reddit.com/r/f1visa/comments/1t1g29o/cpt_approval_in_last_semester_after_applying_for/
1t1f2e9,f1visa,What reason to choose for rescheduling photo/biometrics appointment for STEM-OPT,What reason to choose for rescheduling? ,1777693927.0,2026-05-02T03:52:07,2,0,/r/f1visa/comments/1t1f2e9/what_reason_to_choose_for_rescheduling/,https://www.reddit.com/r/f1visa/comments/1t1f2e9/what_reason_to_choose_for_rescheduling/
1t18e51,f1visa,"Need Urgent Advice: Withdrawing Incorrect I-765 Application and reapply OR premium processed  I-765 application, get denial &amp; reapply","Hi,

I have applied for I765 for STEM OPT, but I realized that I made a mistake and that will cause me a denial. I have roughly 9-10 weeks from now for my OPT to expire. My DSO is not much helpful with all of these.

Currently, I am thinking of a couple of options :

1. I file for withdrawal, wait till withdrawal gets approved, and reapply with a new I765 application. The risk with this option is uncertainty in the withdrawal process and how much time it will take to withdraw. Does anybody have experience with withdrawal? Please let me know!
2. I can premium process my existing application and get a denial on it. I can reapply with a new application. The risk with this option is any consequences of denial from STEM OPT (I am not sure what the risks are) also it is going to be a financially stressful option.
3. I apply for withdrawal, and I can start a new I-765 application with 'old' but valid I-20 (It is still within the 60-day window). This is a much faster option, but I am not sure how USCIS will handle 2 pending cases with the same i20. My DSO will not issue an I-20 unless I present them with a withdrawal notice or denial processing.

Please let me know your thoughts, and any help will be much appreciated.

Edit: The mistake was that I applied early than 90 days window.",1777675428.0,2026-05-01T22:43:48,10,0,/r/f1visa/comments/1t18e51/need_urgent_advice_withdrawing_incorrect_i765/,https://www.reddit.com/r/f1visa/comments/1t18e51/need_urgent_advice_withdrawing_incorrect_i765/
1t14qv4,f1visa,SSN timing issue with EAD start date and background check (OPT),"Hi everyone,

I’m currently on F-1 OPT and ran into an issue with SSN timing. My **EAD start date is May 25**, the SSA said that I can only apply for an SSN after that date.

However, my employer require me to do a background check, and they informed me that a criminal **background check cannot be completed without an SSN.**

This creates a gap because I likely won’t receive my SSN until early June, but my **work start date is May 25.**

Has anyone been in a similar situation?

• Is it able to talk with the HR letting them change another background check website for me?

• Is it helpful if I get an on campus jobs now?

• Did your employer allow you to proceed and complete the SSN later? Or did they delay your start date?

• Can I still apply SSN before my EAD starts. 

Any advice or shared experience would be really helpful.",1777666793.0,2026-05-01T20:19:53,2,2,/r/f1visa/comments/1t14qv4/ssn_timing_issue_with_ead_start_date_and/,https://www.reddit.com/r/f1visa/comments/1t14qv4/ssn_timing_issue_with_ead_start_date_and/
1t10z1j,f1visa,AM I UNEMPLOYABLE BECAUSE I AM ON STEM OPT?,"Hi everyone,

Please I am trying to get answers from here. I am in my 180 days automatic extension of STEM OPT. My STEM OPT will end  Feb 2028. I am currently working for a cap subject h1b employer but really looking for cap exempt employers like universities, teaching hospitals etc, as they do not need the lottery.

Everyone around me keeps saying , employers do not hire anyone on STEM OPT, especially if my OPT will be ending March 2028. Tbh, I am targeting universities and other cap exempt employers. Is this true?

Is there anyone here who has ever got hired on STEM OPT? For example, you had about 8 months or less left on stem opt and an employer was willing to hire you? Or is it over for me?

I am really targeting universities. Please do universities have this STEM OPT ""discrimination?""

Also, if you are working for a cap exempt employer, how did you get your role?",1777658558.0,2026-05-01T18:02:38,8,12,/r/f1visa/comments/1t10z1j/am_i_unemployable_because_i_am_on_stem_opt/,https://www.reddit.com/r/f1visa/comments/1t10z1j/am_i_unemployable_because_i_am_on_stem_opt/
1t0z0cw,f1visa,Query about Student visa.,"So, i am 19(M), Currently preparing myself to study in the sates. But My dad Moved to states almost 12years ago. So If i apply for a student visa, Wont this be a issue cus of my dad already living in the states for 12years. 

sorry for the bad english, Just need some help from people who had this kinda experience.",1777654374.0,2026-05-01T16:52:54,2,1,/r/f1visa/comments/1t0z0cw/query_about_student_visa/,https://www.reddit.com/r/f1visa/comments/1t0z0cw/query_about_student_visa/
1t0xabd,f1visa,Initial OPT Start Date Query,"My program end date on I-20 is June 30. 2027  
I graduate and walk my commencement June 15, 2026  
I have an internship lined up that has a start date of June 22, 2026

What should I put for my OPT start date and what should I request my DSO to put for the OPT start date from their end?

Thanks in advance.",1777650691.0,2026-05-01T15:51:31,2,0,/r/f1visa/comments/1t0xabd/initial_opt_start_date_query/,https://www.reddit.com/r/f1visa/comments/1t0xabd/initial_opt_start_date_query/
1t0v2av,f1visa,Experiences with STEM OPT and job offers being rescinded?,"Hey everyone,

I recently went through a situation where I received a job offer, but it was later withdrawn after the employer realized I’m on STEM OPT. It was surprising since everything had gone well through the interview process.

I’m curious to understand how common this is in the community:

* Have others faced similar situations where offers were affected due to STEM OPT?
* How do employers typically react when it comes to E-Verify and signing the I-983?
* Are there particular industries or types of companies that tend to be more familiar with STEM OPT requirements?

I’m trying to better understand how to navigate these conversations with recruiters going forward and avoid similar situations.

Would appreciate hearing about your experiences.",1777645823.0,2026-05-01T14:30:23,9,8,/r/f1visa/comments/1t0v2av/experiences_with_stem_opt_and_job_offers_being/,https://www.reddit.com/r/f1visa/comments/1t0v2av/experiences_with_stem_opt_and_job_offers_being/
1t0t3j1,f1visa,Where should I do my Interview for my F-1 Visa?,"Hello, I am currently a, Ethiopian student studying in the United Arab Emirates and I will be attending the University of Miami. As of right now, the UAE has halted all interviews due to the conflict with Iran and I was asking if it would reduce my chances of getting a f-1 visa if I did it in the consulate in Ethiopia. For context, my parents are sponsoring me and I do have a 10-year Visa in the UAE where I want to come back and work here after graduation. I have also been to the United States and the United Kingdom (multiple times). 

  
Another question is that would I be breaching anything by committing to other schools in other countries (like Canada or the UK) as a backup option if I do get rejected. Would this bite me in the back? Thanks!",1777641224.0,2026-05-01T13:13:44,4,1,/r/f1visa/comments/1t0t3j1/where_should_i_do_my_interview_for_my_f1_visa/,https://www.reddit.com/r/f1visa/comments/1t0t3j1/where_should_i_do_my_interview_for_my_f1_visa/
1t0qiid,f1visa,STEM OPT Extension challenge - running out of days,"I am an F1 student with over a 100k in student loan. my current job will not even support my OPT extension and I am stressed out on how to find my out from here. I have been applying to other job but I have landed on yet. 

I barely have 60 days until my OPT expires. 



what should I do ?",1777634311.0,2026-05-01T11:18:31,6,0,/r/f1visa/comments/1t0qiid/stem_opt_extension_challenge_running_out_of_days/,https://www.reddit.com/r/f1visa/comments/1t0qiid/stem_opt_extension_challenge_running_out_of_days/
1t0munm,f1visa,Can I abandon my F1 status after getting EAD &amp; Travel document with a pending I485 petition?,Can I abandon my F1 status after getting EAD &amp; Travel document with a pending I485 petition? ,1777622099.0,2026-05-01T07:54:59,7,0,/r/f1visa/comments/1t0munm/can_i_abandon_my_f1_status_after_getting_ead/,https://www.reddit.com/r/f1visa/comments/1t0munm/can_i_abandon_my_f1_status_after_getting_ead/
1t0lrjk,f1visa,Strm opt rfe response delayed,"Hey everyone,

I’m an F-1 student and filed my STEM OPT I-765 extension in December 2025. Here’s my timeline:

•	Dec 2025: Filed I-765 STEM OPT extension online    
•	Feb 2026: Received RFE for biometric photo (new USCIS policy - no self submitted photos)    
•	Mar 2026: Attended ASC appointment and completed biometrics    
•	Apr 2026: Submitted RFE response via portal and mail (before deadline)    
•	Portal confirmed: Response received ✅  
 Update : Approved guys🥳🥳🥳🥳 today

My concern:  
My 180-day automatic OPT extension expires in August 2026. Case has been pending for 4.5 months now.

Questions:

1.	Has anyone had similar photo RFE situation? How long did approval take?    
2.	Should I request expedite given August deadline?    
3.	Is anyone else worried about 180 day deadline with pending cases?    
4.	Did anyone get approved without sending anything back after ASC?

Currently working legally on automatic extension. DSO said just wait.

Any advice appreciated! 🙏

Flair: F1/OPT",1777618363.0,2026-05-01T06:52:43,8,2,/r/f1visa/comments/1t0lrjk/strm_opt_rfe_response_delayed/,https://www.reddit.com/r/f1visa/comments/1t0lrjk/strm_opt_rfe_response_delayed/
1t0k4wh,f1visa,OPT / STEM OPT - do not need sponsorship,"Hi! I have a quick question.

My fiancée and I are planning to get married next year, so I will be applying for a green card after that. I am currently on OPT, which expires in August, and I plan to apply for STEM OPT after. 

I recently got a job offer and wanted to bring up my work authorization to HR before signing. I’m not sure what the best way to say that I’m on OPT now, will be on STEM OPT, but do not need visa sponsorship like h1b —without making it sound complicated.

I checked the E-Verify database and the company is E-Verified. They also filed one H1B last year, but I’m not sure what level that role was.

What would be the best way to phrase this to HR? Has anyone been in a similar situation? How did you explain it clearly without overcomplicating things?

Thanks in advance!

UPDATE: 
I spoke with HR and they were already very familiar with OPT and STEM OPT. The only question they asked was when my STEM OPT ends. No issues at all, and I signed the offer today!",1777613029.0,2026-05-01T05:23:49,20,27,/r/f1visa/comments/1t0k4wh/opt_stem_opt_do_not_need_sponsorship/,https://www.reddit.com/r/f1visa/comments/1t0k4wh/opt_stem_opt_do_not_need_sponsorship/
1t0i0m9,f1visa,Is this true? I saw this post in one of the facebook group and the person that posted this is DSO at one of the university.,,1777606623.0,2026-05-01T03:37:03,41,26,/r/f1visa/comments/1t0i0m9/is_this_true_i_saw_this_post_in_one_of_the/,https://i.redd.it/bsmxh4555gyg1.jpeg
1t0hpyo,f1visa,Filling out E-Verify I-9,"I am currently waiting for my STEM OPT approval, and I switched from 1099 to W2 with my employer because STEM OPT only allows W2 work. My employer started a case in E-Verify today to register me as a new employee because I was a contractor before. But when I’m trying to fill out my part of I-9 there, it gives me the message that the case number is not valid. I already submitted it multiple times but it doesn’t work. Has anyone experienced the same issue, and were you able to solve it? ",1777605736.0,2026-05-01T03:22:16,1,2,/r/f1visa/comments/1t0hpyo/filling_out_everify_i9/,https://i.redd.it/h0omd03i2gyg1.jpeg
1t0fhkf,f1visa,"F-1 student, I-765 pending since November 2025 — Red Eagle class action vs McBean? Need advice urgently","Hi everyone. My I-765 has been pending since November 2025 — well past the 180 day threshold courts have been using. I'm an F-1 OPT applicant from one of the 39 affected countries.

I missed the Meschi/Red Eagle I-765 deadline by two days.

Current options:

* Red Eagle new class action — opens today April 30, $1,400, files May 21, PI motion May 28, Curtis Morrison (4 wins this week alone)
* McBean — $1,500, multi-plaintiff not class action, deadline May 7, no track record

My hesitation with Red Eagle is that class actions typically take much longer than multi-plaintiff lawsuits — potentially spilling into 2027. But Curtis Morrison has a proven track record and Red Eagle files sooner with specific dates.

McBean has no track record but is simpler as a multi-plaintiff action.

Has anyone joined either? Any firsthand experience with how fast Red Eagle's previous cases moved? Which would you choose and why?",1777599602.0,2026-05-01T01:40:02,0,6,/r/f1visa/comments/1t0fhkf/f1_student_i765_pending_since_november_2025_red/,https://www.reddit.com/r/f1visa/comments/1t0fhkf/f1_student_i765_pending_since_november_2025_red/
1t07bh2,f1visa,Most common visa path for a spouse? (PhD student),"Hi everyone!

I’ll be starting my PhD in Economics this Fall in the US as an international student. I’m planning to move with my wife, and we’re currently trying to figure out the most common and practical visa path for us to stay together during the program.

Is the F-1/F-2 route the standard choice, or is it worth pushing for a J-1 so my spouse can apply for a work permit (J-2)? I'd love to hear from anyone who has navigated this—which option is more common for PhD couples, and were there any unexpected hurdles with either?

Thanks for any insights!",1777579410.0,2026-04-30T20:03:30,5,2,/r/f1visa/comments/1t07bh2/most_common_visa_path_for_a_spouse_phd_student/,https://www.reddit.com/r/f1visa/comments/1t07bh2/most_common_visa_path_for_a_spouse_phd_student/
1t041pm,f1visa,Question on OPT vs Other EAD,"My DSO told me I could use my marriage based EAD while my Adjustment of Status is pending, while also applying and waiting in the meantime for OPT after graduation so I can keep the F1 status. Like double security under the current madness.

My understanding all this time is that when you use the EAD you forfeit your F1 visa, but my knowledge on how this works after graduation and with pending OPT is zero to none. 

What do you guys know about this? ",1777572346.0,2026-04-30T18:05:46,6,4,/r/f1visa/comments/1t041pm/question_on_opt_vs_other_ead/,https://www.reddit.com/r/f1visa/comments/1t041pm/question_on_opt_vs_other_ead/
1szuyyp,f1visa,Driving on f1 on non-US license,"Hi all! I moved to the US in 2022 and I’m on STEM OPT. I last re-entered the US in Nov 2025.

I took the knowledge test so I have a permit that I can carry with me, but I won’t be able to take the actual behind the wheel test before my trip where I wanna drive.

Is it fine for me to rent and drive a car based on my home country license? The rule about being able to drive 1 year post entering has always been murky.

Edit: license issued in India and I’m planning to drive in Hawaii!",1777552900.0,2026-04-30T12:41:40,10,8,/r/f1visa/comments/1szuyyp/driving_on_f1_on_nonus_license/,https://www.reddit.com/r/f1visa/comments/1szuyyp/driving_on_f1_on_nonus_license/
1szt2y3,f1visa,Need advice for F1 visa interview,"A bit of background about me: I've been living and working in Japan for five years, and I am planning to pursue my Master's in the US this August at a pretty prestigious school. I'm going to have the interview at the U.S. Consulate in Japan. I had two B1/B2 visas before, but I am insanely worried about proving my non-immigrant intent this time. Even though I don't plan to stay in the US, I also have no intention to return to my home country. My plan after graduation is to go back to Japan and hopefully get a PR (since I'm still going to get a re-entry permit after my Master's). How do I convey this to the VO without sounding suspicious... ",1777547721.0,2026-04-30T11:15:21,0,0,/r/f1visa/comments/1szt2y3/need_advice_for_f1_visa_interview/,https://www.reddit.com/r/f1visa/comments/1szt2y3/need_advice_for_f1_visa_interview/
1sznhup,f1visa,STEM OPT recent travel experience,"Hi,

I am employed, and my visa expires in December 2026, while my EAD expires in July 2027. I am planning to travel for two weeks and return with about five months remaining before my visa expiry. Has anyone with recent experience done something similar? Please share your experiences and let me know if there are any risks.",1777528814.0,2026-04-30T06:00:14,0,2,/r/f1visa/comments/1sznhup/stem_opt_recent_travel_experience/,https://www.reddit.com/r/f1visa/comments/1sznhup/stem_opt_recent_travel_experience/
1szn0x2,f1visa,Visa status and travel help,"My visa recently got revoked due to traffic violation issues.   My sevis is active though, Can I travel to another state? I know i can within the country but I am kinda scared what if  I get caught by immigration and they ask me about my visa stamp? Will they actually check thru it to see if it’s active or not? Has anyone travelled within the country with such visa status recently?",1777527286.0,2026-04-30T05:34:46,6,0,/r/f1visa/comments/1szn0x2/visa_status_and_travel_help/,https://www.reddit.com/r/f1visa/comments/1szn0x2/visa_status_and_travel_help/
1szmaf8,f1visa,Can I use my SSN without work authorization,"I don’t start my OPT until June, but my employer wants me to start working now and said it’s fine to just use my SSN. Is that actually okay? Has anyone been in a similar situation?",1777524926.0,2026-04-30T04:55:26,13,0,/r/f1visa/comments/1szmaf8/can_i_use_my_ssn_without_work_authorization/,https://www.reddit.com/r/f1visa/comments/1szmaf8/can_i_use_my_ssn_without_work_authorization/
1szlk4x,f1visa,F1 visa slots India,Hello guys. Im trying to get slots for F1 for the month of May. let me know if they are opening it up or if anyone got it scheduled. ive been trying for a few days and I see no slots ,1777522659.0,2026-04-30T04:17:39,0,1,/r/f1visa/comments/1szlk4x/f1_visa_slots_india/,https://www.reddit.com/r/f1visa/comments/1szlk4x/f1_visa_slots_india/
1szj18i,f1visa,"Accidently applied STEM OPT slightly before 90 day window, risk of denial?","I want some clarity based on real experiences. I applied 95 days before EAD expires (instead of within 90 days) for the STEM OPT I-765. However:  
a) USCIS has started processing my application(got a receipt number) And   
b)USCIS has requested biometrics on 4th May.

Has anyone had their STEM OPT denied for filing a few days early? If so, in what stage of the application (Initial stage or later?) If I decide to withdraw my application, how much time should I expect USCIS to process my request, and how soon can I apply again? Are there any obvious consequences of withdrawing and applying again?",1777515435.0,2026-04-30T02:17:15,11,0,/r/f1visa/comments/1szj18i/accidently_applied_stem_opt_slightly_before_90/,https://www.reddit.com/r/f1visa/comments/1szj18i/accidently_applied_stem_opt_slightly_before_90/
1sziv6e,f1visa,H1b to F1 Visa Interview stamping,"As the title says, I currently hold an H-1B. I came to the USA on an F-1 visa to pursue an M.S. in engineering. Upon graduating, I started working and had my H-1B picked. I lost my employment for a brief period of time. Although I secured another job quickly, I was not able to get my H-1B transfer approved due to a government shutdown, which delayed LCA approval. As a result, I had to change my status to B-2, and later I successfully moved back to H-1B.  
Note: I have not filed any PERM or I-140 yet.

Now, I have an opportunity to pursue another full-time master’s degree from a good school with a strong scholarship.

My questions are:

1. If I go to my home country for F-1 visa stamping, what are my chances of rejection? In that case, I would lose both my job and the opportunity to study.
2. What are the chances of getting my F-1 visa approved if I go for stamping in the middle of my master’s program, given that I previously successfully obtained F-1 status through a change of status within the U.S.?",1777514989.0,2026-04-30T02:09:49,12,16,/r/f1visa/comments/1sziv6e/h1b_to_f1_visa_interview_stamping/,https://www.reddit.com/r/f1visa/comments/1sziv6e/h1b_to_f1_visa_interview_stamping/
1szispf,f1visa,Accidently STEM OPT applied slightly before 90-day window : risk of denial?,"Hi,

I wanted to get some clarity based on real experiences. I applied 95 days before EAD expires (instead of within 90 days) for the STEM OPT I-765.

However,

1) USCIS has started processing my application(got a receipt number)

2) USCIS has requested biometrics on 4th May.

Has anyone had their STEM OPT denied for filing a few days early? If so, in what stage of the application (Initial stage or later?) If I decide to withdraw my application, how much time should I expect USCIS to process my request, and how soon can I apply again? Are there any obvious consequences of withdrawing and applying again?

Would really appreciate it if anyone has similar experiences.",1777514803.0,2026-04-30T02:06:43,10,3,/r/f1visa/comments/1szispf/accidently_stem_opt_applied_slightly_before_90day/,https://www.reddit.com/r/f1visa/comments/1szispf/accidently_stem_opt_applied_slightly_before_90day/
1szh73p,f1visa,Emergency appointment approved but no dates available,"Hi everyone, I’m feeling really stressed and hoping someone might have advice or gone through something similar.

I’m currently a master’s student and need to return to the US before June 7th because my internship starts on June 7th. I’m currently back home in Bangladesh, and my emergency appointment request was approved.

However, every time I try to schedule the emergency appointment, no earlier dates appear. There are no available dates in May or June. It only shows July dates, which are basically the same as regular appointment availability.

I already emailed them and also sent a message through the portal, but they replied that they cannot do anything regarding appointment slot availability.

Now I’m confused about what the approval even means if no emergency dates are opening. I only have until May 5th to book the emergency appointment, but there are still no earlier slots showing.

At this point I’m getting really anxious because my internship start date is approaching, and I don’t know what my options are.

Any help or advice would be appreciated!

**UPDATE:  I luckily got an emergency slot after checking for 4 days straight. You also need to be careful that you don’t check for appointments for more than 2/3 times a day; otherwise, it might think you’re a bot and ban your account! The embassy explicitly mentioned this in a response.** ",1777510507.0,2026-04-30T00:55:07,0,1,/r/f1visa/comments/1szh73p/emergency_appointment_approved_but_no_dates/,https://www.reddit.com/r/f1visa/comments/1szh73p/emergency_appointment_approved_but_no_dates/
1szh0yk,f1visa,SEVP portal down,Is the SEVP portal down? Getting a strange error when trying to login ,1777510042.0,2026-04-30T00:47:22,0,0,/r/f1visa/comments/1szh0yk/sevp_portal_down/,https://www.reddit.com/r/f1visa/comments/1szh0yk/sevp_portal_down/
1szdopg,f1visa,Will my twitter retweets be looked into?,"I will apply soon for the F1 visa to study abroad, so recently I deleted any tweet post that has any kind of negative impact for my interview and process, however i cant delete my retweets because it’s a more complicated process, do yall think they will also look deep into that? Is there something I can do to avoid that?",1777501459.0,2026-04-29T22:24:19,2,4,/r/f1visa/comments/1szdopg/will_my_twitter_retweets_be_looked_into/,https://www.reddit.com/r/f1visa/comments/1szdopg/will_my_twitter_retweets_be_looked_into/
1szdgyz,f1visa,Indian passport + France Talent Passport F1 from Paris or India? (MSBA CSU East Bay),"Hi everyone,

I’m an Indian passport holder currently living in France on a **Talent Passport valid till 2030**. I have an admit for **MSBA at CSU East Bay (Fall)**.

Profile:

BE Computer Engineering (India)

Master in Management (Grand École, France)

Work: 2 yrs (India) + Growth Marketing (France)

Funding: my savings + mother’s savings

My France job contract valid until ma &amp; 

residence permit is still valid (have talent passport until 2030)

I currently have an F1 appointment in India but I’m considering applying from **Paris** instead.

Questions:

Any Indian applicants here who did F1 from Paris?

Is Paris easier/safer than India for F1?

Will cancelling India appointment and applying in France look bad?

Would appreciate any experiences/advice. Thanks!",1777500946.0,2026-04-29T22:15:46,0,0,/r/f1visa/comments/1szdgyz/indian_passport_france_talent_passport_f1_from/,https://www.reddit.com/r/f1visa/comments/1szdgyz/indian_passport_france_talent_passport_f1_from/
1szcit7,f1visa,Graduation after I-20 end date,"My I-20 end date was originally in August. To be able to quickly apply for OPT, I shortened it to June so that I was able to file in time.

Now, I got my OPT EAD with a starting date June 16 and my I-20 end date is June 15.

Is it possible to defend in early June and then submit the complete thesis after the I-20 end date? Or, do I have to complete everything before June 15? 

Thanks in advance!",1777498740.0,2026-04-29T21:39:00,5,2,/r/f1visa/comments/1szcit7/graduation_after_i20_end_date/,https://www.reddit.com/r/f1visa/comments/1szcit7/graduation_after_i20_end_date/
1sz7g8d,f1visa,What are the photo requirements for Initial OPT application?,Has anyone recently completed the i-765 form for initial OPT. What are the photo requirements needed? I read there is biometrics requirement for pictures so are they asking for photos at all anymore. Can someone clarify please. ,1777487685.0,2026-04-29T18:34:45,3,1,/r/f1visa/comments/1sz7g8d/what_are_the_photo_requirements_for_initial_opt/,https://www.reddit.com/r/f1visa/comments/1sz7g8d/what_are_the_photo_requirements_for_initial_opt/
1sz5md2,f1visa,"Received an email ""We have taken an action on your case"" but the only thing got updated is ""Case Is Still Being Processed By USCIS"" and today's date. If you received the same, what happened next?","Here is a screenshot of my timeline for my Initial OPT application after graduating from my college in last December. I am just so worried now since my company has been waiting for me to start for more than 2 months now :(

Thank y'all so much!!

https://preview.redd.it/4fjneku406yg1.png?width=1080&amp;format=png&amp;auto=webp&amp;s=815ab5e33cd5b4de5293d9e524570c8af525dad5

",1777483903.0,2026-04-29T17:31:43,5,0,/r/f1visa/comments/1sz5md2/received_an_email_we_have_taken_an_action_on_your/,https://www.reddit.com/r/f1visa/comments/1sz5md2/received_an_email_we_have_taken_an_action_on_your/
1sz397c,f1visa,Passport expiring in 6 months before interview,"My passport has 6 months left, and by the time I schedule an f1 visa interview (first time coming to the US) it will have less than 6 months left.

Should I renew my passport before scheduling the interview? Because I’m afraid that it will take forever to get the new passport and miss this Fall classes.

Will there be any issues if I show up to the interview with 5 months left in my passport? Will it raise concerns at the border?

Thanks!",1777478889.0,2026-04-29T16:08:09,2,0,/r/f1visa/comments/1sz397c/passport_expiring_in_6_months_before_interview/,https://www.reddit.com/r/f1visa/comments/1sz397c/passport_expiring_in_6_months_before_interview/
1sz1ez0,f1visa,is doing a part time on-campus job while doing a TAship possible?,"currently not a student, just working on OPT and I'm thinking about starting an internship while working my job. It could bleed into when my master's program starts in the fall. I would like to keep working at my internship but I also need to work as a TA to get a stipend/tuition waiver. 

Can I work a TAship (\~20 hrs/week) and do an internship (\~15hr/week) without violating any rules for my visa?

Thanks!",1777474998.0,2026-04-29T15:03:18,6,1,/r/f1visa/comments/1sz1ez0/is_doing_a_part_time_oncampus_job_while_doing_a/,https://www.reddit.com/r/f1visa/comments/1sz1ez0/is_doing_a_part_time_oncampus_job_while_doing_a/
1sz16o9,f1visa,F1 visa – Sharing your Green Card Interview Experiences &amp; Questions,Has anyone on an F1 visa with OPT/ CPT periods recently went for a Green Card interview? I’m trying to get an idea of the questions they typically ask for F1 history.,1777474532.0,2026-04-29T14:55:32,0,0,/r/f1visa/comments/1sz16o9/f1_visa_sharing_your_green_card_interview/,https://www.reddit.com/r/f1visa/comments/1sz16o9/f1_visa_sharing_your_green_card_interview/
1sz0yv2,f1visa,Can I enter the U.S. from Canada with completed SEVIS but valid F1 visa?,"Hi everyone,

I need some advice on my situation.

I was on an F1 visa in the U.S., and my OPT expired in September 2025. My visa stamp is still valid until August 2026, but I’ve moved to Canada now.

I spoke to my international advisor, and she said my SEVIS record shows as “completed.”

I’m planning to enter the U.S. from Canada through a land border just for a few days to see family. I’m \*\*not planning to resume studies and don’t want to get a new I-20\*\*.

Do you think I can enter the U.S. with just my valid visa, or will I be denied entry because my SEVIS is completed and I don’t have an active I-20?

Has anyone been in this situation, or does anyone have any advice?

Thanks in advance!",1777474055.0,2026-04-29T14:47:35,17,0,/r/f1visa/comments/1sz0yv2/can_i_enter_the_us_from_canada_with_completed/,https://www.reddit.com/r/f1visa/comments/1sz0yv2/can_i_enter_the_us_from_canada_with_completed/
1syzkh2,f1visa,Unpaid remote job on OPT for overseas employer,"Can I do unpaid remote work for a foreign company on 1st-year OPT, as long as it’s related to my major?

Do I need any extra authorization beyond my EAD?

What does the employer need to do on their side?

Anything I should watch out for with OPT reporting?",1777471000.0,2026-04-29T13:56:40,2,0,/r/f1visa/comments/1syzkh2/unpaid_remote_job_on_opt_for_overseas_employer/,https://www.reddit.com/r/f1visa/comments/1syzkh2/unpaid_remote_job_on_opt_for_overseas_employer/
1syxiqc,f1visa,Safe to travel internationally in May 2026 on F1 (expiring July 2026) with STEM OPT until June 2027?,"Hi everyone,

I’m currently on an F1 visa in the US. My situation:

* F1 visa stamp expires: July 2026
* STEM OPT valid until: June 2027
* Currently employed full-time

I’m considering traveling internationally around May 2026 and wanted to understand the risks before making any plans.

From what I understand, I should still be in a valid status with STEM OPT, but I’m unsure how re-entry works when the visa stamp is close to expiring.",1777466092.0,2026-04-29T12:34:52,1,0,/r/f1visa/comments/1syxiqc/safe_to_travel_internationally_in_may_2026_on_f1/,https://www.reddit.com/r/f1visa/comments/1syxiqc/safe_to_travel_internationally_in_may_2026_on_f1/
1sys76k,f1visa,Can I edit my I-20 after booking visa appointment?,I need to shift my funding from education loan to personal funds. Will this mean i have to fill new DS-160 etc? I have mentioned in DS-160 i will be paying for self.,1777449265.0,2026-04-29T07:54:25,0,0,/r/f1visa/comments/1sys76k/can_i_edit_my_i20_after_booking_visa_appointment/,https://www.reddit.com/r/f1visa/comments/1sys76k/can_i_edit_my_i20_after_booking_visa_appointment/
1syrcns,f1visa,Risk of reentry at border because too much international travel? EMERGENCY,"Just learned that my dad is very sick in hospital and I want to make a trip home to see him. Issue is, my OPT expires June 12th, F1 visa expires July 5th (have not applied for STEM OPT yet). 

Also I traveled internationally twice this year (once to Singapore in Jan and then to Canada early in April).   


Idk how traveling thrice within 4 months will look when I reenter and it’s messing with my mind, but I also know I’ll regret not seeing my dad. 

  
Passport: not from a banned country

Work: is chill with me traveling",1777446393.0,2026-04-29T07:06:33,17,12,/r/f1visa/comments/1syrcns/risk_of_reentry_at_border_because_too_much/,https://www.reddit.com/r/f1visa/comments/1syrcns/risk_of_reentry_at_border_because_too_much/
1syohcq,f1visa,Opt withdrawal-experiences,"Yes, my DSO changed my dates for my program ending, and I submitted a form 96 days before. I was told that this will get denied for filing it too early. I’ll submit a withdrawal letter stating this and plan to apply again. Anybody has withdrawn an application? How long did you wait for it? And were you able to submit a new application?

I’ll be updating my case:

04/27/2026: initial application  
04/29/2026: requested withdrawal  
05/02/2026: notification of biometrics appointment  
05/21/2026: biometrics appointment",1777437166.0,2026-04-29T04:32:46,7,1,/r/f1visa/comments/1syohcq/opt_withdrawalexperiences/,https://www.reddit.com/r/f1visa/comments/1syohcq/opt_withdrawalexperiences/
1syl515,f1visa,Missing prior I-20s for initial OPT Application,"Hi everyone,

I am putting together the documents for my OPT application. 

Background: The application is for my master’s degree, I have all the I-20s for this degree (except for the OPT one which I still need to request).

I-20s that are missing: I cannot find the first I-20 I received from my undergraduate degree as well as the ones I had from high school (about 15 years ago). I do have all the I-20s that’s relevant to my previous OPT. 

Question: Do I need to submit a letter of explanation along with my application to explain? I am panicking now as I moved multiple times and I have absolutely no memory of where I kept the old documents. ",1777427756.0,2026-04-29T01:55:56,1,0,/r/f1visa/comments/1syl515/missing_prior_i20s_for_initial_opt_application/,https://www.reddit.com/r/f1visa/comments/1syl515/missing_prior_i20s_for_initial_opt_application/
1syl050,f1visa,"Anyone faced immigration recently? I’m going to Toronto for a week tomorrow, very nervous.","I’m going to Toronto tomorrow for a dream tour. I’m graduating this semester, on May 16. I live in LA. When i booked my tickets, i was pretty chill but now I’m nervous. I applied for opt in March. I also came back from my home country in Jan last week and it was pretty chill that time. Is it so chill now as well? I’m going to face the immigration at Toronto airport it seems. I just need some reassurance from someone who has faced the immigration from Toronto any time or immigration in the US during the last 2 months.",1777427381.0,2026-04-29T01:49:41,4,0,/r/f1visa/comments/1syl050/anyone_faced_immigration_recently_im_going_to/,https://www.reddit.com/r/f1visa/comments/1syl050/anyone_faced_immigration_recently_im_going_to/
1syjcdy,f1visa,Failing a class - risk for visa?,"This is not about simply failing a class. Failing a class means no credit after grades are out. My class is particular in that they already gave out all grades and my calculated is below passing (F). 

Now the situation is that I will actually earn 11 credits from this semester, which puts me below full time. 

Usually, even a C- or D is enough for ""credit"" as it's still counted as enrollment credit . Not Fs

I asked chatgpt and it said it's fine because you were originally enrolled in the class as 12 credits. But I don't trust it. 

My advising at university is currently on break and they'll be back in a week. But I'd like an answer now as it might help me take action. Any knowledge appreciated. ",1777422903.0,2026-04-29T00:35:03,6,1,/r/f1visa/comments/1syjcdy/failing_a_class_risk_for_visa/,https://www.reddit.com/r/f1visa/comments/1syjcdy/failing_a_class_risk_for_visa/
1sye30b,f1visa,Has anyone in the travel ban with f1 visa been denied entry,Has anyone that’s on the travel who already has an f1 visa before the ban was enacted been denied entry? I just don’t know what to do atp. My school said their understanding is it doesn’t impact existing f1 visas but it is not without risk so 😭 plz any help,1777409929.0,2026-04-28T20:58:49,4,6,/r/f1visa/comments/1sye30b/has_anyone_in_the_travel_ban_with_f1_visa_been/,https://www.reddit.com/r/f1visa/comments/1sye30b/has_anyone_in_the_travel_ban_with_f1_visa_been/
1sy9lnk,f1visa,Stuck at Amsterdam airport – SEVIS inactive (DSO says will activate today),"My friend was stopped at Amsterdam airport while trying to fly to the U.S. (F-1, Day 1 CPT). The officer said his SEVIS is not active, so they won’t let him board.

He contacted his DSO, and they said they will activate his SEVIS by the end of the day.

Has anyone dealt with this before? Any kind of leads will help at this point. What are do’s and Don’ts ?",1777400338.0,2026-04-28T18:18:58,3,5,/r/f1visa/comments/1sy9lnk/stuck_at_amsterdam_airport_sevis_inactive_dso/,https://www.reddit.com/r/f1visa/comments/1sy9lnk/stuck_at_amsterdam_airport_sevis_inactive_dso/
1sy9h9z,f1visa,Filled New ds 160 just two days before the appointment,"I had filled old ds160 in march 2025, appointment is in april 2026, so mu old ds 160 is expired so I filled new today now on appointment it shows old application number what should I do",1777400082.0,2026-04-28T18:14:42,1,1,/r/f1visa/comments/1sy9h9z/filled_new_ds_160_just_two_days_before_the/,https://www.reddit.com/r/f1visa/comments/1sy9h9z/filled_new_ds_160_just_two_days_before_the/
1sy9h9v,f1visa,I am panicking about OPT approval,"Hey guys, 

Like the the title says I am kinda panicked about my opt approval. I graduate in two weeks and I applied for OPT since February as soon as my 90 days was possible. I had biometrics March 11th and I understand that it might take longer than the 90 days to get approval but I am from one of the partial ban countries and many people say that all those applications are on pause right now.

I met with my DSO and she said they are most likely on pause the application but she is not certain as USCIS did not release any statement specific to OPT.

The only reason I am applying for OPT is because I plan to apply to medical school next cycle and I need the gap year to study for my MCAT, shadow, do some clinical research. 

I really do not want to apply to master's or post back or programs like that because my GPA is very ok and since I will most likely be paying out of pocket again as an international student😪😪, I would rather save my money. 

I am so confused because graduation is near and I have that 60 grace period and my DSO said I can stay as long as my application is pending but what happens if OPT gets denied after the grace period. Can I still transfer my i20.

Has anyone gone through something similar? What steps did you take to stay in status? Should I be worried being from a partial ban country?",1777400082.0,2026-04-28T18:14:42,48,16,/r/f1visa/comments/1sy9h9v/i_am_panicking_about_opt_approval/,https://www.reddit.com/r/f1visa/comments/1sy9h9v/i_am_panicking_about_opt_approval/
1sxvbnf,f1visa,Has anyone traveled while STEM OPT was pending after OPT expired? Need advice,"Hi everyone,

I wanted to get some real-world input from people who’ve been in a similar situation.

I’m currently on initial OPT, which expires on June 20, 2026. I applied for STEM OPT on April 10 (receipt date April 7), and I’ve already completed biometrics. My F-1 visa is valid until 2028, and I’m working full-time for an E-Verify employer.

I’m planning to travel to India in the first week of August and return around early to mid September.

Based on current timelines, my STEM OPT might be approved by then but there’s also a chance it could still be pending when I try to return. Since my initial OPT would already be expired, I’m a bit concerned about re-entry.

I wanted to ask:

* Has anyone traveled internationally while their STEM OPT was still pending *after* their initial OPT expired?
* Were you able to re-enter the U.S. without issues?
* Did CBP question your status or ask for additional documents?
* If your STEM OPT got approved while you were abroad, did you have your EAD card shipped and re-enter successfully?

I know the general advice is to avoid travel while pending, but I’d really appreciate hearing actual experiences.

Thanks a lot!",1777364742.0,2026-04-28T08:25:42,1,0,/r/f1visa/comments/1sxvbnf/has_anyone_traveled_while_stem_opt_was_pending/,https://www.reddit.com/r/f1visa/comments/1sxvbnf/has_anyone_traveled_while_stem_opt_was_pending/
1sxuyxo,f1visa,Starting in Fall semester,"Hello guys, I am an international student starting in the fall semester and I am stressed about this whole Visa process, I cannot find an F-1 meeting slot anywhere in Rome and Italy that would be early enough to meet the September school start date, I don't know what I should do, alongside the fact that I did this new student F-1 request sheet from my University last month and they still have not responded. Can anyone offer guidance? Thank you.",1777363499.0,2026-04-28T08:04:59,2,1,/r/f1visa/comments/1sxuyxo/starting_in_fall_semester/,https://www.reddit.com/r/f1visa/comments/1sxuyxo/starting_in_fall_semester/
1sxru52,f1visa,Anyone had to renew their F1 visa after being part of a partial travel ban ?,"My visa expired Jan 4, and according to my understanding the travel ban is only subject to individuals who didn’t have a valid visa starting Jan 1st. I’m thinking of trying to renew but don’t know how would turn out. The ambiguity in the writing of the proclamations is confusing ",1777352930.0,2026-04-28T05:08:50,2,2,/r/f1visa/comments/1sxru52/anyone_had_to_renew_their_f1_visa_after_being/,https://www.reddit.com/r/f1visa/comments/1sxru52/anyone_had_to_renew_their_f1_visa_after_being/
1sxnzqa,f1visa,very stressed regarding interview,"i will be attempting for usa visa for a bachelor degree on poli sci with an i20 from university at buffalo with 15k scholarship, i have an FDR of nearly 100,000 usd i was wanting to know hows the situation for bachelors degree in regards of visa approval/rejection, can anyone briefly say if people are getting approval or not ? i am based in bangladesh

",1777341964.0,2026-04-28T02:06:04,3,7,/r/f1visa/comments/1sxnzqa/very_stressed_regarding_interview/,https://www.reddit.com/r/f1visa/comments/1sxnzqa/very_stressed_regarding_interview/
1sxmlhm,f1visa,Does uploading biometrics letter ensure faster opt processing?,"Hello, I completed my biometrics for post completion OPT on April 3rd. I have been hearing that uploading the biometrics letter to the portal will provide silent API updates. Is this true?  
If yes, how to find this biometrics letter? After I gave my biometrics, I haven't gotten any letter either by physical mail or in my USCIS account. Could someone please clarify?",1777338288.0,2026-04-28T01:04:48,4,1,/r/f1visa/comments/1sxmlhm/does_uploading_biometrics_letter_ensure_faster/,https://www.reddit.com/r/f1visa/comments/1sxmlhm/does_uploading_biometrics_letter_ensure_faster/
1sxl1dd,f1visa,Initial OPT Biometrics (premium),"Hello all, just a quick question. If anyone has applied for initial OPT (with premium processing) in last few days, can you please let me know if you were asked for biometrics or if they accepted the photo you provided along with your application. Also please do mention the timeline as to how many days it took between steps. Thanks in advance. ",1777334196.0,2026-04-27T23:56:36,19,2,/r/f1visa/comments/1sxl1dd/initial_opt_biometrics_premium/,https://www.reddit.com/r/f1visa/comments/1sxl1dd/initial_opt_biometrics_premium/
1sxkzna,f1visa,Safe to travel internationally?,"International bachelor student here. Planning to leave US for my home country this summer at 17th of May. Ive already emailed ISSO, but wanted to check over here to if anyone have any recommendations.

I’ve got the DSO signature and all that, but it’s like 2 days away from final day of school. So I’m not sure if it’s safe to travel so close to it…",1777334072.0,2026-04-27T23:54:32,2,0,/r/f1visa/comments/1sxkzna/safe_to_travel_internationally/,https://www.reddit.com/r/f1visa/comments/1sxkzna/safe_to_travel_internationally/
1sxkg82,f1visa,Remote work - is it possible?,"I have a quick question, has anyone ever worked remotely as if you were back home, is that even possible? 

If so what was your experience ? 

Thank you ! ",1777332682.0,2026-04-27T23:31:22,6,0,/r/f1visa/comments/1sxkg82/remote_work_is_it_possible/,https://www.reddit.com/r/f1visa/comments/1sxkg82/remote_work_is_it_possible/
1sxju4c,f1visa,F1 OPT Automatic Revalidation Visa (ARV) experience - Canada,"I recently returned from Canada around a week ago using ARV and I thought sharing my experience would help easing some nerves.

**Just a little background**: I’m currently on OPT, never left the US to renew my F1 visa since I arrived in August 2022. I also got an approved I-130 (Family sponsorship through my parents) but I don’t intend to stay in the US anymore after my OPT ends so I got permanent residency in Canada through my husband’s sponsorship which was approved in February 2026.

**What I prepared before leaving the US:** a printed copy of the ARV rules, I-94, letter of employment and pay rate, EAD card, passport, I-20 with DSO signature.

I used Delta airline since I’ve heard that they are more familiar with the ARV process. I spent around 5 days in Toronto. When I arrived to the check in counter for my flight back to the US, the agent asked if I had another valid visa, I told him I’m using the ARV and handed him the copy of the rules I printed out. I also showed him my EAD card and I-94. He read over the rules, looked at my I-94 and EAD card, then just printed the boarding pass.

Once I got through TSA, it’s CBP. I handed my passport because they said only give me your passport. They asked me a few questions after looking at my expired visa:

“Are a student going to the US to study? Which university are you going to?”

I told them I’m currently on OPT.

“Do you have the approval letter? And give me your I-20 and Sevis number”

I handed them my EAD card and I-20.

“When did you arrive to Canada and how long was the stay?”

I said landed on Sunday (which was only 5 days from then). They let me through after that.

The process was overall very smooth. Just make sure you have everything printed out and ready just in case. If it’s been on your mind to take the trip but scared because of the current political climate, don’t worry too much as long as you have not done anything wrong, do it! Good luck!

\*I’m not sure if the process would be the same if you use any other transportation methods, but I do intend to drive back and forth through the border patrol at Niagara soon so I will update when that happens.",1777331154.0,2026-04-27T23:05:54,7,12,/r/f1visa/comments/1sxju4c/f1_opt_automatic_revalidation_visa_arv_experience/,https://www.reddit.com/r/f1visa/comments/1sxju4c/f1_opt_automatic_revalidation_visa_arv_experience/
1sxi9he,f1visa,CPT Capped by course hours,"Has anyone dealt with CPT being capped by course hours?

I have a full-time summer internship tied to my practicum, but my university is limiting CPT to **90 hours total** because that’s the minimum required to pass the course.

The confusing part is my dean acknowledged that 90 hours is just a baseline and even wrote a letter saying I could work **up to 1,000 hours** over the summer, but the DSO is still enforcing the 90-hour cap.

Has anyone run into this kind of disconnect between the academic department and international office? Were you able to work around it (extra course, independent study, etc.)?",1777327361.0,2026-04-27T22:02:41,1,0,/r/f1visa/comments/1sxi9he/cpt_capped_by_course_hours/,https://www.reddit.com/r/f1visa/comments/1sxi9he/cpt_capped_by_course_hours/
1sxi710,f1visa,Status and Graduation,"Hi, so my bachelor’s I-20 end date is May 02. I already have the change of level for master’s I-20 starting the summer. I have to take 1 more CLEP exam to fulfill my final general education requirement. 

The deadline for the transfer credit to be posted in the transcript is May 20. I talked with the administration and they say it usually takes 1-2 weeks for our university.

My DSO says that even if the transfer credit is posted after May 20 and my graduation will be in summer term, they say it is fine. Is this really the case?

Also, if that is true, should I take my CLEP before May 02 or can I do it on say may 04/05?  
Edit: It is fine due to continuous enrollment.

Thank you.",1777327213.0,2026-04-27T22:00:13,4,1,/r/f1visa/comments/1sxi710/status_and_graduation/,https://www.reddit.com/r/f1visa/comments/1sxi710/status_and_graduation/
1sxhhps,f1visa,June 15 Start Date | Receipt March 13 (IOE) | No Biometrics Update - Should I upgrade?,"I have an initial OPT application with a receipt date of March 13, 2026 (**IOE97541...**). I did my biometrics in St. Louis recently, but my online status hasn't updated to show they were taken.

I have a job starting **June 15**. Given that I'm an IOE case, what are the chances I'll have the card in hand by then without upgrading to Premium? Anyone else with a mid-March IOE receipt seeing movement yet?",1777325585.0,2026-04-27T21:33:05,1,1,/r/f1visa/comments/1sxhhps/june_15_start_date_receipt_march_13_ioe_no/,https://www.reddit.com/r/f1visa/comments/1sxhhps/june_15_start_date_receipt_march_13_ioe_no/
1sxfxjw,f1visa,F-1 visa approval chance?,"I am a high school graduate from india and am planning on going to NJIT for bachelors in computer science.

 I had previously visited the US and completed a short 2 week course which i enjoyed so I wished to complete my bachelors in the US. I had done this course on a b1/b2 visa and recieved some credit( I was not aware of this credit system back then). I know your not supposed to earn credit on b1/b2. Should i mention the course and how it got me intrested in the interview or will it be a problem? 

Also I have recieved a 65% scholarship and the rest im paying through a education loan but my family does not have a lot of liquid cash right now so I am worried about that. I can show assets(mainly property) worth about 5x the tuiton. Will it be fine? 

Any advice will be really appreciated, I am really looking forward to studying in the US.",1777322213.0,2026-04-27T20:36:53,20,1,/r/f1visa/comments/1sxfxjw/f1_visa_approval_chance/,https://www.reddit.com/r/f1visa/comments/1sxfxjw/f1_visa_approval_chance/
1sxe62q,f1visa,Going from STEM OPT to Grad School,"Hi all,

Hoping to seek some clarification on the steps of transferring status from STEM OPT to F1 (Master's) upon STEM OPT completion. My STEM OPT ends in February 2027 and I am looking to do a Master's program in May 2027. Can anyone share what the steps/timeline would look like? 

  
In addition, I was wondering if travelling out of the U.S. would be an option. I couldn't find much clarity online if travel is advisable between this time. My friend is getting married at home and I was hoping to go home and attend the wedding, see family and renew my F1 visa before starting the Master's program. Is this doable once I get a new i-20 issued for a Master's program? If not, how feasible is going home and getting a completely new F1 visa to start a Master's program later? I read that some people have gotten rejected when trying to pursue another F1 visa after doing a bachelor's in the US. ",1777318542.0,2026-04-27T19:35:42,1,1,/r/f1visa/comments/1sxe62q/going_from_stem_opt_to_grad_school/,https://www.reddit.com/r/f1visa/comments/1sxe62q/going_from_stem_opt_to_grad_school/
1sxdjkd,f1visa,F1 economy hardship,Can I apply for F1  economic hardship if I have a toddler to care for? I have been in this country for 4 years taking pre-requisites courses. I am starting my nursing program in august. There’s no on campus job and the expenses are draining. My country is on the banned list too. Should I apply? Will they give me work authorization. How fast? Please I need advice.,1777317228.0,2026-04-27T19:13:48,6,0,/r/f1visa/comments/1sxdjkd/f1_economy_hardship/,https://www.reddit.com/r/f1visa/comments/1sxdjkd/f1_economy_hardship/
1sxd6zp,f1visa,Can I stop initial OPT unemployment clock by,Volunteering in a hospital lab as a part time (20 hours) remote research assistant? I will be writing a review paper in my field (biology graduate),1777316486.0,2026-04-27T19:01:26,1,1,/r/f1visa/comments/1sxd6zp/can_i_stop_initial_opt_unemployment_clock_by/,https://www.reddit.com/r/f1visa/comments/1sxd6zp/can_i_stop_initial_opt_unemployment_clock_by/
1sxd3fy,f1visa,F1 to Family Based AOS,"My family based green card petition (F4, via sibling) is getting close and I might apply for I-485 soon. I am in the US now on F1 and have been here on F1 long period of time via multiple degrees, universities I-20 and OPT EAD. I do not have any out of status date throughout my stay. I am currently from 75 countries.",1777316285.0,2026-04-27T18:58:05,3,1,/r/f1visa/comments/1sxd3fy/f1_to_family_based_aos/,https://www.reddit.com/r/f1visa/comments/1sxd3fy/f1_to_family_based_aos/
1sxcgky,f1visa,OPT application payment not going through,"i applied for post-completion opt with premium processing a month ago, got my receipt and biometrics appointment, but the payment has never left my bank account (i selected ACH as the payment method). i tried contacting both USCIS and my bank, but neither has been able to help. do i have any options besides waiting and (most likely) getting my application rejected once the clock period ends?",1777314967.0,2026-04-27T18:36:07,0,1,/r/f1visa/comments/1sxcgky/opt_application_payment_not_going_through/,https://www.reddit.com/r/f1visa/comments/1sxcgky/opt_application_payment_not_going_through/
1sxc6mb,f1visa,Ead card end date error and stem extension deadline approaching,So i applied for my First year OPT in May 2025. My graduation was in may 2025 so i put in the start date as July 13th 2025 which was approx 60 days from my graduation. My EAD got approved on August 11th 2025 and the end date on it was August 10th 2026 (Full one year). I didn't realize this mistake then but i just realized it now and its almost the end of April 2026. I am supposed to apply for my stem extension before July 15th and i am worried if i send the card for correction i won't receive it on time and wont be able to apply for stem extension. What should be my course of action here?,1777314374.0,2026-04-27T18:26:14,6,1,/r/f1visa/comments/1sxc6mb/ead_card_end_date_error_and_stem_extension/,https://www.reddit.com/r/f1visa/comments/1sxc6mb/ead_card_end_date_error_and_stem_extension/
1sxbaji,f1visa,"Change of Status, CPT, and SSN","So I have an internship that starts on the 2cd of June and as an international student I can only apply on the 4th of May or later, so I have taken the appointment for that date.   
A litte background:  
Changed status from L2Y to F1, approved and effective from the 15th of March  
Approved CPT

My employer said they need my SSN number before the 19th of may but I am just worried about the instant SAVE verification when I go to apply. I have heard that COS students sometimes face delays but I am hearing mixed stories. 

What are the chances that I get instant electronic verification while applying?

Thanks!",1777312537.0,2026-04-27T17:55:37,0,1,/r/f1visa/comments/1sxbaji/change_of_status_cpt_and_ssn/,https://www.reddit.com/r/f1visa/comments/1sxbaji/change_of_status_cpt_and_ssn/
1sxaika,f1visa,School issued wrong I-20,"Hi everyone. I submitted my I-765 on February 19th, with all the paperwork necessary for my EAD. Today, April 27th, my school realized they did not fill out my I-20 correctly, and that I will get denied for my EAD request. I am so mad. They called it a “glitch”. I am on the phone with USCIS to see if I can switch to the correct I-20 but I have very little hope.

My graduation date is May 17th. If it resubmit the paperwork now, am I still legal? Since it will take approximately 4/5 months to get approved for my EAD, will I still be able to stay legally in the country in the meantime? Does my unemployment period starts from my graduation date or from my EAD request start date? Sorry if it’s confusing, I am freaking out right now. Thank you for your help.",1777310941.0,2026-04-27T17:29:01,7,1,/r/f1visa/comments/1sxaika/school_issued_wrong_i20/,https://www.reddit.com/r/f1visa/comments/1sxaika/school_issued_wrong_i20/
1sx9oqc,f1visa,Advice needed for F1 VISA,"So in the DS 160 , there is a section, wherein one needs answer ""person/entity paying for the trip"". I assumed that it was a question about who would be paying for the fkight tickets.  I have a funded PhD admit from UW MADISON (wherein they are offering a full tuition remission + stipend). This is stated on my I 20 as well....would me selecting "" self"" in the DS 160 would be a major problem?.

I already had my biometric done, so i guess i cannot refill the DS 160. Please let me know, if i can",1777309227.0,2026-04-27T17:00:27,7,1,/r/f1visa/comments/1sx9oqc/advice_needed_for_f1_visa/,https://www.reddit.com/r/f1visa/comments/1sx9oqc/advice_needed_for_f1_visa/
1sx8e8r,f1visa,Using slightly older bank statements for F1 visa - risky?,"Hey everyone,

I have my F1 visa interview scheduled for **May 13**. For my net worth certificate, my movable assets were calculated based on funds as of **March 24**.

Is it risky to show March statements for a mid-May interview? Can y’all please help me out here. ",1777306546.0,2026-04-27T16:15:46,1,0,/r/f1visa/comments/1sx8e8r/using_slightly_older_bank_statements_for_f1_visa/,https://www.reddit.com/r/f1visa/comments/1sx8e8r/using_slightly_older_bank_statements_for_f1_visa/
1sx7u5o,f1visa,Hello I need help and clarification please.,"Hey everyone, I really need some advice.

My company initially said they weren’t going to sponsor my H-1B, but later changed their mind and decided to move forward. Last week Wednesday, the company’s lawyer reached out to me to submit documents and sign some legal forms. I even agreed to pay for premium processing.

Then suddenly, on Friday, I got an email from HR saying they were putting my sponsorship on hold because of “presidential directives.” It felt very last minute and confusing.

I spoke with my boss today, and he said it’s because of a supposed ban on my country (Nigeria), so they want to pause everything unless something changes.

This is where I’m really confused, I know a few people whose companies recently filed H-1Bs for them without issues, so I don’t understand why mine is being affected. I also thought most of these restrictions applied to people outside the U.S., not those already here.

I’m getting worried because my OPT is running out soon, and I might lose my job if this doesn’t get sorted.

Has anyone experienced something like this or knows what might actually be going on? I’d really appreciate any advice or insight. Thank you.",1777305356.0,2026-04-27T15:55:56,10,7,/r/f1visa/comments/1sx7u5o/hello_i_need_help_and_clarification_please/,https://www.reddit.com/r/f1visa/comments/1sx7u5o/hello_i_need_help_and_clarification_please/
1sx77jp,f1visa,STEM OPT- what exactly should you put for “What is your degree?” (diploma vs I-20 mismatch),"Hey everyone,

Quick question for people who’ve gone through the STEM OPT application. If your degree name on your diploma is not exactly the same as the major listed on your I-20 (with the CIP code), what are you supposed to enter for the question:

“What is your degree?”

For example, say:

1. Diploma has one official degree title
2. I-20 lists a slightly different major name tied to a STEM CIP code

Should you:

Write the degree exactly as it appears on the diploma, or

Try to include both the degree + major + CIP code to be more detailed?

I’ve seen mixed opinions. Some people say keep it exact and simple, others suggest adding more detail to avoid confusion. Would really appreciate hearing what people actually put and whether it worked out.

Thanks!",1777304018.0,2026-04-27T15:33:38,1,1,/r/f1visa/comments/1sx77jp/stem_opt_what_exactly_should_you_put_for_what_is/,https://www.reddit.com/r/f1visa/comments/1sx77jp/stem_opt_what_exactly_should_you_put_for_what_is/
1sx43ru,f1visa,"Got an email saying my work authorization will expire — F-1 student, is this normal?",Got an automated email from my university payroll saying my work authorization on file will expire. I’m on F-1 status with D/S on my I-94. Is this just a routine I-9 reverification thing or should I be worried? Has anyone else dealt with this?,1777297408.0,2026-04-27T13:43:28,6,0,/r/f1visa/comments/1sx43ru/got_an_email_saying_my_work_authorization_will/,https://www.reddit.com/r/f1visa/comments/1sx43ru/got_an_email_saying_my_work_authorization_will/
1sx3b80,f1visa,STEM OPT → Nursing → Future OPT eligibility?,"I’m in my final year of STEM OPT with a biomedical engineering degree. If my employer doesn’t sponsor me, I’m considering switching to nursing (either a BSN or an entry-level MSN) as a pathway toward long-term residency.

My main question:

If I complete a second bachelor’s (BSN) and later pursue a master’s, would I still be eligible for OPT again at the master’s level?

Also, would going straight into an entry-level MSN be a better move than doing a second bachelor’s?

Any advice on the best path forward—or alternative visa/options to consider after OPT—would be really appreciated.",1777295590.0,2026-04-27T13:13:10,7,1,/r/f1visa/comments/1sx3b80/stem_opt_nursing_future_opt_eligibility/,https://www.reddit.com/r/f1visa/comments/1sx3b80/stem_opt_nursing_future_opt_eligibility/
1sx11q7,f1visa,Post Completion OPT: Should I upload all I-20 (even if not relevant in my opinion) or just my most recent degree I-20?,"Hello.

I am currently an international graduate student in America who is graduating this spring and applying for initial post completion OPT. I was in the U.S around 10 years ago for my bachelors but did not do any CPT or OPT during this time. Should I upload any previous I-20 from a lower degree from many years ago or should I only upload my recent I-20 with OPT recommendation from my graduate studies?

Thank you!",1777289823.0,2026-04-27T11:37:03,3,9,/r/f1visa/comments/1sx11q7/post_completion_opt_should_i_upload_all_i20_even/,https://www.reddit.com/r/f1visa/comments/1sx11q7/post_completion_opt_should_i_upload_all_i20_even/
1swxaan,f1visa,How long before the OPT EAD end date should I apply with i983 to the university?,"I am currently on 1099 on F1 OPT, I am working with my employer to get e-verified and get me on w2 in order for me to continue working on STEM OPT.

My OPT EAD expiry date is on 10 July. What should I take as last possible date in my mind to provide i983 to my university? I don't want to get too late, otherwise I would need to look into consulting companies who would be ready to take on my current client as their client.

Also what other options do I have in this scenario?",1777277207.0,2026-04-27T08:06:47,1,0,/r/f1visa/comments/1swxaan/how_long_before_the_opt_ead_end_date_should_i/,https://www.reddit.com/r/f1visa/comments/1swxaan/how_long_before_the_opt_ead_end_date_should_i/
1swv7w6,f1visa,"Valid F-1 (different school) + new SEVIS after 1.5-year gap, entry experience?","Has anyone entered the U.S. with:

\* A valid F-1 visa from a different school

\* A new I-20 with a new SEVIS ID (not a transfer)

\* A gap of about 1.5 years outside the U.S. (after graduating and now returning for a PhD)

I’m from Qatar, and I completed my master’s, left the U.S., and now I’m planning to return to start a PhD. I’m especially wondering if the time gap caused any issues at the airport.

Would really appreciate hearing your experiences.",1777270070.0,2026-04-27T06:07:50,1,2,/r/f1visa/comments/1swv7w6/valid_f1_different_school_new_sevis_after_15year/,https://www.reddit.com/r/f1visa/comments/1swv7w6/valid_f1_different_school_new_sevis_after_15year/
1swt66w,f1visa,Traffic violation ticket on F1 (STEM OPT),"I have a class M permit for motorcycle.  I was given a ticket for the passenger not having a helmet which falls under c.90 §7. Ref: https://malegislature.gov/Laws/GeneralLaws/PartI/TitleXIV/Chapter90/Section7

I'm a first time offendeder. Should I contest this?",1777263540.0,2026-04-27T04:19:00,1,0,/r/f1visa/comments/1swt66w/traffic_violation_ticket_on_f1_stem_opt/,https://www.reddit.com/r/f1visa/comments/1swt66w/traffic_violation_ticket_on_f1_stem_opt/
1swsa7f,f1visa,Domestic flight with pending EAD — is it safe? (JFK),"Hey everyone, I'm an international student and my EAD is still in processing/pending approval. I'm planning to fly domestically within the US from JFK after my graduation and wanted to check if this would cause any issues.

After doing some research, it seems like a pending EAD has **no impact on domestic travel** since TSA only verifies your identity, not your immigration or work authorization status. For ID, I'll just be using my foreign passport which is an accepted form of identification at any US airport.

Has anyone been in a similar situation? Did you run into any issues flying domestically with a pending EAD? Would love to hear from people who've done this - just want to make sure I'm not missing anything before I book my ticket!

Thanks in advance 🙏",1777260898.0,2026-04-27T03:34:58,4,0,/r/f1visa/comments/1swsa7f/domestic_flight_with_pending_ead_is_it_safe_jfk/,https://www.reddit.com/r/f1visa/comments/1swsa7f/domestic_flight_with_pending_ead_is_it_safe_jfk/
1swq21k,f1visa,Driver’s license renewal STEM OPT pending,"Hi all,

Has anyone in California been able to renew or extend their driver’s license with just a STEM OPT receipt notice (I-797C)?

My OPT and DL are expiring soon, and my STEM OPT has been pending for \~12 weeks. I went to the DMV, and they said they can’t extend my license based only on the receipt notice.

They mentioned AB 60 as an alternative, but advised me to be cautious about switching to that category, so I’m trying to avoid it if possible.

Has anyone successfully renewed using just the receipt notice, or found a workaround?

I’m in the Sacramento area. I would really appreciate any recent experiences!",1777254548.0,2026-04-27T01:49:08,2,1,/r/f1visa/comments/1swq21k/drivers_license_renewal_stem_opt_pending/,https://www.reddit.com/r/f1visa/comments/1swq21k/drivers_license_renewal_stem_opt_pending/
1swi9c5,f1visa,Working in home country on STEM OPT,"I'm on my STEM OPT, and I'm planning to travel back to my home country (India) for 4-6 weeks to renew my passport and visit family. Can I continue working remotely from there for that duration or should I take leave authorized by my employer? And if I take leave, does it get added to my unemployment days? Thanks.

EDIT: My employer is fine with me working remotely during that time and I'm asking this solely from an immigration perspective.",1777234431.0,2026-04-26T20:13:51,10,0,/r/f1visa/comments/1swi9c5/working_in_home_country_on_stem_opt/,https://www.reddit.com/r/f1visa/comments/1swi9c5/working_in_home_country_on_stem_opt/
1swg8kv,f1visa,Has anyone applied for COS F1 to H4?,Has anyone seen approvals? Service center is Texas,1777229920.0,2026-04-26T18:58:40,0,0,/r/f1visa/comments/1swg8kv/has_anyone_applied_for_cos_f1_to_h4/,https://www.reddit.com/r/f1visa/comments/1swg8kv/has_anyone_applied_for_cos_f1_to_h4/
1swftnl,f1visa,F-1 Student: Is starting a non-monetized Instagram page allowed as a hobby?,"Hi, I am an F-1 student in the US. I am planning to start an Instagram page where I share general life lessons and personal thoughts (no monetization, no services). Is this considered okay as a hobby, or are there any restrictions I should be aware of?",1777228982.0,2026-04-26T18:43:02,4,5,/r/f1visa/comments/1swftnl/f1_student_is_starting_a_nonmonetized_instagram/,https://www.reddit.com/r/f1visa/comments/1swftnl/f1_student_is_starting_a_nonmonetized_instagram/
1swesyb,f1visa,"Travel during OPT-to-STEM transition? (Job ending in June, STEM starts in July)","Hi everyone,

I’m looking for some advice or similar experiences regarding international travel during the transition from initial OPT to the STEM Extension. 

Here is my situation:

Current Status: Post-completion OPT (Initial 12 months).

Current OPT End Date: Late July 2026.

STEM OPT Start Date: Late July 2026 (Pending/Planned).

Current Job: Ends in June 2026.

Travel Plans: I want to travel back to my home country for 3 weeks in May 2026.

I am currently working and have my payroll records/paystubs. I plan to return to the U.S. at the end of May. My current employment contract officially ends in June, but my STEM OPT period doesn't start until July. I have a valid F-1 visa stamp and will have a fresh travel signature on my I-20.

My concerns:

Is it risky to re-enter in late May when my current job is ending just a few weeks later?

If my STEM OPT application is still ""Pending"" while I am abroad, will that cause issues at CBP?

Should I wait until I have my STEM EAD card in hand before traveling, or is it safe to go now since my current EAD is still valid through July?

I’d appreciate any insight from anyone who traveled close to their EAD expiration or during the STEM filing window. Thanks!",1777226747.0,2026-04-26T18:05:47,4,2,/r/f1visa/comments/1swesyb/travel_during_opttostem_transition_job_ending_in/,https://www.reddit.com/r/f1visa/comments/1swesyb/travel_during_opttostem_transition_job_ending_in/
1swcqi1,f1visa,Us visa appointments,"I have previous police cautions so i need a appointment to get a visa, if granted does that give me access to travel to the us any time in the future or do i need exact travel dates prior to the interview and to do this each time i travel? ",1777222154.0,2026-04-26T16:49:14,0,0,/r/f1visa/comments/1swcqi1/us_visa_appointments/,https://www.reddit.com/r/f1visa/comments/1swcqi1/us_visa_appointments/
1swazcc,f1visa,Applying for dso160 to renew my visa,"Just got my opt after my masters my visa is expired Ian planning to go back to my country to renew it and come back.

Question travel plans:

What should I put? I am currently in  USA leaving on August coming back in September. What should I put in date? ",1777218258.0,2026-04-26T15:44:18,1,1,/r/f1visa/comments/1swazcc/applying_for_dso160_to_renew_my_visa/,https://www.reddit.com/r/f1visa/comments/1swazcc/applying_for_dso160_to_renew_my_visa/
1swa6jo,f1visa,SSN without an offer letter,Hi has anyone recently applied for an SSN without an offer letter with an F1 visa?,1777216427.0,2026-04-26T15:13:47,4,0,/r/f1visa/comments/1swa6jo/ssn_without_an_offer_letter/,https://www.reddit.com/r/f1visa/comments/1swa6jo/ssn_without_an_offer_letter/
1sw7q35,f1visa,F1+F2 Visa Schedule,"Hello,

My dependent has already paid visa fee from his profile (haven't taken any date) and I have added him as my dependent. But when I go to my payment option, it shows payment for 2 people. Can anyone help me out regarding this?",1777210535.0,2026-04-26T13:35:35,1,1,/r/f1visa/comments/1sw7q35/f1f2_visa_schedule/,https://www.reddit.com/r/f1visa/comments/1sw7q35/f1f2_visa_schedule/
1sw72ez,f1visa,F1 visa interview: Do u plan to visit your sibling working in US?,"I am having my f1 visa interview in May. My sister works in the US as a software engineer on H1B. And I'm confused about how to answer this question below

Do you plan to visit your sister in the US?

Can anyone help me know how to answer this. And also let me know any other important questions related to these relatives/siblings living in USA.",1777208810.0,2026-04-26T13:06:50,5,0,/r/f1visa/comments/1sw72ez/f1_visa_interview_do_u_plan_to_visit_your_sibling/,https://www.reddit.com/r/f1visa/comments/1sw72ez/f1_visa_interview_do_u_plan_to_visit_your_sibling/
1sw5ap5,f1visa,Should I consider Community College?,"Hey Guys,I’m 21 years old, originally from Brazil. I currently live and work in Paris,France.I speak both English and Spanish fluently with Portuguese as my native language,and I’ve also done an exchange program in Ireland where I lived for about 1.5 years, so I already have some international experience.

I’m planning to move to the US next year, mainly to start a bachelor’s degree (I’m considering Business, IT, or International Relations). At the same time, I’d like to work while studying and eventually find a way to stay longer-term if possible.Right now I’m a bit confused about the best visa path. I’ve read about the F1 visa and community colleges as a more affordable entry point, but I’m not sure if that’s the best route or if there are other options that might fit my situation better.

I’d really appreciate any advice from people who’ve been through something similar or know more about the system like for instance:

\-Is community college a good starting point for international students aiming to transfer later?

\-How realistic is it to balance studying and working on an F-1 visa?

\-Any advices for planning this move?

Thanks a lot in advance!",1777203708.0,2026-04-26T11:41:48,7,0,/r/f1visa/comments/1sw5ap5/should_i_consider_community_college/,https://www.reddit.com/r/f1visa/comments/1sw5ap5/should_i_consider_community_college/
1sw5523,f1visa,F-1 visa- passport validity,"Hi all,

Very new to this so appreciate any inputs.

Indian citizen here.

My passport expires in February 2028. Issued in Feb 2018.

US visa official website states a requirement that the passport should be valid till 6 months beyond your intended period of stay. 

I am joining a 2-year program starting fall of 2026, and visa interview will be in India. 

**Question**: Do I need to get validity of my passport extended ?

The Indian passport seva portal states that I cannot extend validity before atleast one year prior to expiration date. 

Not sure how to approach this. ",1777203205.0,2026-04-26T11:33:25,1,1,/r/f1visa/comments/1sw5523/f1_visa_passport_validity/,https://www.reddit.com/r/f1visa/comments/1sw5523/f1_visa_passport_validity/
1svwqkg,f1visa,Traveling close to graduation while on OPT approval pending,"Hello everyone,

I’m trying to figure out if my travel plan is reasonable or too risky. I have a medical situation and I am not getting immediate support or appointments in the US. So, I am being advised to fly to my home country, get it treated (small procedure), and fly back before graduation.

I’m currently an F-1 student. My program end date is May 16, 2026, and I’ve already applied for EAD (I-765).
Right now, my application is still pending.

Here’s what I’m thinking:

Travel to my home country for about a week in 1st week of May.
Come back to the US at least 1 week before my program end date. (Max 7 days outside US). 
I have a valid F-1 visa, and a travel-endorsed I-20 as well (also POST-COMPLETION OPT marked as Requested)
I have opted for Regular processing for EAD (I-765) (Non-premium)

From what I understand, returning before program end date might be treated differently vs after graduation, but I’m still unsure how safe this actually is in practice. Also, I don't expect to get my EAD card any time soon unless I update my application to premium processing queue.

My main concerns:

Has anyone travelled while OPT was pending and re-entered before graduation?
Any issues at immigration / port of entry?
What documents did you carry?
What happens if OPT gets approved and I get my EAD while I’m abroad for that week?
Do I need an appointment letter starting June 1 to present at the port of entry?",1777175312.0,2026-04-26T03:48:32,6,7,/r/f1visa/comments/1svwqkg/traveling_close_to_graduation_while_on_opt/,https://www.reddit.com/r/f1visa/comments/1svwqkg/traveling_close_to_graduation_while_on_opt/
1svvobf,f1visa,F1 SEVIS record,Question for DSOs probably: I got a Green Card earlier this year and forgot to tell my school so they never cancelled my F-1 record. I just graduated. Do I need to tell them now or is it fine to just let them cancel at some point?,1777172142.0,2026-04-26T02:55:42,4,3,/r/f1visa/comments/1svvobf/f1_sevis_record/,https://www.reddit.com/r/f1visa/comments/1svvobf/f1_sevis_record/
1sv5705,f1visa,Valid F1 visa with new SEVIS + new university — safe to enter or risky? 😭,"Hi everyone,

I’m an international student and I graduated from my master’s program about 1.5 years ago. My F1 visa is still valid until November 2027.

I was recently accepted into a PhD program in the U.S., and I received a new I-20 with a new SEVIS ID (not a transfer, since it’s been more than 6 months). I also paid the new SEVIS fee.

My current visa is still valid, but it was originally issued under a different university (actually from an earlier English language program, then I transferred schools for my master’s).

The international office at my new university told me I can enter the U.S. using my current valid F1 visa + new I-20, but it would be at my own risk, which makes me nervous.

I’ve heard mixed experiences:

\- Some people entered fine with a valid visa + new SEVIS

\- Others said they had issues at the airport

Also, getting a new visa right now is difficult due to embassy closures in my region.

Has anyone entered the U.S. with:

1- A valid F1 visa (from another school/program)

2- A new I-20 + new SEVIS (not transfer)?

What was your experience at the airport? Would you recommend traveling or trying to get a new visa?

Thanks in advance! ",1777101202.0,2026-04-25T07:13:22,3,6,/r/f1visa/comments/1sv5705/valid_f1_visa_with_new_sevis_new_university_safe/,https://www.reddit.com/r/f1visa/comments/1sv5705/valid_f1_visa_with_new_sevis_new_university_safe/
1sv1wwp,f1visa,New DS-160 number doesn't match my appointment (urgent),"Hi everyone,

I originally filled out a DS-160 last year, but my travel plans changed, so I submitted a new DS-160 with updated dates. Now my visa appointment is still linked to the old DS-160 number, so there’s a mismatch between the form and my appointment.

Also, I had a valid U.S. visa before, but my passport was stolen, so I now have to reapply for a new visa and attend an interview again.

I already submitted an emergency request to update the DS-160 number, but I haven’t heard back yet. My interview is on May 11th, so I’m starting to get a little worried.

Has anyone dealt with this recently (especially with the newer rules/process)? Were you able to just bring the new DS-160 confirmation page to the interview, or did you have to get it updated beforehand? The portal doesn’t let me change anything manually.

Any advice or experiences would really help. Thank you!

UPDATE: US Embassy specifically mentioned that if both the numbers does not match, they will not conduct the interview. Rules have changed. They advised me to cancel the appointment and make a new appointment with new DS-169 form number. ",1777090604.0,2026-04-25T04:16:44,4,0,/r/f1visa/comments/1sv1wwp/new_ds160_number_doesnt_match_my_appointment/,https://www.reddit.com/r/f1visa/comments/1sv1wwp/new_ds160_number_doesnt_match_my_appointment/
1sv0amz,f1visa,How do employers actually track your OPT/H1B expiry dates? Has anyone had a close call?,"I’m an F-1 student finishing my MS in Data Science, and I just heard a total horror story. A friend of mine almost lost their job because their employer completely blew the deadline for their STEM OPT extension. Apparently, HR was just tracking everything in a random spreadsheet and it totally slipped through the cracks. It’s honestly making me a little paranoid. Is this a common thing? If you’re on OPT or H1B, do you actually trust your HR to stay on top of your deadlines, or are you the one constantly babysitting them? I’m curious if anyone has had a close call where they almost lost their status because someone else messed up. And who even handles this at your company? Is it a dedicated person or just a generic HR inbox? I’m asking because I already had a job offer delayed because my CPT took forever to process, so I’m trying to figure out if the employer side of the house is just as chaotic as the USCIS side. I’d love to hear any stories, even if it's just to tell me I'm overthinking it.",1777085947.0,2026-04-25T02:59:07,8,10,/r/f1visa/comments/1sv0amz/how_do_employers_actually_track_your_opth1b/,https://www.reddit.com/r/f1visa/comments/1sv0amz/how_do_employers_actually_track_your_opth1b/
1suzvwj,f1visa,Timeline advice,"Hello guys, I am from a partially banned country and I changed status from TPS to F-1 status when TPS was terminated last year. Since then I have been waiting for any updates on my application. Last month I received a NOID and responded it within a month. Is anyone in or has been in a similar situation? How long does it usually take USCIS to adjudicate?

Thank you!",1777084777.0,2026-04-25T02:39:37,5,1,/r/f1visa/comments/1suzvwj/timeline_advice/,https://www.reddit.com/r/f1visa/comments/1suzvwj/timeline_advice/
1suwzj3,f1visa,Traveling on CPT?(urgent),"Hi! I’m a junior in college and have an internship at a big global company from January to July on CPT . I was working part time cpt from January to May and full time from beginning of May to end of summer August 10th. I was thinking about travelling in May back to India for 2.5 weeks and taking a leave(no PTO). My manager has approved this and I will still be working after I come back.I talked to my ISSS office and they said that it shouldn’t not be an issue as long as my passport and visa is valid(it is till 2028 because I graduate May 2027). My current internship letter says jan 20- July 26th but they are going to extend it to 12 months till December.  Could there be any issues when reentering the US ? Would the different date on employment letter/ i20 in terms of end date be an issue. Should I avoid travel 

 ",1777076674.0,2026-04-25T00:24:34,2,0,/r/f1visa/comments/1suwzj3/traveling_on_cpturgent/,https://www.reddit.com/r/f1visa/comments/1suwzj3/traveling_on_cpturgent/
1suvnzl,f1visa,Confused about CPT + on-campus hours limit,"Hey everyone,

I’m an F-1 student, and I’m getting conflicting information about work hours during the summer.

My DSO told me that F-1 regulations don’t prohibit working on-campus while doing CPT, as long as studies remain the primary focus. I have an internship lined up for the summer where I'll be working for 40 hours. Also, currently I'm working as a GRA, which can extend in the summer as well for an extra 20 hours. When questioned about this, my DSO said it might create a problem later if UCIS thinks my studies weren't my primary focus. I want to know what's the best way to deal with this",1777073124.0,2026-04-24T23:25:24,4,0,/r/f1visa/comments/1suvnzl/confused_about_cpt_oncampus_hours_limit/,https://www.reddit.com/r/f1visa/comments/1suvnzl/confused_about_cpt_oncampus_hours_limit/
1suupnh,f1visa,Renewing Driver’s License with STEM OPT EAD,"Hi everyone,

My driver’s license which has the same expiry date as my Post-OPT is expiring early next month. I have my approved STEM OPT EAD Card with me and it starts after my Post-OPT ends. Can I go to DMV and ask them to renew my driver’s license showing my STEM OPT card? Or should I have to wait for my STEM OPT date to actually start and ask for a renewal?

Does anyone here have any experience renewing their drivers license with their STEM OPT EAD card but before the start date of the STEM OPT?

Update: They renewed my Driver’s license even before my STEM OPT started. They asked for my STEM OPT EAD card and pulled up my SAVE information. Upon verifying my documents, they renewed my Driver’s license to the end of my STEM OPT date.",1777070702.0,2026-04-24T22:45:02,3,0,/r/f1visa/comments/1suupnh/renewing_drivers_license_with_stem_opt_ead/,https://www.reddit.com/r/f1visa/comments/1suupnh/renewing_drivers_license_with_stem_opt_ead/
1suu7dp,f1visa,Domestic travel with pending OPT/I-765 — anyone from the 39 banned countries flown recently?,Has anyone from the 39 banned countries with a pending OPT/I-765 traveled domestically between states recently? Specifically flying from Atlanta. Any issues at the airport? Just want to hear from people in the same situation.,1777069438.0,2026-04-24T22:23:58,3,0,/r/f1visa/comments/1suu7dp/domestic_travel_with_pending_opti765_anyone_from/,https://www.reddit.com/r/f1visa/comments/1suu7dp/domestic_travel_with_pending_opti765_anyone_from/
1suqgzv,f1visa,I need a backup plan in case H1B failed during working on cap gap from OPT.,"I was selected in the H1B lottery and my OPT expires in June. I can't apply for STEM. 


I want to have a backup plan in case I was laid off or H1B was denied for any reason before October. 

I read that if something happened, I will have a 60-day grace period, is that correct? 

Can I get an acceptance from another university now but only transfer my SEVIS record and start later during the 60-day grace period?",1777060801.0,2026-04-24T20:00:01,10,0,/r/f1visa/comments/1suqgzv/i_need_a_backup_plan_in_case_h1b_failed_during/,https://www.reddit.com/r/f1visa/comments/1suqgzv/i_need_a_backup_plan_in_case_h1b_failed_during/
1suoq8n,f1visa,Applying for SSN for OPT,"Sorry if this is a dumb question, but has anyone gotten denied a SSN after being approved for pre-completion OPT and receiving your EAD? I’m not sure how the process works. 

There have been SO many obstacles each time I apply for anything visa/work related, so I’m just really overthinking. I can only apply 30 days before I start work, so I’m going in a couple weeks, but just sitting here thinking of everything that could go wrong lol. 

Another question, for those of you who have applied for a SSN recently, how soon after did you receive it? ",1777056926.0,2026-04-24T18:55:26,4,0,/r/f1visa/comments/1suoq8n/applying_for_ssn_for_opt/,https://www.reddit.com/r/f1visa/comments/1suoq8n/applying_for_ssn_for_opt/
1sukdjr,f1visa,345 Days of full-time CPT (Concern for OPT),"Hi everyone,

I’m an F-1 PhD student and had a question about CPT vs OPT eligibility. I’ve done multiple full-time CPT internships over the past few summers, and with my upcoming internship, my total full-time CPT days will be around **345 days**.

From what I understand, the rule is that **12 months (365 days) or more of full-time CPT makes you ineligible for OPT**, so technically I’m still under the limit. However, my ISSO advisor was a bit conservative and mentioned that being close to the limit *might* raise questions during OPT review. She suggested to shift to either part-time or delay start time to bring it close to 330s.

So I’m trying to understand the **real-world risk**.

**My questions:**

* Has anyone recently applied for OPT with **CPT close to 350–360 days**?
* Did you face any issues, RFEs, or delays?
* Does USCIS strictly count exact days, or have you seen cases where they interpret it differently?

Would really appreciate hearing recent experiences.

Thanks a lot!",1777047500.0,2026-04-24T16:18:20,3,0,/r/f1visa/comments/1sukdjr/345_days_of_fulltime_cpt_concern_for_opt/,https://www.reddit.com/r/f1visa/comments/1sukdjr/345_days_of_fulltime_cpt_concern_for_opt/
1sujsno,f1visa,I-539 Premium Processing (NBC) – Timeline and time of approval update?,"Hi everyone,

I applied for Form I-539 (H4 → F1 COS) under premium processing, and my case is currently with the National Benefits Center (NBC).

My timeline:

Received: April 11

Premium processing started: April 11

Last update: April 14 (FTA0)

On USCIS website: **Case Is Still Being Processed By Uscis**

Since then, there haven’t been any updates.

I understand I’m still within the premium processing window, but as someone new to this process, the silence has been a bit stressful.

I wanted to ask those who have gone through something similar:

How long did it take for your approval after the last update?

Did your case show any intermediate steps, or did it go straight to approved?

At what time of the day did your approval update show up?

Would really appreciate hearing your timelines, especially for NBC or H4 → F1 COS cases.

Thanks a lot!",1777046292.0,2026-04-24T15:58:12,0,1,/r/f1visa/comments/1sujsno/i539_premium_processing_nbc_timeline_and_time_of/,https://www.reddit.com/r/f1visa/comments/1sujsno/i539_premium_processing_nbc_timeline_and_time_of/
1suitpu,f1visa,"Employer name and EIN was incorrect for the duration of OPT, next steps are unclear. Any insight?","Hey everyone, 

Basically the EIN and company name ( let's say X) listed in my Sevis records it as it was in the offer letter. However, the company (with a different EIN, let's say Y) that I am legally employed under is a different legal entity. Their HR messed up, because they should've told me that I was legally employed under a different EIN, which was also an oversight on my end . So I need to change my employer information from X to Y, so that I can apply for STEM extension under Y because that is and has been my employer. My tax documents also come from Y and that's the records the IRS.

I asked the International Student Advising of my university on what I should put as a start date for the OPT reporting, since I need to change employer, and they basically said ""since you need to change employer for entire OPT period just send in the request via email instead of the OPT reporting form"". Which would mean that we are technically backdating the employer change.

My main question – for the new I -9 that I will have to ask HR to file, what should the start date on that form be? Should that be backdated too?

Thank you for any help! It's a weird an annoying situation that Int. Student Advising people are themselves confused about. ",1777044174.0,2026-04-24T15:22:54,4,2,/r/f1visa/comments/1suitpu/employer_name_and_ein_was_incorrect_for_the/,https://www.reddit.com/r/f1visa/comments/1suitpu/employer_name_and_ein_was_incorrect_for_the/
1suilae,f1visa,"F-1 status, Nuclear Engineering PhD starting August - safe to travel internationally in the interim?","Here's my timeline:

\- Arrived as F-1 master's student in Mechanical engineering, Fall 2023. Graduated Summer 2025.

\- Currently on post-completion OPT. F-1 visa valid through Summer 2028.

\- PhD offer confirmed, program starts August 2026.

\- Planning to transfer SEVIS to new university in mid-May. OPT ends, I revert to F-1 under the new institution before leaving the US.

\- Travel to India late May/early June for \~7 weeks, return late July.

Documentation I'll carry: new I-20, SEVIS transfer confirmation, PhD offer letter, financial docs.

The wrinkle is my field - Nuclear Engineering. I'm aware this can flag additional security checks at re-entry even with a valid visa.

Has anyone in a similar field traveled recently and run into issues? Any practical advice on making re-entry as smooth as possible would be appreciated.

Thanks!!",1777043665.0,2026-04-24T15:14:25,9,1,/r/f1visa/comments/1suilae/f1_status_nuclear_engineering_phd_starting_august/,https://www.reddit.com/r/f1visa/comments/1suilae/f1_status_nuclear_engineering_phd_starting_august/
1sugisw,f1visa,"Visa Renewal: If my visa expires next year in June, when is a good time to apply for renewal?","Nationality: India

Should I apply this year while I’m still here or is it too late to get an appointment now?

Is it safe to travel if my visa is close to expiry or the exact date matters?

How difficult has it been recently, if anyone can share their experience?

Thanks!",1777039051.0,2026-04-24T13:57:31,0,3,/r/f1visa/comments/1sugisw/visa_renewal_if_my_visa_expires_next_year_in_june/,https://www.reddit.com/r/f1visa/comments/1sugisw/visa_renewal_if_my_visa_expires_next_year_in_june/
1sugenm,f1visa,Please advise me : unused f1 visa,"Hi Everyone

i got f1 visa for undergraduate back in mid 2022 , but i

never travelled to USA. My visa is valid till mid 2027 .

I have applied for graduate program in different

university for fall 2026 and recived i20 as well.

Should i apply for new f1visa or the old one should just

work fine?

If anyone have gone similar process or know about similar situation, please share some ideas.

Thanks in advance",1777038770.0,2026-04-24T13:52:50,4,0,/r/f1visa/comments/1sugenm/please_advise_me_unused_f1_visa/,https://www.reddit.com/r/f1visa/comments/1sugenm/please_advise_me_unused_f1_visa/
1suetck,f1visa,Has anyone renewed their licence between graduation and opt ead start?,"What documents do I need in Virginia to do this?

The university is only giving me an academic record certification but I don’t know how that is different from i20 because both list the same graduation date. 

Has anybody done this? What would I need?",1777034977.0,2026-04-24T12:49:37,3,1,/r/f1visa/comments/1suetck/has_anyone_renewed_their_licence_between/,https://www.reddit.com/r/f1visa/comments/1suetck/has_anyone_renewed_their_licence_between/
1sucov8,f1visa,"Got a speeding ticket in Dallas, need advice","So I was driving at 50 , all of a sudden truck came besides me, I drove it past it and 64 speed, police guy showed up and gave me a ticket and told me to scan it or call the number.

Should I hire an attorney? Or just do the course and pay the fine ? ",1777029149.0,2026-04-24T11:12:29,24,0,/r/f1visa/comments/1sucov8/got_a_speeding_ticket_in_dallas_need_advice/,https://www.reddit.com/r/f1visa/comments/1sucov8/got_a_speeding_ticket_in_dallas_need_advice/
1su831s,f1visa,"CA DMV cancelled my REAL ID, OPT still pending. What are my options?","F-1 student graduating May 15, 2026.

* Got a letter saying my current REAL ID is cancelled as of April 23, 2026.
* Went to DMV to just a normal DL. Denied because my I-20 end date is &lt;60 days out 
* OPT application will take 2-3 months

**Questions:**

1. Has anyone gotten a CA non REAL ID license with just an I-20 + I-797C (OPT pending)?
2. Any way to get a temporary/limited-term license(AB 60) while I wait for the EAD?

Definitely need a license and can't wait for 2-3 months. 

Appreciate any advice from people who've been through this. TIA 🙏",1777013418.0,2026-04-24T06:50:18,23,5,/r/f1visa/comments/1su831s/ca_dmv_cancelled_my_real_id_opt_still_pending/,https://www.reddit.com/r/f1visa/comments/1su831s/ca_dmv_cancelled_my_real_id_opt_still_pending/
1su29ft,f1visa,Is international travel safe on F1 OPT right now?,"Hi, I’m planning a trip to India and wanted to get some advice.

I’m currently on an F1 OPT visa in the U.S. and working remotely full-time (about 32 hours/week). I also have another internship offer starting June 8th with a different organization.

I’m trying to figure out if it’s safe (from an immigration/work authorization standpoint) to travel internationally right now and re-enter the U.S. before my new role begins. Travel dates preferring(may 1st to June 1st)

Has anyone here been in a similar situation on OPT - traveling while employed or between roles? Were there any issues at re-entry (like with EAD, offer letters, or employer verification)?

Would really appreciate any experiences or advice. Thanks in advance!",1776995926.0,2026-04-24T01:58:46,0,5,/r/f1visa/comments/1su29ft/is_international_travel_safe_on_f1_opt_right_now/,https://www.reddit.com/r/f1visa/comments/1su29ft/is_international_travel_safe_on_f1_opt_right_now/
1su1dax,f1visa,Should I give up on waiting for my OPT? This is driving me mad,"I know nobody like hearing people vent but I’m wondering if this situation is only happening to me and if I’m in the wrong here. I am an international student who graduated in DEC 2025. I like a lot of people choose to apply for my OPT, after a lot of complications (particularly bc International student services in my college were no help) I am expected to receive my card in less than 40 days.

I graduated top of the Deans list, I have two degrees, I have been making connections left and right - believe me I hate LinkedIn and it hates to see me coming. And although I can’t work right now, due to not having my card yet, I have some good money saved from internships and freelance gigs I get as an editor.

The problem is my mom. She keeps telling me how long this whole process is taking, and that is time for me to come home. She called me the other day that I should give up, that I am wasting my time and my life. The other day she even called me to tell me that I should accept I will never get a job here in the US, and that I should just accept it.

I really miss home, and I do want to go back and have a good career there. I don’t want to even work in the US for the whole 1 year they would give me…just enough to buildup my resume within my field, and when I get home to be comfortable and be indispensable as a new hire.

But here is the thing, I am having a pretty rough year, in a sense my self esteem has never been lower. So this comments really hurt. I really try to be the bigger person but is really difficult - my dad is in complete support though and has been helping network back at home.

How do I work around this?? I have been giving her the cold shoulder, but when I try to make amends she is mean again.",1776993418.0,2026-04-24T01:16:58,38,15,/r/f1visa/comments/1su1dax/should_i_give_up_on_waiting_for_my_opt_this_is/,https://www.reddit.com/r/f1visa/comments/1su1dax/should_i_give_up_on_waiting_for_my_opt_this_is/
1stu19c,f1visa,My STEM OPT is expiring.,"My OPT period is ending and I could not secure a full time job with a visa. I have only survived with part-time research jobs so far which only covered my expenses and basic needs. Even if I do secure a job now I have to do Day1 CPT and for which I have to pay again and will end up with no savings again. I don’t know what to do as this is my last year of STEM OPT. There is a problem if I end up with a job or no job.

Edit: I have applied for Phd in my own department and even they have rejected me even after working on several research projects within the same department. I am planning to apply for PhD again next cycle.",1776975208.0,2026-04-23T20:13:28,21,19,/r/f1visa/comments/1stu19c/my_stem_opt_is_expiring/,https://www.reddit.com/r/f1visa/comments/1stu19c/my_stem_opt_is_expiring/
1str8bh,f1visa,"New school, same visa?",hey friends! I am getting a new F1 same SEVIS from my new school. But the visa they gave me for my previous school was 5 years. Can I just keep that visa and not go get a new one? ,1776969076.0,2026-04-23T18:31:16,2,0,/r/f1visa/comments/1str8bh/new_school_same_visa/,https://www.reddit.com/r/f1visa/comments/1str8bh/new_school_same_visa/
1stqvkq,f1visa,Does re-entry in the US reset the foreign driving license clock?,"F1 student, first came in August 2024 and then re-entered in January 2026. Can I drive in May 2026 in my university's state? Or in a different state?

I have a Pennsylvania stateID and pay taxes as well.",1776968334.0,2026-04-23T18:18:54,2,3,/r/f1visa/comments/1stqvkq/does_reentry_in_the_us_reset_the_foreign_driving/,https://www.reddit.com/r/f1visa/comments/1stqvkq/does_reentry_in_the_us_reset_the_foreign_driving/
1stq2qk,f1visa,Driving permit renewal between graduation and OPT authorization,"As an F-1 student in Massachusetts, can I renew my driver’s permit while waiting for my initial OPT authorization?

I currently have a REAL ID, will I receive a REAL ID again after renewal, or at least a standard ID?",1776966655.0,2026-04-23T17:50:55,0,2,/r/f1visa/comments/1stq2qk/driving_permit_renewal_between_graduation_and_opt/,https://www.reddit.com/r/f1visa/comments/1stq2qk/driving_permit_renewal_between_graduation_and_opt/
1stpzqy,f1visa,Traveling while OPT is pending.. advice?,"I’m looking for some advice on traveling while my OPT application is still in process.

I applied for OPT in mid-March and completed biometrics on 1st April. My application is currently still pending. I’m considering traveling to India (home country) for about a week and returning before my I-20 end date to stay on the safer side.

I also have a job starting in mid-June, so I want to make sure I don’t risk any issues with re-entry.

A few questions:

* Has anyone traveled while OPT was pending and returned before their I-20 end date? How was re-entry?
* Are there any risks I should be aware of in this situation?
* Would it be worth applying for premium processing to reduce uncertainty?
* Any issues faced at immigration/CBP when re-entering with a pending OPT?

Would really appreciate any insights or experiences. Thanks!",1776966487.0,2026-04-23T17:48:07,8,0,/r/f1visa/comments/1stpzqy/traveling_while_opt_is_pending_advice/,https://www.reddit.com/r/f1visa/comments/1stpzqy/traveling_while_opt_is_pending_advice/
1stplza,f1visa,Need Advising For my Situation,"Hey So I am currently on E-2 status but E-2 is being expired on late May. I am trying to apply for f-1 in this community college where I am already studying. I was just checking up that because the classes for fall 2026 will start on mid August, the gap is too long and they ll most likely decline my change of status to F-1. Is that possible and what should I do?",1776965681.0,2026-04-23T17:34:41,0,0,/r/f1visa/comments/1stplza/need_advising_for_my_situation/,https://www.reddit.com/r/f1visa/comments/1stplza/need_advising_for_my_situation/
1stpjv3,f1visa,How to ask your employer to everify if they are willing to without overwhelming them?,Just like the questions says I want to send detailed instructions on how to get the company e verified without having to trouble them much is there anyone who has done it if so I could really appreciate any help or format of things pointed out for the HR so they can take a look at it without worrying much? ,1776965558.0,2026-04-23T17:32:38,2,1,/r/f1visa/comments/1stpjv3/how_to_ask_your_employer_to_everify_if_they_are/,https://www.reddit.com/r/f1visa/comments/1stpjv3/how_to_ask_your_employer_to_everify_if_they_are/
1stohp5,f1visa,Denied for Clear+ because of limited term ID,"Hey everyone,

Just coming here to check if anyone has been through the same as me. I’ve seen some other posts on this subreddit about F1 visa holders who successfully signed up to Clear+ with their driver’s licenses, but that wasn’t the case for me.

I got a Clear+ membership through my Amex Platinum last week, and, at the airport, my ID did not work for completing enrollment. The Clear+ ambassador said he had never seen that and that it could be because it’s a vertical (under 21) ID, but that doesn’t seem like it would be true.

I then contacted support, and they told me that I can’t sign up because I have a “limited term” ID, which, according to them, is not REAL ID compliant (it is). In fact, there should be no functional changes between a limited term ID and a resident ID, except for voting purposes.

Has anyone been through the same? It’s been making me feel pretty prejudiced against it, given it’s a service that should be open to anyone willing to pay for it.

Thanks!",1776963368.0,2026-04-23T16:56:08,6,0,/r/f1visa/comments/1stohp5/denied_for_clear_because_of_limited_term_id/,https://www.reddit.com/r/f1visa/comments/1stohp5/denied_for_clear_because_of_limited_term_id/
1stj0s6,f1visa,What’s the hour limit on the second job on STEM?,"Hi, I am currently working on a job for 35 hours full time. I have been approached by this other company for working as a stealth on a research project for 20 hours.

Can you provide any guidance if I can work with the other company for 20 hours or some weeks even less while I am on STEM-OPT? ",1776951426.0,2026-04-23T13:37:06,3,0,/r/f1visa/comments/1stj0s6/whats_the_hour_limit_on_the_second_job_on_stem/,https://www.reddit.com/r/f1visa/comments/1stj0s6/whats_the_hour_limit_on_the_second_job_on_stem/
1stiemb,f1visa,Remote work location (San Diego) differs from SEVIS address (NYC) – Risks for re-entry?,"Hi everyone,

I’m currently on OPT and have a quick question about re-entry into the U.S.

My SEVIS record and I-20 currently list my company’s headquarters in **New York** as my primary work site. However, I work 100% remotely from my home in **San Diego**, and my residential address in SEVIS is correctly updated to my SD home.

I am currently abroad and re-entering US in few days. I have all my standard documents ready:

Valid F1 Visa &amp; Passport

EAD Card

I-20 with a travel signature (less than 6 months old)

Recent pay stubs

Employment verification letter

**My concern:** If a CBP officer notices the discrepancy between the NYC work site on my I-20 and my actual physical work location in San Diego, could this cause issues or a secondary inspection?

Has anyone dealt with this recently? Should I ask my DSO to explicitly add my home address as a ""secondary site"" in SEVIS before I leave, or is the employment letter mentioning the remote setup usually enough?

I am very stressed, please help me out! Thanks in advance!",1776949974.0,2026-04-23T13:12:54,4,0,/r/f1visa/comments/1stiemb/remote_work_location_san_diego_differs_from_sevis/,https://www.reddit.com/r/f1visa/comments/1stiemb/remote_work_location_san_diego_differs_from_sevis/
1stdbfe,f1visa,Forgot to update my address on OPT for 6 months,"The limit is 10 days, will this be a problem?

I'm also out of country right now, so can I change it from out of country and reenter fine?

Or should I wait to come back and then change to be safe (but then what if they ask my address during the reentry cbp interview - im also worried if they see that my departure and arrival airport is different from my address on the sevp portal (for eg: departure and arrival airport is chicago but my address is in colorado); i doubt they are this careful, but im just panicking and overthinking).

i have setup a call with my DSO, but just wanted to hear other people's experiences with this. thanks!

also, as an aside, do the cbp officers even care about address on the sevp portal? i dont ever remember being asked about it but if anyone has any experience.",1776934813.0,2026-04-23T09:00:13,13,9,/r/f1visa/comments/1stdbfe/forgot_to_update_my_address_on_opt_for_6_months/,https://www.reddit.com/r/f1visa/comments/1stdbfe/forgot_to_update_my_address_on_opt_for_6_months/
1stcwcd,f1visa,F1visa appointment,"I m from india and applying for my F1 visa. I filled the forms on my own but for appointment should I get it done through an agent or my own only?

Please guide bcs I am not able to book any slots for appointment ",1776933284.0,2026-04-23T08:34:44,6,2,/r/f1visa/comments/1stcwcd/f1visa_appointment/,https://www.reddit.com/r/f1visa/comments/1stcwcd/f1visa_appointment/
1stbyft,f1visa,Does working remotely from outside the U.S. while on OPT count toward the 90 day unemployment limit?,"If you are still employed by your company, but you are working remotely while outside the U.S., does that count toward the 90 day unemployment limit or not?

I have seen mixed things in old posts and comments. I saw a person say they worked remotely outside the U.S. for about 3 months and had no issue returning. I also saw another case where someone said they worked remotely outside the U.S. for around 10 months and was still fine.

But I also saw people saying to be very careful not to exceed the 90 day unemployment limit, because even if remote work on OPT itself is okay, time spent outside the U.S. may still count toward unemployment days.

I'm trying to return back to the U.S to apply for **a STEM OPT extension** through Newark airport after **5 months of remote work** outside the U.S.  **I have used 0 unemployed days until now.**

If someone is still employed by a U.S. employer, and the job is related to the degree, does working remotely from overseas count as valid OPT employment?

Or does time outside the U.S. still count toward the 90 day unemployment clock no matter what?

Would appreciate any experiences or guidance.",1776929923.0,2026-04-23T07:38:43,5,0,/r/f1visa/comments/1stbyft/does_working_remotely_from_outside_the_us_while/,https://www.reddit.com/r/f1visa/comments/1stbyft/does_working_remotely_from_outside_the_us_while/
1staecd,f1visa,Gap between Biometrics (VAC) and F1 Interview - Is 16 days okay?,"Hey everyone, I just booked my slots (India):

* **Biometrics (VAC):** April 28
* **Consular Interview:** May 14

Is this **16-day gap** fine? I heard a rumor they need to be within 15 days of each other, but I couldn’t find an official rule. As long as Biometrics is done first, am I good to go?

Thanks!",1776924534.0,2026-04-23T06:08:54,2,0,/r/f1visa/comments/1staecd/gap_between_biometrics_vac_and_f1_interview_is_16/,https://www.reddit.com/r/f1visa/comments/1staecd/gap_between_biometrics_vac_and_f1_interview_is_16/
1st8ylq,f1visa,Need Help with I-765 application,"Hey everyone,

Yesterday I received my EAD approval **email** because I used premium processing. The USCIS portal hasn't updated yet. However, something on the email is a bit concerning.

On the email, it says,

""Receipt Number: XXXXXXXXX  
Date I-907 Received: 04/14/2026  
Date Approved: 04/21/2026  
Applicant: XXXX  
Applicant Mailing Address: XXXX

Classification Sought: C03B  
Starting Validity Date: 06/15/2026  
Ending Validity Date: 04/20/2027  
Consulate/Port of Entry Notified: UNKNOWN FACILITY TYPE - UNKNOWN""

On my I-20, I requested my OPT period to be from 6/15/2026-6/14/2027. However, on the email, it says ending validity date to be 4/20/2027 (one year from yesterday).

I was wondering if the ending validity date is the same as the one on my EAD card. I called the premium processing agents and they said they wouldn't know until my card is produced.

Not sure what I should do now. Should I wait until my official approval notice, or should I contact somebody, or should I just wait?

Thank you for your input!",1776919957.0,2026-04-23T04:52:37,16,4,/r/f1visa/comments/1st8ylq/need_help_with_i765_application/,https://www.reddit.com/r/f1visa/comments/1st8ylq/need_help_with_i765_application/
1st40bs,f1visa,Can I work in Canada while studying in the USA?,"I am a Canadian citizen who moved to Michigan for school. I’m starting to struggle financially and desperately need a job. 

I understand that with my student visa I’m not allowed to work in the USA. However, am I allowed to commute to go work once a week IN PERSON in Windsor? I’m paranoid that somehow this would violate the terms of my visa. ",1776906113.0,2026-04-23T01:01:53,4,4,/r/f1visa/comments/1st40bs/can_i_work_in_canada_while_studying_in_the_usa/,https://www.reddit.com/r/f1visa/comments/1st40bs/can_i_work_in_canada_while_studying_in_the_usa/
1sszyc1,f1visa,Drivers License grace period,"My drivers license (real ID)  is valid until the end of my OPT, but does this mean there’s no way to drive during 60 day grace period? 

That’s when I would be needing the DL the most cause I’ll be moving my stuff out and what not and errands. Would a non real ID DL be possible??",1776895801.0,2026-04-22T22:10:01,1,0,/r/f1visa/comments/1sszyc1/drivers_license_grace_period/,https://www.reddit.com/r/f1visa/comments/1sszyc1/drivers_license_grace_period/
1sszkol,f1visa,Need Information about F1 OPT filing,"For people that aren't from the banned countries and have applied for pre-opt before (or even this year when they made biometrics required). How long did it take for you to get your EAD card with premium processing? I'm asking to compare timeliness with a friend that isn't from a banned country.

For people from the banned countries that used premium processing after the pause. Aside from no decision being rendered on your application, how long did it take for your overall application to get to the decision stage?

  
Is pre-opt not being prioritized in general right now by USCIS?",1776894924.0,2026-04-22T21:55:24,2,1,/r/f1visa/comments/1sszkol/need_information_about_f1_opt_filing/,https://www.reddit.com/r/f1visa/comments/1sszkol/need_information_about_f1_opt_filing/
1sszfmm,f1visa,"CPT Question: After receiving the I-20 with CPT approved, what is left before starting work?","Basically what the title says. I received my I-20 with the approved CPT. I signed it and everything. I asked my advisor what would be left to do before I could start work, but they did not answer me. Anyone know?",1776894602.0,2026-04-22T21:50:02,1,0,/r/f1visa/comments/1sszfmm/cpt_question_after_receiving_the_i20_with_cpt/,https://www.reddit.com/r/f1visa/comments/1sszfmm/cpt_question_after_receiving_the_i20_with_cpt/
1sswhe6,f1visa,"CPT issue - ICE says employer letter is enough, uni says no","I’m an F-1 student and I’m really stressed about a CPT issue.

I got an Amazon internship, and Amazon gave me a CPT support letter with all the internship details. They also said they cannot sign university-specific CPT forms or learning contracts, but they can provide a standard statement confirming the academic nature of the internship.

The confusing part is that ICE guideline 5([https://www.ice.gov/sevis/practical-training](https://www.ice.gov/sevis/practical-training))  says CPT requires a signed cooperative agreement **or** a letter from the employer. So I thought the employer letter should be enough.

But my uni is saying that for the internship, the employer signature on the learning/coperative agreement contract is mandatory and it is not unique to our uni and they shared the attached screenshot. They told me that if Amazon won’t sign it, I may have to do an independent study instead.

My issue is that after spring I’ll be at 27/30 credits, with only 1 technical elective left and independent study is a Technical elective. So if I take this course, it could create a problem with degree completion and full-time CPT.

This whole situation is honestly messing with my head.

Has anyone dealt/dealing with a situation like this?  
what are my options? and if I have to take this independent study course can I use audit grading method so that I'll get no credits and complete my graduation in fall after the internship.

https://preview.redd.it/5236bj59tswg1.png?width=640&amp;format=png&amp;auto=webp&amp;s=dfd57d64f565028674fef26359fa47c4a4f33e4d",1776887971.0,2026-04-22T19:59:31,11,8,/r/f1visa/comments/1sswhe6/cpt_issue_ice_says_employer_letter_is_enough_uni/,https://www.reddit.com/r/f1visa/comments/1sswhe6/cpt_issue_ice_says_employer_letter_is_enough_uni/
1ssu32o,f1visa,EAD card Start date Confusion,"Good Morning, 

I had applied for my EAD to start on Feb 9th. I got an email (RFE) stating that my photo needs to be taken on March 15th. I completed it and then later after 2 weeks received my EAD on April 1st week. The start date on my EAD card is April 1st. 

My question here is, does my unemployment date start from April 1st, as shown on the EAD card or as requested on Feb 9th. 

Please, could someone help me out here? ",1776882796.0,2026-04-22T18:33:16,12,4,/r/f1visa/comments/1ssu32o/ead_card_start_date_confusion/,https://www.reddit.com/r/f1visa/comments/1ssu32o/ead_card_start_date_confusion/
1ssp3hj,f1visa,"Traveling inside the us on an expired f-1 with pending opt, is it okay?","Hello everyone!

I currently have an expired f-1 stamp on my passport, but an active f-1 visa, that I am awaiting for opt approval. I graduated in December and gonna start my masters in August, but wanted to get experience during the summer. My opt has not been approved but I have had my biometric appointment done and the website said that was all I needed to do for now.

Me and my bf were planning a weekend trip to miami, but we would have to take the plane from nyc. I am extremely paranoid about this, as I am scared of this administration and how tsa is moving in airports, especially 🧊 (I am black from a country on the partially banned list). Has anyone in my situation traveled recently? I don’t have a state ID nor a drivers license, so I will rely on my passport as a form of identification.

I really need feedback on this! Please let me know.",1776872312.0,2026-04-22T15:38:32,8,1,/r/f1visa/comments/1ssp3hj/traveling_inside_the_us_on_an_expired_f1_with/,https://www.reddit.com/r/f1visa/comments/1ssp3hj/traveling_inside_the_us_on_an_expired_f1_with/
1ssouhf,f1visa,SSN processing taking more than 5 weeks,"Hey Everyone,

I’m an F1 student on OPT (not from banned countries). I applied for SSN on March 13 and still haven’t gotten my SSN until today ( April 22).

I don’t know what to do. I’m so helpless. My SAVE status changed to returned to agency on 10th April.

I called my local office where I applied and they said on 16th April that it has been cleared you should expect it in your mail within 10 days.

I called again on April 20th to see if I can get an appointment to get the number before the card arrives by delivery as my employer is needing it. On that day they said there is no SSN assigned.

Today again I called ( April 22), they said it’s not been cleared it’s still under investigation and we don’t know why someone said that it has been cleared.

What is happening, I feel so helpless it’s been almost 6 weeks. Has anyone else experienced this? Please offer any suggestions you may have :/

(Also wanted to add that all the conversations I’ve had has been with my local office where I applied)",1776871772.0,2026-04-22T15:29:32,7,1,/r/f1visa/comments/1ssouhf/ssn_processing_taking_more_than_5_weeks/,https://www.reddit.com/r/f1visa/comments/1ssouhf/ssn_processing_taking_more_than_5_weeks/
1ssl3od,f1visa,Travel Advice- Urgent,"Hi!

I wanted to check on travel considerations given my current status. I’m on F-1 STEM OPT (valid through Nov 2026, with EAD expiring Jan 2027). I traveled to India earlier this year as well, and due to an urgent family emergency, I may need to travel again for a short duration (\~10 days, \~14 days including weekends), mostly from April 24 to May 3.

Before I finalize anything, I wanted to confirm if there are any risks or precautions I should be aware of for re-entry. I will also be enrolling in a Day 1 CPT program starting Fall, so I want to ensure everything remains compliant from an immigration standpoint.

Please let me know if there’s anything specific I should keep in mind regarding documentation or timing.

Thanks!",1776863505.0,2026-04-22T13:11:45,6,0,/r/f1visa/comments/1ssl3od/travel_advice_urgent/,https://www.reddit.com/r/f1visa/comments/1ssl3od/travel_advice_urgent/
1ssjos9,f1visa,Mistake in SSN field on I-765 for STEM OPT - will this cause issues,"I recently submitted my I-765 for the STEM OPT extension and just realized I made a mistake in my SSN field on the application. All the digits are correct, but two numbers are swapped in position.

Now I’m a bit worried about whether this could affect my STEM OPT EAD processing or cause delays/issues with USCIS.

Has anyone been in a similar situation?

Did it impact your EAD approval?

Should I proactively try to fix it (like contacting USCIS or submitting a correction), or just wait it out?

Appreciate any advice or experiences you can share. Thanks!",1776860004.0,2026-04-22T12:13:24,2,0,/r/f1visa/comments/1ssjos9/mistake_in_ssn_field_on_i765_for_stem_opt_will/,https://www.reddit.com/r/f1visa/comments/1ssjos9/mistake_in_ssn_field_on_i765_for_stem_opt_will/
1sse3mi,f1visa,Help an African out?,"I’m Nesra Muhammed, from Ethiopia, 5’5, class of 2030, and I wanna ask if it’s possible for an African girl to get a F-1 visa chance to play at highschool USA games like AAU or highschool games, even though my family can’t afford the tuition and all that for it, but by a scholarship since I think I have a great academic points, I’m trying to work on my skills and also post on social media once my family allow me to, or maybe get a chance where I’m from and maybe have a chance to be in the US after graduation, anyone who can help me out with ideas or suggestions, let me know.

Thank you.",1776841834.0,2026-04-22T07:10:34,3,0,/r/f1visa/comments/1sse3mi/help_an_african_out/,https://www.reddit.com/r/f1visa/comments/1sse3mi/help_an_african_out/
1ssa5d2,f1visa,OPT expiring soon — STEM OPT options?,"Hi everyone,

I’m in a bit of a stressful situation and could really use some advice from people who’ve been through this.

My initial OPT is expiring next month. Right now, I’m working with a professor as a volunteer to stay active in my field. At the same time, I have interviews with two companies and I’m preparing hard—really hoping one of them works out.

However, I’m also trying to be realistic and plan for the worst-case scenario. If I don’t secure a full-time role before my OPT expires, what are my options for getting the STEM OPT extension?

From what I understand, STEM OPT requires:

A paid position

An employer enrolled in E-Verify

A formal employer-employee relationship (not volunteer)

Given that, I’m wondering:

Are there any alternative pathways if I don’t get an offer in time?

Is it possible to transition quickly from a volunteer role to a qualifying paid role?

Are there specific types of companies or strategies that have worked for others in this situation?

Any tips on timing or paperwork to avoid gaps in status?

I’d really appreciate any guidance, experiences, or suggestions. This process is pretty overwhelming, and hearing from others who’ve navigated it would help a lot.

Thanks in advance.",1776829307.0,2026-04-22T03:41:47,12,2,/r/f1visa/comments/1ssa5d2/opt_expiring_soon_stem_opt_options/,https://www.reddit.com/r/f1visa/comments/1ssa5d2/opt_expiring_soon_stem_opt_options/
1ss90pd,f1visa,"I’m on F-1 STEM OPT, Anyone else also thinking of having other countries as a back up option?","Hi! 

I’m currently on F-1 STEM OPT, my previous job ended in December 2025, I’m currently actively looking for a job. This is my last year of STEM OPT. I’m having doubts on the vicious cycle of Day-1 CPT Masters/Phd for H1 trials. All three years of OPT, I was not able to attempt for H1B, due to various reasons. So, I’m thinking of having **Germany** or **Australia** as my backup options (atleast for few years before returning back to India for good.. to payback my loans). 

1. Any insights on this? Does anyone know of the ground reality in Germany and/or Australia? 

2. What do you think, do those countries also have peaks of immigration uncertainties? 

3. Is Day-1 CPT option still viable.. I’m hearing so many cases who have been waiting for their H1 to get picked for more 5-8 years, that is making me lose faith in that route.. ",1776826175.0,2026-04-22T02:49:35,17,0,/r/f1visa/comments/1ss90pd/im_on_f1_stem_opt_anyone_else_also_thinking_of/,https://www.reddit.com/r/f1visa/comments/1ss90pd/im_on_f1_stem_opt_anyone_else_also_thinking_of/
1ss8tzd,f1visa,STEM OPT while working for a staffing company?,has anyone applied for STEM OPT while working for a staffing agency as a contractor? how does that work or is it eligible? for context the job is major related and a long term contract working with a client company through the staffing. what are the options for STEM OPT in this case? URGENT thanks ,1776825659.0,2026-04-22T02:40:59,5,0,/r/f1visa/comments/1ss8tzd/stem_opt_while_working_for_a_staffing_company/,https://www.reddit.com/r/f1visa/comments/1ss8tzd/stem_opt_while_working_for_a_staffing_company/
1ss6t6m,f1visa,F1 reinstatement,"I’m confused and paranoid, I was supposed to graduate December 20 2025 but I was not doing good in one class so I had to extend it but I applied program extension on December 23rd. And on March 28 I got news that I’m out of status and from December to March I’ve been going to college and I’m about to graduate this may. 

1. Was I out of status from December? Or from March 28? 

2. For reinstatement I have to stay enrolled My university have no summer classes and I can’t withdraw from classes now because I’m in academic prohibition 

3. DSO said to take sequential degree but it won’t start until Fall 2026 but I still applied and waiting for admission letter, does having admission letter and then apply reinstatement? 

Please someone help ",1776820305.0,2026-04-22T01:11:45,3,1,/r/f1visa/comments/1ss6t6m/f1_reinstatement/,https://www.reddit.com/r/f1visa/comments/1ss6t6m/f1_reinstatement/
1ss69q4,f1visa,99% sure I’m getting laid off tomorrow.,"I was on PTO today and saw an invite from my Manager “Touchpoint”. Saw the invite at 5, got a message from another coworker soon after asking if she was getting fired. I texted my boss but he’s leave me on seen. There has been no performance issue, it’s a pattern in my position. I was about to get my H1B through cap-exempt H1B in a week(a/c to uscis), and my OPT-EAD expires in first week of June. I am panicking, WHAT DO I DO? This can’t be it right? I spent almost 3 years, almost all my EAD time, for what? Should I consult an immigration attorney? Never felt so fucked in life.

Update: Got laid off. Was told “not a performance issue, just my position has been eliminated”. The truth being they hired another intern 6 months ago and have given him my responsibilities now. Devastated, to say the least.

Thank you guys for your insights ig",1776818895.0,2026-04-22T00:48:15,36,159,/r/f1visa/comments/1ss69q4/99_sure_im_getting_laid_off_tomorrow/,https://www.reddit.com/r/f1visa/comments/1ss69q4/99_sure_im_getting_laid_off_tomorrow/
1ss65pf,f1visa,Address change while STEM-OPT application and H1-B petition is pending,"Hi all,

I genuinely need the information on this matter. I have the STEM-OPT application pending and the H1B petition is filed and it is also pending. However, I need to shift my address from one place to another (this is clear that I am not changing the employer; only my address during the application pending). Is there anything I need to do, or what things I need to be aware of before/after I shift my address to new place? I am really worried and I do not know where I need to update since I have the applications pending.

If anybody has been into similar situation, I would really appreciate your guidance and experience that you could share. Thank you so much. Any insights into it are appreciated.

Thank you.",1776818597.0,2026-04-22T00:43:17,3,1,/r/f1visa/comments/1ss65pf/address_change_while_stemopt_application_and_h1b/,https://www.reddit.com/r/f1visa/comments/1ss65pf/address_change_while_stemopt_application_and_h1b/
1ss5suu,f1visa,International student living in another city than where they go to school?,"Hi all, third year PhD student here in a non stem field.

My school in is NYC and I’ve been living in the city for the last three years. Lately I’ve been thinking about moving to DC and living with my partner. Schedule-wise, I’m only TAing one class once a week and I have no problem commuting.

The problem is that I’m an international student on F-1 visa. And when I emailed my school’s international student office regarding moving to another city, this is their response:

“F-1 students are expected to be living near campus (NYC metro area) and are required to report any address changes within 10 days. We can only recommend residing outside NYC metro if you have a compelling academic reason for this (ie, your doctoral research requires that you travel to access xyz.) Students not meeting this physical presence requirement near campus have been subjected to increased scrutiny when reentering the US from abroad and have received extensive RFEs when applying for OPT and STEM OPT.

Since this move to DC is not essential to your dissertation, we strongly recommend keeping metro NYC as your primary residence in the USA.”

They said it’s not recommended but it’s not against any of school’s policy. Plus my partner is a citizen and we are thinking about getting married in the next few years and apply for green card so having the same address/ bills can help.

I was wondering if anyone has experience moving and living far from their school as an international student and whether you feel like it’s doable? Should I take the risk and move?",1776817653.0,2026-04-22T00:27:33,7,6,/r/f1visa/comments/1ss5suu/international_student_living_in_another_city_than/,https://www.reddit.com/r/f1visa/comments/1ss5suu/international_student_living_in_another_city_than/
1ss44bf,f1visa,CPT Summer 2026,"My university requires at least one credit course enrollment during the summer semester, however they don’t offer any, only 4 credits courses are available which is financially heavy for me.

It is my last summer in Master’s and probably my last CPT. I plan to graduate in Dec 2026.

Can I enroll temporarily for a course, get my CPT and then drop the course?

(In the CPT form, they explicitly say, this will jeopardize any future CPT applications) since it is my last CPT anyways, should I take the risk? I plan on having OPT starting Jan 2027.",1776813281.0,2026-04-21T23:14:41,4,0,/r/f1visa/comments/1ss44bf/cpt_summer_2026/,https://www.reddit.com/r/f1visa/comments/1ss44bf/cpt_summer_2026/
1ss3zdm,f1visa,Opt (I-765) need advice,"Hi everyone, I’m looking for some insight into whether my country of birth is causing a specific hold on my OPT.

**My Timeline &amp; Situation:**

• **Applied (I-765):** November 8, 2025

• **Current Status:** ""Case Received"" (no movement for 5+ months)

• **Citizenship:** Canada (applied with a Canadian passport)

• **Background:** Born in Nigeria, but moved to Canada at 8 months old and have lived there my whole life. My Nigerian passport expired over a decade ago.

• **Actions Taken:** Submitted a USCIS service request after the 4.5-month mark and contacted my local Congressman (awaiting response).

**My Questions:**

1.	Given the January 2026 Policy Memorandum (PM-602-0194) regarding ""high-risk"" countries of birth, is it likely that my application is being ""paused"" because I was born in Nigeria, despite my Canadian citizenship and lifelong residency?

2.	Is Premium Processing worth it right now? I’ve heard mixed things about whether the ""Country of Birth"" hold overrides the 30-day Premium Processing guarantee. Has anyone in a similar ""born in a banned country but citizen of another"" situation successfully broken through with PP recently?

Appreciate any advice or experiences from others who filed late last year!",1776812953.0,2026-04-21T23:09:13,8,4,/r/f1visa/comments/1ss3zdm/opt_i765_need_advice/,https://www.reddit.com/r/f1visa/comments/1ss3zdm/opt_i765_need_advice/
1ss380i,f1visa,1099 On Post Completion F1-OPT vs W2,"Hey guys,

  
I am fortunate enough to receive an offer as a SWE at a company, however they are only offering it to me as a 1099 for the first 4-6 months and then they would transition me into a W2, but I thought that it was needed to be a W2 and ""true"" employment for F1 OPT as long as it is relevant to my degree (Comp Sci). I have also seen that I can potentially make my own LLC and then W2 myself to that and then contract out of it? (Seems sketchy)

I have another company who is willing to take me on as a W2 but for around 10k+ less per year, so I am looking at WHAT my options are, if the 1099 is even possible and if so then what makes the most sense. 

Any help would be great.

Thanks!",1776811127.0,2026-04-21T22:38:47,1,0,/r/f1visa/comments/1ss380i/1099_on_post_completion_f1opt_vs_w2/,https://www.reddit.com/r/f1visa/comments/1ss380i/1099_on_post_completion_f1opt_vs_w2/
1ss2qeu,f1visa,Travel on F1 OPT after ~5 weeks at new job,"how risky is re-entry?

I’m currently on F1 OPT and recently started a full-time role  (joined on April). I’m planning a short trip to India around May end  (so I’ll have about 5+ weeks of employment by then).

By the time I travel, I expect to have:

\- 2 pay stubs  

\- Valid F1 visa  

\- EAD card  

\- I-20 with travel signature  

\- Employment verification letter  

\- Confirmed client/project  

My HR mentioned that travel can be “very risky,” which made me a bit anxious.

I wanted to ask:

\- Has anyone traveled on OPT shortly after starting a job (around 1 month in)?

\- Were you asked a lot of questions at re-entry?

\- Did working at a consulting company make things harder at immigration?

I plan to keep the trip short (1–2 weeks) and carry all documents.

Would really appreciate hearing your experiences or advice!",1776809950.0,2026-04-21T22:19:10,0,4,/r/f1visa/comments/1ss2qeu/travel_on_f1_opt_after_5_weeks_at_new_job/,https://www.reddit.com/r/f1visa/comments/1ss2qeu/travel_on_f1_opt_after_5_weeks_at_new_job/
1ss1za9,f1visa,How valuable is the STEM OPT to F1 students?,"Hi all! I'm an incoming Communications grad student looking for some advice. I'm trying to decide between two master's programs: an MA program at a better school or an MS program that would give me STEM OPT at my undergrad alma mater. I'll list the details of both programs below.

I think most people would say that the MS program is a no brainer given the rare chance at STEM OPT in a non-STEM field. But how valuable really is it? Since I come from a non-STEM background, I really haven’t looked into its OPT at all. I know that it gives you a 2-year extension, but how useful is it in this day and age with employment opportunities on the low side? I’m also planning on getting a PhD as well, is it advisable that I work for a little bit (say, the 3 years that would come with the STEM OPT) before applying?

MA:

\- No STEM OPT

\- At a much better school (US news top 30, QS top 230) with a bigger respective college

\- Opportunity to expand my network in the field with faculty

\- In state tuition but with minimal chances at getting an assistantship. I will try to find a job/internship to further my work experience, but that won't give me as many perks as an assistantship would

MS:

\- STEM OPT

\- At my alma mater (US news top 55, QS below 500) with a smaller college

\- Have formed close bonds with a few faculty and staff members

\- In state tuition with an assistantship opportunity that I'm basically a shoo-in for, which will cover about half of my tuition and provide stipends and health insurance",1776808218.0,2026-04-21T21:50:18,2,0,/r/f1visa/comments/1ss1za9/how_valuable_is_the_stem_opt_to_f1_students/,https://www.reddit.com/r/f1visa/comments/1ss1za9/how_valuable_is_the_stem_opt_to_f1_students/
1ss1mx0,f1visa,F1 visa partial restriction,"Hey! I have a valid US F1 visa that was issued before the ban but I am sadly part of the partial ban, I am aware that the current proclamation doesn’t affect already existing visas, but I just wanted to make sure, if anyone from the ban list with a F1 visa has travelled recently? Please let me know, I am kind of nervous about this, thank you so much! ",1776807412.0,2026-04-21T21:36:52,4,1,/r/f1visa/comments/1ss1mx0/f1_visa_partial_restriction/,https://www.reddit.com/r/f1visa/comments/1ss1mx0/f1_visa_partial_restriction/
1ss0mnr,f1visa,Eligibility for CPT Transferring from Undergrad to Masters,"Hi everyone, I had a question about CPT/OPT as an international student transferring to graduate school, and wanted to see if anyone has had a similar experience.

I’m graduating this spring from undergrad and joining a graduate program in the fall.

I’ve been offered a summer internship that would require me to use OPT for Summer 2026. The internship may also continue part-time during the academic year, which would then require part-time CPT during Fall/Spring.

Both schools’ international offices said that using OPT only during the summer break between programs does not automatically prevent first-year CPT eligibility, but CPT is still “not guaranteed” and depends on meeting all school requirements.

I wanted to ask if anyone has personally used summer OPT between undergrad and grad school and was still able to get CPT approved in their first semester of grad school as a transfer student? Did using summer OPT make Fall CPT harder in practice, or was it okay as long as the internship met CPT requirements?

Would really appreciate hearing about anyone’s experience. Thank you!",1776805210.0,2026-04-21T21:00:10,2,0,/r/f1visa/comments/1ss0mnr/eligibility_for_cpt_transferring_from_undergrad/,https://www.reddit.com/r/f1visa/comments/1ss0mnr/eligibility_for_cpt_transferring_from_undergrad/
1srxujo,f1visa,"Company asking about future sponsorship after I’ve already accepted internship (F-1, CPT)","Hey everyone,

I’ve already accepted an internship offer and I’m now going through onboarding. As part of that, they asked me the usual work authorization questions:

* Are you currently authorized to work in the U.S.?
* Will you now or in the future require sponsorship?

I’m on an F-1 visa and will be using CPT for this internship, so I’m fully authorized for the duration of the internship and use OPT in the future.

What I’m unsure about is the second question. I genuinely don’t know yet if I want to stay in the U.S. long-term. I might go back to my home country after I graduate, but I also don’t want to completely close the door on staying, which would mean needing sponsorship later.

Since I’ve already accepted the offer, I’m a bit worried about how to answer this. I want to be honest, but I’m not sure if saying I may need sponsorship in the future could cause issues at this stage. At the same time, saying I won’t need it feels like I’m locking myself into something I’m not certain about.

Has anyone been in a similar situation after already being hired? How do companies usually treat this during onboarding?

Would really appreciate any advice or experiences. Thanks!",1776799259.0,2026-04-21T19:20:59,20,0,/r/f1visa/comments/1srxujo/company_asking_about_future_sponsorship_after_ive/,https://www.reddit.com/r/f1visa/comments/1srxujo/company_asking_about_future_sponsorship_after_ive/
1srubrj,f1visa,Issues filing form I-765 for post completion OPT,"Hello, I'm not sure if this is the right place to post this but I've been having some issues while trying to start my form I-765

After clicking submit form in the USCIS website, it leads me to a blank page as attached below. When it should be leading me to a page that gets me started with filing the form.

https://preview.redd.it/tbdj43j4ukwg1.png?width=1080&amp;format=png&amp;auto=webp&amp;s=e28bd77ad4dacaab1d12ba37fc025d93e7a711b3

Does anyone know what the issue might be?",1776792024.0,2026-04-21T17:20:24,2,0,/r/f1visa/comments/1srubrj/issues_filing_form_i765_for_post_completion_opt/,https://www.reddit.com/r/f1visa/comments/1srubrj/issues_filing_form_i765_for_post_completion_opt/
1srsjkj,f1visa,Removal proceeding,"I went to the DMV today and I was told to have a removal proceeding now I wanted to check for myself but I discovered that when I did my change of status I was not given an Alien number, how do I check and confirm the preceding myself since I don't have an Alien number a bit messed up now F1 status changed from B2

Any help will be greatly appreciated",1776788363.0,2026-04-21T16:19:23,1,1,/r/f1visa/comments/1srsjkj/removal_proceeding/,https://www.reddit.com/r/f1visa/comments/1srsjkj/removal_proceeding/
1srqwt1,f1visa,Travel question,"My h1b got picked for this year’s draw, I am graduating on May 18th. Currently I am on f1 visa and that visa stamp expires on Sept 1st 2026. I applied for opt currently which is in progress and I have received the biometric appointment which is on May 5th,2026. I am planning to go to Canada on Apr 25th and come back on May 3rd via US canada border Niagra. Do you think my entry on May 3rd can trigger h1b revoke, entry denial or 100k visa fees, my lawyer already filled LCA with Dept Of Labour.",1776784998.0,2026-04-21T15:23:18,4,0,/r/f1visa/comments/1srqwt1/travel_question/,https://www.reddit.com/r/f1visa/comments/1srqwt1/travel_question/
1srqlcr,f1visa,Applying for F1 while on STEM OPT,"Hey everyone,

I’m currently on STEM OPT in the U.S. and my F-1 visa stamp has expired. I’m planning to travel and will likely need to apply for a new F-1 visa while still on STEM OPT.

Is this something people usually do without issues? Has anyone here recently gone through the process of renewing their F-1 visa while on STEM OPT? Would appreciate hearing about your experience, timelines, or anything to watch out for.",1776784413.0,2026-04-21T15:13:33,7,3,/r/f1visa/comments/1srqlcr/applying_for_f1_while_on_stem_opt/,https://www.reddit.com/r/f1visa/comments/1srqlcr/applying_for_f1_while_on_stem_opt/
1srp4le,f1visa,Travel Before OPT start with a job,"Hey guys, Just curious, if anyone has an idea or any advice. I have my opt start date in July 15th and have a job lined up, but my actual visa expires in August 2026, can i travel outside the country and return before I start my OPT job, after I get my EAD card? Or I should just stay in, and also can visa extensions be given with OPT?",1776781326.0,2026-04-21T14:22:06,3,0,/r/f1visa/comments/1srp4le/travel_before_opt_start_with_a_job/,https://www.reddit.com/r/f1visa/comments/1srp4le/travel_before_opt_start_with_a_job/
1srl8bw,f1visa,Can I purchase health insurance few weeks before graduation?,"I made a stupid decision and did not maintain continuous health insurance coverage. I am graduating from the associate level in May and I have applied for post completion OPT. Can I purchase student health insurance now or is OPT health insurance a better option. To purchase OPT health insurance, do I have to wait until graduation?",1776771948.0,2026-04-21T11:45:48,0,0,/r/f1visa/comments/1srl8bw/can_i_purchase_health_insurance_few_weeks_before/,https://www.reddit.com/r/f1visa/comments/1srl8bw/can_i_purchase_health_insurance_few_weeks_before/
1srjlac,f1visa,F-1 visa revoked a year after short summer program &amp; leaving the USA on-time — anyone else had this happen?,"Hi all,

I’m trying to understand something unusual that happened to me and wondering if anyone here has had a similar experience.

Back in 2017, I went to the U.S. on a 5-year-validity F-1 visa for a short summer semester exchange (around a couple of months, 1 summer semester). I completed the program and left the U.S. on time — no overstay, no work, no violations.

Then in late 2018, I received an email from the U.S. embassy saying that my F-1 visa had been revoked, with the wording that “additional information became available after issuance.”

This confused me because:

* My program had already ended long before
* I wasn’t in the U.S. anymore
* I didn’t violate any visa conditions
* None of my friends from the same program received such a notice

I’m now planning to apply for a B1/B2 tourist visa, and I want to understand:

* Has anyone had their F-1 visa revoked *after* completing a short program and leaving the U.S.?
* Was it considered a routine/administrative thing?
* Did it affect your future visa applications?

Would really appreciate hearing from anyone who’s gone through something similar or has insight into how common this is.

Thanks in advance!",1776767009.0,2026-04-21T10:23:29,20,38,/r/f1visa/comments/1srjlac/f1_visa_revoked_a_year_after_short_summer_program/,https://i.redd.it/bpio012asiwg1.png
1src5nn,f1visa,F1 visa and one year of university,"Hi, I'd like to apply for an F1 visa next year. I'm from Uruguay, but I wanted to know what happens if I spend a year at university in my country before the interview, or if I spend half a year there, or if I don't study at all and just work. Does that significantly affect the interview?

 As far as I know, it doesn't affect university studies.

 I'm currently studying mechatronics engineering and would like to work in automotive mechanics. ",1776742215.0,2026-04-21T03:30:15,5,1,/r/f1visa/comments/1src5nn/f1_visa_and_one_year_of_university/,https://www.reddit.com/r/f1visa/comments/1src5nn/f1_visa_and_one_year_of_university/
1srbj2f,f1visa,Real ID renewal during I-20 transition time,"Hi everyone, just got into a strange and confused situation for myself and would love someone to explain what to expect.

I recently got notified that my real id will get revoked April 23rd because of the California DMV system error, while my license are supposed to be expired in June. Since I still need to drive my car, I chose to go to the DMV to deal with it. Here is the problem: I am actually graduating and currently in the process of transferring the I-20 to the new school (graduate school). In normal case, this process won't be finished until the last day of my program, which is late May, so ideally, they would not let me renew or process this since the I-20 end date is way too close to now.

But I went to the office but they still managed to get my real ID renew, while also having trouble on the program end date and I-94 end date (D/S). While this is in process, the I-20 transition will likely happen at the same time, since they need around 4 weeks to process the new ID, while around this time the I-20 will be transfer to the new school. 

I saw someone say that in this case the renew process will be stopped and I need to go back to the DMV with the new I-20. I want to ask if this is the case, or it will be fine since the I-20 transition still remains having the same SEVIS number. 

Thank you so much for the help!",1776740438.0,2026-04-21T03:00:38,0,0,/r/f1visa/comments/1srbj2f/real_id_renewal_during_i20_transition_time/,https://www.reddit.com/r/f1visa/comments/1srbj2f/real_id_renewal_during_i20_transition_time/
1sral31,f1visa,SEVIS Fee at New Institution?,"Hi everyone, if I paid a SEVIS fee for my undergrad, left after graduation (and my I20 expired), and I am now returning for a doctoral program at a new institution, do I need to pay another SEVIS? ",1776737892.0,2026-04-21T02:18:12,2,1,/r/f1visa/comments/1sral31/sevis_fee_at_new_institution/,https://www.reddit.com/r/f1visa/comments/1sral31/sevis_fee_at_new_institution/
1sr97xo,f1visa,Advice regarding new job offer from quintrix.,"Hello guys,

I am working for X company and I am offered a role in quintrix but they are asking me to do a 4 week training period.

I am on opt- stem opt.

Has anyone gone through similar kind of experience with this or any other company?",1776734265.0,2026-04-21T01:17:45,0,0,/r/f1visa/comments/1sr97xo/advice_regarding_new_job_offer_from_quintrix/,https://www.reddit.com/r/f1visa/comments/1sr97xo/advice_regarding_new_job_offer_from_quintrix/
1sr6umx,f1visa,Help Regarding STEM OPT,"Hello, I am a F-1 student currently on initial post completion OPT.  
  
Hi, I recently started working for a company ABC (1 week ago) which is owned by this company XYZ.   
Now, I have to add that employer on my SEVP Portal (within 10 days of beginning employment). Also, I will apply for STEM OPT extension through this employer in about 10 days.  
  
Also, I started process for STEM OPT and my form I-983 is prepared by company's lawyers. They told me that company's name is XYZ LLC dba ABC, but the official name of company on E-verify portal (https://www.e-verify.gov/e-verify-employer-search) is only XYZ LLC.

So now come, my two questions:

1. Should I put the company name as ABC or XYZ LLC on SEVP Portal? (The reason because on my STEM OPT I-20, I want the company name to be correct)  
  
2. Also, even if the company's lawyers told me to put company's name as XYZ LLC dba ABC on Form I-765 (STEM OPT), I should put the name as XYZ LLC, right? (which I see on E-verify portal)

  
Please help me, any input/guidance would be appreciated.",1776728142.0,2026-04-20T23:35:42,7,0,/r/f1visa/comments/1sr6umx/help_regarding_stem_opt/,https://www.reddit.com/r/f1visa/comments/1sr6umx/help_regarding_stem_opt/
1sr6tol,f1visa,"Im rising junior, will changing major affect my visa renewal","Hi, I am a rising junior, and my f1 visa is issued for one year, which means i have to renew it every year to be able go back home. In my first interview, i said i want to major in comp science, but now since my school liberal arts, i tried many fields, i liked accounting more. And therefore i declared my major as accounting, business. When i go back home this summer, can i get rejected because of this? I have no violations ",1776728075.0,2026-04-20T23:34:35,2,1,/r/f1visa/comments/1sr6tol/im_rising_junior_will_changing_major_affect_my/,https://www.reddit.com/r/f1visa/comments/1sr6tol/im_rising_junior_will_changing_major_affect_my/
1sr50ix,f1visa,OPT Pending - SEVIS Transfer,"Hi,

I completed my MS and applied for OPT. But I already received a PhD admission offer and am planning to join that in the fall. So, I think I need to do a SEVIS transfer. However, my MS OPT is still pending for the last 5-6 months. I am not planning to do a job in between, even if the OPT gets approved. 

But I am not sure about the timeline when I should do the SEVIS transfer to be on the safe side. Any suggestions would be helpful.

Thank you!",1776723666.0,2026-04-20T22:21:06,5,1,/r/f1visa/comments/1sr50ix/opt_pending_sevis_transfer/,https://www.reddit.com/r/f1visa/comments/1sr50ix/opt_pending_sevis_transfer/
1sr1p9g,f1visa,"I-94 records missing , CBP says it’s should be fine","Hey everyone, I visited Chile 🇨🇱 last month for 8 days. When I checked my recent I-94, it still shows the first time I entered the United States, that was last year . Also, when I checked my travel history, it says “no record found.”

While returning, I landed in Dallas, but my college is not located there. 

I called the nearest CBP office (not Dallas) two weeks back . 

**Call 1:** They told me to email all my documents (passport, I-20, and visa), and they would get it updated.

**Call 2:** I called again a week later, and they asked me to send the email again, saying they would take care of it.

**Call 3 (today, another week later):** This time, they said they don’t manage travel history. They also mentioned that since I traveled to Chile, which falls under Western Hemisphere travel, and the trip was under 30 days, the dates would not be updated and would remain the same as last years in the recent I-94.

Is there any way to make sure the information is correct as they don’t reply on the emails that I have sent . 

Thank you in advance !! ",1776716406.0,2026-04-20T20:20:06,6,9,/r/f1visa/comments/1sr1p9g/i94_records_missing_cbp_says_its_should_be_fine/,https://www.reddit.com/r/f1visa/comments/1sr1p9g/i94_records_missing_cbp_says_its_should_be_fine/
1sqzzo2,f1visa,Lawfully F1 reinstatment,"How accurate is the lawfully app to keep tabs on I539 application. In the “ranking”, i was 1st/2, then 2 more cases were added 1st/4, then another 2 cases added 2nd/6 i have seen cases added moved before mine 3rd/ 5 and some got responses already. Now i’m 1st/3(33%) i’m not even sure what that means and if it truly predicts my case will be attended to soon. The wait for F1 reinstatement is soooo difficult and emotionally draining. I just need anything that can give me a little bit of HOPE right now.",1776713252.0,2026-04-20T19:27:32,16,1,/r/f1visa/comments/1sqzzo2/lawfully_f1_reinstatment/,https://www.reddit.com/r/f1visa/comments/1sqzzo2/lawfully_f1_reinstatment/
1sqx1cc,f1visa,OPT - Switching to premium processing?,"Hello guys! I am wondering if I should upgrade to Premium Processing or if I should keep waiting for mi initial post-completion OPT, taking in consideration that I have a job offer starting June 22nd, this is my timeline:

\- March 20th application sent

\- March 28th biometrics appointment scheduled

\- April 1st biometrics completed

I am not from a banned country.

Its kind of a dilemma for me cause I don't have the cash to pay for PP, I would need to use my credit card.

And one last question: do they take in consideration the \~500 USD that we already paid for normal processing?

TIA!",1776707909.0,2026-04-20T17:58:29,13,7,/r/f1visa/comments/1sqx1cc/opt_switching_to_premium_processing/,https://www.reddit.com/r/f1visa/comments/1sqx1cc/opt_switching_to_premium_processing/
1sqv81l,f1visa,Automatic Visa Revalidation (AVR) for OPT pending approval,"Hi! I graduate in May and was wondering if I could go on a cruise for a few days to celebrate.

I have already applied for OPT, but have not received my EAD. My F1 visa has expired, and my I-20 has my graduation date (May 8) as ""End date"". But since my I-20 also shows the OPT request, I'm wondering if that's enough for AVR at a port.

Has anyone been in that situation before?",1776704285.0,2026-04-20T16:58:05,2,1,/r/f1visa/comments/1sqv81l/automatic_visa_revalidation_avr_for_opt_pending/,https://www.reddit.com/r/f1visa/comments/1sqv81l/automatic_visa_revalidation_avr_for_opt_pending/
1squd9g,f1visa,Opt while in PhD,"As the title reads, I'm on a OPT while I'm doing my PhD. I was applying STEM OPT, when I realized my organization isn't E-verified. My EAD ends on June 29. Any people doing or have done OPT during PhD, I have some questions:  
1. What happens to my PhD when I can't apply STEM OPT before my EAD card expiration?  
2. Is there a way I can return back to F1 from OPT?  
3. What is the best move forward?   
I'm losing hope of applying for STEM OPT after getting jobs, because of my short timeline. Please let me know what might be my next step. I appreciate all the support.",1776702520.0,2026-04-20T16:28:40,9,0,/r/f1visa/comments/1squd9g/opt_while_in_phd/,https://www.reddit.com/r/f1visa/comments/1squd9g/opt_while_in_phd/
1squb9w,f1visa,Renewing F1 visa while on OPT,"Hi all, I’m a bit confused about the process for renewing my F1 visa while on OPT, and I haven’t been able to find clear step by step information online...

I’m currently on OPT, and I have a valid EAD card, a valid travel signature on my I20.

My F1 visa stamp expires in early May, and I’m planning to travel home (to Malaysia) for a couple of weeks after it expires.

I have a few questions:

1. What are the actual steps to renew an F-1 visa while on OPT? I came across the USTravelDocs site and it looks like I need to fill out the DS-160 first. Is that the correct first step?
2. The DS-160 asks for a tentative travel date, but I’m currently in the US. Should I put my expected re-entry date to the US, after exiting?
3. What does the renewal process typically look like? I keep seeing people mention Aramex 'dropbox' or 'dropoff'. What exactly does that mean, and where can I find official information about whether I qualify?
4. Since I’m currently in the US and have about 3 weeks before I travel to Malaysia, would the visa renewal process be done in the US or in Malaysia? Do I need to attend an appointment in person in Malaysia, or is there any way to submit something while still in the US?

Sorry if these are basic questions. I feel a little lost and just want to make sure I understand the process correctly. I’d really appreciate any guidance on this!!

Thank you in advance!",1776702403.0,2026-04-20T16:26:43,2,6,/r/f1visa/comments/1squb9w/renewing_f1_visa_while_on_opt/,https://www.reddit.com/r/f1visa/comments/1squb9w/renewing_f1_visa_while_on_opt/
1sql9t2,f1visa,"Got $200K AI startup offer, visa expires in 7 weeks","I was laid off last month couple of days before the H!B lottery. Wasn't applying much considering I only had a couple of months left in my STEM, but a recruiter reached out to me and I agreed to interview. Now I have an offer.

Problem: My work authorization(STEM OPT) expires June 12 (7 weeks). They never asked for it so i never told them(they know I am on Stem though), I was ready to go back home but this offer is too good to let go. No H1B attempts left.

Options I'm considering:

1. Day 1 CPT - enroll in MS program this week (already have MS)
2. Work until June 12, then go back home (if they allow?, then remote afterwards)

Should I accept? What's the safest path here for continuous work authorization?",1776680569.0,2026-04-20T10:22:49,6,0,/r/f1visa/comments/1sql9t2/got_200k_ai_startup_offer_visa_expires_in_7_weeks/,https://www.reddit.com/r/f1visa/comments/1sql9t2/got_200k_ai_startup_offer_visa_expires_in_7_weeks/
1sqk6yb,f1visa,Should I put yes or no on other relative section in ds160!,My father's cousins are in usa and my mother applied to b1/b2 visa previoulsy as there were sponsering my mother . I dont have a solid contact with them but my mother has. So can you tell me should I mention them as other relative or Can i directly tick on no!,1776676806.0,2026-04-20T09:20:06,1,1,/r/f1visa/comments/1sqk6yb/should_i_put_yes_or_no_on_other_relative_section/,https://www.reddit.com/r/f1visa/comments/1sqk6yb/should_i_put_yes_or_no_on_other_relative_section/
1sqjuay,f1visa,Work/Education/Training section on the DS-160,"As a gap year student who applied for undergraduate, what “Primary Occupation” should I enter under the “Present” Category of the Work/Education/Training section?

I’m confused between “NOT EMPLOYED”, “STUDENT”, &amp; “OTHER”.

“STUDENT” &amp; “OTHER” options ask me to enter the details of my school (which I’ve already entered under the “Previous” category, and therefore might come off as conflicting information).

“NOT EMPLOYED” seems to be the better choice, but I was worried if this option was primarily for people who finished an undergraduate degree, not high school.

Any help would be appreciated!",1776675536.0,2026-04-20T08:58:56,0,1,/r/f1visa/comments/1sqjuay/workeducationtraining_section_on_the_ds160/,https://www.reddit.com/r/f1visa/comments/1sqjuay/workeducationtraining_section_on_the_ds160/
1sqjfgj,f1visa,Will gap year between undergrad and first job and another one between last job and current job affect my f1 visa chances,"After a year long gap, I started new job in March. I wanted to know how it will affect my F1 Visa chances for Masters? Other than that, I have no parents and only 2 sisters in my home country one of whom is unmarried. And I already have an F1 rejection and 2 Schengen rejections.",1776674044.0,2026-04-20T08:34:04,3,1,/r/f1visa/comments/1sqjfgj/will_gap_year_between_undergrad_and_first_job_and/,https://www.reddit.com/r/f1visa/comments/1sqjfgj/will_gap_year_between_undergrad_and_first_job_and/
1sqff95,f1visa,Should I go to my home country for F-1 restamping?,"Currently on OPT, STEM OPT application submitted…expecting it in 2 months ish, US F-1 expires June 2025

I want to travel for next 2 years in STEM OPT. It is a stupid idea to go to India for my F-1 restamping considering the F-1 rejection rate is high. I’m working at a Fortune 500 in the data space.",1776660462.0,2026-04-20T04:47:42,3,2,/r/f1visa/comments/1sqff95/should_i_go_to_my_home_country_for_f1_restamping/,https://www.reddit.com/r/f1visa/comments/1sqff95/should_i_go_to_my_home_country_for_f1_restamping/
1sqer7m,f1visa,STEM OPT extension without employer E-verification - any alternatives?,"Hi everyone,

I’m currently on initial OPT going to start working in a healthcare/data-related role, and I’m trying to figure out my options for the STEM OPT extension.

My situation:

I have about 5 months left on my initial OPT

My current employer is a small healthcare organization (clinic/administrative setting, not a large corporate setup)

The role is directly related to my degree

They are willing to support and sign the I-983 training plan

BUT they are not E-Verified and not planning to enroll anytime soon

From what I understand, E-Verify is mandatory for STEM OPT, but I wanted to ask:

\# Are there any alternatives to switching jobs?

\# Has anyone successfully handled a situation like this

\# Is there any workaround if the employer is willing to fully support training but not E-Verify?

I’m trying to plan early instead of panicking closer to my OPT end date, so any advice or experiences would really help.

Thanks in advance!",1776658379.0,2026-04-20T04:12:59,4,0,/r/f1visa/comments/1sqer7m/stem_opt_extension_without_employer_everification/,https://www.reddit.com/r/f1visa/comments/1sqer7m/stem_opt_extension_without_employer_everification/
1sqa45z,f1visa,Summer Travel Advice Needed (F1 + SEVIS Transfer),"I am currently a Master’s international student in the USA and graduating summer 2026, planning to defend my thesis at the end of May or early June. I have already been accepted into a PhD program at another university, and I will be transferring my SEVIS record around the middle of next month. My current assistantship/contract will end in May, and I will receive a new I-20 from my new school.

I am planning to travel back to my home country this summer to spend some time with my family and then return to the USA before my PhD program starts.

My question is:

Is it wise to travel during this transition period (after SEVIS transfer but before starting the new program)?

Or would it be safer to stay in the USA and travel later after starting the PhD?

Also, what things should I be careful about while traveling in this situation? (documents, immigration questions, etc.)

I would really appreciate any suggestions or personal experiences. Thank you in advance",1776645482.0,2026-04-20T00:38:02,2,1,/r/f1visa/comments/1sqa45z/summer_travel_advice_needed_f1_sevis_transfer/,https://www.reddit.com/r/f1visa/comments/1sqa45z/summer_travel_advice_needed_f1_sevis_transfer/
1sq5n68,f1visa,Started job on STEM OPT - employer unsure about signing I-983 after I already joined,"Hey everyone,

I recently started a new job and have been working for a couple of days. During hiring and onboarding, no one asked about my work authorization. I completed my I-9 and I’m already set up on payroll.

I’m on STEM OPT, so I asked my manager to sign the I-983. Manager said the company usually doesn’t support “work visa holders” and wants to check with HR.

I explained that:

I-983 is **not submitted to USCIS**

It’s just a training plan

It’s only for my university to maintain my STEM OPT

Manager said she’ll follow up with HR.

Now I’m worried because:

I’ve already started working and getting paid

If they don’t sign, I can’t report this job

That could affect my STEM OPT status

Has anyone been in this situation?

What happens if they refuse after I already started?

Should I wait or start looking for another job?",1776633963.0,2026-04-19T21:26:03,26,20,/r/f1visa/comments/1sq5n68/started_job_on_stem_opt_employer_unsure_about/,https://www.reddit.com/r/f1visa/comments/1sq5n68/started_job_on_stem_opt_employer_unsure_about/
1sq115u,f1visa,"Can a $10/hr, 20 hrs/week Software Intern role qualify for STEM OPT?","Hey everyone,

I recently graduated with an MS in CS and I’m currently on OPT, planning to move to STEM OPT soon. I’ve been offered a Software Intern role, but the pay is $10/hour and it’s 20 hours per week.

Minimum wage $7.25

The work is related to my degree (coding, development tasks, etc.), and the employer is willing to do E-Verify.",1776623509.0,2026-04-19T18:31:49,7,6,/r/f1visa/comments/1sq115u/can_a_10hr_20_hrsweek_software_intern_role/,https://www.reddit.com/r/f1visa/comments/1sq115u/can_a_10hr_20_hrsweek_software_intern_role/
1sq0utm,f1visa,Got a job offer but not OPT reliance,"Hello,

I completed my masters in information technology management in dec 2025. I applied for jobs as more as possible but no response from it. Currently, I do have a job offer in hand but it is mechanical based as my bachelor’s was in mechanical engineering. the job title says “Sheath Operator” tho i’m not that of a labour to be working in a workshop but just as helper but my roles also include ERP/ Inventory management and tracking materials or maybe something like analysing blueprints and co ordination with ground professionals in the workshop. 

The confusion is how do i relate it to my OPT ? my masters was in ITM and this doesn’t come under IT or management I presume. What should I do in this situation? should I relate or no ? 

( I’m on intial OPT and 5 months left to apply STEM )

Please i need good responses on this issue. Much appreciated.

Thank you",1776623124.0,2026-04-19T18:25:24,0,3,/r/f1visa/comments/1sq0utm/got_a_job_offer_but_not_opt_reliance/,https://www.reddit.com/r/f1visa/comments/1sq0utm/got_a_job_offer_but_not_opt_reliance/
1sq0k5g,f1visa,Safe to Travel ~4 Months Before F‑1 Visa Expiry While on STEM OPT + Planning CPT?,"I’m on F‑1 STEM OPT and planning to travel to India for my brother’s engagement from late June to mid‑July 2026. 

My F‑1 visa expires on 02 Nov 2026, my STEM OPT EAD is valid until 28 Jan 2027, my H‑1B wasn’t picked in the last round, and I’m planning to start a CPT program in Jan 2027. 

Since I can’t risk traveling close to my visa expiry for the wedding in November, I’m trying to confirm whether it’s generally safe to re-enter the U.S. with about 4 months of visa validity left??? 

I’ll be returning to my job and will carry my valid visa, STEM OPT EAD, updated I‑20 with travel signature, employment verification letter, and paystubs. Has anyone traveled on STEM OPT with a visa close to expiration, and was re-entry smooth?",1776622473.0,2026-04-19T18:14:33,0,2,/r/f1visa/comments/1sq0k5g/safe_to_travel_4_months_before_f1_visa_expiry/,https://www.reddit.com/r/f1visa/comments/1sq0k5g/safe_to_travel_4_months_before_f1_visa_expiry/
1spz2js,f1visa,Wasted 2 H1B attempts in non-sponsoring job… should I quit to upskill before my last try?,"Hi all,

I completed my MS in CS in May 2024 and after \~8 months of job search, I got a job in Jan 2025 on F1 OPT. The problem is this job does not sponsor H1B, so I’ve already lost 2 lottery attempts.

The role itself is very basic (Excel, SQL, dashboards) and not aligned with current AI/ML market demand. Even though the company name is big, the job is at a manufacturing plant located in a very small, remote village. There’s no community here, and honestly loneliness + lack of growth is affecting me mentally.

The job is fully onsite 5 days a week with \~1 hour daily commute, and by the time I get back I have no energy left to upskill properly. I’ve tried for almost a year, but I feel like nothing has changed and I don’t see a way to break this mundane cycle.

My last H1B attempt is next March. I’m thinking of leaving this job, staying with friends for some time, seriously upskilling (AI/ML, data engineering, cloud), and applying aggressively to roles that sponsor H1B.

But I’m scared to leave a stable paying job in this market, even though staying here feels like career stagnation.

Has anyone taken a break to upskill on OPT?

Is it too risky to quit now and focus full-time on preparing for better roles?

Would really appreciate honest advice. Feeling quite stuck.",1776619293.0,2026-04-19T17:21:33,19,24,/r/f1visa/comments/1spz2js/wasted_2_h1b_attempts_in_nonsponsoring_job_should/,https://www.reddit.com/r/f1visa/comments/1spz2js/wasted_2_h1b_attempts_in_nonsponsoring_job_should/
1spz07z,f1visa,F-1 Visa Interview Cancelled,"Hello!

I got a notification today that my student visa interview for May 6, 2026 was canceled without being provided with any reason.

My interview was scheduled to be in Muscat, Oman.

Does anyone know why they usually cancel interviews? I have held (and currently hold) an F-1 Visa which expires at the end of June, 2026, and hence was interviewing to renew. I was able to reschedule to interview in mid-June, 2026 but was wondering if anyone else has had their interview canceled in the past without reason.

Thank you!! ",1776619148.0,2026-04-19T17:19:08,4,5,/r/f1visa/comments/1spz07z/f1_visa_interview_cancelled/,https://www.reddit.com/r/f1visa/comments/1spz07z/f1_visa_interview_cancelled/
1spwcnw,f1visa,Help!!OPT EAD (PRE completion&gt;&gt; Post completion ),"Applied for OPT yesterday but accidentally selected pre-completion (c)(3)(A) instead of post-completion (c)(3)(B) accidentally what can I do know . If I withdraw my application how long does it take. What steps can help me now? Looking for suggestions and guidance 



  My time line

Applied :April 17 2026

Graduation date :may 15 2026",1776613172.0,2026-04-19T15:39:32,2,0,/r/f1visa/comments/1spwcnw/helpopt_ead_pre_completion_post_completion/,https://www.reddit.com/r/f1visa/comments/1spwcnw/helpopt_ead_pre_completion_post_completion/
1spp6xb,f1visa,Do I have to pay the SEVIS Fee again?,"My SEVIS Fee was last time paid on April 30, 2025. Does it mean this year if I am not able to secure interview date within April 30, I will have to pay the SEVIS Fee again?

Last year I got my visa rejected with X College. This year, I’m going for Y College.

\- Should I transfer my SEVIS? What should I do here about the SEVIS.

\- Can I use the same SEVIS fee and attend the interview?",1776594121.0,2026-04-19T10:22:01,0,0,/r/f1visa/comments/1spp6xb/do_i_have_to_pay_the_sevis_fee_again/,https://i.redd.it/c098uj6gi4wg1.jpeg
1spjiix,f1visa,"i took my biometric appointment on march 9th, still no update, do i mail them my appointment location?","OPT application date: Dec. 30th

biometric appointment date: march 9th.

update: n/a

uscis website is very confusing, it says:""is still being processed. We do not currently need anything from you but will contact you if we need additional information regarding your case.""

but on the bottom of the message, they asked for responding this notice:

[Review the notice](https://my.uscis.gov/account/case-service/api/cases/IOE9573888498/documents/sDKOiWrv1ZLFcXgmomUDJtKjzJacZDXWUnw9VomL6ww?filename=Request%20for%20Evidence.pdf) we sent and respond with the requested evidence by **Thursday, May 21, 2026 at 12:00 a.m. EDT**

Respond with evidence

chatgpt says do nothing. what should i do guys?

  
update: I got approved after submitting the RFE on the second day. thank you guys for the information, hope you all get it soon. ",1776574668.0,2026-04-19T04:57:48,8,2,/r/f1visa/comments/1spjiix/i_took_my_biometric_appointment_on_march_9th/,https://www.reddit.com/r/f1visa/comments/1spjiix/i_took_my_biometric_appointment_on_march_9th/
1spe2w1,f1visa,Failed class in final semester but got EAD for post completion OPT. DSO says I have to withdraw the already gotten EAD. What are my options?,"Grades are released after my program end date. After the end of the quarter, I find out I failed a class. I had already applied for and gotten my ead.

I tell my DSO and ask for a program end date extension. They say no. That my EAD is also null and I have to re enter for a new i20 out file reinstatement (they are unwilling to do this).

I see other posts saying I don’t have to do this. What are my actual options?",1776558443.0,2026-04-19T00:27:23,33,22,/r/f1visa/comments/1spe2w1/failed_class_in_final_semester_but_got_ead_for/,https://www.reddit.com/r/f1visa/comments/1spe2w1/failed_class_in_final_semester_but_got_ead_for/
1spck3k,f1visa,F1 visa renewal for this summer,My visa is expiring in July and my country is in the travel ban list. Would you guys suggest that I go back and renew my visa since they still allow visa renewal but it's just unpredictable? I am graduating next year and wanna do a master and I don't want to have issues when applying to grad school and overall just know that I can travel whenever. ,1776554297.0,2026-04-18T23:18:17,3,2,/r/f1visa/comments/1spck3k/f1_visa_renewal_for_this_summer/,https://www.reddit.com/r/f1visa/comments/1spck3k/f1_visa_renewal_for_this_summer/
1sp99ef,f1visa,Stem OPT - requested and travel,"Is it safe to travel on the Stem Opt requested I-20? 

I have to go out of US for a week and will be back.

Has anybody experienced this recently?

Thnx",1776545944.0,2026-04-18T20:59:04,0,4,/r/f1visa/comments/1sp99ef/stem_opt_requested_and_travel/,https://www.reddit.com/r/f1visa/comments/1sp99ef/stem_opt_requested_and_travel/
1sp8vkv,f1visa,Dual national of a banned country born in a non-banned country,"Hi everyone,

I’m still in college and yet to graduate but I’ve been reading and hearing a lot about the current climate of things especially as it relates to the USCIS hold on opt for nationals of the 39 banned countries. 

I was born in a country not listed as part of the 39 or 75 but do have dual citizenship in one of the 39 countries from a parent. Will this pause also affect me if it hasn’t been lifted by the time I am applying for opt? I’ve used both passports to enter the US but my most recently used one is that of the non-banned country I was born in.

The screenshot above is sort of the only thing I can refer to from the original proclamation but it doesn’t entirely fit my situation as I’ll be applying for opt (a nonimmigrant benefit).",1776545006.0,2026-04-18T20:43:26,2,1,/r/f1visa/comments/1sp8vkv/dual_national_of_a_banned_country_born_in_a/,https://i.redd.it/15y1croeg0wg1.jpeg
1sp87jc,f1visa,SEVIS Terminated after a year and a half in US on F-1,"Good afternoon! I hope everyone is doing great. My SEVIS was terminated about two months ago and I have been over-staying. I am considering going back to Pakistan and re entering with a new I-20, as it is the best, lowest risk option suggested to me, but I can see the risks as my case is week, the reason the DSO gave me was ‘failure to enroll’ and I do not have anything strong to backup my case with except the fact that I had mental distress and uncertainty about the decisions I made regarding my college and location in the US. I have been is depression most of the time since my first entry to the US in Jan 25. Everyone please! give your opinion regarding my next steps. Reinstatement seems like an unlikely option as there would be no point of return once the case is rejected and my case is apparently a weak one. The in and out option has been in my mind and their is no other personal problem in it except for the risk of re entry due to two months of overstay, zero academic progress in the one and a half year I have been in the US, and a transfer to community college where drkm my SEVIS was terminated because I did not enroll for 2nd semester because at the time I was lost and didn’t give a damn about myself or my career. Now I am wide awake but the shit has already went down the drain. Plus I believe that I can start it all over again and I won’t do so bad again and repeat my mistakes, that is, if I am allowed again to do so. Any pieces of advices will be appreciated, Thanks for reading.",1776543425.0,2026-04-18T20:17:05,29,12,/r/f1visa/comments/1sp87jc/sevis_terminated_after_a_year_and_a_half_in_us_on/,https://www.reddit.com/r/f1visa/comments/1sp87jc/sevis_terminated_after_a_year_and_a_half_in_us_on/
1sp0wq1,f1visa,80% of Biometrics Requested for OPT Come in on Fridays or Satrudays,"I've analyzed the megathread and from the looks of it, 80% of **268 data points** had their biometrics scheduled on Friday or Saturday. No clue why is USCIS following this pattern though.

https://preview.redd.it/ibflkbumxyvg1.png?width=1200&amp;format=png&amp;auto=webp&amp;s=6b439eb399c3128e2efd254697a489880dd36f86

",1776526660.0,2026-04-18T15:37:40,16,20,/r/f1visa/comments/1sp0wq1/80_of_biometrics_requested_for_opt_come_in_on/,https://www.reddit.com/r/f1visa/comments/1sp0wq1/80_of_biometrics_requested_for_opt_come_in_on/
1sp0221,f1visa,F1 - schedule app issue,i have filed the DS-160 and submitted it and got the confirmation number but  still give me this error while trying to schedule an app (filed the DS-160 16hour ago) is there any solution for this.,1776524726.0,2026-04-18T15:05:26,0,0,/r/f1visa/comments/1sp0221/f1_schedule_app_issue/,https://i.redd.it/89iiop9tryvg1.png
1sox0ec,f1visa,F-1 Opt employee laid off,"Hi everyone, I’m in this very difficult situation and would love some advice. I was laid off yesterday and have two options : take 10 weeks severance pay or do a pip of 2-3 weeks with no severance( 7x less money) With the attitude that my manager has towards me I’m a 100% certain that being on pip will not lead to continued employment.

Now here’s my situation, my ead expires on July 14 and I had pushed my law firm to file for a new ead earlier (but they had said that they can’t do it before the 90 days of expiration). They are going to start the process on Monday. They have the case documents but I’ll have to fill some forms and I also have to get the stem extension I-20 from dso. What I have also understood is that I can start the process myself (but I’m not sure about that). I have to give my answer on Wednesday on which option I want to go with.

If I get my process started on Monday, and decide to go with severance on Wednesday, how will that impact my stem opt application? What should I do in this situation? Also once stem opt is approved, my understanding is that I will get 150 unemployment days instead of 90, even if I’m unemployed while my status changed, is that understanding correct?

Thanks for any insights, appreciate it!

Update 4/22

Thanks for your help everyone. I wanted to share that my manager signed the I-983 and the law firm will be filing the stem opt in the next 2-3 days with premium processing. Additionally, I convinced my manager and the HR to put my last date next Friday (5/1) to resolve my immigration issues if I take the severance. I’m about to accept those conditions. My only concern is that if my stem opt is filed this week by Thu or Fri, will one week be enough for USCIS to approve it? I’ve read a few posts where people who were laid off after the filing did get approved and received their ead. In any case, my pip is only 2-3 weeks long, so taking that option does not make sense.

Another thing: I was picked for H1B lottery this year and the law firm is preparing my docs. I’m not following up with them to halt it. In case they file it by next Friday, what will happen? If I find another job, will that H1B get transferred? Or should I withdraw it?

TIA!",1776517192.0,2026-04-18T12:59:52,27,5,/r/f1visa/comments/1sox0ec/f1_opt_employee_laid_off/,https://www.reddit.com/r/f1visa/comments/1sox0ec/f1_opt_employee_laid_off/
1soswaz,f1visa,URGENT: OPT Start Date Mismatch (Employer Moved Earlier) - Any Safe Way to Change While Pending?,"Hi everyone,

I’m in a bit of a situation with my OPT application and could really use some advice.

I applied for OPT with a requested start date of July 10, but my employer has now moved my start date earlier to July 6. At this point, I’ve already completed my biometrics appointment, and my application is still pending (regular processing, not premium).

I’m trying to figure out if there’s any safe or legitimate way to change my OPT start date while the application is still pending. I’m open to options like upgrading to premium processing, reapplying, or paying any additional fees if that helps-but I don’t want to risk my status or cause issues with USCIS.

Has anyone been in a similar situation or knows what the best course of action might be? because my employer is not changing the date.

Any guidance or experiences would be really appreciated. Thanks in advance!",1776504262.0,2026-04-18T09:24:22,9,3,/r/f1visa/comments/1soswaz/urgent_opt_start_date_mismatch_employer_moved/,https://www.reddit.com/r/f1visa/comments/1soswaz/urgent_opt_start_date_mismatch_employer_moved/
1sop9dl,f1visa,What to write in the not employed section? DS-160?,"As I was filling out the DS-160 form there was a section where I have to expalin what I did in my 1 year gap year . I graduated in May of 2025 and applied for fall intake 2026 so may be I have to expalin what I did in between. But all I did was prepare for SAT , research for colleges, followed my hobby and interest for music and guitar and started learning music on a deep level. Yeah thats all I did. People are telling me that this one is the most important section in the ds-160 so please help me out guys!!!",1776491758.0,2026-04-18T05:55:58,1,0,/r/f1visa/comments/1sop9dl/what_to_write_in_the_not_employed_section_ds160/,https://www.reddit.com/r/f1visa/comments/1sop9dl/what_to_write_in_the_not_employed_section_ds160/
1soev59,f1visa,University Assistance,"Hi everyone, 

My boyfriend from Italy has been on an F-1 Visa attending a community college in our area since 2025. Recently he has been struggling with the issue of transferring to a university and what financial assistance/scholarships/aid are available to help him continue to attend university and live in the U.S., as it is very expensive and he cannot continue to afford it without some type of help. 

I am about to graduate and earn my Master’s degree, and am a U.S. citizen. Is there anything I can do that would help him here (I know many people suggest marriage in this case, or at least that is what I have heard), or do you know of any resources to go to as far as figuring out what F-1 students can receive for assistance? 

Thank you in advance! ",1776462812.0,2026-04-17T21:53:32,4,0,/r/f1visa/comments/1soev59/university_assistance/,https://www.reddit.com/r/f1visa/comments/1soev59/university_assistance/
1soe3rr,f1visa,"Which i20 should I get first, STEM OPT or cap gap","I’m on F1 OPT right now and my OPT expires in July. My employer filed my H1B as change of status, and I’m also planning to apply for STEM OPT as a backup in case anything happens before Oct 1, like layoffs or withdrawal.

I’m confused about the timeline between STEM OPT and cap gap.

My questions:

1.Should I request the STEM OPT I20 first or the cap gap I20 first?

2.If my H1B gets approved and becomes active on Oct 1,but my STEM OPT gets approved later, what happens then?

3.If something happens with my employer before Oct 1, can STEM OPT still protect me if it was already filed or approved?

Trying to understand the safest way to handle this. Would appreciate any advice from people who’ve been through this.",1776461056.0,2026-04-17T21:24:16,2,7,/r/f1visa/comments/1soe3rr/which_i20_should_i_get_first_stem_opt_or_cap_gap/,https://www.reddit.com/r/f1visa/comments/1soe3rr/which_i20_should_i_get_first_stem_opt_or_cap_gap/
1sodyiv,f1visa,Is it advisable to apply for Pre-OPT?,I’m aware of the pre OPT situation since late 2025. Is there any improvement in recently applied cases? I was planning to apply for preOPT for fall 2026(sept - December) . But I graduate in December and I cannot apply for Post OPT with a pending Pre-OPT. People who withdrew from pre-OPT? How long did it take to receive the withdrawal notice? ,1776460726.0,2026-04-17T21:18:46,24,2,/r/f1visa/comments/1sodyiv/is_it_advisable_to_apply_for_preopt/,https://www.reddit.com/r/f1visa/comments/1sodyiv/is_it_advisable_to_apply_for_preopt/
1soczu1,f1visa,CBP Entry at Airport,"Hi everyone, I wanted to ask what you guys think is the most probable outcome in my situation, and if anyone here has gone through something similar.

I was studying in the U.S. at a top 50 university on an F-1 visa, but I got into serious academic misconduct. Because of that, I was placed on a one-term academic suspension, and my SEVIS record was terminated with the reason listed as “academic suspension.”

Now, my school has allowed me to return starting Fall 2026, and I’ve been issued a new I-20 from the same institution to continue my studies.

My university’s international office told me that CBP officers will be able to see the reason for my previous SEVIS termination when I try to enter the U.S. this August.

So I just wanted to ask:

What do you guys think is the most probable scenario at the port of entry?

Do you think CBP is likely to allow entry in a case like this?

Or is this something that commonly leads to denial?

Also, if anyone has personal experience with re-entering after a SEVIS termination (especially due to academic suspension or misconduct), I’d really appreciate if you could share what happened in your case.

I know I messed up, and I’m not trying to justify anything — just trying to understand realistically what I might face when I arrive.

Thanks guys!",1776458559.0,2026-04-17T20:42:39,1,3,/r/f1visa/comments/1soczu1/cbp_entry_at_airport/,https://www.reddit.com/r/f1visa/comments/1soczu1/cbp_entry_at_airport/
1socn4d,f1visa,leaving usa early," I wanted to ask about my travel plans. My school officially ends on June 12, but since I don’t have any in-person exams, I would be able to leave earlier around May 25. My classes are in person, but I can continue all the work online. Would it be okay for me to leave early, or do I need to stay until the official end date? Please let me know what’s required. ",1776457766.0,2026-04-17T20:29:26,2,1,/r/f1visa/comments/1socn4d/leaving_usa_early/,https://www.reddit.com/r/f1visa/comments/1socn4d/leaving_usa_early/
1so2wby,f1visa,OPT requirements satisfy?,"I will be on OPT from june 29, i got an internship offer expected to last for 4 months. My duties are mentioned in the picture. I am a MS CS student. Is this considered related to our field? The title is not software developer but solutions engineer intern.

Also i am allowed to work between 20 to 30 hours (paid)

Let me know if it satisfies all OPT requirements.",1776436727.0,2026-04-17T14:38:47,6,0,/r/f1visa/comments/1so2wby/opt_requirements_satisfy/,https://i.redd.it/kjs1sxtfirvg1.jpeg
1so0zby,f1visa,Re-entry to US on old F-1 visa,"While I was on my STEM OPT from undergrad, i renewed my f1 visa and now its valid till sept 2028. 

My EAD expired in June 2025 and I’ve been in a different country since then. I am planning to go for my masters at a different school in a few months. Do I need a new visa? I know I need a new SEVIS ID. 

I would’ve just applied for a new visa so that my visa matches my new SEVIS ID and school but the consulate is closed in my region for an indefinite amount of time so I’m not sure what exactly I should do or if it’s risky to enter the US in this situation. ",1776432425.0,2026-04-17T13:27:05,6,4,/r/f1visa/comments/1so0zby/reentry_to_us_on_old_f1_visa/,https://www.reddit.com/r/f1visa/comments/1so0zby/reentry_to_us_on_old_f1_visa/
1snzrqf,f1visa,EAD card approval questions,"I need some help. So I recently got my EAD card approved but it’s only valid for 10 months and a few days. I tried to understand why through chatGPT but it’s saying that because my program end date was in December and my requested start date was in February, USCIS has this rule where they follow the 14 month rule? Is there anything I can do?

Also, wouldn’t that mean that October and November filers get a shorter EAD date as well?",1776429515.0,2026-04-17T12:38:35,15,5,/r/f1visa/comments/1snzrqf/ead_card_approval_questions/,https://www.reddit.com/r/f1visa/comments/1snzrqf/ead_card_approval_questions/
1snz62b,f1visa,confusion regarding internship offer,"i have received an offer from a small company in the southeast. They want to pay me as 1099, i.e. I have to pay taxes on the paycheck myself. my dso has greenlit this but is it still frowned upon in background checks? they can hire me as w2 as well but theres a significant pay drop. ",1776427905.0,2026-04-17T12:11:45,1,0,/r/f1visa/comments/1snz62b/confusion_regarding_internship_offer/,https://www.reddit.com/r/f1visa/comments/1snz62b/confusion_regarding_internship_offer/
1snyhyx,f1visa,Inform New University about Previous Study?,"Hello Everyone, I need guidance. I am a former graduate student and I have a valid F1 visa till 2029. Previously I was a student in Texas School and got suspended academically because of Underperformance (not a bad student) as I was suffering from and undiagnosed chronic illness (cancer) at that time which hindered my ability to perform in Grad School. I transferred my SEVIS from previous uni to new university before leaving for home country. Where I completed one semester through hybrid mode and then dropped the course because initially thought treatment will last close to 3 months but later doctor said it could take up to a year. Now I am perfectly healthy and looking to comeback to US to finish grad School. 

I need guidance that if I apply to a new School for a new Ms program. Am I required to submit my previous (US school where suspended) transcript or  should I not mention it? Also If I only mention the School where i took 1 semester?

Any one who went through something similar? What did you do?

PS: My sevis was transferred to new Uni before academic suspension from previous School",1776426071.0,2026-04-17T11:41:11,4,1,/r/f1visa/comments/1snyhyx/inform_new_university_about_previous_study/,https://www.reddit.com/r/f1visa/comments/1snyhyx/inform_new_university_about_previous_study/
1snx86m,f1visa,Question: CPT on F1,My son is a junior on F1 visa.  He’s been offered a summer internship at a company that directly relates to his program of study.  He applied to take the required course at his school that is needed for internship for credit - also a requirement for his CPT application.  The employer is asking for his SSN.  He does not yet have one but we are not sure if a 10 week paid internship will even qualify him to obtain an SSN.   There are a few factors at play here.  First is the CPT approval but then is obtaining an SSN.  Any advice is appreciated. ,1776422262.0,2026-04-17T10:37:42,4,0,/r/f1visa/comments/1snx86m/question_cpt_on_f1/,https://www.reddit.com/r/f1visa/comments/1snx86m/question_cpt_on_f1/
1snwjk5,f1visa,DS-160 Social Media Section – Username vs Profile Link?,"Hi everyone,

I recently completed my DS-160 for an F-1 student visa and have my biometrics appointment coming up soon ( India ).

In the social media section, I listed platforms like Facebook, Instagram, and LinkedIn. **However, instead of providing direct profile links/URLs, I only entered my usernames/handles for each platform.**

Now I’m a bit concerned — for those of you who have already gone through the process and received your student visa:

**- Did you provide just your usernames, or did you include full profile links as well?**

**- Is entering only the username sufficient, or could this cause any issues during processing?**

I want to make sure I didn’t make a mistake that could affect my application and I can fill out a new DS-160 and ask them to update that and link it to my appointment during my Biometrics.

Would really appreciate hearing your experiences. Thanks in advance!",1776420018.0,2026-04-17T10:00:18,4,0,/r/f1visa/comments/1snwjk5/ds160_social_media_section_username_vs_profile/,https://www.reddit.com/r/f1visa/comments/1snwjk5/ds160_social_media_section_username_vs_profile/
1snu8hr,f1visa,Stem opt with thesis pending,"Hello everyone, 

Those who applied for stem opt with thesis ending, for date awarded on the online appl for stem opt. did you use the program end date on your I-20 or you use a future date?",1776412000.0,2026-04-17T07:46:40,2,0,/r/f1visa/comments/1snu8hr/stem_opt_with_thesis_pending/,https://www.reddit.com/r/f1visa/comments/1snu8hr/stem_opt_with_thesis_pending/
1snry9s,f1visa,Mother's name has a spelling error in I-20,Hi everyone. I just received my I-20 from my university but my mother's name has a minor spelling error. Do I need to ask the university to reissue my I-20 or should I go forward with this one as it is a minor error?,1776404321.0,2026-04-17T05:38:41,5,0,/r/f1visa/comments/1snry9s/mothers_name_has_a_spelling_error_in_i20/,https://www.reddit.com/r/f1visa/comments/1snry9s/mothers_name_has_a_spelling_error_in_i20/
1snn7w0,f1visa,Does OPT unemployment carry into STEM OPT? Do we really get 150 days total or is there a new rule?,"Hey everyone,

I had a quick question about OPT and STEM OPT unemployment limits and wanted to confirm with people who’ve gone through this recently.

During initial OPT, we get **90 days of unemployment**. When we move to STEM OPT, we get an **additional 60 days**, which I’ve heard makes it a **total of 150 days combined**.

My confusion is:

Does the **90 days from OPT carry forward into STEM OPT**, or does it reset?

Also, is there **any new rule or update recently** that changes this (like reducing days or changing how it’s calculated)?

Would really appreciate if someone can clarify based on current rules or personal experience.

Thank you!",1776390558.0,2026-04-17T01:49:18,5,7,/r/f1visa/comments/1snn7w0/does_opt_unemployment_carry_into_stem_opt_do_we/,https://www.reddit.com/r/f1visa/comments/1snn7w0/does_opt_unemployment_carry_into_stem_opt_do_we/
1snmift,f1visa,Can a f1 student start a company ?,"I am on my f1 visa and i have started a company in stripe atlas in usa llc company, i am not working at all all operations are done by people in india and manager is also from india, and i have hired people from india to do work, they just registered company on my name i am not involved at all, will i get into legal trouble?

Will i get into any trouble for getting my opt?",1776388612.0,2026-04-17T01:16:52,29,10,/r/f1visa/comments/1snmift/can_a_f1_student_start_a_company/,https://www.reddit.com/r/f1visa/comments/1snmift/can_a_f1_student_start_a_company/
1snm78t,f1visa,RFE for OPT EAD,"I know EAD applications are getting RFE for biometrics lately. My RFE notice has specific wording that has me so worried.

""During the review of your immediate case and immigration record, we have encountered potentially adverse information related to you. Your request cannot be processed until you have appeared at an Application Support Center (ASC) for the collection of biometrics, including a digital photograph, signature, and fingerprint(s). We have scheduled an appointment for you to go to an ASC so we may collect your biometrics.""

Anyone got something similar? I am super worried. I have no criminal record, not even a parking ticket",1776387773.0,2026-04-17T01:02:53,6,6,/r/f1visa/comments/1snm78t/rfe_for_opt_ead/,https://www.reddit.com/r/f1visa/comments/1snm78t/rfe_for_opt_ead/
1snhfr8,f1visa,RFE: I-539 Change of Status from F2 to F1,"I currently live in Delaware because my wife is pursuing her PhD there, and I entered the United States in F-2 dependent status. Recently, I received a fully funded PhD offer from a university in Missouri and filed Form I-539 to change my status from F-2 to F-1. I then received a Request for Evidence (RFE) from USCIS. I need your suggestions on this matter.



1. Acceptance letter valid until April 15, 2026

USCIS requested a copy of the official acceptance letter showing that the admission offer remained valid through April 15, 2026. They appear to be asking for proof that the offer was formally accepted and remained valid within the required timeframe.

In my case, the offer letter included a link in the portal to accept the offer. I accepted the offer through that portal, and after that, I was issued a Form I-20. My understanding is that an I-20 would not have been issued unless the offer had already been accepted. In addition, I can provide screenshots from the portal showing that I accepted the offer. I am unsure what additional evidence USCIS expects beyond the issued I-20 and the portal acceptance record. The department doesn't issue a written document acknowledging that I accepted the offer.



2. Explanation about attending school while the current address is not within commuting distance

USCIS also asked for an explanation of how I will attend school since my current address in Delaware is not within commuting distance of the school in Missouri.

I currently live in Delaware only because I am in F-2 status and my spouse is studying there. I do not intend to commute from Delaware to Missouri. If my change of status is approved, I will move to Missouri and live there for my PhD program. At this time, I have not signed a lease because my program does not begin until August 24, and it is still too early to secure housing. However, I have already started looking for housing and have contacted several apartments. I would like to know whether screenshots of email communications or call records with apartments would be sufficient as supporting evidence of my relocation plan.



3. Intent to depart the United States after completion of studies or practical training

USCIS appears to be asking about my intent to depart the United States in two different ways.

USCIS appears to be asking about my intent to return in two contexts. First, as an F-2 dependent, I was expected to maintain the intent to depart the United States after my spouse completed her studies or practical training. Second, to obtain my requested F-1 status, I must demonstrate that I have a foreign residence that I do not intend to abandon and that I plan to return to after completing my studies.

*Before coming to the United States, I worked for two years as a contractual lecturer at the same university from which I graduated in my home country. I have an experience certificate for that position. This prior academic employment, along with the stronger opportunity to return for a future academic role after earning a higher degree, supports my intent to return to my home country.*

*My question is this: I understand how this can support my intent to return after completing my higher studies, but can it also serve as evidence of my intent to return during my F-2 period? Since I entered the United States as an F-2 dependent, and USCIS is also asking about my intent to return after my wife completes her studies, would my prior job and future academic prospects in my home country still count as relevant evidence for that purpose?*



4. Proof of maintaining a foreign residence

USCIS has asked for documents demonstrating that I have maintained a foreign residence and have not abandoned it. They want evidence that I still have a genuine residence abroad to which I intend to return after completing my period of authorized stay in the United States.



5. Supporting evidence of foreign residence

USCIS also requested supporting evidence related to my foreign residence, such as utility bills, government-issued identification documents, official letters, a letter from my parents, rental or mortgage records, rent receipts, or a bank letter showing my foreign address and account history. These documents are intended to show that my foreign residence is real, ongoing, and supported by objective evidence.



6. Statement about the effect of the extended U.S. stay on the foreign residence

USCIS further requested a written statement explaining how my extended stay in the United States has affected my foreign residence and why that residence is still being maintained. I understand that USCIS is asking for this because a longer stay in the United States may raise concerns about whether I have abandoned my residence abroad.

*I have two homes in different cities in my home country. My parents are alive, and I have two sisters there. Besides, I have no blood relations in the US—no relatives. Also, there is a property in my name in my home country. I am planning to show the following:*

*The owners of the two addresses are my parents. I will show the property documents, my bank statement showing my address, statements from my parents mentioning I reside with them, utility bills, and national ID cards of all my family members. Is that enough?*",1776375792.0,2026-04-16T21:43:12,6,2,/r/f1visa/comments/1snhfr8/rfe_i539_change_of_status_from_f2_to_f1/,https://www.reddit.com/r/f1visa/comments/1snhfr8/rfe_i539_change_of_status_from_f2_to_f1/
1snhf4h,f1visa,EAD wait period,"In the period between graduation and the start of OPT, regardless of whether you have received the EAD or not, what are you supposed to do and what are you allowed to do? I know work is forbidden but how about volunteering, without a contract/commitment?",1776375748.0,2026-04-16T21:42:28,2,3,/r/f1visa/comments/1snhf4h/ead_wait_period/,https://www.reddit.com/r/f1visa/comments/1snhf4h/ead_wait_period/
1snfqaa,f1visa,Post OPT I-20 wrong employee information?,"Hi everyone, I just graduated and am currently in my first year of OPT. I recently started a short internship (I know full time is ideal but I had to stop the clock) with a company (let’s call it “XX”) that is headquartered in New York but operates remotely. I am working remotely from Texas, and there is no XX office in Texas.

When I filled out my OPT request form, I provided the employer’s headquarters address. As a result, when my new I-20 was issued, it listed “New York” under the “City &amp; State” section of the Employer Information.

Will that cause any issues because the school knows I'm living in Texas but the I-20 says New York under the Employer Information.",1776371985.0,2026-04-16T20:39:45,2,0,/r/f1visa/comments/1snfqaa/post_opt_i20_wrong_employee_information/,https://www.reddit.com/r/f1visa/comments/1snfqaa/post_opt_i20_wrong_employee_information/
1snfge8,f1visa,"OPT Replacement EAD delayed, no biometrics yet, 90-day clock ending soon - need advice","Hi everyone, I’m in a really stressful situation and would appreciate any advice.

My original OPT EAD(applied Nov 20 2025) was approved on Jan 18, 2026, produced on Jan 30, and marked delivered on Feb 4, but I never received it because USPS lost it (I have a letter confirming it was their mistake). Since the card was produced, my 90-day unemployment clock started on Jan 31 and is still running.

I applied for a replacement EAD on Feb 16. After getting a job offer in early March, I upgraded to premium processing. My case was updated to RFE on March 19, and I received the notice on March 23 stating I need to attend biometrics (photo only) due to a new rule. It has now been over 4 weeks, and I still don’t have a biometrics appointment scheduled.

What’s making this difficult:

* My 90-day unemployment period ends April 30
* I have a job offer, but they require the physical EAD card to onboard
* They are not accepting my replacement receipt or previous approval notice

I’ve already tried multiple things:

* Upgraded to premium processing
* Raised a service request
* Requested a Tier 2 officer callback
* Submitted a congressional inquiry

My DSO is aware and advised me to wait, but I’m seeing others get biometrics appointments while mine is still pending.

At this point, I’m really worried about falling out of status and losing a job opportunity due to delays completely outside my control. Has anyone been in a similar situation, or is there anything else I can realistically do?",1776371391.0,2026-04-16T20:29:51,1,1,/r/f1visa/comments/1snfge8/opt_replacement_ead_delayed_no_biometrics_yet/,https://www.reddit.com/r/f1visa/comments/1snfge8/opt_replacement_ead_delayed_no_biometrics_yet/
1snfb62,f1visa,OPT NOID after DUI – need advice,"OPT applied: Feb 26, 2026

• Premium processing: April 1, 2026

• RFE received: April 9 (biometrics scheduled)

• Biometrics appointment: April 10, 2026

• NOID issued: April 13, 2026 (reason: pending DUI case)

Has anyone received a NOID for a pending DUI while on OPT?

What kind of response did you submit?

Did your case get approved or denied?

How long did USCIS take after NOID response?

I’m planning to consult an immigration attorney, but wanted to hear real experiences as well.

Any advice or insights would really help. Thank you.",1776371079.0,2026-04-16T20:24:39,29,0,/r/f1visa/comments/1snfb62/opt_noid_after_dui_need_advice/,https://www.reddit.com/r/f1visa/comments/1snfb62/opt_noid_after_dui_need_advice/
1snezi6,f1visa,Using EAD card as ID for domestic air travel,"My passport is with a consulate of a Schengen country. It might be in there getting processed for a couple of weeks at least. In the meantime I have domestic air travel coming up. I have a driver's license but I never got around to converting it to Real ID. I am on OPT and have an EAD card. According to TSA, EAD is acceptable as ID ?

Anyone who has used EAD only as ID for domestic flight ?

https://www.tsa.gov/travel/security-screening/identification",1776370379.0,2026-04-16T20:12:59,18,4,/r/f1visa/comments/1snezi6/using_ead_card_as_id_for_domestic_air_travel/,https://www.reddit.com/r/f1visa/comments/1snezi6/using_ead_card_as_id_for_domestic_air_travel/
1snentb,f1visa,Should my name on SSN exactly match my I-94 after passport renewal and name update in US?,"Hi everyone, Need some expertise on this matter. 

I recently got my passport updated where I sit my given name into first name and last name. 

My original issue was I had FNU in every document and that led to some mismatch issues I faced in US for my employment. 

Now to resolve this I updated my passport to split my name into FIRST NAME AND LAST NAME. 

Along with this, I got my I-20 and SSN updated with new name. 

Problem is the I-94 deferred inspection officer refused to update my I-94 and said it follows my visa name which is correct and they won’t update it. 

My question is, will I face any serious issues or error while file OPT and EAD card based on my new passport name? 

Do I need to update the I-94 to match my new passport name or it’s ok for it to match my visa name? 

Please let me know if you have any info. I need to sort this within a few weeks before I graduate. 

TIA!! ",1776369671.0,2026-04-16T20:01:11,5,0,/r/f1visa/comments/1snentb/should_my_name_on_ssn_exactly_match_my_i94_after/,https://www.reddit.com/r/f1visa/comments/1snentb/should_my_name_on_ssn_exactly_match_my_i94_after/
1sndjd9,f1visa,Delay in Biometrics Appoitment,"I applied for OPT about a week ago (April 9). Also did premium processing at the same time. My friend applied the same day but chose normal processing. He already got a biometrics appointment notice the very next day. For me though, it’s been a week and I still haven’t gotten any updates or communication from USCIS. Is this normal? My OPT start date is June 1, so I still have some time, but just want to make sure I’ve got enough buffer and I’m not missing anything. Thanks in advance.",1776367239.0,2026-04-16T19:20:39,67,5,/r/f1visa/comments/1sndjd9/delay_in_biometrics_appoitment/,https://www.reddit.com/r/f1visa/comments/1sndjd9/delay_in_biometrics_appoitment/
1sn9ted,f1visa,RFE: I-539 Change of Status from F2 to F1,"I currently live in Delaware because my wife is pursuing her PhD there, and I entered the United States in F-2 dependent status. Recently, I received a fully funded PhD offer from a university in Missouri and filed Form I-539 to change my status from F-2 to F-1. I then received a Request for Evidence (RFE) from USCIS. I need your suggestions on this matter.

# 1. Acceptance letter valid until April 15, 2026

USCIS requested a copy of the official acceptance letter showing that the admission offer remained valid through April 15, 2026. They appear to be asking for proof that the offer was formally accepted and remained valid within the required timeframe.

In my case, the offer letter included a link in the portal to accept the offer. I accepted the offer through that portal, and after that, I was issued a Form I-20. My understanding is that an I-20 would not have been issued unless the offer had already been accepted. In addition, I can provide screenshots from the portal showing that I accepted the offer. I am unsure what additional evidence USCIS expects beyond the issued I-20 and the portal acceptance record. The department doesn't issue a written document acknowledging that I accepted the offer.

# 2. Explanation about attending school while the current address is not within commuting distance

USCIS also asked for an explanation of how I will attend school since my current address in Delaware is not within commuting distance of the school in Missouri.

I currently live in Delaware only because I am in F-2 status and my spouse is studying there. I do not intend to commute from Delaware to Missouri. If my change of status is approved, I will move to Missouri and live there for my PhD program. At this time, I have not signed a lease because my program does not begin until August 24, and it is still too early to secure housing. However, I have already started looking for housing and have contacted several apartments. I would like to know whether screenshots of email communications or call records with apartments would be sufficient as supporting evidence of my relocation plan.

# 3. Intent to depart the United States after completion of studies or practical training

USCIS appears to be asking about my intent to depart the United States in two different ways.

USCIS appears to be asking about my intent to return in two contexts. First, as an F-2 dependent, I was expected to maintain the intent to depart the United States after my spouse completed her studies or practical training. Second, to obtain my requested F-1 status, I must demonstrate that I have a foreign residence that I do not intend to abandon and that I plan to return to after completing my studies.

Before coming to the United States, I worked for two years as a contractual lecturer at the same university from which I graduated in my home country. I have an experience certificate for that position. This prior academic employment, along with the stronger opportunity to return for a future academic role after earning a higher degree, supports my intent to return to my home country.

*My question is this: I understand how this can support my intent to return after completing my higher studies, but can it also serve as evidence of my intent to return during my F-2 period? Since I entered the United States as an F-2 dependent, and USCIS is also asking about my intent to return after my wife completes her studies, would my prior job and future academic prospects in my home country still count as relevant evidence for that purpose?*

# 4. Proof of maintaining a foreign residence

USCIS has asked for documents demonstrating that I have maintained a foreign residence and have not abandoned it. They want evidence that I still have a genuine residence abroad to which I intend to return after completing my period of authorized stay in the United States.

# 5. Supporting evidence of foreign residence

USCIS also requested supporting evidence related to my foreign residence, such as utility bills, government-issued identification documents, official letters, a letter from my parents, rental or mortgage records, rent receipts, or a bank letter showing my foreign address and account history. These documents are intended to show that my foreign residence is real, ongoing, and supported by objective evidence.

# 6. Statement about the effect of the extended U.S. stay on the foreign residence

USCIS further requested a written statement explaining how my extended stay in the United States has affected my foreign residence and why that residence is still being maintained. I understand that USCIS is asking for this because a longer stay in the United States may raise concerns about whether I have abandoned my residence abroad.

*I have two homes in different cities in my home country. My parents are alive, and I have two sisters there. Besides, I have no blood relations in the US—no relatives. Also, there is a property in my name in my home country. I am planning to show the following:*

*The owners of the two addresses are my parents. I will show the property documents, my bank statement showing my address, statements from my parents mentioning I reside with them, utility bills, and national ID cards of all my family members. Is that enough?*",1776359506.0,2026-04-16T17:11:46,0,2,/r/f1visa/comments/1sn9ted/rfe_i539_change_of_status_from_f2_to_f1/,https://www.reddit.com/r/f1visa/comments/1sn9ted/rfe_i539_change_of_status_from_f2_to_f1/
1sn8kmh,f1visa,Part-Time Work after applying for STEM-OPT,"I understand that my OPT is automatically extended for 180 days after I apply to STEM-OPT. Does that include part-time work? And if I receive my STEM-OPT within that timeframe, can I keep doing that work until the end of the 180 days?",1776356889.0,2026-04-16T16:28:09,1,1,/r/f1visa/comments/1sn8kmh/parttime_work_after_applying_for_stemopt/,https://www.reddit.com/r/f1visa/comments/1sn8kmh/parttime_work_after_applying_for_stemopt/
1smux26,f1visa,Advice for someone from a banned country,"Hi all, 

I’ll try to keep this short and as straight to the point as possible. I’m doing a program that has cost me $60k with interest ranging from 13-15%. I’m really drowning already and I’m from a banned country. I’ve applied for OPT and was scheduled for biometrics which I completed, but I realize we can’t get a decision due to the pause. I am being advised to do a day 1 CPT program but this costs another $28-30k. I’m wondering if to just wait on the OPT application or apply for grad school and risk drowning more in debt? I could save from my job and pay for the day 1 cpt program but realistically it will be tough with my initial loans (I already pay interest of ($680). Help. ",1776319015.0,2026-04-16T05:56:55,15,1,/r/f1visa/comments/1smux26/advice_for_someone_from_a_banned_country/,https://www.reddit.com/r/f1visa/comments/1smux26/advice_for_someone_from_a_banned_country/
1smse25,f1visa,Anyone with OPT end date beyond 14 months?,"Hi, is there anyone who got OPT approval late (after 2-months grace period) and got OPT end date beyond the 14 months deadline? Since there are so many people who have been waiting for 5\~6 months and I am one of them. So, I am wondering whether they give a full 12 month OPT period by adjusting the end date accordingly or not.",1776311143.0,2026-04-16T03:45:43,20,0,/r/f1visa/comments/1smse25/anyone_with_opt_end_date_beyond_14_months/,https://www.reddit.com/r/f1visa/comments/1smse25/anyone_with_opt_end_date_beyond_14_months/
1smqupn,f1visa,Travel on OPT(unpaid job),"Hello all, i have a query regarding travel. I am currently on OPT, doing a volunteer job, and my OPT ends on July 10th. I have a PhD admit for Fall 2026. As I need to get a transfer I-20, I am planning to get it after my OPT ends. I have dental issues, like I need a root canal and crown, which are quite expensive here, so I am planning to go to India. But I am confused whether it is safe or not. I am planning to go in May and return in June, but I will have an admit letter and one month of OPT left (unpaid work). I am not sure if it will be safe at immigration, or if I should go in July and come back in August, which will be safer?can you please let me know your opinion it would be helpful for me to decide. Thankyou",1776306855.0,2026-04-16T02:34:15,1,0,/r/f1visa/comments/1smqupn/travel_on_optunpaid_job/,https://www.reddit.com/r/f1visa/comments/1smqupn/travel_on_optunpaid_job/
1smpl9p,f1visa,Travel Question - 6 months left on STEM OPT &amp; F1Visa,"My f1 visa ends in dec 2026, stem opt ends in jan 2027. Is it fine if I travel in may to India from US and be back by the end of may? Is there anything specific to carry in these cases?",1776303557.0,2026-04-16T01:39:17,9,0,/r/f1visa/comments/1smpl9p/travel_question_6_months_left_on_stem_opt_f1visa/,https://www.reddit.com/r/f1visa/comments/1smpl9p/travel_question_6_months_left_on_stem_opt_f1visa/
1smphuz,f1visa,Confused about Ds160 question about my parent being in the US currently,"I’m currently in the US with my mom visiting my sister (who’s here on a non-immigrant visa). I’m filling out the DS-160 and got stuck on the question: “Is your mother currently in the United States?”

Since she’s only here temporarily on a visit on a tourist visa , should I answer “Yes” or “No”?",1776303298.0,2026-04-16T01:34:58,3,2,/r/f1visa/comments/1smphuz/confused_about_ds160_question_about_my_parent/,https://www.reddit.com/r/f1visa/comments/1smphuz/confused_about_ds160_question_about_my_parent/
1smnlym,f1visa,Not hearing anything for over 2 months since Premium Processing application,"I am an f1 student who applied Feb 11, had a biometrics meeting and took a picture March 12, and I still haven't received anything, not even an RFE. I've been dutifully checking my emails and even checked my spam folder and everything but still nothing. What could be wrong? Where should I ask for help? I've already emailed my DSO

Case Is Still Being Processed By USCIS March 12, 2026 

We scheduled you for a biometrics appointment February 21, 2026 

We received your request for premium-processing of your Form I-765, Application for Employment Authorization, and mailed you a receipt notice. February 11, 2026 

We started the premium-processing clock for your Form I-765, Application for Employment Authorization. February 11, 2026 

We received your Form I-765, Application for Employment Authorization, and sent you a receipt notice. February 11, 2026",1776298269.0,2026-04-16T00:11:09,14,4,/r/f1visa/comments/1smnlym/not_hearing_anything_for_over_2_months_since/,https://www.reddit.com/r/f1visa/comments/1smnlym/not_hearing_anything_for_over_2_months_since/
1smnj4p,f1visa,UIUC STEM OPT Extension I20 Processing Time,"Have any international students recently submitted the request for STEM OPT Extension I20 request on iStart? I'm hoping to know how long it generally takes for the ISSS of the University of Illinois-Urbana Champaign to issue the I20. Thanks!

They said it should take less than 5 business days, but now it is the end of the 5th business day already, still have nothing.

Called them today, but they said it was still processing...making me a bit confused and anxious.

  
\-----------------------update--------------------

Called again on the 6th business day, and got approved 10 minutes after the call. They shouldn't have taken more than 5 business days as they have promised.....",1776298067.0,2026-04-16T00:07:47,8,0,/r/f1visa/comments/1smnj4p/uiuc_stem_opt_extension_i20_processing_time/,https://www.reddit.com/r/f1visa/comments/1smnj4p/uiuc_stem_opt_extension_i20_processing_time/
1smn71h,f1visa,International travel during OPT &gt; STEM OPT transition period,"My EAD expires in mid-June, and my employer wants me to travel for business at the end of June. I wanted to check whether it would be okay for me to travel at that time.

I have already applied for my STEM OPT. In case the new EAD does not arrive before I need to travel, I understand that I may be covered by the 180-day extension while my application is pending. If I am on that extension, with my current OPT EAD expired and my STEM OPT EAD still pending, would it be safe for me to travel?",1776297221.0,2026-04-15T23:53:41,1,1,/r/f1visa/comments/1smn71h/international_travel_during_opt_stem_opt/,https://www.reddit.com/r/f1visa/comments/1smn71h/international_travel_during_opt_stem_opt/
1smm5ud,f1visa,Applied for Post-Completion OPT with PP on April 8th and no biometrics scheduled yet.,I've seen others here with no PP having biometrics scheduled in less than a week. I've already had to withdraw a pre-completion OPT because they never processed it. Not from the 75 countries.,1776294594.0,2026-04-15T23:09:54,12,4,/r/f1visa/comments/1smm5ud/applied_for_postcompletion_opt_with_pp_on_april/,https://www.reddit.com/r/f1visa/comments/1smm5ud/applied_for_postcompletion_opt_with_pp_on_april/
1smgutb,f1visa,OPT approved with wrong/early start date - I-20 says June 1 but approval email shows April 15 (today),"Filed Post-Completion OPT with Premium Processing Feb 20, got approved today (notice via email - no update yet in online account). However, the starting validity date is also April 15 (today). My I-20 shows a requested start date of June 1 and my program doesn't even complete until mid-May. It seems like a clerical error.

I emailed with the details provided in the approval email and I'm currently on hold with USCIS PP helpline (2.5 hours and counting) but unsure whether to push for a correction or just accept it. The risk seems to be that it could re-start the entire process. 

Has anyone dealt with this?",1776282628.0,2026-04-15T19:50:28,26,3,/r/f1visa/comments/1smgutb/opt_approved_with_wrongearly_start_date_i20_says/,https://www.reddit.com/r/f1visa/comments/1smgutb/opt_approved_with_wrongearly_start_date_i20_says/
1smgpr4,f1visa,money received as gift,Hey everyone! Is it permissible to receive money from a Malaysian account through Western Union or PayPal? I want to make sure it's all good before the money is sent. I am on initial opt. It will be around $5000. Thanks!,1776282325.0,2026-04-15T19:45:25,2,0,/r/f1visa/comments/1smgpr4/money_received_as_gift/,https://www.reddit.com/r/f1visa/comments/1smgpr4/money_received_as_gift/
1smetys,f1visa,Working remotely outside the US on STEM OPT F1,"UPDATE: I spoke with an immigration lawyer, who said that while it's closer than he'd like, I should be okay to return, provided I have all the valid documentation needed. I'll be travelling back in a few weeks' time, and will post updates here as things progress.  
  
Hi everyone, a slightly complicated situation below:

I'm currently on my STEM OPT period, and have a valid EAD until June 2027. I was laid off from a previous job on July 9 2025. I left the US on October 7 2025, while still unemployed. However, with about 9 days to go on my unemployment clock, I secured a US role, while in India, on December 2 2025. I filed a new I9 for this role, which was accepted by SEVIS.

I've since been outside the US, and it's been just over 6 months now since I left. However, I continue to be employed by the American company, which coincidentally needed me to work in India for a few months.

I plan to return to the US soon, but was worried if I might face any issues at immigration.

Note: I have 10+ days left on my unemployment clock on my STEM OPT, and have faced no other issues.

My current US employer is fully willing to write a letter stating that they required me to be in India for work-related purposes from December 2 2025 until the date of my return to the US.

Will I be okay? Thanks in advance for your help everyone!",1776278321.0,2026-04-15T18:38:41,14,8,/r/f1visa/comments/1smetys/working_remotely_outside_the_us_on_stem_opt_f1/,https://www.reddit.com/r/f1visa/comments/1smetys/working_remotely_outside_the_us_on_stem_opt_f1/
1sme17a,f1visa,Part-time work on CPT for STEM program - advice needed,"I need to apply for F1 visa for a STEM masters program. My current workplace also has an office in the US in the same city as my program. They’ve offered me to continue work part time (20 hours/week) while I get my masters. 

Is this allowed? If yes, what do I need to do achieve this?

I have about a week before I start the I20 process. ",1776276641.0,2026-04-15T18:10:41,4,0,/r/f1visa/comments/1sme17a/parttime_work_on_cpt_for_stem_program_advice/,https://www.reddit.com/r/f1visa/comments/1sme17a/parttime_work_on_cpt_for_stem_program_advice/
1smdsts,f1visa,Question about OPT and Travelling when you changed your status inside the U.S,"I wanted to ask for advice. I changed to F-1 status inside the U.S., so I don’t have a visa stamp. I was thinking to apply after Fall graduation to get an OPT . I know because I changed my status I am not able to leave the country. Would it be the same under OPT or I will be able to travel overseas like visiting family ?",1776276168.0,2026-04-15T18:02:48,4,1,/r/f1visa/comments/1smdsts/question_about_opt_and_travelling_when_you/,https://www.reddit.com/r/f1visa/comments/1smdsts/question_about_opt_and_travelling_when_you/
1smd17y,f1visa,Full time CPT Authorization is chunk (Summer 2026),"I’m doing a full-time summer internship with one company, but I have too split my CPT into multiple separate authorization periods (with small weekend gaps in between) to stay within the full-time CPT limit (364 days limits). Or else I will hit 368 days. And the company is requiring minimum 12-weeks internship.

So overall:

* Same company, same role, same internship
* Multiple full-time CPT I-20s with different date ranges
* I will **not work during the gap days**
* The company gave me 4 different CPT authorization (breaks into 4 different chunks like I requested)

My question is:  
Has anyone done something similar? Is it okay that my employment is continuous in the company system, even though CPT is segmented, as long as I don’t work outside authorized dates?

Other options are :

\- combining full-time CPT with 1 week of Pre-Completion OPT.

\- work part-time for the last week of internship as CPT

Thanks in advance!",1776274582.0,2026-04-15T17:36:22,7,0,/r/f1visa/comments/1smd17y/full_time_cpt_authorization_is_chunk_summer_2026/,https://www.reddit.com/r/f1visa/comments/1smd17y/full_time_cpt_authorization_is_chunk_summer_2026/
1smcv22,f1visa,Previous CPT/OPT info on OPT Application,"I’m applying for initial opt as a graduate student. During my bachelors I did 2 semesters of CPT then full year of OPT. My school instructs to, when filling out the I765, to list all CPT and OPT periods as shown in the pic. I have the exact dates my OPT lasted but but I can’t find the exact dates for CPT during my bachelors. Is it okay to put an estimate or the semester? I have asked my school as well but they take time to answer sometimes",1776274227.0,2026-04-15T17:30:27,3,0,/r/f1visa/comments/1smcv22/previous_cptopt_info_on_opt_application/,https://i.redd.it/x2k42kt83evg1.jpeg
1smbld8,f1visa,Doing a certificate online while on STEM OPT,"Basically what the title says.

My company provides amazing tuition assistance programs and I would like to take advantage of it. I work at an university (as admin staff) and they offer certificate programs to us as part of our benefits.

Has anyone done this? Is this fine if I take it online and doesn’t interfere with my work? ",1776271585.0,2026-04-15T16:46:25,4,0,/r/f1visa/comments/1smbld8/doing_a_certificate_online_while_on_stem_opt/,https://www.reddit.com/r/f1visa/comments/1smbld8/doing_a_certificate_online_while_on_stem_opt/
1smaz7e,f1visa,STEM OPT card is stuck in usps “In Transit”,"Hi everyone, my STEM OPT card is stuck in usps “In Transit” for 6 days.

March 17th - Applied with Premium Processing

March 24th - Biometrics Done

April 3rd - EAD Approved

April 8th - Card Produced

April 9th - April 14th - Been stuck at Kansas Center

It’s now been 6 days since the last update and the card has been in the USPS network for 6 days total. The current status says “Moving Through Network - In Transit to Next Facility, Arriving Late.”

Has anyone else experienced this delay with their EAD card recently? Did it eventually show up without issue? My OPT end date is coming up and I’m getting anxious. I’ve already raised a service request with usps yesterday but nobody hasn’t contacted me yet. Planning to raise a missing mail request tomorrow.

Any insight appreciated. 🙏​​​​​​​​​​​​​​​​

Update: I received my STEM OPT EAD card today 🙏 Thanks to all the amazing people who commented on my post and reached out to me in DMs to guide me and gave me hope!!

I raised a service request on Tuesday, April 14th which was closed with a generic answer by my local post office on Friday, April 17th. I had already raised a missing mail request on Thursday, April 16th at that point. I called the customer care on Friday and asked them to reopen the service request and escalate it to their higher-ups. The very next day, Saturday, April 18th, I got a call from the consumer affairs team and they gave me a solid update that my package had been misplaced as a first class mail instead of a priority mail and had already left Kansas City, MO distribution center on Thursday, April 16th night and reaching me by a truck rather than a faster transport. I received my EAD card today on Friday, April 24th. 

For everyone going through the same situation, don’t give up hope and continue to call usps and ask for the last physical scan location. They have much more detailed information on the package than us. Raise service request, raise missing mail search request and escalate it to consumer affairs if needed.

Service Request: https://emailus.usps.com/s/package-inquiry

USPS customer care Number: +1-800-275-8777

Missing mail search request: https://www.usps.com/help/missing-mail.htm",1776270269.0,2026-04-15T16:24:29,32,14,/r/f1visa/comments/1smaz7e/stem_opt_card_is_stuck_in_usps_in_transit/,https://i.redd.it/wisjfq3hrdvg1.jpeg
1smaf7a,f1visa,"F1 getting married to US citizen, need advice.","I’m getting married in the beginning of may and we are planning to file as soon as we have all our paperwork done. I’ve had a rough stay in the US ever since I moved here for school alone at 16 and I’m very burnt out, so if I take a break from school in the summer AND the fall will I have to renounce to my F1 status if I don’t receive the green card by then? Will I be able to work while I wait for my green card (with or without the F1 status)? How long does it take to have a scheduled interview, I’m going on a cruise for my honeymoon the last week of may, should I wait till after to file or is before that okay? Any tips and advice help!",1776269115.0,2026-04-15T16:05:15,20,3,/r/f1visa/comments/1smaf7a/f1_getting_married_to_us_citizen_need_advice/,https://www.reddit.com/r/f1visa/comments/1smaf7a/f1_getting_married_to_us_citizen_need_advice/
1sm6vbl,f1visa,multiple ds 160,"i have submitted ds 160 three times. are all those ds 160 checked automatically by their system against the one that is attached to my appointment? i am scared because there are inconsitencies with the one attached with the appointment.

",1776261440.0,2026-04-15T13:57:20,1,0,/r/f1visa/comments/1sm6vbl/multiple_ds_160/,https://www.reddit.com/r/f1visa/comments/1sm6vbl/multiple_ds_160/
1sm5whl,f1visa,HELP! OPT EAD stuck for 5+ months!,"Hey everyone, long post but wanted to share my full situation in case it helps anyone, and also genuinely asking for advice at the end.

**Background**

I'm an international student (F-1) not from the banned countries. I graduated with my MS in December 2025. I applied for post-completion OPT EAD (I-765) on October 27, 2025.

**The mistake**

My application was mistakenly filed under pre-completion OPT (Category a(36)) instead of post-completion OPT (Category c(3)(B)). I didn't catch it right away.

**Timeline of what happened**

* Oct 27, 2025 - Filed I-765
* Dec 10, 2025 - Upgraded to Premium Processing because the case wasn't moving
* Mar 1, 2026 - Finally noticed the category error, contacted DSO immediately
* Mar 2, 2026 - DSO submitted a Letter of Correction to USCIS
* Mar 3, 2026 - Received confirmation (through DSO) that USCIS reflected the correct category (C03B) on my application
* April 2026 - Still no approval. No RFE. No decision.

**What I have tried**

* Multiple USCIS e-Requests filed
* Premium Processing since December
* Approaching DSO multiple times
* Congressional inquiry

At this point I'm not sure what else I can do. I've pretty much exhausted every avenue I know of. I'm also considering filing a Writ of Mandamus. Has anyone gone that route for an OPT EAD case? Any advice would be appreciated.",1776259159.0,2026-04-15T13:19:19,26,18,/r/f1visa/comments/1sm5whl/help_opt_ead_stuck_for_5_months/,https://www.reddit.com/r/f1visa/comments/1sm5whl/help_opt_ead_stuck_for_5_months/
1sm2xqb,f1visa,EAD - Transit to Next Facility (7+ days),"My Card was produced on April 6th, and I have yet to get it delivered. Is anyone else facing this issue or  know how to get it resolved?

EAD Approved - 03/31/2026

EAD Produced -  04/06/2026 

EAD delivered - 04/17/2026 (update)

I got the USCIS tracking number from a live agent &amp; it has been in transit since April 7th,2026 

  


https://preview.redd.it/n9bbslpb7cvg1.png?width=364&amp;format=png&amp;auto=webp&amp;s=0f7edf1716e67464a9d70f69003d1c72f528d262

  
",1776251415.0,2026-04-15T11:10:15,19,6,/r/f1visa/comments/1sm2xqb/ead_transit_to_next_facility_7_days/,https://www.reddit.com/r/f1visa/comments/1sm2xqb/ead_transit_to_next_facility_7_days/
1sm1zg0,f1visa,Adding Premium Processing Afterwards,"Hello everyone, I applied for my OPT in January 23 with standard fee, had my biometrics on February 23. Found a job to start in April 27th (they are already asking me for proof of authorization to work).

On April 10, I decided to upgrade to Premium Processing because I’m scared I won’t get it on time. I’m not from any of the bans countries. Has anyone had a similar case, and how fast after upgrading did you receive your card?",1776248500.0,2026-04-15T10:21:40,14,2,/r/f1visa/comments/1sm1zg0/adding_premium_processing_afterwards/,https://www.reddit.com/r/f1visa/comments/1sm1zg0/adding_premium_processing_afterwards/
1sm0vp7,f1visa,IELTS expiring on 28th April. Should I face US visa interview?,"Dear Altruists,

My IELTS result is set to expire on 26 April 2026. I noticed there are visa interview slots available before that date on the scheduling portal. Would it be advisable to proceed with booking an interview within this window?

In case the expiration comes up during the interview, how should I address it?

I’m planning to retake the IELTS on 1 May, but there are only a couple of visa slots available toward the end of May, which might be cutting it close.",1776244727.0,2026-04-15T09:18:47,2,2,/r/f1visa/comments/1sm0vp7/ielts_expiring_on_28th_april_should_i_face_us/,https://www.reddit.com/r/f1visa/comments/1sm0vp7/ielts_expiring_on_28th_april_should_i_face_us/
1sm0oqc,f1visa,F1 student credit issue,"Hi everyone. I took 16 credits this semester of which 8 are in person classes and 8 are online. I am transferring to a different uni this fall. My DSO already signed the sevis transfer form. Will it be a problem last minute that I did not have 9 in person credits( one of my online class is held on zoom twice a week and the other one is fully online). My university never mailed me anything about me not having enough in person credits.

Please let me know what you all think im scared as hell",1776244042.0,2026-04-15T09:07:22,5,0,/r/f1visa/comments/1sm0oqc/f1_student_credit_issue/,https://www.reddit.com/r/f1visa/comments/1sm0oqc/f1_student_credit_issue/
1slz8gx,f1visa,Understanding CPT Eligibility,"Hello everyone! 

I am a current undergraduate student in the US on an F1 visa. I have availed the CPT during my undergraduate degree but it had been 2 years into my degree so I was automatically eligible.

Now, I am going to go for a master’s (will get a new visa instead of a SEVIS transfer) and would like to avail CPT during the course of my degree. From the schedule at my target master’s program, it seems that there will be a 2-2.5 month long summer break where I can either take courses or do whatever I want. I would like to use those months for an internship. 

However, it wouldn’t have been 1 full year since my master’s started. Will I be eligible for CPT after completing two semesters itself? I believe so but just want to confirm the same. ",1776238822.0,2026-04-15T07:40:22,1,0,/r/f1visa/comments/1slz8gx/understanding_cpt_eligibility/,https://www.reddit.com/r/f1visa/comments/1slz8gx/understanding_cpt_eligibility/
1sluayq,f1visa,"EAD approved, SSN stuck in verification—job at risk","I recently got my EAD approved and applied for my SSN, but the SSA office told me it could take 4–8 weeks because they need to verify my documents with USCIS. It’s been over 3 weeks now, and despite multiple calls and visits, I’m just being told to keep waiting with no real updates.

The problem is I have a job offer, but my employer is hesitant to proceed without an SSN. I explained that I’m legally allowed to work with a valid EAD while my SSN is pending, and they gave me a little time, but they’re unsure.

They use a third-party system (Gusto and Valiant check) for onboarding and payroll. I completed my background check, but now I’m stuck at the payroll step. Gusto support gave me two options:

1. Ask my employer to manually complete Form I-9 (not likely since HR isn’t familiar and might just rescind the offer)
2. Enter all 1’s in the SSN field temporarily for the system to move forward and update it later once I receive my SSN

Gusto said it should be fine since I have an A-number, but I’m really worried about potential issues later (especially for things like STEM OPT).

Has anyone been in a similar situation? Is it safe to proceed this way, or should I wait it out? Any advice would really help.",1776222991.0,2026-04-15T03:16:31,3,0,/r/f1visa/comments/1sluayq/ead_approved_ssn_stuck_in_verificationjob_at_risk/,https://www.reddit.com/r/f1visa/comments/1sluayq/ead_approved_ssn_stuck_in_verificationjob_at_risk/
1sls7f7,f1visa,Pre Completion OPT approval for June with premium processing.,I still need to apply for pre completion OPT and my only choice is to go with premium processing and will I actually receive my decision in 30 days? ,1776217322.0,2026-04-15T01:42:02,12,0,/r/f1visa/comments/1sls7f7/pre_completion_opt_approval_for_june_with_premium/,https://www.reddit.com/r/f1visa/comments/1sls7f7/pre_completion_opt_approval_for_june_with_premium/
1slqogx,f1visa,PhD Student Traveling for Whole Summer While on Graduate Assistantship?,"Hi all,

I'm on an F-1 visa and plan to stay in another country for the entire summer (my advisor is okay with it). My university's human resources department and international student department sent out an email saying that I have to request approval to receive a graduate assistantship for the summer while outside the country, but they explicitly say it is unlikely to be approved. I'm just traveling to visit family (it's been a while), so I don't think it will be approved.

If I proceed without informing my university's HR and International Student departments, will this create tax complications? If it does, will my university find out through the IRS? What are the consequences if I do this? Does any international student have experience doing this?

TLDR: Student on F-1 Visa receiving graduate assistantship over the summer outside of the US. What are the consequences?",1776213198.0,2026-04-15T00:33:18,6,3,/r/f1visa/comments/1slqogx/phd_student_traveling_for_whole_summer_while_on/,https://www.reddit.com/r/f1visa/comments/1slqogx/phd_student_traveling_for_whole_summer_while_on/
1sln93y,f1visa,Undergrad Sophomore Are we cooked?,"I am from a t-40 school. Every single job posting for internships and full-time all specify that they do not want students on F-1 visa and needing sponsorship in the future. I don't know if I can get internships or full-time roles when I graduate. 

Are we cooked? ",1776204598.0,2026-04-14T22:09:58,34,42,/r/f1visa/comments/1sln93y/undergrad_sophomore_are_we_cooked/,https://www.reddit.com/r/f1visa/comments/1sln93y/undergrad_sophomore_are_we_cooked/
1slmi94,f1visa,Reinstatement denied (stay one month),"My F-1 reinstatement was recently denied, but my visa is still valid until 2029. I’ve stayed in the U.S. for about one month after going out of status, and i leave voluntarily. I have a clean record no unauthorized work, no fraud, and no violations other than the status issue. I’ve also been accepted by another college and will be getting a new I-20. My question is: could this short overstay (under 180 days) cause any issues with re-entry at the airport?",1776202861.0,2026-04-14T21:41:01,12,0,/r/f1visa/comments/1slmi94/reinstatement_denied_stay_one_month/,https://www.reddit.com/r/f1visa/comments/1slmi94/reinstatement_denied_stay_one_month/
1slls3t,f1visa,are there any legal issues if i delay my thesis from May 2 to May 20. my program end date is May 12 and my opt is approved and it starts from June 5th. give me the updated information. I am international student.,Anyone has answer to this question?,1776201239.0,2026-04-14T21:13:59,5,0,/r/f1visa/comments/1slls3t/are_there_any_legal_issues_if_i_delay_my_thesis/,https://www.reddit.com/r/f1visa/comments/1slls3t/are_there_any_legal_issues_if_i_delay_my_thesis/
1slknzb,f1visa,Graduation in december,"Hello, i am currently an international graduate student and i plan to take summer and fall semesters in order to graduate earlier, however i want to go back home for a bit this summer and after graduation. Before i go back after graduation do i need to have the whole opt thing figured out or?",1776198740.0,2026-04-14T20:32:20,2,2,/r/f1visa/comments/1slknzb/graduation_in_december/,https://www.reddit.com/r/f1visa/comments/1slknzb/graduation_in_december/
1slio4p,f1visa,Work Authorization / OPT + marriage based green card,"Hi all! Not sure if anyone has gone through this process, but figured I’d ask in case anyone has any insight. 

I’m a USC and my husband is here on a f1 visa. We applied for work authorization along with forms I-130 and I-485 to apply for a green card, but haven’t heard back about any of it yet. 

His university told him there’s no point in applying for OPT if we already applied for work authorization through the forms we submitted and to just wait it out until we hear back from them. Is this the right path forward? We were under the impression that these were two separate forms. 

Only questioning this because we’ve been told so many different things by his school’s admin team and majority of the time, the info given ends up being incorrect through further research on our end. 

Anyone have any experience with this? 

Thank you!",1776194521.0,2026-04-14T19:22:01,8,4,/r/f1visa/comments/1slio4p/work_authorization_opt_marriage_based_green_card/,https://www.reddit.com/r/f1visa/comments/1slio4p/work_authorization_opt_marriage_based_green_card/
1slhs9d,f1visa,Confused about OPT unemployment days,"I’m getting contradictory information about OPT unemployment days.

Some say they start counting on your selected OPT start date.

Some say that day gets adjusted when the EAD card is produced.

I applied January 21. Selected opt start date February 9th. Didn’t get approved yet.

By May 10 it will be 90 days. 

My question is: if my EAD doesn’t get approved by May 10th, do I fall out of status?",1776192644.0,2026-04-14T18:50:44,2,0,/r/f1visa/comments/1slhs9d/confused_about_opt_unemployment_days/,https://www.reddit.com/r/f1visa/comments/1slhs9d/confused_about_opt_unemployment_days/
1slhb0e,f1visa,Premium Processing or not? for OPT,"Hi everyone 

I am graduating may 15 from my masters program and have submitted a request for an opt recommended I-20 that starts on July 1…given that I get my I-20 by next week, when applying for my OPT should I apply for premium processing or not? since my start date will anyway be July 1.",1776191637.0,2026-04-14T18:33:57,12,1,/r/f1visa/comments/1slhb0e/premium_processing_or_not_for_opt/,https://www.reddit.com/r/f1visa/comments/1slhb0e/premium_processing_or_not_for_opt/
1slf6ha,f1visa,Change of status f2 to j1,"Hi,

Do anybody know how much time it takes to do change of status from f1 to j1 (research position). If anyone has personal experience, please share. 

And how much money it will cost. Also, is it fine to get j1 vis inside USA or I should go back to home country and get it there. 

Thanks. ",1776187205.0,2026-04-14T17:20:05,1,0,/r/f1visa/comments/1slf6ha/change_of_status_f2_to_j1/,https://www.reddit.com/r/f1visa/comments/1slf6ha/change_of_status_f2_to_j1/
1slcxn8,f1visa,Health Insurance on F1 OPT,"Hey everyone, I had a question…is it mandatory for an F1 student who graduates this semester to have a health insurance plan for OPT?  since my university has “recommended” a health insurance for OPT but they also put a hold on my student account.

so my 2 questions;

\- Is there a way I can ask my UNI to remove the hold since it’s not mandatory to have insurance?

\- Are there any health insurance plans that are cheap and I can use instead of the school recommended one.

\- Can I use health insurance from my own country?",1776182486.0,2026-04-14T16:01:26,9,9,/r/f1visa/comments/1slcxn8/health_insurance_on_f1_opt/,https://www.reddit.com/r/f1visa/comments/1slcxn8/health_insurance_on_f1_opt/
1slcmpd,f1visa,I got this email after Premium Processing. What does it mean. Does it mean my EAD is approved,,1776181858.0,2026-04-14T15:50:58,77,15,/r/f1visa/comments/1slcmpd/i_got_this_email_after_premium_processing_what/,https://i.redd.it/mlo9bh2lg6vg1.jpeg
1sl83wp,f1visa,Is it safe to go home for the summer,"Hello Everyone.  I am graduating with my bachelor's this may and transitioning into a master's program with the same school. Because of the procedure to do an internship between my bachelor's and master's and the current time line, I have decided to go home for the summer and work at a friend's company for a few months. My question is with the current visa situation and with my country being among the 75 countries with paused visas, is it okay for me to go home for the summer or should I do the entire process of updating my I20 for my master's while I am in America?

Thank you for the help",1776171825.0,2026-04-14T13:03:45,4,0,/r/f1visa/comments/1sl83wp/is_it_safe_to_go_home_for_the_summer/,https://www.reddit.com/r/f1visa/comments/1sl83wp/is_it_safe_to_go_home_for_the_summer/
1sl5c64,f1visa,"Can I enter the US with an old, valid F-1 visa and a NEW I-20? (Embassy appointment cancelled due to regional conflict)","Hi everyone, I’m in a really stressful situation right now and could use some advice from DSOs or anyone who has been in a similar boat.

Background:

\- I am citizen of a 3rd world country currently working in the UAE. I did my undergrad in an American university and have an active F1 visa from my time there (valid until 2028).  
\- I was recently accepted into a US graduate school for the upcoming fall. I got an I-20 with a new SEVIS ID from my new school, filled a DS-160, and was supposed to interview on March 7th, but then the US embassy closed in the UAE.

Questions:  
\- since I still have my physical passport and my old F-1 visa (exp. 2028) has not been physically cancelled or stamped over, can I just pay the I-901 fee for my new I-20 and travel using my old visa?  
\- does the fact that I started a new visa application (DS-160) and had a cancelled appointment invalidate my currently active F-1 visa in the system?  


I already reached out to my new school's international office, but they said that there isn't much they can do regarding the new visa, and the uncertainty is killing me. Any insights would be incredibly appreciated. Thank you!  
",1776164362.0,2026-04-14T10:59:22,9,5,/r/f1visa/comments/1sl5c64/can_i_enter_the_us_with_an_old_valid_f1_visa_and/,https://www.reddit.com/r/f1visa/comments/1sl5c64/can_i_enter_the_us_with_an_old_valid_f1_visa_and/
1sl45w9,f1visa,DS160 Photo Problem,"https://preview.redd.it/79uvp38lo4vg1.png?width=776&amp;format=png&amp;auto=webp&amp;s=38a9cccecd58c984140ac34b4e074f4665c8745e

So I finished filling out the complete tab and was on upload photo. I uploaded the photo/passed the requirments all green and good. now this pops up and i cannot click next. whenever i click next it asks permission to leave site and i press leave, page refreshes, and am at the same page as shown. however if i click on confirm photo then i am able to move on by clikcing next and at the end it just shows that I do not have a photo uploaded. I need to have a photo as I am planning to go to a us embassy in china. I have tried to wait 10 min on the upload page after i uploaded the photo, then another 10 min on this page and then i started clicking save every 3 mins for 1 hr and it didnt change anything? What should I do?",1776160674.0,2026-04-14T09:57:54,2,0,/r/f1visa/comments/1sl45w9/ds160_photo_problem/,https://www.reddit.com/r/f1visa/comments/1sl45w9/ds160_photo_problem/
1sl0dba,f1visa,Got a ticket for move over law on beginers permit on an F1 visa,"Hi, I got a ticket in South Carolina for a move over law violation while driving on a beginner’s permit. The fine is $300. I am an F-1 student, and I am very concerned about having this on my driving record. Could anyone please let me know whether you think I should dispute the ticket or just pay it, and whether there may be any option to keep it off my record?",1776147283.0,2026-04-14T06:14:43,3,5,/r/f1visa/comments/1sl0dba/got_a_ticket_for_move_over_law_on_beginers_permit/,https://www.reddit.com/r/f1visa/comments/1sl0dba/got_a_ticket_for_move_over_law_on_beginers_permit/
1skzlqm,f1visa,Advice for booking F-1 visa interview appointment when no slots available,"Any tips - best times of day to check? Is there a pattern to when new batches of slots are released?

Any insights much appreciated

Location is Auckland, NZ",1776144763.0,2026-04-14T05:32:43,2,0,/r/f1visa/comments/1skzlqm/advice_for_booking_f1_visa_interview_appointment/,https://www.reddit.com/r/f1visa/comments/1skzlqm/advice_for_booking_f1_visa_interview_appointment/
1skz4n5,f1visa,How long should I wait ?,"Hello all,I applied my opt on nov 14 , still no response no rfe no biometrics nothing,my start date in the application is February 9 ,what if I didn’t get approval by may 9th(the 90 day grace period will be over by that time)?I know I can upgrade to premium processing but honestly I don’t have that much money as well as I don’t have the job offer yet so I am not considering that option,are there any things I could to do for getting approval quickly?",1776143236.0,2026-04-14T05:07:16,8,3,/r/f1visa/comments/1skz4n5/how_long_should_i_wait/,https://www.reddit.com/r/f1visa/comments/1skz4n5/how_long_should_i_wait/
1skvtms,f1visa,Received Notice for Biometrics after receiving STEM EAD,"Applied - Jan 7

Approved- March 20

Card Produced- March 24

Biometrics Request notice sent on - March 27 ( No update about that on the website) 

Received card before this notice and missed the USCIS appointment cuz I moved to different state and didn’t check mail box. Anyone here faced this ? ",1776133647.0,2026-04-14T02:27:27,3,0,/r/f1visa/comments/1skvtms/received_notice_for_biometrics_after_receiving/,https://www.reddit.com/r/f1visa/comments/1skvtms/received_notice_for_biometrics_after_receiving/
1skqzrd,f1visa,1099 contract reporting,"I recently received a 1099 contract job offer, and I need to update my SEVIS employment information. Should I report this as \*\*self-employment\*\* or as \*\*employed by the company\*\* that gave me the contract?

I’m confused because it’s a 1099 contractor role, not a regular W-2 job. If anyone has experience with SEVIS reporting for this situation, please help. Thank you!!! ",1776121145.0,2026-04-13T22:59:05,0,0,/r/f1visa/comments/1skqzrd/1099_contract_reporting/,https://www.reddit.com/r/f1visa/comments/1skqzrd/1099_contract_reporting/
1skqzc2,f1visa,"Questions regarding STEM OPT compliance: Staffing agencies, volunteer work, and E-Verify red flags.","Hi everyone,

I am currently on my initial F-1 OPT (expiring at the end of June) and I am trying to make sure I fully understand the compliance rules for the 24-month STEM extension as I navigate the current job market.

I have a few procedural questions to ensure I don't accidentally violate my visa status:

1. Staffing Agencies/Consultancies: From an immigration and USCIS perspective, what are the absolute biggest red flags that a staffing agency is non-compliant? I want to ensure I know exactly how to vet companies so I don't accidentally engage with a fraudulent ""pay-to-stay"" operation.
2. Employer-Employee Relationship: For the I-983 training plan, if I go through a legitimate, E-Verify W-2 staffing agency (like TEKsystems, etc.), who typically fills out the training plan? The agency, or the end-client I am placed with?

I just want to make sure I am fully educated on the legal boundaries here. Thanks in advance for the guidance!",1776121117.0,2026-04-13T22:58:37,3,7,/r/f1visa/comments/1skqzc2/questions_regarding_stem_opt_compliance_staffing/,https://www.reddit.com/r/f1visa/comments/1skqzc2/questions_regarding_stem_opt_compliance_staffing/
1skqm39,f1visa,"At a crossroads with my visa, finances, and a baby on the way… I don’t know what the smartest move is","I honestly don’t even know where to start, but I feel like I need some outside perspective because my head is all over the place right now.

I’m currently on an F-1 visa and my OPT ends in July. I’ve been trying to figure out my next step so I don’t fall out of status, but everything feels like it comes with a huge downside.

My initial plan was to go back to school (Master’s or maybe even a PhD) just to maintain my status. I actually got accepted into a program before, so I know I can probably get in again. The problem is… I already owe my school about $16,000. And there’s no way I can register for classes until I clear that balance.

So now I’m stuck in this situation where:

Going back to school helps my status, but puts me deeper in debt

Not going back to school means I risk falling out of status

And to make things more complicated… I’m literally about to have a baby. Like any day now.

I’ve thought about trying to grind Uber to make the money, but realistically I don’t think I can pull off $16k in 3 months, especially with a newborn. That just doesn’t feel sustainable.

Another option I’ve been considering is switching to a B-2 (visitor visa) just to buy some time and stay legal while I figure things out. But I’m worried about how that might affect my future plans, especially since I eventually want to apply for an EB-2 NIW.

For context, I’ve been building in the healthcare/aging space, writing policy pieces, and trying to position myself for that long-term path. I don’t think I’m “there” yet for EB-2, but I’m working toward it.

Right now it just feels like I’m choosing between:

More debt

Immigration risk

Or hitting pause on everything

I’m trying to be responsible and not make a decision I’ll regret later, but the pressure is real.

Has anyone been in a similar situation or taken the B-2 route while figuring things out?

Or is going back to school (even with debt) the safer move here?

I’d really appreciate any honest advice. I’m just trying to make the smartest decision long-term without putting myself in a worse situation.",1776120225.0,2026-04-13T22:43:45,10,9,/r/f1visa/comments/1skqm39/at_a_crossroads_with_my_visa_finances_and_a_baby/,https://www.reddit.com/r/f1visa/comments/1skqm39/at_a_crossroads_with_my_visa_finances_and_a_baby/
1sknqxu,f1visa,"After you have been issued your OPT, can you go to your home country to visit and renew your visa?",I am wondering if there’s any risks going home after I have been issued an OPT and obviously still connected to my previous school which is UC Berkeley on my F1 Visa that expired.,1776113696.0,2026-04-13T20:54:56,3,3,/r/f1visa/comments/1sknqxu/after_you_have_been_issued_your_opt_can_you_go_to/,https://www.reddit.com/r/f1visa/comments/1sknqxu/after_you_have_been_issued_your_opt_can_you_go_to/
1sknbr4,f1visa,F1 Visa Renewal While on STEM OPT (Day1CPT graduated),"Hi everyone, I’m planning to travel home this July and will likely need to go through a visa interview since my visa expired in 2020. I haven’t been back home since 2020, although my I-20 has remained valid throughout.

I wanted to check if anyone has been in a similar situation, especially regarding the interview process, and would really appreciate hearing about your experience.

For additional context, I graduated from a Day 1 CPT school in 2025, obtained OPT, and was recently approved for STEM OPT.",1776112812.0,2026-04-13T20:40:12,0,0,/r/f1visa/comments/1sknbr4/f1_visa_renewal_while_on_stem_opt_day1cpt/,https://www.reddit.com/r/f1visa/comments/1sknbr4/f1_visa_renewal_while_on_stem_opt_day1cpt/
1skmfap,f1visa,"I filled out my DS-160, paid the MRV fee and scheduled my F1Visa Interview. However, I just realized that I forgot to list Tiktok handle in DS-160. What should I do now? Please help me out.",It feels so stressful right now.,1776110967.0,2026-04-13T20:09:27,2,0,/r/f1visa/comments/1skmfap/i_filled_out_my_ds160_paid_the_mrv_fee_and/,https://www.reddit.com/r/f1visa/comments/1skmfap/i_filled_out_my_ds160_paid_the_mrv_fee_and/
1sklp04,f1visa,How is job search while on day 1 cpt ??,"My company doesn’t support day1 cpt so i am planning to resign , start my course and on the side look for jobs. 

I am not sure if i am making a right decision so needed advice if somebody had done the same. I am in tech if that matters. Do companies hire if you are on day 1 ? if not how to navigate the situation.

Thanks , I would be really grateful",1776109470.0,2026-04-13T19:44:30,2,0,/r/f1visa/comments/1sklp04/how_is_job_search_while_on_day_1_cpt/,https://www.reddit.com/r/f1visa/comments/1sklp04/how_is_job_search_while_on_day_1_cpt/
1sklmwr,f1visa,"F1 application in Warsaw, Poland","Any Russian citizens have recent experiences applying or reapplying for F1 visa (or any other one tbh) in Warsaw? In terms of getting an appointment, approval rates, processing times?",1776109348.0,2026-04-13T19:42:28,1,1,/r/f1visa/comments/1sklmwr/f1_application_in_warsaw_poland/,https://www.reddit.com/r/f1visa/comments/1sklmwr/f1_application_in_warsaw_poland/
1skjod2,f1visa,Urgent help on B1 and F1 visa rules,"Hi guys. I am currently on a tourist B1 visa. I have been admitted for Master’s in the upcoming fall cohort. So I will need to apply for an F1 visa. However, I need to go to the US without fail in the month of June for personal reasons and I’ll return by June end. My program starts in early August. I’m really confused about what to do here. 
1. Can I book my F1 slot as usual whenever it’s available, hopefully get a visa, and still travel on my B1 visa and then come back and go again on an F1 before the program starts? 
2. Or is it safer to try for a slot between June end and before the start of my program? ",1776105291.0,2026-04-13T18:34:51,0,1,/r/f1visa/comments/1skjod2/urgent_help_on_b1_and_f1_visa_rules/,https://www.reddit.com/r/f1visa/comments/1skjod2/urgent_help_on_b1_and_f1_visa_rules/
1skix8j,f1visa,Changing Drivers license from MA to MD,I recently moved to Maryland from Massachusetts. I’m currently on day1cpt program and am wondering if it is possible to change my drivers license from MA to MD? I’m staying at a relative and do not have a lease. Which means no proof of residency. Has anyone change their DL on day1cpt. ,1776103731.0,2026-04-13T18:08:51,1,2,/r/f1visa/comments/1skix8j/changing_drivers_license_from_ma_to_md/,https://www.reddit.com/r/f1visa/comments/1skix8j/changing_drivers_license_from_ma_to_md/
1skiaii,f1visa,I-765: CPT I-20s Missing Signatures,"I recently applied for OPT (post-completion) and noticed that all my CPT I-20s (summer, fall, spring) since last summer do not have my signature, but my OPT one has it. Is it ok for me to re-upload these I-20s with my signature as unsolicited evidence? If so, does including today's date as the signature date affect anything on the I-20s that already expired?",1776102458.0,2026-04-13T17:47:38,0,1,/r/f1visa/comments/1skiaii/i765_cpt_i20s_missing_signatures/,https://www.reddit.com/r/f1visa/comments/1skiaii/i765_cpt_i20s_missing_signatures/
1ski3mg,f1visa,Should I apply to Premium Processing for OPT?,"I applied for OPT on February 16, no updates yet apart from Biometrics. My start date is July 12.

I am graduating as a nurse, so I am keeping in mind that I might need an SSN for my license to be released by the state board. Since now we have to apply for SSN with the EAD card, I am worried about the timing. 

I already have a job offer and would like to start as close to my start date as possible. 

Update 4/29: Just got approved today!!! I did not upgrade to Premium btw. ",1776102062.0,2026-04-13T17:41:02,21,7,/r/f1visa/comments/1ski3mg/should_i_apply_to_premium_processing_for_opt/,https://www.reddit.com/r/f1visa/comments/1ski3mg/should_i_apply_to_premium_processing_for_opt/
1skf3yt,f1visa,F1 visa after No-Show,"Hi everyone,

I wanted to know if getting a visa slot for f1 visa after a no-show is considerably difficult?

Background:

I am from India and got admission last year for MBA at a T20 but could not go as visa slots had stopped opening up in India. I deferred my admission and got a slot for December 2025. I attended the biometric but could not attend interview due to delayed i-20. This ended up being a no-show. I then paid the MRV fee again and created a new application.

My question now: I am unable to see slots even when other people are able to. I talked to an agent and he said it would count as second attempt and would be significantly difficult to get a slot.

Is this true? Should I keep hope or be prepared to not get a slot before classes start in Aug 2026? Anyone with similar experience who can guide?

Anything that I could do to better my chnaces? And should I fill a new DS-160?

Any advice or help would be much appreciated.",1776095953.0,2026-04-13T15:59:13,8,0,/r/f1visa/comments/1skf3yt/f1_visa_after_noshow/,https://www.reddit.com/r/f1visa/comments/1skf3yt/f1_visa_after_noshow/
1skcqs5,f1visa,Can I switch employers again on OPT within a week?,"Hi everyone,

I’m currently on OPT and recently changed my employer about a week ago. However, I’ve now received a better opportunity and am planning to switch again.

My concern is that my current employer never provided an official offer letter via emajl and communication has been poor. Because of that, I’m not sure if I’ll be able to get a proper relieving/experience letter from them.

I have a few questions:

Is it okay to switch employers again within such a short time on OPT?

Is a relieving letter compulsory required for SEVIS/OPT compliance?

If I don’t have one, could this cause issues later (like an RFE from U.S. Citizenship and Immigration Services)?

What kind of documents should I keep as proof to stay safe?

Would really appreciate any guidance from people who’ve been in a similar situation. Thanks in advance!",1776091081.0,2026-04-13T14:38:01,0,1,/r/f1visa/comments/1skcqs5/can_i_switch_employers_again_on_opt_within_a_week/,https://www.reddit.com/r/f1visa/comments/1skcqs5/can_i_switch_employers_again_on_opt_within_a_week/
1skbmkj,f1visa,Need help: F-1 OPT to STEM OPT while transitioning to a new job and relocating,"I am in the middle of applying for my STEM OPT extension and have a few overlapping questions that are making this more complicated than I expected.

Here is my situation:

1. I am currently on F-1 OPT working at my university.
2. Got a new job with a tentative start date in May, which requires me to relocate soon.
3. Currently on initial OPT EAD expiring in mid-June.
4. I'll be relocating to a different city soon, but my manager told me the relocation is not urgent, and I can take my time. So I have not moved yet.

**My questions:**

* For the I-765 and the new I-20, should I put my current address or my future city address?
* Do I need to be physically present in my new work city when my STEM OPT begins in June, or is a temporary remote arrangement acceptable while I sort out the relocation?
* Also, how should I deal with my manager to tell him all of this(i-983)? As we're yet to fix a start date.

I'm really confused about who to reach out to for each of these questions. My DSO, employer immigration team, or my manager? Would really appreciate clarity on who owns what here in this conundrum.

Thanks a lot!",1776088679.0,2026-04-13T13:57:59,1,1,/r/f1visa/comments/1skbmkj/need_help_f1_opt_to_stem_opt_while_transitioning/,https://www.reddit.com/r/f1visa/comments/1skbmkj/need_help_f1_opt_to_stem_opt_while_transitioning/
1sk9r03,f1visa,Opt timeline - offer start date June 1,"I’ll be applying for opt this week ( after I receive from uni ISSS) I.e before April 17th and then I’ll file for EAD.

What can be my expected date of receiving EAD?

I’ll be graduating in May. got internship with start date June 1. Need suggestions.",1776084308.0,2026-04-13T12:45:08,13,5,/r/f1visa/comments/1sk9r03/opt_timeline_offer_start_date_june_1/,https://www.reddit.com/r/f1visa/comments/1sk9r03/opt_timeline_offer_start_date_june_1/
1sk88z9,f1visa,F1 extension OPT is delayed and USCIS agents are giving conflicting information.,"New member here, hi everyone. I’m facing a serious OPT issue with USCIS and would really appreciate any advice.

Timeline:

•	I applied for OPT on December 17, 2025

•	On February 6, 2026, I received an RFE saying I need to go to an ASC for a digital photograph

•	The deadline to respond is May 4, 2026

Problem:

I never received any appointment notice by mail, and there was no update in my USCIS account.

What happened:

•	Before April 2, I contacted USCIS multiple times through chat and was told that no appointment had been scheduled yet

•	On April 2, a chat agent told me I had supposedly missed an appointment on February 27 and said a rescheduling request was submitted, with a response expected within 30 days

•	After that, I called USCIS and another agent told me the earlier information seemed wrong because although a request existed, she could not see an actual scheduled date connected to it

•	Then on April 9, I called again and that agent said the missed February 27 appointment was correct, but that I now have to wait for rescheduling information

So right now, I have:

•	an RFE deadline of May 4

•	no appointment notice ever received

•	conflicting information from USCIS

•	no clear update in my account

Has anyone faced something similar with OPT, biometrics, or ASC scheduling? What did you do to resolve it quickly?",1776080332.0,2026-04-13T11:38:52,16,1,/r/f1visa/comments/1sk88z9/f1_extension_opt_is_delayed_and_uscis_agents_are/,https://www.reddit.com/r/f1visa/comments/1sk88z9/f1_extension_opt_is_delayed_and_uscis_agents_are/
1sk1ez9,f1visa,F1 OPT → F2 spouse visa: realistic right now on this administration?,"Hey everyone,

I’m currently on F1 OPT after finishing undergrad and working full-time. I recently got married and am now planning to bring my wife to the U.S. on an F2 visa.

I wanted some real, current insights:

	•	How tough is F2 approval right now with the current administration?

	•	Does being on OPT (instead of active student status) make it harder?

	•	What kind of rejection reasons are people seeing lately?

	•	Any recent approvals/denials you’ve personally seen or experienced?

	•	Financial proof — how strong does it realistically need to be?

Plz help me with your experiences and insights. ",1776057223.0,2026-04-13T05:13:43,8,2,/r/f1visa/comments/1sk1ez9/f1_opt_f2_spouse_visa_realistic_right_now_on_this/,https://www.reddit.com/r/f1visa/comments/1sk1ez9/f1_opt_f2_spouse_visa_realistic_right_now_on_this/
1sk10vv,f1visa,Undergraduate degree or Masters? Which one has more F1 visa approval rate,Which one has more approval rate?,1776055970.0,2026-04-13T04:52:50,3,3,/r/f1visa/comments/1sk10vv/undergraduate_degree_or_masters_which_one_has/,https://www.reddit.com/r/f1visa/comments/1sk10vv/undergraduate_degree_or_masters_which_one_has/
1sk0mzp,f1visa,Can I enter to the US with the visa I got for bachelors as a phd student?,"So I got my f1 visa for my bachelors in 2022. They gave me 5 years so it's gonna expire in 2027. I graduate in May and I will be doing PhD in the same institution in August, and I will be out of the US during the summer after I graduate. Can I re-enter to the US with this current f1 visa I have as long as I have a valid I-20? I will obviously obtain the new I-20 for my PhD. I wanted to know if I can enter even if the new I-20 is different from the I-20 I used to apply for visa in 2022. I really wanna avoid having to get the visa again considering the current status of the government. ",1776054738.0,2026-04-13T04:32:18,6,7,/r/f1visa/comments/1sk0mzp/can_i_enter_to_the_us_with_the_visa_i_got_for/,https://www.reddit.com/r/f1visa/comments/1sk0mzp/can_i_enter_to_the_us_with_the_visa_i_got_for/
1sjzvzh,f1visa,"Applied OPT with wrong category + SEVIS completed — no RFE yet, what to expect?","Hi everyone,

I’m seeking guidance regarding an issue with my F-1 status, OPT application, and SEVIS record, and I’d really appreciate any advice or similar experiences.

I applied for OPT in April 2025, but while filing Form I-765, I mistakenly selected Pre-Completion OPT (c)(3)(A) instead of Post-Completion OPT (c)(3)(B). My actual intention was to apply for Post-Completion OPT after graduation, and my OPT I-20 reflects that correctly.

Recently (about 2 days ago), my Designated School Official (DSO) informed me that my SEVIS record was marked as “Completed” in September 2025. However, my USCIS OPT application is still showing as pending/active.

The issue is that I was not aware of the SEVIS status change until now, and I did not receive any prior notification about it.

**My concerns:**

* What is my current immigration status in this situation?
* Am I accruing unlawful presence?
* Is there still any chance USCIS could approve the OPT application despite the mistake?
* If approved, can the SEVIS record be fixed or reactivated?
* If denied, what are the best next steps (reinstatement, new SEVIS, Day 1 CPT, etc.)?

This situation is quite stressful, and I’m trying to understand my options moving forward. Any guidance or shared experiences would mean a lot 🙏

",1776052488.0,2026-04-13T03:54:48,3,1,/r/f1visa/comments/1sjzvzh/applied_opt_with_wrong_category_sevis_completed/,https://www.reddit.com/r/f1visa/comments/1sjzvzh/applied_opt_with_wrong_category_sevis_completed/
1sjx70p,f1visa,Need advice: Day1 CPT or relocation if H1B does not get picked?,"What should one prefer in case H1B does not get picked? Pros and cons?

1) Day 1 CPT - Involves tuition fees but get to stay in the US with same salary. Not sure if traveling back to home country is possible if enrolled in Day 1 CPT.

2) Relocation - Moving out to a different country and trying to get back on L1B - Less salary, coming back to US may not always be possible unless there is a headcount, tied to an employer.",1776044841.0,2026-04-13T01:47:21,3,0,/r/f1visa/comments/1sjx70p/need_advice_day1_cpt_or_relocation_if_h1b_does/,https://www.reddit.com/r/f1visa/comments/1sjx70p/need_advice_day1_cpt_or_relocation_if_h1b_does/
1sjx6aw,f1visa,TPS to F-1 status updates?,Hello I would like ask to if anyone had received any updates from their AOS from TPS to F-1? Has anyone been able to successfully obtain f-1? Has anyone received a NOID? ,1776044786.0,2026-04-13T01:46:26,2,0,/r/f1visa/comments/1sjx6aw/tps_to_f1_status_updates/,https://www.reddit.com/r/f1visa/comments/1sjx6aw/tps_to_f1_status_updates/
1sjx6ad,f1visa,Job title is vague,"Hello, I got a job offer for a role but the title is a little vague and doesn't directly relate to my field but I can explain it well in the job description and details and connect it to my field. Will that be okay for OPT? ",1776044786.0,2026-04-13T01:46:26,0,1,/r/f1visa/comments/1sjx6ad/job_title_is_vague/,https://www.reddit.com/r/f1visa/comments/1sjx6ad/job_title_is_vague/
1sju7dg,f1visa,EAD Delayed + USPS Lost It Right Before My Start Date - Here's What Helped,"Hi guys, I’ve seen a lot of people panic about not receiving their EAD on time, so I wanted to share my experience and what helped me.

Graduated Dec 22, applied for OPT on Dec 27 (no premium since I didn’t have an offer).

Got my first offer on Feb 4 → upgraded to premium processing and gave a March 9 start date.

Later got another offer with a March 15 start, and I accepted thinking premium would cover me.

But things didn’t go as planned:

No updates for weeks even after premium.

On March 5, I received an RFE, which delayed everything further.

I asked both employers for extensions:

One denied.

Thankfully, the other allowed me to join by March 30 but with a hard deadline.

Then things started moving:

OPT approved on March 11

EAD produced and shipped on March 18

At this point, I thought I was safe. But USPS had other plans.

Tracking stopped updating after March 19

No movement even by March 25

USPS support had no answers

I went to my local post office, and the postmaster told me it was likely lost. That was probably the lowest point—I thought I lost my job.

While looking for options, I found something important:

👉 You can use an EAD replacement application receipt for I-9 verification (temporarily) — but you still need to show the actual card later. (https://www.uscis.gov/i-9-central/form-i-9-acceptable-documents)

So on March 28, I started applying for a replacement EAD card (same process + fees again). You immediately get a receipt which can be used for i9 verification. I had filled all my details for the application and filling out payment details...and just then, out of nowhere

👉 I got a USPS notification saying “Out for delivery.”

After being stuck for days, the card suddenly showed up.

TL;DR:

OPT delays + RFE + USPS lost EAD → almost lost job → found backup option (apply for replacement EAD, receipt can help with I-9) → card randomly delivered at the last moment.

Tip: If your EAD is delayed or lost, don’t wait—start the replacement process as a backup.

( post edited using AI)",1776036715.0,2026-04-12T23:31:55,38,75,/r/f1visa/comments/1sju7dg/ead_delayed_usps_lost_it_right_before_my_start/,https://www.reddit.com/r/f1visa/comments/1sju7dg/ead_delayed_usps_lost_it_right_before_my_start/
1sjtl8k,f1visa,STEM OPT Biometrics – Is the Original Notice Required or Is a Printout Enough?,"Hi all,

I have my biometrics appointment coming up in a few days, but I still haven’t received the physical notice in the mail.

Is it mandatory to bring the original notice, or would a printed copy of the notice be acceptable for the appointment?

Thanks!!",1776035124.0,2026-04-12T23:05:24,3,3,/r/f1visa/comments/1sjtl8k/stem_opt_biometrics_is_the_original_notice/,https://www.reddit.com/r/f1visa/comments/1sjtl8k/stem_opt_biometrics_is_the_original_notice/
1sjrx75,f1visa,multiple speeding tickets – will re-entry be an issue?,"Hi everyone,

I’m currently on an F1 visa in the U.S. About 6 months ago, I received 3 speeding tickets and all of them were paid .These were all traffic violations (not criminal), and my driver’s license is still valid (not suspended). I’ve also stopped driving since then.

I’m planning to travel to India soon and then return to the U.S., and I’m a bit worried about immigration at the port of entry.

Has anyone been in a similar situation?

Will multiple speeding tickets cause any issues during re-entry on an F1 visa?

Thanks in advance!",1776030990.0,2026-04-12T21:56:30,25,0,/r/f1visa/comments/1sjrx75/multiple_speeding_tickets_will_reentry_be_an_issue/,https://www.reddit.com/r/f1visa/comments/1sjrx75/multiple_speeding_tickets_will_reentry_be_an_issue/
1sjpflq,f1visa,"OPT EAD vs AOS (C9) EAD – timeline, DL renewal &amp; risks? Need to start job ASAP","Hi everyone,

I applied for an AOS-based EAD (C9) in December, but there’s been no progress so far. I have a job offer and I’m graduating next month.

As an international student, I’ve now received my post-completion OPT I-20. If I had known earlier, I probably would have applied for OPT EAD instead of relying on the C9 EAD.

I’m now considering applying for OPT EAD with premium processing since I need to start working as soon as possible.

I have a few questions:

* How long does it typically take to receive the OPT EAD card after applying (especially with premium processing)?
* Since I already gave biometrics for the AOS EAD, will I need to do biometrics again for OPT?
* Is it okay to have two EAD applications (C9 and OPT) at the same time?
* Does having a pending AOS EAD (immigrant intent) affect the chances of OPT EAD approval?

Also, my driver’s license is expiring very soon.

* Can I renew it using my I-485 receipt notice (I-797C) along with my OPT I-20, or would I need an approved EAD?

My main concern is starting my job as early as possible. Any advice or similar experiences would be really helpful.

Thanks!",1776025265.0,2026-04-12T20:21:05,2,1,/r/f1visa/comments/1sjpflq/opt_ead_vs_aos_c9_ead_timeline_dl_renewal_risks/,https://www.reddit.com/r/f1visa/comments/1sjpflq/opt_ead_vs_aos_c9_ead_timeline_dl_renewal_risks/
1sjk8bu,f1visa,F1 OPT Employment Gap – Request for Legal Guidance,"I am currently on F1 status and was authorized under my initial OPT period from May 2023 to May 2024.

Employer A employed me from May 14, 2023 to November 30, 2023, however, payroll was only processed through August 25, 2023, and the experience letter issued reflects employment only through August 2023. This creates a discrepancy between my actual employment tenure and the available supporting documentation.

Employer B onboarded me effective December 7, 2023.

The gap between my last documented date with Employer A (August 25, 2023) and my start date with Employer B (December 7, 2023) spans approximately 3.5 months. Given that F1 OPT regulations permit a maximum unemployment period of 90 days, this gap may raise compliance concerns.

I am seeking legal guidance on how to address the documentation discrepancy with Employer A, whether this gap constitutes an OPT unemployment violation, and what remedial steps, if any, may be available to resolve this matter.",1776013736.0,2026-04-12T17:08:56,2,2,/r/f1visa/comments/1sjk8bu/f1_opt_employment_gap_request_for_legal_guidance/,https://www.reddit.com/r/f1visa/comments/1sjk8bu/f1_opt_employment_gap_request_for_legal_guidance/
1sjgh3o,f1visa,Help with F1 visa expiration/OPT timelines,"Hi everyone! Would appreciate any guidance on this situation. I graduated from a university in May 2025 and pursued a master's degree at the same institution and will graduate next month (May 2026). My original F1 visa has an expiration date of June 30, 2026, since I started my bachelor's in 2021 and finished in 2025. I was talking to my DSO, and they mentioned that if I wanted to travel internationally, I have to renew this visa. I applied last month for post-completion OPT from my master's and that process is ongoing, so I am aware that the renewal will of course happen once OPT is settled and I start my job.

My questions are the following (and would love to know if anyone has been in a similar situation)

1. When filling the DS-160 form, is there a way of explaining that this is just a renewal and not a new F1 visa? Do I have to do all the regular interview/in-person appointment process again? For context, I would do this at the Lima, Peru embassy (want to avoid doing it in a country that I am not a citizen of).
2. How can I explain that the extension of this visa would be during my OPT year? Can there be red flags raised if I already completed my studies?
3. How long would they extend that visa for if I am about to initiate OPT and would also want to possibly apply for a STEM OPT extension? Is there a way of explaining that situation to the consulate? Or would they renovate just for when my OPT ends (which is May 24, 2027?)
4. When filling the DS-160 form, what should I put as my intended entry/departure date for the US travel plans section? My entry would be around December (because that is when I would travel to Lima to get the visa, but I don't know what to put for departure since I would probably do STEM OPT. Or should I put 60 days after my first OPT year ends?)

Would deeply appreciate any help, insights and/or advice! It is a very niche situation but hopefully I am not the only one going through something like this! Thank you!",1776005194.0,2026-04-12T14:46:34,2,7,/r/f1visa/comments/1sjgh3o/help_with_f1_visa_expirationopt_timelines/,https://www.reddit.com/r/f1visa/comments/1sjgh3o/help_with_f1_visa_expirationopt_timelines/
1sjgg5f,f1visa,Writing a research paper after STEM-OPT ends,"Hi!

My STEM-OPT ends this July and I will be leaving my current employer. I have a couple of research paper drafts that I am working on with my manager. Would I be able to continue working on them (writing sections, creating figures) and collaborating with my manager after my STEM OPT ends or would that be considered unlawful employment since I'll no longer be in the US or in F-1 status.",1776005131.0,2026-04-12T14:45:31,2,5,/r/f1visa/comments/1sjgg5f/writing_a_research_paper_after_stemopt_ends/,https://www.reddit.com/r/f1visa/comments/1sjgg5f/writing_a_research_paper_after_stemopt_ends/
1sjfni6,f1visa,Unpaid (Research) Role,"Need advice for an unpaid position urgently for stopping the unemployment clock in post-completion OPT. I have a Masters in an applied physics/engineering major. Old labs are not helping. 

Besides, will stuffing/consultancy firms be problematic (if I use it for temporary clock stopping) in future USCIS processing? ",1776003224.0,2026-04-12T14:13:44,1,1,/r/f1visa/comments/1sjfni6/unpaid_research_role/,https://www.reddit.com/r/f1visa/comments/1sjfni6/unpaid_research_role/
1sj61py,f1visa,STEM OPT I-20 concern,"Hi everyone!

Has anyone here had two employers listed on their STEM OPT I-20 at the same time?

Just curious if anyone has seen this before.",1775972885.0,2026-04-12T05:48:05,0,0,/r/f1visa/comments/1sj61py/stem_opt_i20_concern/,https://www.reddit.com/r/f1visa/comments/1sj61py/stem_opt_i20_concern/
1sj5dca,f1visa,Travel on f1-opt before job start,"I recently graduated and have received my EAD with start date as May 15th. My job starts on June 22nd. 

Now that I have some time off, I’m planning to travel internationally. I have got my EAD, I-20 with ‘requested’ opt written on it. I plan to come back on May 25th - I’m fine giving away 10 days of unemployment. Post returning to US, I’ll do some unpaid work to avoid using anymore unemployment days until my actual job starts on June 22nd. 

Do you think I’ll have any issue at re-entry ? What do you suggest? Anyone with similar experience? ",1775970665.0,2026-04-12T05:11:05,3,0,/r/f1visa/comments/1sj5dca/travel_on_f1opt_before_job_start/,https://www.reddit.com/r/f1visa/comments/1sj5dca/travel_on_f1opt_before_job_start/
1sj4drd,f1visa,Company Name Changed?,"I have been working with the company named ABC LLC for 11 months on F1 VISA. During this time, I changed from OPT to STEM OPT and also filled I-983.

My company has changed its name from ABC LLC to ABC INC recently 2 months ago. But I recently got to know that I need to fill I-983 again? any inputs on this

",1775967549.0,2026-04-12T04:19:09,0,0,/r/f1visa/comments/1sj4drd/company_name_changed/,https://www.reddit.com/r/f1visa/comments/1sj4drd/company_name_changed/
1sj3ad4,f1visa,I have applied for initial OPT and am graduating on 05/22. Can I travel to Canada for a week now?,"I want to go to Canada from May 1 to 7. I'll have my travel i-20 with me. But since i've applied for initial OPT and haven't received my EAD yet, i'm a little hesitant. Will it be a problem for me? I'll have my grad ceremony from May 16 too. Do i still require EAD or something for going to Toronto?",1775964265.0,2026-04-12T03:24:25,2,1,/r/f1visa/comments/1sj3ad4/i_have_applied_for_initial_opt_and_am_graduating/,https://www.reddit.com/r/f1visa/comments/1sj3ad4/i_have_applied_for_initial_opt_and_am_graduating/
1sj0l9q,f1visa,STEM OPT F1 unemployment days coming to end,Can any one confirm me that if I run out of my 150 unemployment days. Will I go out of status immediately or I will have some grace period to leave US.,1775956431.0,2026-04-12T01:13:51,8,11,/r/f1visa/comments/1sj0l9q/stem_opt_f1_unemployment_days_coming_to_end/,https://www.reddit.com/r/f1visa/comments/1sj0l9q/stem_opt_f1_unemployment_days_coming_to_end/
1siwm6j,f1visa,Should I upload my employment offer letter in the unsolicited evidence section?,Is it advised to do this or anyone here has done this. I filed for PP on April 9th,1775945728.0,2026-04-11T22:15:28,10,0,/r/f1visa/comments/1siwm6j/should_i_upload_my_employment_offer_letter_in_the/,https://www.reddit.com/r/f1visa/comments/1siwm6j/should_i_upload_my_employment_offer_letter_in_the/
1siwbtc,f1visa,Starting a Business in OPT,"Hey guys, I’m currently studying Construction Management at a well-regarded university in Texas and have completed a few internships. However, securing a full-time offer after graduation has been challenging.

Given that Texas does not require general contractors to be licensed, I’m considering taking advantage of that and starting my own GC business by beginning with smaller projects. At the same time, I want to make sure I stay fully compliant with USCIS regulations. Does anyone have insight on how to navigate this without violating any immigration laws? 

Thanks in advance to all the answers",1775944993.0,2026-04-11T22:03:13,6,3,/r/f1visa/comments/1siwbtc/starting_a_business_in_opt/,https://www.reddit.com/r/f1visa/comments/1siwbtc/starting_a_business_in_opt/
1sitiv0,f1visa,I won a $3k prize for starting my business. Am I eligible for CPT?,"Hello fellow F-1 students,

I recently won a competition and got a chance to build a startup.

I received a grant that can only be used for user discovery and trials for my product(forming legal entity, paid incentives for testers, marketing materials, etc). I can't pay myself in any way.

I'm thinking of getting a US co-founder to setup the LLC, register my co-founder as the manager, and make the LLC to hire me as an intern for CPT. I'm going to be discussing with the DSO, but I was wondering if there's anyone out there with a similar experience.

\*Update : I’ve talked to the DSO about this and got a hard NO for CPT. Was told to bring this to an immigration attorney. I’ll leave an update once i get with an attorney. ",1775938187.0,2026-04-11T20:09:47,18,6,/r/f1visa/comments/1sitiv0/i_won_a_3k_prize_for_starting_my_business_am_i/,https://www.reddit.com/r/f1visa/comments/1sitiv0/i_won_a_3k_prize_for_starting_my_business_am_i/
1sisz19,f1visa,OPT/STEM OPT after Second Masters,"Hello Everyone, I need your help regarding my situation.

So, my course is not a STEM course, so I am gonna be graduating this MAY 2026. I still haven't applied for OPT because I will not get STEM OPT after that. So my friends and I planned to do a second master's in a day-1 CPT college with a STEM course, then apply for OPT and STEM OPT after the second master's. Is this route correct to get OPT+STEM OPT? Please, anyone, give me your thoughts.",1775936919.0,2026-04-11T19:48:39,0,0,/r/f1visa/comments/1sisz19/optstem_opt_after_second_masters/,https://www.reddit.com/r/f1visa/comments/1sisz19/optstem_opt_after_second_masters/
1siruy5,f1visa,F1 Financial Proof Qs,"For the financial proof requirement for an F1, can the money be in the account for \~1 day before I submit the document (e.g., not a long time)? Was planning to get a Line of Credit, get the funds deposited into my account, show sufficient cash in my chequing account, then immediately pay off the LOC once the docs are submitted. 

I have enough $$ for the first year COA, but most is in investments and I don’t want to liquidate them if I don’t have to. Any advice appreciated!!! ",1775934367.0,2026-04-11T19:06:07,3,0,/r/f1visa/comments/1siruy5/f1_financial_proof_qs/,https://www.reddit.com/r/f1visa/comments/1siruy5/f1_financial_proof_qs/
1siqfmi,f1visa,Working 2 full-time jobs on STEM OPT — any H1B or other issues later?,"Hey everyone,

I’m currently on STEM OPT (started recently) and considering taking up two full-time roles at the same time.

From what I understand, USCIS allows multiple employers on STEM OPT as long as both are E-Verify and you have separate I-983s, so legally it seems okay. But I wanted to understand the practical side from people who’ve actually been through this.

A few specific questions I’m trying to figure out:

•	When applying for H1B later, does having multiple employers listed on your I-20 ever create issues?

•	Do employers or their attorneys question overlapping employment when reviewing documents for H1B filing?

•	Recently I’ve heard resumes are also being collected as part of H1B filing — if your resume doesn’t list all employers, does that create problems?

	

•	Has anyone here worked overlapping jobs during OPT/STEM OPT and still had a smooth H1B process?

	

•	Did this ever come up during background checks or employment verification later on?

For context, one role would be my long-term job, and the other is something I might do short-term (a couple of months).

I’m less concerned about whether it’s “allowed” and more about future implications (H1B, background checks, employer perception, etc.).

Would really appreciate hearing from anyone who’s been in a similar situation or has insight into how this plays out in real life.",1775931167.0,2026-04-11T18:12:47,2,5,/r/f1visa/comments/1siqfmi/working_2_fulltime_jobs_on_stem_opt_any_h1b_or/,https://www.reddit.com/r/f1visa/comments/1siqfmi/working_2_fulltime_jobs_on_stem_opt_any_h1b_or/
1siou7h,f1visa,OPT UNEMPLOYMENT FOR 39 COUNTRIES,"Hi everyone, please is there anyone that got their OPT approved in December and is still yet to get their EAD card due to the hold. Please what are you doing about your unemployment days or is there anyone who has run out of their 90 days unemployment. Please I would love a response from anyone who’s in this situation. ",1775927624.0,2026-04-11T17:13:44,51,16,/r/f1visa/comments/1siou7h/opt_unemployment_for_39_countries/,https://www.reddit.com/r/f1visa/comments/1siou7h/opt_unemployment_for_39_countries/
1sihvbz,f1visa,STEM OPT Extension and H1B at same time,"Hi ! First of all, thank you for taking time to see my post and any insights are highly appreciated.

I work in New Mexico and I have applied for STEM OPT back in February and have attended ASC for biometrics appointment; now the portal says “Case is still being processed.” Recently, I got picked in the lottery and have filed for H1B petition. What are the chances that STEM OPT might be denied? I am hearing from people that if you have multiple cases, there are high chances for denial. Has anyone been in the same boat? Please reply if you have been into the same case or have good insights into this.

Also, my drivers license is getting expired in May (this is the same date of OPT EAD end date). What are the ways to get license renewed when the STEM OPT is still pending until the OPT EAD end date?

Thank you so much.",1775910792.0,2026-04-11T12:33:12,0,0,/r/f1visa/comments/1sihvbz/stem_opt_extension_and_h1b_at_same_time/,https://www.reddit.com/r/f1visa/comments/1sihvbz/stem_opt_extension_and_h1b_at_same_time/
1sie2py,f1visa,How do you guys keep going/stay strong without any sort of support system?,"It is extremely cliche for international students to rant about the complications of visas and USCIS, sometimes about social life, and about jobs. 

I used to be someone who use to brush it off and say that millions have done it before so it really can’t be that bad. College is mostly smooth sailing, but post college is where I’ve been getting hit super hard. Even if you completely put aside struggles in both securing a job and also struggles with the day to day/with your boss/employer, it’s just sometimes super easy to go insane. 

Even the smallest tasks like laundry or shopping for groceries can stretch my nerves when there’s a billion other things to think about like tax deadlines or staying in tune with the market and required skills, making the most out of life, other chores, gym, and just adulting stuff.

My main question here is, is there supposed to be some sort of a mental support system that nudges you to do the million things needed to live life?

My American friends have no clue about half my struggles, my non American friends are all in the trenches just like me so we just end up ranting to one another, family can’t help or understand a single thing about the struggles and if discussed in detail they could start stressing out themselves. I don’t have a significant other, but I have no idea if I’m supposed to deal with all of these things myself at once. Therapists are useless in this regard. 

The uncertainty related to opt, my degrading health, figuring out a billion tax or healthcare or employment forms, staying socially active, having a clean home and clean diet, etc just seem all impossible to deal with at the same time. How do you guys do it and what support system do you use?",1775898378.0,2026-04-11T09:06:18,10,98,/r/f1visa/comments/1sie2py/how_do_you_guys_keep_goingstay_strong_without_any/,https://www.reddit.com/r/f1visa/comments/1sie2py/how_do_you_guys_keep_goingstay_strong_without_any/
1sib28n,f1visa,Opt + I-140 Filing. Will it raise red flags?,"My current program ends in June and my lawyer will be filing my I-140 this month. 

I plan to apply for OPT in May. My question is, will my I-140 filing raise red flags when I apply for OPT?",1775887774.0,2026-04-11T06:09:34,3,1,/r/f1visa/comments/1sib28n/opt_i140_filing_will_it_raise_red_flags/,https://www.reddit.com/r/f1visa/comments/1sib28n/opt_i140_filing_will_it_raise_red_flags/
1si262a,f1visa,Upload stamped ASC appointment notice or not?,"Hey everyone, I had my OPT biometrics appointment a few weeks ago, but my OPT status is ""Case Is Still Being Processed By USCIS."" I asked the USCIS worker on site if I needed to upload my stamped ASC appointment notice to the unsolicited evidence section, but he said no as long as the website says ""we do not currently need anything from you."" 

However, some people online recommend uploading the stamped notice to unsolicited evidence without receiving a notification on the website. What did you do in this case?",1775862283.0,2026-04-10T23:04:43,19,1,/r/f1visa/comments/1si262a/upload_stamped_asc_appointment_notice_or_not/,https://www.reddit.com/r/f1visa/comments/1si262a/upload_stamped_asc_appointment_notice_or_not/
1si1qen,f1visa,Will summer OPT delay CPT eligibility in my grad program?,"Hi everyone, I’m an F-1 student graduating this May, and I’ll be starting a graduate program this fall. My main goal is to do internships during grad school, since the program is known for year-round part-time CPT.

Ideally, I want to:

* Use OPT this summer for a full-time internship
* Then use part-time CPT during the fall/spring for internships while in grad school

My concern is whether using OPT this summer would delay my CPT eligibility in the new program. I’ve heard that you may need to complete one academic year before using CPT, and I’m not sure if using OPT affects that timeline.

Basically:  
Would using OPT this summer prevent me from starting part-time CPT right away in the fall? And is there a workaround to this?

If that’s the case, I’d rather skip OPT and just rely on CPT during grad school, since that makes more sense financially for me, as the scholarship only covers 80% of tuition, but I am also concerned about essentially being unemployed for the summer. I’ve already emailed my grad program, but haven’t heard back yet. Has anyone been in a similar situation? Thanks!",1775861178.0,2026-04-10T22:46:18,8,0,/r/f1visa/comments/1si1qen/will_summer_opt_delay_cpt_eligibility_in_my_grad/,https://www.reddit.com/r/f1visa/comments/1si1qen/will_summer_opt_delay_cpt_eligibility_in_my_grad/
1si1934,f1visa,AVR — Can I travel from US -&gt; Canada -&gt; Mexico -&gt; US,"Hey everyone,

I’m trying to confirm a specific Automatic Visa Revalidation (AVR) scenario and would really appreciate insights, especially from anyone who has done something similar recently.

My situation:

	•	Currently on F-1 status with valid I-94 and maintaining status

	•	F-1 visa stamp is expired

	•	Active OPT EAD and valid I-20

	•	I’ve previously used AVR successfully for travel to both Mexico and Canada (separately)

Planned itinerary (under 30 days total):

	•	United States → Canada

	•	Canada → Mexico

	•	Mexico → United States

From what I understand, AVR allows re-entry after travel to Canada or Mexico (under 30 days) as long as no other countries are visited.

In my case, I am only traveling within Canada and Mexico, and the total duration is under 30 days — but I’m unsure whether visiting both countries in the same trip affects eligibility.

Main question:

Would this itinerary still qualify for AVR, or does traveling from Canada to Mexico (before returning to the U.S.) make me ineligible?

If anyone has:

	•	Done this exact route

	•	Been questioned by CBP

	•	Or received guidance from a DSO / lawyer

I’d really appreciate your input.

Thanks in advance!",1775859983.0,2026-04-10T22:26:23,0,0,/r/f1visa/comments/1si1934/avr_can_i_travel_from_us_canada_mexico_us/,https://www.reddit.com/r/f1visa/comments/1si1934/avr_can_i_travel_from_us_canada_mexico_us/
1shz3nq,f1visa,Reduced Course Load (RCL) for final semester,"Hi everyone, I have a question about Reduced Course Load (RCL) for F-1 students.

Normally, I know full-time enrollment is 12 units, but I’m confused about how RCL works in the final semester.

If I only have 4 units left to graduate, does RCL mean:

1. I still need to take something like 9 units, OR
2. My DSO can approve RCL and I can just take the exact remaining units (like 4 units) and still be considered full-time?

I’ve seen some information online saying that in the final term, you can take only the remaining required units and still maintain status, but I want to confirm how this actually works in practice.

Has anyone gone through this or gotten approval from their DSO?

Thanks!",1775854879.0,2026-04-10T21:01:19,10,3,/r/f1visa/comments/1shz3nq/reduced_course_load_rcl_for_final_semester/,https://www.reddit.com/r/f1visa/comments/1shz3nq/reduced_course_load_rcl_for_final_semester/
1shxyf8,f1visa,"How to get hired as a Medical Assistant on OPT (F-1 student, E-Verify questions)","Hi everyone,

I’m a Caribbean IMG currently in MS4, and I’ve enrolled in a Medical Assistant program to bridge the gap between graduation and residency to sure I stay compliant with legal requirements. Since visa sponsorship can be a longer and more complex process, I chose this route so I can legally work in a clinical setting during that time and gain experience to add to my resume and residency app.

I’m hoping to work as an MA (ideally in OB/GYN or women’s health), and I wanted to ask if anyone here has taken a similar path.

How did you go about:

Finding employers that are enrolled in E-Verify?

Identifying clinics or hospital systems open to OPT candidates?

Explaining your work authorization in a way that reassures employers?

Also, did being an IMG/MS4 help you stand out, or did employers see it as overqualification?

Any tips, personal experiences, or advice on navigating this process would really help. I’m trying to be intentional and proactive so I can stay compliant while gaining meaningful clinical experience.

Thank you so much in advance",1775852317.0,2026-04-10T20:18:37,0,0,/r/f1visa/comments/1shxyf8/how_to_get_hired_as_a_medical_assistant_on_opt_f1/,https://www.reddit.com/r/f1visa/comments/1shxyf8/how_to_get_hired_as_a_medical_assistant_on_opt_f1/
1shszt3,f1visa,Travelling on initial opt,"I graduated in December from a university in California and recently received my EAD card. I have just started working for a for-profit company in an unpaid internship role for 20 hours per week. I also have a full time job offer that begins in June.

Since my lease in California is coming to an end, I will be moving to Texas for a month before my new job starts. Would it be safe for me to travel to India for 10-15 days from Texas during this period?",1775841634.0,2026-04-10T17:20:34,3,0,/r/f1visa/comments/1shszt3/travelling_on_initial_opt/,https://www.reddit.com/r/f1visa/comments/1shszt3/travelling_on_initial_opt/
1shsl2r,f1visa,Entry on a visa that expires a week after entry,"I have a F1 visa that is valid until June 28th 2026. I finished my undergraduate degree, and transferred my Sevis and am currently on my 2nd semester for Graduate degree. I plan to go back home for 2 weeks and come back on June 21st 2026. With that being only a week before my Visa expires, would that cause any problems? I have a valid I 20 from my new school with signed travel admission.

Edit: also would it be better to renew my visa in those 2 weeks while being home?",1775840766.0,2026-04-10T17:06:06,6,2,/r/f1visa/comments/1shsl2r/entry_on_a_visa_that_expires_a_week_after_entry/,https://www.reddit.com/r/f1visa/comments/1shsl2r/entry_on_a_visa_that_expires_a_week_after_entry/
1shr60q,f1visa,Anyone travelled on stem opt recently ?,"Hi everyone,

I’m currently on STEM OPT and planning to travel to India for about 4 weeks in May. My employer is okay with this, but they’ve asked me to work remotely for 2 weeks and take leave for the remaining 2 weeks.

I wanted to check with people who have recently traveled in a similar situation:

\* Did you face any issues working remotely from India while on STEM OPT?

\* Any concerns during re-entry to the U.S. ?

\* What documents did you carry to be safe?

\* Anything specific I should discuss with my employer or DSO before traveling?

Would really appreciate any recent experiences or tips to avoid issues.

Thanks in advance!",1775837770.0,2026-04-10T16:16:10,1,1,/r/f1visa/comments/1shr60q/anyone_travelled_on_stem_opt_recently/,https://www.reddit.com/r/f1visa/comments/1shr60q/anyone_travelled_on_stem_opt_recently/
1shmrms,f1visa,2 week transition job?,"Hello, I defended last month and my EAD starts next Wednesday. My job offer starts May 1st and to avoid having unemployment days, I was thinking of continuing to work for my advisor for 2 more weeks as a research assistant. Am I doing something wrong by doing this? I would basically be paid the same student stipend, but just as a research assistant. ",1775828186.0,2026-04-10T13:36:26,0,1,/r/f1visa/comments/1shmrms/2_week_transition_job/,https://www.reddit.com/r/f1visa/comments/1shmrms/2_week_transition_job/
1shedia,f1visa,DL Real ID Cancelled,"Just received a letter in the mail saying my Real ID is being cancelled because of lack of legal presence, but my OPT doesn’t expire for a few more months. ",1775801770.0,2026-04-10T06:16:10,27,19,/r/f1visa/comments/1shedia/dl_real_id_cancelled/,https://www.reddit.com/r/f1visa/comments/1shedia/dl_real_id_cancelled/
1shdo0u,f1visa,STEM OPT End Date During Leap Year,"Hi everyone, my post-completion OPT EAD ends on **June 15, 2026**. I applied for the STEM OPT extension, and my DSO issued an I-20 with dates **June 16, 2026 – June 15, 2028**.

Since **2028 is a leap year**, I believe the end date should be **June 14, 2028**. 

However, I’ve already submitted **Form I-765** with these same dates (6/15/28). Has anyone experienced this? 

Is this correct, or should I contact my DSO/USCIS to make a correction and has anyone else experienced the same? Thanks!",1775799374.0,2026-04-10T05:36:14,2,1,/r/f1visa/comments/1shdo0u/stem_opt_end_date_during_leap_year/,https://www.reddit.com/r/f1visa/comments/1shdo0u/stem_opt_end_date_during_leap_year/
1shd9c8,f1visa,F1 stamp renewal experience,"Hi all, I’m currently on STEM OPT that ends on December of this year, and I’m thinking of making a quick trip to my home country due to personal reasons. My F1 stamp expired a while back, and I’m worried I wouldn’t be able to get it approved. I’ve seen a lot of comments on the chances of not being able to come back, and was wondering if anyone has actually been denied when they tried to renew their F1 stamp? Extra worried because I only have 7 months left of OPT",1775798000.0,2026-04-10T05:13:20,1,7,/r/f1visa/comments/1shd9c8/f1_stamp_renewal_experience/,https://www.reddit.com/r/f1visa/comments/1shd9c8/f1_stamp_renewal_experience/
1sha1df,f1visa,"Already in US, need bank statement for I-20 for another degree","Good day, do you guys know of any legit service or consultation here in the US, that could help with bank statements or could sponsor me to get I-20 for a fee, I’ve looked into loans like mpower but my current school isn’t one of the approved schs,

To add, I’ll have means to pay for tuition of my next program when the time comes , but I don’t have the money they’re requesting for right now and I have no family here that could lend me money, thank you sm",1775788380.0,2026-04-10T02:33:00,4,1,/r/f1visa/comments/1sha1df/already_in_us_need_bank_statement_for_i20_for/,https://www.reddit.com/r/f1visa/comments/1sha1df/already_in_us_need_bank_statement_for_i20_for/
1sh87hi,f1visa,5 month rule on f1 visa?,"I'm an international student and came to the USA on an F-1 visa in August 2025. After completing fall 2025, I went back home for a month for winter break. I came back for Spring 26. I am now registered for Fall 26 classes. I'm going back to my home country for Summer break which is of 3.5 months. Would this break the 5 month rule? If someone could please explain that would be appreciated. 

Thank you. ",1775783419.0,2026-04-10T01:10:19,2,2,/r/f1visa/comments/1sh87hi/5_month_rule_on_f1_visa/,https://www.reddit.com/r/f1visa/comments/1sh87hi/5_month_rule_on_f1_visa/
1sh4p0b,f1visa,Driver license renewal on OPT,I am in a bit of a predicament. I received my OPT in March. I am currently living in another state but soon to be moving back to the state I attended college. My drivers license expired a while back and couldn’t get it renewed because I was waiting for my OPT approval. I am in the process of looking for apartments in the state I am moving back to. I am heading to that state for second part of a job interview this weekend but I need my license renewed. Is there any way I can show proof of residency if I do not live there? Is it too risky to use my college address to renew? I have spoken to friends who are willing to allow me to use their address for this but I’m not sure what documents I can use for this. Any help is appreciated. ,1775774337.0,2026-04-09T22:38:57,0,3,/r/f1visa/comments/1sh4p0b/driver_license_renewal_on_opt/,https://www.reddit.com/r/f1visa/comments/1sh4p0b/driver_license_renewal_on_opt/
1sh48ve,f1visa,f1 visa - family residing in the US,"Hello

hope you're all well.

As the title suggests, I got admitted to a top ranked institution in the US for my masters and will be scheduling a visa interview in the upcoming days. I live in Pakistan and will applying for a f1 visa. My case is a little tricky because everyone in my family (my parents and siblings) reside in the US except me: They all have a green card, except one of my siblings who has a nonimmigrant visa.

I've been really anxious with the entire visa situation because one main factor of visa refusals is inability to show home ties, and in my case, that factor becomes significant given my family situation.  
To people who've been through such a situation and have managed to get your visa approved, what did you do? what would you recommend doing?

Would genuinely appreciate any help cause I'm at my wits",1775773224.0,2026-04-09T22:20:24,13,0,/r/f1visa/comments/1sh48ve/f1_visa_family_residing_in_the_us/,https://www.reddit.com/r/f1visa/comments/1sh48ve/f1_visa_family_residing_in_the_us/
1sh11xk,f1visa,Internship start date before course start date.,"Hi everyone. As you all probably know you need to either gain credits from an internship or it has to be a degree requirement; I'm in the first situation.

The issue is that my start date for my internship is on May 11, 2026 but the summer course I need to take starts on July 08, 2026. My school DSO says that they are only allowed to authorize work dates that include the course dates. Is this true?

Is there anything i can do to get them to issue CPT earlier (before the course starts)?",1775765911.0,2026-04-09T20:18:31,0,0,/r/f1visa/comments/1sh11xk/internship_start_date_before_course_start_date/,https://www.reddit.com/r/f1visa/comments/1sh11xk/internship_start_date_before_course_start_date/
1sgzr5s,f1visa,Living on a summer sublet with informal agreement with the current tenant,"Hello, I'm on F-1 visa for undergrad and am looking to stay in a summer sublet for 10 weeks for an internship through an informal agreement with the current tenant (not involving the landlord or the property manager). Are there any regulations regarding this for F-1 visa students?",1775763102.0,2026-04-09T19:31:42,1,0,/r/f1visa/comments/1sgzr5s/living_on_a_summer_sublet_with_informal_agreement/,https://www.reddit.com/r/f1visa/comments/1sgzr5s/living_on_a_summer_sublet_with_informal_agreement/
1sgzo7b,f1visa,OPT Volunteer hours issue,"I recently found a volunteering oppurtunity- I was given an offer letter and was told I could start soon- so, I reported it to sevis with the start date that was on the letter. However, apart from onboarding and some initial meeting and work, I never got the ball rolling- this led to me not working 20 hours a week as I was not assigned anything after the onboarding process- I was asked to wait. And I did, but weeks turned into a month and now I would like to terminate this “employment”. Apart from notifying my DSO of the end date, is there any precautions I should take. Apart from the work technically not stopping my unemployment clock, is there any other issue that will be caused in the future? ",1775762923.0,2026-04-09T19:28:43,0,2,/r/f1visa/comments/1sgzo7b/opt_volunteer_hours_issue/,https://www.reddit.com/r/f1visa/comments/1sgzo7b/opt_volunteer_hours_issue/
1sgybzf,f1visa,"DSO says undergrads can't extend I-20 and claims it's ""immigration regulation"" — is this true?","I'm an F-1 undergrad at a mid-size private university (top 30). I came in as an Econ major but added a second major (CS) and a minor (Finance) during college. My I-20 originally only reflected the Econ degree — I just got it updated to show both majors.

Here's my problem: I signed a summer 2027 internship offer that's tied to a December 2027 graduation. So I need one extra semester beyond the standard 8. My school expects undergrads to finish in 4 years.

When I asked my academic dean about extending by one semester, he said the school doesn't do that and advised me to drop the second major or minor and graduate on time.

When I contacted the international students office about extending my I-20, the DSO told me they ""would not be able to extend your I-20 beyond 8 semesters as it's required by immigration regulation that all undergraduates must complete their degree in 4 years.""

I've been reading the actual regulation — 8 CFR 214.2(f)(7)(iii) — and from what I can tell, it says ANY F-1 student who can't meet their program completion date can get an extension from the DSO if they've maintained status and the delay is caused by ""compelling academic or medical reasons, such as changes of major."" It doesn't say anything about undergrads being excluded or a 4-year cap.

Some additional context:

* 3.5+ GPA, never been on probation, fully maintained F-1 status
* I have 12 courses remaining across both majors + minor + core
* Finishing in 2 semesters would require 6 courses/semester (18 credits) — normal load is 5 (15 credits)
* Adding a second major is literally one of the examples the regulation gives as a ""compelling academic reason""
* The school's OISS portal has a form for I-20 extensions but says ""undergraduates are not eligible""

My questions:

1. Is the DSO correct that immigration regulation requires undergrads to finish in 4 years? I can't find this anywhere in the CFR.
2. Has anyone successfully gotten an I-20 extension as an undergrad, especially for a double major situation?
3. Would consulting an immigration attorney be worth it here? The DSO seems to be conflating institutional policy with federal law.
4. If I just take normal course loads and naturally can't finish by May 2027, what happens? Can the school refuse to let me enroll for a 9th semester?

I don't want to make this adversarial — the DSO is also the person who handles my CPT, OPT, travel signatures, etc. But I also don't want to drop a major I've been working toward for 2 years because my school is applying a policy that may not actually be required by law.

Any advice appreciated, especially from DSOs, immigration attorneys, or anyone who's been through something similar.",1775760084.0,2026-04-09T18:41:24,12,15,/r/f1visa/comments/1sgybzf/dso_says_undergrads_cant_extend_i20_and_claims/,https://www.reddit.com/r/f1visa/comments/1sgybzf/dso_says_undergrads_cant_extend_i20_and_claims/
1sgwpna,f1visa,"Starts on 4/13, no SEVP Email","I forgot to update I-20 from requested to approved with my DSO; my OPT starts Jan 30th, my job starts 4/13; no SEVP portal activation email yet; updated the status to my DSO with offer letter and EAD card etc. How screwed am I?",1775756671.0,2026-04-09T17:44:31,1,0,/r/f1visa/comments/1sgwpna/starts_on_413_no_sevp_email/,https://www.reddit.com/r/f1visa/comments/1sgwpna/starts_on_413_no_sevp_email/
1sgw3n8,f1visa,"OPT Premium Processing (Feb 20 - Mar 10 Applicants): Stuck at ""Case is still being processed""","**Please note: This thread is specifically dedicated to F-1 students who filed for OPT Premium Processing between February \~20 and March \~10 and are currently stuck in the processing phase.**

Based on recent discussions across various forums, there appears to be a distinct pattern affecting applicants within this specific date range.

**The Observed Pattern:**

* Applicants who filed *outside* of this window typically see their status change to *""Response was received and my premium processing clock was restarted""* shortly after biometrics.

**My Timeline:**

* **Current Status:** Case is still being processed by USCIS

While Premium Processing can legally take up to 30 working days, the standard turnaround is typically much faster. To help track this and see if there is a broader processing delay for our cohort, please share your data below:

1. What is your exact filing and biometrics timeline?
2. What is your current case status?
3. Has anyone who applied within this specific date range received an approval yet?
4. Please specify if you are from banned/restricted country.

Please share your timelines so we can monitor for any movement. Thank you.

EDIT: We everyone (100+ members) in our group we’ve able to resolve our issue by calling premium processing customer care agent. Specifically, there was one Angel 🪽(nice lady) who was able to help out. Other agents were not of much help. 

EDIT 2: we no longer have a group as everyone from the group got approved by calling the nice lady in premium processing team.",1775755376.0,2026-04-09T17:22:56,374,29,/r/f1visa/comments/1sgw3n8/opt_premium_processing_feb_20_mar_10_applicants/,https://www.reddit.com/r/f1visa/comments/1sgw3n8/opt_premium_processing_feb_20_mar_10_applicants/
1sgvlb0,f1visa,F-1 Visa Renewal - STEM OPT,"Hi Everyone,

I’ll be flying out to renew my F-1 visa after I’ll get the STEM OPT I-20 from my university. Did anybody have experience of renewing F-1 Visa while being on STEM OPT?

Thanks!",1775754312.0,2026-04-09T17:05:12,2,0,/r/f1visa/comments/1sgvlb0/f1_visa_renewal_stem_opt/,https://www.reddit.com/r/f1visa/comments/1sgvlb0/f1_visa_renewal_stem_opt/
1sgtnz5,f1visa,Laid off while stem OPT application is pending,"I applied to my stem opt extension at the begin of March, but I was laid off from the job on April 1st. I have already completed my biometric appointment and now the application is pending. My current OPT ends on May 25, will my STEM application  get denied or will it be approved and my unemployment days just start counting? Has anyone been in this boat recently? I’ve seen post about this of ppl saying it got approved regardless but all of them are old. ",1775750204.0,2026-04-09T15:56:44,2,2,/r/f1visa/comments/1sgtnz5/laid_off_while_stem_opt_application_is_pending/,https://www.reddit.com/r/f1visa/comments/1sgtnz5/laid_off_while_stem_opt_application_is_pending/
1sgtfvt,f1visa,"Helping international students navigate the US visa application process, anyone need assistance?","My friend has been helping students from different countries put together their F-1 visa applications for a while now, and honestly he's gotten pretty good at it. He knows what documents you need, how to fill out the DS-160 correctly, how to prep for the consulate interview, all of it.

A lot of students mess up their applications over small avoidable mistakes. Wrong dates, missing financial docs, incomplete SEVIS stuff. He helps people avoid that.

If you or someone you know is trying to study in the US and feels lost about the application process, drop a comment or DM me. Not charging anything crazy, just someone who genuinely knows the process and wants to help students actually get there.

Happy to answer basic questions in the comments too.

",1775749717.0,2026-04-09T15:48:37,0,0,/r/f1visa/comments/1sgtfvt/helping_international_students_navigate_the_us/,https://www.reddit.com/r/f1visa/comments/1sgtfvt/helping_international_students_navigate_the_us/
1sgs1ge,f1visa,New car in new state,"Hi! I have a quick question. I am currently doing my undergrad in Illinois and have been accepted into a PhD program in a different state. 

My current car is absolute trash, so I was planning on driving it to my new location and getting a new one as soon as I get there. The issue is I'm unsure if this will be enough time for the SEVIS to be transferred and the new I-20 to be issued, hence idk if I'll be able to get a new license (corresponding to the new state) on time. My current license doesn't expire till December, so I'm not worried about that, just worried about the fact that for a short window (till I get a new I-20), I might be driving a car with a plate from one state and a license from a different one. 

So my question is: can I temporarily drive with my Illinois license while having plates from a different state? And then once my new I-20 arrives, switch my license? AGAIN, this will be for a super brief time, and I think the grace period after moving is 30 days?

Just trying to make sure I don’t run into any legal or insurance issues.",1775746732.0,2026-04-09T14:58:52,6,0,/r/f1visa/comments/1sgs1ge/new_car_in_new_state/,https://www.reddit.com/r/f1visa/comments/1sgs1ge/new_car_in_new_state/
1sgrfxc,f1visa,acknowledgement after submitting 8843,"I am planning to mail my 8843 form soon , I don’t have SSN or ITIN , so that field is blank in the form.

Once I mail it, will I get any acknowledgement or any sort of application number acknowledging that I submitted this form from the IRS for record ?",1775745433.0,2026-04-09T14:37:13,2,1,/r/f1visa/comments/1sgrfxc/acknowledgement_after_submitting_8843/,https://www.reddit.com/r/f1visa/comments/1sgrfxc/acknowledgement_after_submitting_8843/
1sgr7yx,f1visa,Is it safe to travel domestically without physical EAD card?,"USCIS approved my EAD application and I am waiting for my EAD card to be delivered in the mail. Is it safe to travel domestically within the US without the physical EAD card? 

I do have a valid driver's license with Real ID. Have anyone faced this situation recently?",1775744935.0,2026-04-09T14:28:55,6,0,/r/f1visa/comments/1sgr7yx/is_it_safe_to_travel_domestically_without/,https://www.reddit.com/r/f1visa/comments/1sgr7yx/is_it_safe_to_travel_domestically_without/
1sgqrnj,f1visa,would i be able to use cpt for acting jobs if im majoring film/drama,caption,1775743940.0,2026-04-09T14:12:20,1,0,/r/f1visa/comments/1sgqrnj/would_i_be_able_to_use_cpt_for_acting_jobs_if_im/,https://www.reddit.com/r/f1visa/comments/1sgqrnj/would_i_be_able_to_use_cpt_for_acting_jobs_if_im/
1sgq39r,f1visa,Applied for Pre instead of Post Completion OPT Error on I-765,"hi everyone, hoping someone here might have advice because i’m getting really stressed about my OPT situation 😭

i’m an F-1 student who graduated in late march, and i think there may have been a category mix-up on my OPT application. from what i understand, my case may have been filed/processed under **pre-completion OPT (c3a)** instead of **post-completion OPT (c3b)**.

my understanding is:

* **pre-completion OPT** = for working before finishing your degree
* **post-completion OPT** = for working after graduation

my timeline:

* applied for I-765 on **jan 13, 2026**
* upgraded to premium processing on **feb 23, 2026**
* my original OPT and work start date was supposed to be **May 11, 2026**
* graduated in **late march 2026**
* realized there may be a category error and mailed a physical letter to USCIS asking them to correct it
* also emailed my DSO asking if they could help write a letter, but they basically said they couldn’t do anything on their end

i’m also **out of the country right now**, which is making everything more stressful. i’m trying to figure out whether it’s even realistic for me to keep a **June 2 start date** at this point, or if i should assume this is going to take longer.

has anyone dealt with something similar where USCIS used the wrong OPT category?

would really appreciate any advice on:

* whether this can be corrected without refiling
* how long it took to fix
* whether being outside the US makes things worse
* whether a **June 2 start date** still sounds remotely reasonable
* anything else i should be doing besides contacting USCIS / school / etc.

thank you so much, would really appreciate any insight from anyone who’s been through this",1775742381.0,2026-04-09T13:46:21,7,3,/r/f1visa/comments/1sgq39r/applied_for_pre_instead_of_post_completion_opt/,https://www.reddit.com/r/f1visa/comments/1sgq39r/applied_for_pre_instead_of_post_completion_opt/
1sgh0li,f1visa,Need help with this,"Title: DS-160 typo (0 instead of O) → turned away at VAC, need advice

Hey everyone,

I had my VAC appointment today for my F1 visa, but I was turned away because of a mistake in my DS-160 (I typed “0” instead of “O” in one of the fields).

They told me to reschedule and fill a new DS-160.

Now I’m stressed about a few things:

\- I was told to wait 12 hours before submitting a new DS-160 — is that necessary?

\- Will my previous appointment be automatically cancelled or marked as no-show?

\- Do I need to update the new DS-160 number in my visa appointment profile before rescheduling?

\- How hard is it to get new VAC slots (especially in Mumbai)? I’m only here till the 14th.

If anyone has gone through something similar, how did it work out for you?

Thanks in advance.",1775713524.0,2026-04-09T05:45:24,0,0,/r/f1visa/comments/1sgh0li/need_help_with_this/,https://www.reddit.com/r/f1visa/comments/1sgh0li/need_help_with_this/
1sggqv3,f1visa,DS-160 work/education/training help,"Hi,

Context: I joined college for an undergrad degree in August 2021, and completed my junior year in may 2024, then after my summer internship, I went on a leave of absence starting August of 2024 to work on a startup project (no paid work, no employees, product hasn’t launched yet)

Now I am returning to school to finish my final year in Fall 2026. I have received my updated i-20 and I was filling out the DS-160 form to apply for a visa interview as I need to renew my F1 visa which expires in June 2026.

In the “Present” sub-section, under the Work/Education/Training information section, what should I enter as my current occupation/education?

Should I say student (but I cannot enter my start date to be fall 2026, as it is in the future, I could enter my original start date of Aug 2021?)

Or should I say unemployed and try and explain what I was doing? Though I have heard that unemployed is looked at unfavourably by interviewers.

Or should I say other and explain there?

If it is relevant: my father will be paying my tuition for the final year and I do intend to come back home after my final year finishes

Also, in the next sub-section: “Previous”

Do I list my college in there? I haven’t graduated yet, and I am going back for my final year, and I CANNOT enter a future date as my end date",1775712616.0,2026-04-09T05:30:16,1,2,/r/f1visa/comments/1sggqv3/ds160_workeducationtraining_help/,https://www.reddit.com/r/f1visa/comments/1sggqv3/ds160_workeducationtraining_help/
1sgg30f,f1visa,What to update on SEVP portal,"I been volunteering with my professor since Jan on initial OPT. 

Now I got job as business analyst at a health tech company (for example UnitedHealth) but it is through a staffing company and a contract position. Staffing company gonna take care of all paperwork. 

For employer info on SEVP portal, which company name and address do I put? Staffing company or company I’m working for? ",1775710465.0,2026-04-09T04:54:25,8,0,/r/f1visa/comments/1sgg30f/what_to_update_on_sevp_portal/,https://www.reddit.com/r/f1visa/comments/1sgg30f/what_to_update_on_sevp_portal/
1sgfyse,f1visa,Am I cooked? No response after 2 months,I am in a predicament. I applied for an F-1 visa under Spanish nationality (I was born in Venezuela) and received a Notice of Intent to Deny due to an error on my I-20 that was promptly fixed. The NOID was issued on December 16th 2025 and I sent the corrected document on December 19th. UCSIS received the updated document packet on January 10th but have not responded with a decision to this day. I paid premium processing and the only update I’ve received was their decision to refund the premium processing fee on March 10th 2026. What happens now? Am I cooked? Why am I not getting a response even 2 months after their “supposed” 30 business day deadline?,1775710099.0,2026-04-09T04:48:19,4,0,/r/f1visa/comments/1sgfyse/am_i_cooked_no_response_after_2_months/,https://www.reddit.com/r/f1visa/comments/1sgfyse/am_i_cooked_no_response_after_2_months/
1sgf957,f1visa,OPT premium processing,"Hi, want to get an idea on timelines in 2025, 2026.. 

1. Anyone who’s applied for initial 12-month OPT in the last 24 months, what’s the minimum response time with Premium Processing? (I know the max is 30 calendar days) 

2. Also, to receive EAD card after approval, it says 2-3 weeks, but how soon/late have you guys received it? 

Thanks! ",1775707893.0,2026-04-09T04:11:33,19,2,/r/f1visa/comments/1sgf957/opt_premium_processing/,https://www.reddit.com/r/f1visa/comments/1sgf957/opt_premium_processing/
1sgcrlp,f1visa,SSN guidance International Student,"*Hi everyone, I really need your guidance regarding an important issue. I recently got a job offer as a Medical Scribe at ScribeAmerica. As part of the onboarding process, they asked me to complete the I-9 form. However, as an international student, I first need my job offer to be verified by my university so I can apply for SSN. I requested the company to extend the deadline, but unfortunately, they were unable to do so and my offer was terminated.* 

*Now I’m really concerned about how to avoid this situation in the future. Is there any way for international students to get an SSN earlier, or any workaround so this doesn’t happen again? Also, there are currently no on-campus job opportunities available at my university, which makes things even more difficult.*",1775700825.0,2026-04-09T02:13:45,28,0,/r/f1visa/comments/1sgcrlp/ssn_guidance_international_student/,https://www.reddit.com/r/f1visa/comments/1sgcrlp/ssn_guidance_international_student/
1sg80qm,f1visa,Can I apply for OPT before graduation?,"I will graduate in December 2026, currently I am doing a co-op.

If I am extended a full time offer by next month, can I apply for OPT (Considering all the delay stories in processing) before I graduate?

I appreciate your insights on this!",1775688244.0,2026-04-08T22:44:04,6,2,/r/f1visa/comments/1sg80qm/can_i_apply_for_opt_before_graduation/,https://www.reddit.com/r/f1visa/comments/1sg80qm/can_i_apply_for_opt_before_graduation/
1sg6dud,f1visa,OPT-Born in banned countries not a citizen,"Hey Guys!

I was born in a banned country but I don't have t Nationality of that banned country. The country has been in the ""red zone"" in the past even when I applied for F1 visa.

I'm trying to understand what kind of impact it will have.

I applied for OPT March 27th and got a biometrics appointment notice a week after. It's scheduled for later this month. I'm thinking of rescheduling it and also applying for premium processing.

I'm a masters student with thesis, so I still have some time left to complete my degree. I'm looking for any advice honestly. I'm so stuck i dont know what to do at this point. I asked the OISS office here and they said that it could impact it by pausing the application but there's no word from USCIS",1775684264.0,2026-04-08T21:37:44,12,1,/r/f1visa/comments/1sg6dud/optborn_in_banned_countries_not_a_citizen/,https://www.reddit.com/r/f1visa/comments/1sg6dud/optborn_in_banned_countries_not_a_citizen/
1sg2sqi,f1visa,EAD approval question,"Has anyone received any EAD approvals within this week? I applied in December, received biometrics March 3 and case is still in progress….",1775676300.0,2026-04-08T19:25:00,8,0,/r/f1visa/comments/1sg2sqi/ead_approval_question/,https://www.reddit.com/r/f1visa/comments/1sg2sqi/ead_approval_question/
1sg2foi,f1visa,I went from F-1 student with $60K debt to H-1B Data Engineer in NYC. Here's what nobody told me about the journey.,Please give this a read : [https://medium.com/@nbdeeptha/from-f-1-to-h-1b-what-nobody-tells-you-about-the-immigrant-grind-in-america-4904d8a89af4](https://medium.com/@nbdeeptha/from-f-1-to-h-1b-what-nobody-tells-you-about-the-immigrant-grind-in-america-4904d8a89af4),1775675525.0,2026-04-08T19:12:05,1,0,/r/f1visa/comments/1sg2foi/i_went_from_f1_student_with_60k_debt_to_h1b_data/,https://www.reddit.com/r/f1visa/comments/1sg2foi/i_went_from_f1_student_with_60k_debt_to_h1b_data/
1sfyj9r,f1visa,Safe to travel internationally?,"Hey everyone, I’m an F-1 student in the middle of my academic program. I was hoping to visit my family in my home country during summer break, which should be fine, but with the current unstable climate around immigration and now with ICE stationed at airports, my parents don’t want to risk not being able to re-enter the US. Has anyone here heard of students being denied reentry, even having all their documents? I’m hoping that hearing from your experiences might put them more at ease, but I also want to avoid unnecessary risks if there have been cases of students being turned away for non-specified reasons.

For context:

1 – I still have one year left on my program

2 – My country is not on the travel ban list, but it is currently facing restrictions for immigrant visas (which, of course, does not apply to F-1)

3 – I have my travel signature on my I-20/valid passport with a valid visa

  
4 - ICE is not currently stationed at my local airport. (Although I do understand things can change on a dime).",1775667211.0,2026-04-08T16:53:31,2,0,/r/f1visa/comments/1sfyj9r/safe_to_travel_internationally/,https://www.reddit.com/r/f1visa/comments/1sfyj9r/safe_to_travel_internationally/
1sfy1wr,f1visa,Any updates on OPT re-evaluation?,"The title. DHS started re-evalution in early March and I haven't heard any official news yet. However, there are some rumors about canceling STEM OPT and instead leaving only 15 months of OPT. Anyone heard anything about it?",1775666203.0,2026-04-08T16:36:43,1,0,/r/f1visa/comments/1sfy1wr/any_updates_on_opt_reevaluation/,https://www.reddit.com/r/f1visa/comments/1sfy1wr/any_updates_on_opt_reevaluation/
1sfxh77,f1visa,ISLAMABAD PAKISTAN,"for ppl booking an F1 visa slot, what dates are you all getting?",1775664982.0,2026-04-08T16:16:22,0,0,/r/f1visa/comments/1sfxh77/islamabad_pakistan/,https://www.reddit.com/r/f1visa/comments/1sfxh77/islamabad_pakistan/
1sfvxpz,f1visa,F-1 visa issued last year but I deferred my admission to Fall 2026. Do need to repay SEVIS fee? Do I need a new visa?,"Hey everyone,

Had a quick question and would really appreciate some clarity from people who have been in a similar situation.   
I got my F-1 visa last year and paid the SEVIS fee, but I didn’t travel to the US and ended up deferring my admission to Fall 2026. I now have an updated I-20, and my SEVIS ID is still the same.  
By the time I plan to travel (Aug 2026), it will be more than a year since I paid the SEVIS fee. I read somewhere that I might need to pay the SEVIS fee again. Just wanted to confirm if that’s correct given i already have a valid visa.

Also, since my visa is already stamped and still valid, I don’t need to apply for a new visa, right?

Would love to hear from anyone who has gone through this. Thanks",1775661676.0,2026-04-08T15:21:16,3,0,/r/f1visa/comments/1sfvxpz/f1_visa_issued_last_year_but_i_deferred_my/,https://www.reddit.com/r/f1visa/comments/1sfvxpz/f1_visa_issued_last_year_but_i_deferred_my/
1sfrn8g,f1visa,Ghana applicant waiting for opt,"Hi everyone, 

I graduated last year December but I applied for my opt in the first week of December. It’s been four months now and my status is still “case received and a receipt has been issued “. I found out that Ghana was part of the 75 low risk countries and that the opt was on hold. However, just last week, the USCIS said they are resuming approvals for low risk countries. I know those who applied earlier last year got their opt. However, if you are a Ghanaian and you applied in December, let me know if you’ve gotten approval or your status has changed. I want to pay for premium but I don’t want to waste my money if I won’t get it early. ",1775651909.0,2026-04-08T12:38:29,1,4,/r/f1visa/comments/1sfrn8g/ghana_applicant_waiting_for_opt/,https://www.reddit.com/r/f1visa/comments/1sfrn8g/ghana_applicant_waiting_for_opt/
1sfr4m6,f1visa,How do you calculate chances of getting visa,"I’ve spent some time on VisaGrader, but then I found this other site called Visagrade (with no 'r' at the end). It looks a lot more modern and claims to actually 'grade' your profile, but since it's newer, I’m a bit skeptical.

""Is it just me, or is trying to guess your visa odds for Tier 1 countries basically like trying to predict the weather?

I’ve been stressing over my upcoming application and trying to find a way to actually quantify my chances. 

I don’t want to throw away hundreds of dollars in fees if my profile is a 'weak' one.

Has anyone here actually used it to prep? 

I’m trying to figure out if the feedback it gives is actually legit or if I’m just overthinking the whole thing. I’d love to hear if anyone’s 'grade' actually matched up with their real-world result.""",1775650550.0,2026-04-08T12:15:50,2,0,/r/f1visa/comments/1sfr4m6/how_do_you_calculate_chances_of_getting_visa/,https://www.reddit.com/r/f1visa/comments/1sfr4m6/how_do_you_calculate_chances_of_getting_visa/
1sfk0s5,f1visa,Advise on travel out of the country before Graduation,"Hi!

One of my friends is graduating with a master’s degree on May 15 and is planning to travel to India for a week during the third week of April. Would it be okay to travel at that time? Are there any potential issues at the port of entry? What documents would be required? Also, would it be better if my friend is employed while traveling?

Any recent experiences or advice would be greatly appreciated. Thank you in advance!",1775626326.0,2026-04-08T05:32:06,2,1,/r/f1visa/comments/1sfk0s5/advise_on_travel_out_of_the_country_before/,https://www.reddit.com/r/f1visa/comments/1sfk0s5/advise_on_travel_out_of_the_country_before/
1sfjx09,f1visa,New USCIS hold guidance and OPT for banned countries,"Hi, I am from a partial ban country and about to graduate. I have applied for initial OPT and even did the fingerprint appointment as requested. No update since. But the new hold guidance that came out at the end of March is vague saying ""some work authorizations"" are lifted and its all on a case by case basis. Anyone had any luck or have any clarity on this matter? Has anyone from a ban country heard back? [https://www.uscis.gov/newsroom/alerts/update-on-uscis-strengthened-screening-and-vetting](https://www.uscis.gov/newsroom/alerts/update-on-uscis-strengthened-screening-and-vetting)",1775625981.0,2026-04-08T05:26:21,6,1,/r/f1visa/comments/1sfjx09/new_uscis_hold_guidance_and_opt_for_banned/,https://www.reddit.com/r/f1visa/comments/1sfjx09/new_uscis_hold_guidance_and_opt_for_banned/
1sfirjt,f1visa,Is this level of CPT requirement normal? Getting a lot of restrictions from my CS dept,"I recently got an internship offer and I’m currently going through the CPT process at my university. Honestly, I’m a bit confused because the requirements feel pretty heavy, so I wanted to check if this is normal at other schools.

My DSO + CS department are asking for a very detailed offer letter (or a separate supporting document) that includes:

	•	My full name

	•	Company name and official address

	•	Role/title

	•	A brief job description + detailed responsibilities

	•	Internship start and end dates (must fall within the semester)

	•	Number of hours per week + work schedule

	•	Full work location (street, city, state, zip)

	•	Supervisor name and contact details (email/phone)

	•	Signature on the letter

On top of that, I also need:

	•	A full internship proposal (basically like a course plan)

	•	Advisor approval

	•	Department chair review

	•	Faculty approval/vote

And now my CS department added even more constraints:

	•	I need to provide my supervisor’s email, phone number, AND full physical address

	•	They’re asking me to clarify exactly who my supervisor is (even correcting it themselves)

	•	The internship start/end dates must match the exact semester dates (for example: May 26 – Aug 14, no flexibility at all)

The issue is that the company already told me their offer letter is system-generated and can’t be modified, so I’m basically going back and forth with HR asking for additional documents just to satisfy my university.

I get that CPT has rules, but this feels like a lot of friction just to start an internship.

Is this level of detail and strictness normal for CPT?

Or is my university being unusually rigid?

Would really appreciate hearing how this process works at other universities.",1775622196.0,2026-04-08T04:23:16,7,1,/r/f1visa/comments/1sfirjt/is_this_level_of_cpt_requirement_normal_getting_a/,https://www.reddit.com/r/f1visa/comments/1sfirjt/is_this_level_of_cpt_requirement_normal_getting_a/
1sfhnda,f1visa,Traveling on expired OPT and pending STEM OPT,"Does anyone have any experience for it? With this, I'm going outside of the country for ten days, and my OPT will have expired by then and my STEM application is still pending. ",1775618859.0,2026-04-08T03:27:39,1,0,/r/f1visa/comments/1sfhnda/traveling_on_expired_opt_and_pending_stem_opt/,https://www.reddit.com/r/f1visa/comments/1sfhnda/traveling_on_expired_opt_and_pending_stem_opt/
1sffbd2,f1visa,Do I qualify for H1B Cap-gap extension while on pending STEM OPT application ?,"My OPT expired in February 2026, and I’m currently working under the 180-day automatic extension from my pending STEM OPT application, which should run until July 2026.

I was also selected in the H-1B lottery, and my employer plans to file my H-1B soon.

Would I qualify for cap-gap extension, and if so, would it let me keep working until April 2027?",1775612386.0,2026-04-08T01:39:46,0,0,/r/f1visa/comments/1sffbd2/do_i_qualify_for_h1b_capgap_extension_while_on/,https://www.reddit.com/r/f1visa/comments/1sffbd2/do_i_qualify_for_h1b_capgap_extension_while_on/
1sfesu0,f1visa,I765 application for STEM OPT,"I finished my I765 application for STEM OPT yesterday and in one of the evidence section I remember seeing - upload electronic I94 or Passport and other travel documents. 

I uploaded my passport.

I also filled my I94 record number and other entry details under other fields previously 

But today I was told I should for sure upload the I94 electronic form no matter what

So under the extra uploads section (the unsolicited evidences upload section) I uploaded my I94

Will this upload be counted ? I uploaded it within 24 hours of submitting my application. Will I get RFE for this ?",1775611012.0,2026-04-08T01:16:52,2,0,/r/f1visa/comments/1sfesu0/i765_application_for_stem_opt/,https://www.reddit.com/r/f1visa/comments/1sfesu0/i765_application_for_stem_opt/
1sfdyqa,f1visa,J-1 Au Pair → F-1 (Fall 2026) – Stay in US or go home for visa?,"Hi all, looking for advice from anyone who has gone through a similar transition.

A friend of mine is currently in the U.S. on a J-1 au pair visa (from Italy) and wants to start a master’s program in Fall 2026.

We’re trying to figure out the best approach:

Option 1: Apply for Change of Status (I-539) inside the U.S.

Option 2: Go back to Italy and apply for an F-1 visa at the consulate

Questions:

	•	Which option worked better for you?

	•	How long did your process take?

	•	Any issues with delays or denials?

	•	If you did COS, how restrictive was not being able to travel?

	•	If you did consular processing, how was the interview?

Also curious:

	•	When should she realistically start the process for Fall 2026?

	•	Any mistakes to avoid?

Context:

	•	She’s in good standing on J-1

	•	Looking at hybrid master’s programs (NY area)

	•	Trying to plan early and avoid last-minute issues

Appreciate any firsthand experiences. Thank you!",1775608821.0,2026-04-08T00:40:21,0,0,/r/f1visa/comments/1sfdyqa/j1_au_pair_f1_fall_2026_stay_in_us_or_go_home_for/,https://www.reddit.com/r/f1visa/comments/1sfdyqa/j1_au_pair_f1_fall_2026_stay_in_us_or_go_home_for/
1sfdwfz,f1visa,"Stuck in the US, F1 expired, STEM OPT valid","Hey Everyone,

My visa is expired but my stem opt isnt, basically I can legally work here but if I leave the country when I come back they will check my visa and it’s expired so I cannot enter. Some people suggested applying for another F1 which is very risky since I graduated, I am risking getting denied in my home country, which means no re entry. My company is applying for H1B, first two attempts I didn’t get it. I still have one more.

I didn’t visit my family for 2.5 years because my visa. Any idea if anything can be done? Waiting till the next draw means another year, thats 3.5 years 😬.

Thanks!",1775608652.0,2026-04-08T00:37:32,53,28,/r/f1visa/comments/1sfdwfz/stuck_in_the_us_f1_expired_stem_opt_valid/,https://www.reddit.com/r/f1visa/comments/1sfdwfz/stuck_in_the_us_f1_expired_stem_opt_valid/
1sfdmj3,f1visa,"Prior 2 b2 refusals, now applying for F1","Hi, please share your experience if you have a similar situation as me. I had 2 B2 refusals. One in 2017 when i was a minor and the 2nd was in 2023 when i was in my undergrad. My sister lives in usa. Now i have received a fully funded PhD offer from Texas A&amp;M in computer engineering. Is my prior refusals going to hurt my F1?",1775607893.0,2026-04-08T00:24:53,3,1,/r/f1visa/comments/1sfdmj3/prior_2_b2_refusals_now_applying_for_f1/,https://www.reddit.com/r/f1visa/comments/1sfdmj3/prior_2_b2_refusals_now_applying_for_f1/
1sfd8p1,f1visa,STEM OPT Application - EIN vs E-Verify,"Hello Everyone,

I have just started the process of filling out the I-983 for my STEM -OPT extension. I know many people have faced similar confusion before but I just wanted to confirm to avoid any problems later.

While filling the I-983, in the employer, there in a section of Employer Information and it asks

Employer ID Number (EIN):

I have received the EIN and E-Verify number from my employer so I am guessing to put EIN number here in i983, 

am I correct?

And if yes, where is the E-Verify number to be put?

Thanks!",1775606853.0,2026-04-08T00:07:33,2,0,/r/f1visa/comments/1sfd8p1/stem_opt_application_ein_vs_everify/,https://www.reddit.com/r/f1visa/comments/1sfd8p1/stem_opt_application_ein_vs_everify/
1sfc9c8,f1visa,"OPT application stuck for 10 months (wrong category) — exhausted, need advice","Hi everyone,

I’m in a really stressful situation and would really appreciate any advice.

I applied for OPT in July 2025, but unfortunately I made a mistake while filing — I selected C03A (pre-completion OPT) instead of C03B (post-completion OPT).

Since then, my case has been pending for almost 10 months. I have:

* Received no RFE
* No approval
* No denial

It’s just stuck.

My SEVIS record was completed on 12/31/2025, and I’ve contacted USCIS multiple times. The only response I keep getting is that “your case is active, you need to wait.”

At this point, I feel completely exhausted and stuck with no clear direction.

I’m now considering a backup plan:

* Join another college
* Pay SEVIS again
* Travel to Mexico or Canada
* Re-enter the U.S. with a new I-20

Before I take this step, I really want to know:

* Is this the right decision?
* Are there any other options I should try first?
* Has anyone been in a similar situation?

Any guidance would mean a lot. Thanks in advance.",1775604366.0,2026-04-07T23:26:06,3,5,/r/f1visa/comments/1sfc9c8/opt_application_stuck_for_10_months_wrong/,https://www.reddit.com/r/f1visa/comments/1sfc9c8/opt_application_stuck_for_10_months_wrong/
1sfb1wv,f1visa,Help with deciding whether to do premium processing or wait for service request,"I applied for OPT in November 2025, but it still has not been approved as of April 2026. USCIS placed a service request for me and told me to wait 30 to 60 days for a response.

Should I apply for premium processing, or should I wait for the service request response?

I currently do not have a job, and my OPT start date was in the first week of February 2026.

Will this affect my visa status or my stay in the USA?",1775601417.0,2026-04-07T22:36:57,16,3,/r/f1visa/comments/1sfb1wv/help_with_deciding_whether_to_do_premium/,https://www.reddit.com/r/f1visa/comments/1sfb1wv/help_with_deciding_whether_to_do_premium/
1sf8qt8,f1visa,Company not E-verified for STEM Extension,"I recently found that my company isn't E-verified, and they aren't willing to enroll. Today is 4/7/2026 and my opt end date is 06/29/2026. In a market like this where securing job is a problem, do I have any other options than to look for a job? I have an option to file I485 through EB2 NIW that is current, but I still have to address two RFEs for I140. It feels like I don't have enough time to do anything. Are there anyone who had this problem and ultimately solved it. Any guidance is highly appreciated!  
**Edit: Field- Civil Engineering- Stormwater** ",1775596013.0,2026-04-07T21:06:53,36,12,/r/f1visa/comments/1sf8qt8/company_not_everified_for_stem_extension/,https://www.reddit.com/r/f1visa/comments/1sf8qt8/company_not_everified_for_stem_extension/
1sf7qxl,f1visa,OPT with start date 06/22 - should I get PP?,I just submitted my form I-795 this morning (4/7). I wanted to wait until late May to see if I would need to get premium processing but i’m worried about backlog if i wait until then. Based on previous years processing time patterns would it be worth it to just pay for PP now? Thank you! ,1775593778.0,2026-04-07T20:29:38,3,0,/r/f1visa/comments/1sf7qxl/opt_with_start_date_0622_should_i_get_pp/,https://www.reddit.com/r/f1visa/comments/1sf7qxl/opt_with_start_date_0622_should_i_get_pp/
1sf78yh,f1visa,H1 Visa questions,"H1B question

My nephew got a new grad job offer from a company (let’s call it company A) .  They  filed for his h1 and he just got notified that he got selected in lottery .  He is supposed to join them in July after graduation. 

Now, he got another job offer from another company B , that pays him 50% more  with a start date in July. This company is more prestigious too.

It looks like he does have to join company A to get his h1b visa and can transfer to company B after October (assuming they will allow that ) .   Can he change company immediately once the h1b is approved?  Any idea how long this h1b filing and approval takes ? Any requirement for him to work at company A for some minimum period?

Thanks ",1775592691.0,2026-04-07T20:11:31,2,2,/r/f1visa/comments/1sf78yh/h1_visa_questions/,https://www.reddit.com/r/f1visa/comments/1sf78yh/h1_visa_questions/
1sf5s63,f1visa,Travelling domestically on Initial OPT with volunteer role?,Thoghts on travelling domestically on OPT,1775589431.0,2026-04-07T19:17:11,6,0,/r/f1visa/comments/1sf5s63/travelling_domestically_on_initial_opt_with/,https://www.reddit.com/r/f1visa/comments/1sf5s63/travelling_domestically_on_initial_opt_with/
1sf4xis,f1visa,Is it normal for universities to require a super detailed offer letter for CPT?,"I recently got an internship offer, and I’m trying to go through the CPT process at my university. But honestly, the requirements feel kind of excessive and I wanted to check if this is normal.

My DSO + CS department are asking for an updated offer letter (or supporting document) with all of this:

* My full name
* Company name and official address
* Role/title (XX Intern)
* A brief statement of the job assignment
* Detailed description of my tasks/responsibilities
* Internship start and end dates (within the academic semester/summer)
* Number of working hours per week
* Work schedule
* Work location (full address: street, city, state, zip code)
* Supervisor’s name and contact details (email AND phone)
* Signature on the letter

On top of that, there’s also a full internship proposal + department approval + faculty voting involved.

The issue is the company says their offer letter is system-generated and can’t be modified, so I’m basically asking HR for extra documents just for my school.

Is this normal for CPT? Or is my school being unusually strict?

Would really appreciate hearing others’ experiences..",1775587613.0,2026-04-07T18:46:53,9,11,/r/f1visa/comments/1sf4xis/is_it_normal_for_universities_to_require_a_super/,https://www.reddit.com/r/f1visa/comments/1sf4xis/is_it_normal_for_universities_to_require_a_super/
1sf4gru,f1visa,Questions about interview!,"Hi all!

I got into a PhD program (yay)! I’m from the coast of the Baltic Sea which is truly what I want to study, but PhD positions in my country and field in the EU are basically zero, though later opportunities like postdoc and research opportunities do exist! BUT I got into a program in the US that will give me a skillset to come back and do tje kind of research that matters to me and our sea. I just booked my F1 visa interview and as I really want to attend this program for my future career in science I want the interview and application to go well too. So…

1) what should I bring to the interview?

2) How do I prepare for it otherwise? 

3) Any other tips or recommendations?

I am truly so passionate about this subject and really want to make a long career out of studying the baltic sea and this is the best step so want to do everything right to not miss this awesome opportunity!",1775586607.0,2026-04-07T18:30:07,1,1,/r/f1visa/comments/1sf4gru/questions_about_interview/,https://www.reddit.com/r/f1visa/comments/1sf4gru/questions_about_interview/
1sf3rgs,f1visa,"Nigerian Applicant. Is OPT on ""Hold"" due to new 2026 Policy?"," Hi everyone,

I’m an F-1 student (BSN, RN) with a job offer starting May 18th. I applied for my initial Post-Completion OPT in February, and my status has been stuck on ""Case is being processed"" for a while now.

I recently had a hospital recruiter tell me they can't move forward with my offer because their legal team says applications for **Nigerian citizens** are currently on an ""adjudicative hold"" pending further review/guidance from the Jan 2026 policy memo.

Has anyone else from Nigeria (or the other 39 listed countries) successfully received their EAD card in the last month?

I am debating upgrading to **Premium Processing** to see if it ""breaks"" the hold, but the $1,780 fee is huge. Has anyone in a similar spot tried PP and seen an approval, or are cases just sitting there regardless of the fee?

Any insights or recent timelines would be so appreciated. I'm starting to get nervous about my start date!",1775585142.0,2026-04-07T18:05:42,72,41,/r/f1visa/comments/1sf3rgs/nigerian_applicant_is_opt_on_hold_due_to_new_2026/,https://www.reddit.com/r/f1visa/comments/1sf3rgs/nigerian_applicant_is_opt_on_hold_due_to_new_2026/
1sf0h1w,f1visa,ICE at Airports,Has anyone had any difficulties travelling domestically through the airports where ICE has been deployed?,1775578313.0,2026-04-07T16:11:53,5,0,/r/f1visa/comments/1sf0h1w/ice_at_airports/,https://www.reddit.com/r/f1visa/comments/1sf0h1w/ice_at_airports/
1sf061v,f1visa,OPT Timeline &amp; Biometrics Appointment Question,"Hi everyone, I’m applying for initial OPT (graduating this May). I received my receipt notice on March 17 and have a biometrics appointment in 3 week. My job has a firm start date of June 15.

Would you recommend applying for premium processing?

Also, I’m planning to go to the biometrics appointment (try walk in ) this week with a friend who lives in the same apartment complex—we’ll be sharing a ride. The appointment center is about three hours away from where we live.",1775577677.0,2026-04-07T16:01:17,18,4,/r/f1visa/comments/1sf061v/opt_timeline_biometrics_appointment_question/,https://www.reddit.com/r/f1visa/comments/1sf061v/opt_timeline_biometrics_appointment_question/
1sezcua,f1visa,STEM OPT timeline and Question on I-765 STEM OPT,"Hi everyone,

I’ve read a lot of posts about the STEM OPT Extension and just wanted to confirm a few things.

1. **Biometrics / RFEs:** Is it mandatory that STEM OPT applications submitted after December 2025 will receive a biometrics RFE?
2. **My timeline:**

* My initial OPT ends on **05/31/2026**
* I submitted my STEM OPT (Form I-765) on **04/03/2026**

1. **Institution Accreditation section:** Since this is my first STEM OPT application, I left the “Institution Accreditation” section blank. Is that correct?
2. **Documents submitted:** When I e-filed Form I-765 through my USCIS account, I uploaded:

* Passport-style photo
* Previous EAD (initial OPT)
* I-94
* University diploma (degree)
* STEM OPT I-20 issued by my DSO

I did not include anything for the Institution Accreditation section.

1. **E-Verify / Employer name:** My employer’s legal name is **ABC**, and they operate as **ABC DBA XYZ**. When filing, I entered the full name “ABC DBA XYZ.” Is that okay, or should I have used only “ABC”?
2. **Processing time:** Do you think processing time will be long for my case?
3. **STEM OPT reporting requirements:**

* For the **6-month validation**, what do I need to submit?
* For the **12-month and 24-month evaluations**, I understand I need to complete page 5 of Form I-983 with my supervisor, sign it, and submit it to my DSO. Is that correct?

I really appreciate any advice or clarification. Thank you so much, and I hope everyone has a great week!",1775575957.0,2026-04-07T15:32:37,4,0,/r/f1visa/comments/1sezcua/stem_opt_timeline_and_question_on_i765_stem_opt/,https://www.reddit.com/r/f1visa/comments/1sezcua/stem_opt_timeline_and_question_on_i765_stem_opt/
1sev84u,f1visa,Travel to India on OPT before Stem OPT - Need Advice,"Hi everyone,

I am currently on initial OPT, and my OPT expires on July 4, 2026.

I am traveling to India from April 27 to May 15 and will return to the U.S. before my OPT expires.

I currently have:

\- Valid passport  

\- Valid F-1 visa  

\- OPT EAD card  

\- Travel I-20 with recent signature  

\- Recent pay stubs  

\- Employer offer/employment letter  

My question is:  

Is it better to apply for STEM OPT before leaving the U.S. or apply after coming back?

I want to make sure re-entry is safe and avoid any issues at immigration.

Has anyone traveled in a similar situation?  

Any precautions I should take?

Thank you!",1775566644.0,2026-04-07T12:57:24,0,0,/r/f1visa/comments/1sev84u/travel_to_india_on_opt_before_stem_opt_need_advice/,https://www.reddit.com/r/f1visa/comments/1sev84u/travel_to_india_on_opt_before_stem_opt_need_advice/
1ses1ka,f1visa,Need to leave the U.S. soon — PhD defense outside the US,"Hi everyone!  
  
I’m in a situation where I may need to leave the U.S. for a couple of years, and I have very limited time before I have to go. Is it still possible to complete my degree and defend my PhD during my final semester outside the US?   
Also, would this cause any issues for future U.S. visa applications?

Thanks!",1775557456.0,2026-04-07T10:24:16,2,0,/r/f1visa/comments/1ses1ka/need_to_leave_the_us_soon_phd_defense_outside_the/,https://www.reddit.com/r/f1visa/comments/1ses1ka/need_to_leave_the_us_soon_phd_defense_outside_the/
1ser5no,f1visa,financial sponsor in the case of a full-ride scholarship,"If I have a full-ride merit scholarship to a US university, should I still list a financial sponsor on my I-20 for the Visa?

If the answer is Yes, how much additional funding do you recommend showing? (keeping in mind that all my tuition &amp; living expenses are already covered)

Doing so would mean that the column on the right side of the i-20 (Student's funding for 9 months) would become greater than the left side (Estimated Average Cost for 9 months). I'm afraid that a ""full-ride"" will not be immediately obvious to the VO in that case.

note: I've applied for an **undergraduate** degree.",1775554401.0,2026-04-07T09:33:21,2,0,/r/f1visa/comments/1ser5no/financial_sponsor_in_the_case_of_a_fullride/,https://www.reddit.com/r/f1visa/comments/1ser5no/financial_sponsor_in_the_case_of_a_fullride/
1seqiqo,f1visa,False police report,"Given the current circumstances - I’m stressed. My flatmate who’s white, American, mid 40’s falsely called the cops on me for domestic violence. He was 7 beatboxes in when he did that. I never touched him. 

The police said they need to make a report for this. They did acknowledge him being drunk and disoriented when they came over to speak to us. 

Given current circumstances, I do not want to be involved with any issues with ICE or so. Am I in trouble? Am I not? Just need insight to how things work here. ",1775552083.0,2026-04-07T08:54:43,7,22,/r/f1visa/comments/1seqiqo/false_police_report/,https://www.reddit.com/r/f1visa/comments/1seqiqo/false_police_report/
1sepc1c,f1visa,college change-visa implications,"Hey guys,   
last year I was supposed to join college X, due to visa issues I was not able to go  
but then 2 months back I got my passport stamped with the college F1  
now I have gotten a better offer from college Y, so what are the visa implications of it ?  
like I am from India  
so I might have to give an interview again- but is this viewed negatively   
I mean my reasons are legit   
Y is better than X in terms of rankings and has also given me better scholarship 

if anyone had to go over something similar please share your experience 

thank you!",1775547645.0,2026-04-07T07:40:45,1,2,/r/f1visa/comments/1sepc1c/college_changevisa_implications/,https://www.reddit.com/r/f1visa/comments/1sepc1c/college_changevisa_implications/
1sempj9,f1visa,F1 visa approval chances,"CSULB MSCS vs SJSU MSADI — which one tends to have better visa approval chances from India?

Would really appreciate a clear pick based on visa trends— no hate on the admits 🙏",1775538575.0,2026-04-07T05:09:35,0,0,/r/f1visa/comments/1sempj9/f1_visa_approval_chances/,https://www.reddit.com/r/f1visa/comments/1sempj9/f1_visa_approval_chances/
1sellx3,f1visa,F-1 Renewal on STEM OPT,"My F-1 expired in July 2024 and I’m currently on STEM OPT which expires July 2027. I want to visit home at the end of the year which means I would have to renew my F-1 there.

I’ve been on a J-1 visa as an exchange student, then F-1 to finish my senior year of high school here, and my current F-1 for my bachelors. I didn’t get selected in the H1-b lottery this year.

Is it too big of a risk? Would appreciate anyone sharing your experience with the process!",1775535151.0,2026-04-07T04:12:31,0,1,/r/f1visa/comments/1sellx3/f1_renewal_on_stem_opt/,https://www.reddit.com/r/f1visa/comments/1sellx3/f1_renewal_on_stem_opt/
1sektgn,f1visa,OPT audit when filing i-485,So I am on OPT right now and current timeline is to file i-485 (I am the derivative) around this fall. Is it common to be audited for my OPT work? I am currently unemployed and I am debating if I should end OPT and just enroll at my previous school for status because I am worried I will be audited if I do not have a verified company as my employer. My dad currently has a C-corp here but does not do any business activity at the moment and I briefly debated if I should put the c-corp as my employer with job/duty description related to my major but I am worried of an audit when I file i-485. Any help will be appreciated.,1775532912.0,2026-04-07T03:35:12,0,1,/r/f1visa/comments/1sektgn/opt_audit_when_filing_i485/,https://www.reddit.com/r/f1visa/comments/1sektgn/opt_audit_when_filing_i485/
1seike7,f1visa,Safe to travel on STEM Opt Requested I-20?,"Did my biometrics today and EAD renews in June and have to travel in May. Have my travel endorsed I-20, will I be OK to travel? I’ll be travelling via road to Canada for a week. TIA. ",1775526728.0,2026-04-07T01:52:08,0,1,/r/f1visa/comments/1seike7/safe_to_travel_on_stem_opt_requested_i20/,https://www.reddit.com/r/f1visa/comments/1seike7/safe_to_travel_on_stem_opt_requested_i20/
1sehfus,f1visa,"Completely Helpless, Missed appointment and USCIS not rescheduling","I applied for initial OPT on December 12 (the same day as her graduation). During a status check on February 28, we noticed an RFE for a biometrics/photo appointment. But by the time we actually checked the physical mail, the appointment date (February 25) had already passed. We had no idea about it beforehand.



Here's the timeline of what's happened since:

\- \*\*Feb 28\*\* – Discovered the missed appointment via online status check

\- \*\*March 3\*\* – Called USCIS to explain the situation and request a rescheduled appointment

\- \*\*March 16\*\* – USCIS attempted a callback but had the wrong phone number on file

\- \*\*March 16 (same day)\*\* – We called back, provided the correct number, and were told USCIS would call us back

\- \*\*April 6 (today)\*\* – Still no callback. Multiple follow-up calls to USCIS have gone nowhere

\- \*\*May 8\*\* – RFE response deadline



We are now less than 5 weeks from the deadline with zero progress. Every time we call USCIS, they just log the issue, but no one actually follows up.



Our questions:

1. What happens if the May 8 deadline passes with no resolution? Will the OPT application be denied? Will her F-1 status be affected?

2. Has anyone successfully gotten USCIS to reschedule a missed biometrics appointment in a situation like this?

4. Is it worth submitting a formal written response to the RFE explaining the circumstances even without a completed biometrics appointment?

Any advice from people who've dealt with something similar would be really appreciated. We're very stressed about this.",1775523765.0,2026-04-07T01:02:45,22,13,/r/f1visa/comments/1sehfus/completely_helpless_missed_appointment_and_uscis/,https://www.reddit.com/r/f1visa/comments/1sehfus/completely_helpless_missed_appointment_and_uscis/
1segtfp,f1visa,"SEVIS Transfer, F-1 Renewal, Summer Studies","Hi y'all this is a rare situation. Any help or clarification is appreciated!

I am finishing my MA from School A in May and will start my PhD at School B mid August. My F-1 is expiring in May so I want to go home to renew my F-1, with I-20 from School B. Given that I'm a SEVIS transfer student, the 30-day entry rule shouldn't apply to me and I can return to the US whenever I want.

The issue is that I need to do summer studies at School C. I don't want to use School C's I-20 to renew my F-1 because I'm worried that they might only give me a 3 month visa instead of 5 years, which I need for my PhD.

Now I need School B to approve incidental/concurrent studies for my summer program and hold my SEVIS record. What are my chances here? Has anyone been in this situation before? My status as School B will be ""initial"" since I haven't technically started there. Any chance they would grant the incidental studies confirmation for me to go to School C?

Also, if I come back to the States mid June for my summer program, ca. 60 days before my phd starts, do I need to explain to the officer at the customs about my summer program? Will they be asking questions? I wanna make sure I'm not in any gray area and I am guaranteed to get into the country.",1775522164.0,2026-04-07T00:36:04,1,0,/r/f1visa/comments/1segtfp/sevis_transfer_f1_renewal_summer_studies/,https://www.reddit.com/r/f1visa/comments/1segtfp/sevis_transfer_f1_renewal_summer_studies/
1seg0n7,f1visa,Employer won't give full CPT letter,"Hello guys, I =got an offer over the summer as an intern at a state's DOT. I told them when I got the offer that I am an international student and explained the whole CPT process. and they said they don't have a problem in hiring me.

  
However, I got my assignment a few weeks ago and asked the HR worker if she can give me a full letter (as per my college's DSO website) with the following: 

* Job Title
* Beginning and ending dates of employment
* Wage/salary/remuneration
* Number of hours per week to be worked
* Full address of employer
* Brief description of work

She said that they provide ""one standard Welcome Letter, and it cannot be modified"" and said that that is the only letter that can be provided. The letter only has the Job Title, Beginning date of employment, wage, and address of employer. She only mentioned the rest of the info in the email she sent me, and said ""please feel free to submit this email along with the attached letter"".

  
Am I screwed? Will my DSO accept it? If not, should I ask them to give me a more comprehensive letter? This is a little frustrating because I prepared so hard for the interview, and this was the only internship I got for the summer. Thank you.

",1775520095.0,2026-04-07T00:01:35,6,28,/r/f1visa/comments/1seg0n7/employer_wont_give_full_cpt_letter/,https://www.reddit.com/r/f1visa/comments/1seg0n7/employer_wont_give_full_cpt_letter/
1seftr4,f1visa,OPT EAD receipt/biometrics notices show in USCIS account but never arrived by mail: is that normal?,"I applied for OPT EAD with premium processing. In my USCIS account, I can see the receipt notice and a biometrics appointment notice, and the address listed on the notices is correct.

However, I still have not received either notice physically in the mail, while someone else I know did receive theirs by mail.

My case status says the biometrics appointment was scheduled on March 20, 2026, and that I should wait until April 19, 2026, before submitting an e-request for a copy if I do not receive it.

Has anyone had this happen, where the notices only showed up in the USCIS portal but never arrived physically in the mail? Did you still eventually get the paper copies, and was the PDF from the portal enough for biometrics?",1775519623.0,2026-04-06T23:53:43,2,2,/r/f1visa/comments/1seftr4/opt_ead_receiptbiometrics_notices_show_in_uscis/,https://www.reddit.com/r/f1visa/comments/1seftr4/opt_ead_receiptbiometrics_notices_show_in_uscis/
1sefl8c,f1visa,STEM OPT I-983 update after application,"So, I am working remotely and have my remote address on the I-983. My employee is applying for my STEM OPT and will soon file my application. I might change apartments in a month and will need to update my I-983 with the new address. I understand I will have to submit the updated I-983 to my DSO. 

Do I have to submit the updated I-983 to USCIS as well if the STEM OPT is not approved till then?",1775519028.0,2026-04-06T23:43:48,2,3,/r/f1visa/comments/1sefl8c/stem_opt_i983_update_after_application/,https://www.reddit.com/r/f1visa/comments/1sefl8c/stem_opt_i983_update_after_application/
1seaenc,f1visa,Hey guys need your help about COA,"Hey guys, I’m planning to change my status and study english. The school’s coa is around 11-12k. Is 20k enough in personal funds? or do I have to add an affidavit of support? ",1775506973.0,2026-04-06T20:22:53,0,0,/r/f1visa/comments/1seaenc/hey_guys_need_your_help_about_coa/,https://www.reddit.com/r/f1visa/comments/1seaenc/hey_guys_need_your_help_about_coa/
1se86ji,f1visa,OPT start date advice for 2026 May grad (no offer yet),"Hey all,

I’m graduating this May from UIUC (CS) and still don’t have an offer yet. I only have a couple of interviews with smaller companies so far.

I also know that once the OPT start date is set, it can’t be changed, which makes this decision really stressful.

I’m debating whether I should push it close to the end of the 60-day grace period to give myself more time to job hunt. But at the same time, I’m worried that if I do get an offer, some companies might want me to start ASAP.

For people who’ve been in this situation:

* What start date did you choose?
* Did delaying it actually help?
* Any regrets or things you’d do differently?

Also honestly, being this close to graduation without a job is really stressful… would really appreciate any advice 🙏",1775502297.0,2026-04-06T19:04:57,30,10,/r/f1visa/comments/1se86ji/opt_start_date_advice_for_2026_may_grad_no_offer/,https://www.reddit.com/r/f1visa/comments/1se86ji/opt_start_date_advice_for_2026_may_grad_no_offer/
1se82di,f1visa,"Visa expires in Jan 2027. Travelling in June 2026, stem opt valid till june 2027.","Is it okay to travel in june 2026 and comeback in few weeks ?
F1 visa expires Jan 2027.

Stem opt expires june 2027",1775502080.0,2026-04-06T19:01:20,3,0,/r/f1visa/comments/1se82di/visa_expires_in_jan_2027_travelling_in_june_2026/,https://www.reddit.com/r/f1visa/comments/1se82di/visa_expires_in_jan_2027_travelling_in_june_2026/
1se7w4j,f1visa,Transferring funds over while OPT is pending,"I am an international student from Vietnam who graduated in December and applied for OPT on February. I completed my biometrics early March and is currently waiting. 

My landlord requires cash payment so I need to transfer funds over. My brother used to transfer funds from home to me but my bank requires EAD now that I graduated to prove my lawful presence. I would appreciate any and all insights regarding this!

Thank you!",1775501756.0,2026-04-06T18:55:56,1,0,/r/f1visa/comments/1se7w4j/transferring_funds_over_while_opt_is_pending/,https://www.reddit.com/r/f1visa/comments/1se7w4j/transferring_funds_over_while_opt_is_pending/
1se4wac,f1visa,opt application fee payment method,confused on best method of payment credit card vs debit card. which one to use?,1775495351.0,2026-04-06T17:09:11,3,0,/r/f1visa/comments/1se4wac/opt_application_fee_payment_method/,https://www.reddit.com/r/f1visa/comments/1se4wac/opt_application_fee_payment_method/
1se3nb1,f1visa,Should I renew my b1 visa? Currently on F1 OPT,"Hi everyone,

I’m currently on an F-1 OPT visa with a few months remaining. I’m employed and will also be applying for the STEM OPT extension.

I wanted to understand whether I should renew my B1/B2 visa, as it’s expiring soon. I’m considering it mainly because having a 10-year tourist visa could be helpful if I need to return in the future.

Additionally, my H-1B was picked this year, so I wanted to check if renewing my B1/B2 visa could cause any issues with that process.

Would appreciate your advice, thank you!",1775492651.0,2026-04-06T16:24:11,0,0,/r/f1visa/comments/1se3nb1/should_i_renew_my_b1_visa_currently_on_f1_opt/,https://www.reddit.com/r/f1visa/comments/1se3nb1/should_i_renew_my_b1_visa_currently_on_f1_opt/
1se3kx9,f1visa,Do I need court order to update my name on SSN after passport renewal and name correction?,"Hi guys, I had a situation where my previous passport had all my name in the given name field and my surname was empty.

This caused my visa to have FNU as my first name and full name under last name.

Given name: AA BBCC

LAST NAME : -

To correct this, I renewed my passport for name change and got it with name change with name split to first name and last name.

After correction

Given name: AA BB

LAST NAME : CC

Now when I visit the SSA office, they say they need a course order to update my details in SSN.

My question is even if I have passport and I-20 updated with new name, is it required to have a course order for name change? Or it is office specific and I can try visiting other office and see if they can change name without court order?

Please help as I need to resolve this situation within a month.

TIA!",1775492506.0,2026-04-06T16:21:46,2,0,/r/f1visa/comments/1se3kx9/do_i_need_court_order_to_update_my_name_on_ssn/,https://www.reddit.com/r/f1visa/comments/1se3kx9/do_i_need_court_order_to_update_my_name_on_ssn/
1se3936,f1visa,E-sign I-20 opt,"Update:I got my biometrics appointment the 2nd day I uploaded the ink signed I-20,I don’t really now if it is q coincidence or not but was worth mentioning.

Guys I signed my I-20 electronically for the pre opt application….its been a month,do you think I should sign it physically and upload it in the unsolicited evidence?",1775491802.0,2026-04-06T16:10:02,32,9,/r/f1visa/comments/1se3936/esign_i20_opt/,https://www.reddit.com/r/f1visa/comments/1se3936/esign_i20_opt/
1se1892,f1visa,Day 1 CPT- parents traveling,"I’m going to enroll in day 1 cpt and want to call my parents to visit me they already have visa and visited once back in 2025. Will there be any difficulties for immigration? 

Has anyones parents travelled to us when they where enrolled in day 1 cpt program?",1775487447.0,2026-04-06T14:57:27,2,0,/r/f1visa/comments/1se1892/day_1_cpt_parents_traveling/,https://www.reddit.com/r/f1visa/comments/1se1892/day_1_cpt_parents_traveling/
1se0tic,f1visa,Travel - COS j1 to f1,"Hello,

Our former aupair was approved for her f1 change of status from j1 - she has received her I-94 but since she changed her stays in the USA she didn’t get a visa stamp. My question since she is a Mexican citizen is she eligible for automatic revalidation as long as she visits Mexico for less than 30 days.

Would like to know if any Mexican citizens have had any issues ?",1775486541.0,2026-04-06T14:42:21,1,0,/r/f1visa/comments/1se0tic/travel_cos_j1_to_f1/,https://www.reddit.com/r/f1visa/comments/1se0tic/travel_cos_j1_to_f1/
1sdyiov,f1visa,Questions about visa and passport renewal,"I have an F1 visa that expires in September, but the passport it’s on expires earlier in July. I was looking to renew my passport first it in the US before wanting to renew my visa, but due to poor planning on my part and time constraints, I left it for last minute and my home country’s consulate said the renewal process for passports is taking up to 8 months.

I’m a rising senior doing undergrad and wish to enter law school within a year. What would my best course of action be here? I am a dual national (no bans) so could I apply for F1 using a different country’s passport? I assume it wouldn’t be safe for me to leave the US with a soon to be expiring visa and passport, so going back to my home country to renew them both would be dangerous over the summer if I want to be back by the time break ends for my fall semester (middle of August).

I appreciate all the advice and help I can get. Thanks!",1775481214.0,2026-04-06T13:13:34,3,0,/r/f1visa/comments/1sdyiov/questions_about_visa_and_passport_renewal/,https://www.reddit.com/r/f1visa/comments/1sdyiov/questions_about_visa_and_passport_renewal/
1sdy0ce,f1visa,Mistake in my I-765,"Hi everyone,

I realized I made a mistake on my OPT I-765 application 😭 I signed my I-20 but forgot to add the date next to my signature.

It’s already been more than 4 months since I applied, and my case is still pending. My advisor suggested I upload a corrected I-20 under “Unsolicited Evidence.”

Now I’m confused about a couple of things:

\- If I upload the old I-20, what date should I write next to my signature — the original date (around when I applied) or today’s date?

\- If I request a reprinted/new I-20, what date should I use when signing that one?

\- Also, at this point, do you think it’s worth doing premium processing, or should I just wait?

If anyone has been in a similar situation or has advice, I’d really appreciate it. I’m kinda stressed about this.",1775479940.0,2026-04-06T12:52:20,9,9,/r/f1visa/comments/1sdy0ce/mistake_in_my_i765/,https://i.redd.it/bmivji4fhktg1.jpeg
1sdoce5,f1visa,Laid off on STEM OPT w/ 120 days of unemployment left and no H1B. Torn between options,"Hey everyone,

I’m on STEM OPT (data science master’s, NYC) and was laid off recently. I’ve used around 30 of the 150 allowed unemployment days, so I’ve got about 120 days left to figure out my next move.

Talking to a lawyer, it sounds like my realistic options if I don’t land a regular STEM job in time are:

First, best case, I find a straightforward STEM‑related job (data / analytics / AI / engineering) with an employer that can handle the usual STEM OPT requirements.

Second, a “legit” consulting or staffing company where I’m a W‑2 employee, actually doing work for clients that fits my background, not a bench or fake payroll situation.

Third, doing a part‑time master’s and then transferring to a Day 1 CPT program that ties to a real job. I know this can be scrutinized later for H‑1B etc. and also limits travel, so I’m not taking it lightly.

Fourth, EB‑5. My family might be able to support it, but it’s a big financial and emotional decision. I’ve been in the US \~10 years and it feels like home. I don’t see myself settling down here but also don’t see myself wanting to go back home, so it’s more of a medium term play. I also feel guilty about asking my parents for that kind of money and locking it up for years.

I’m also exploring whether a friend’s small non‑tech business could hire me 20 hours a week in a genuine data / ops analytics role. I’d actually be working, but I don’t know how that looks from a STEM OPT point of view since it’s not a typical tech company.

My gut says to be very careful with the consulting / CPT routes and not do anything sketchy, even if it buys short‑term time.

If anyone has:

•	done STEM OPT through a consulting or staffing company and later gone through H‑1B or other scrutiny without issues

•	used a small non‑tech business as a STEM OPT employer in a data / analytics role

•	or gone the Day 1 CPT route and can share how it affected you later

I’d really appreciate hearing how it went. With \~120 days left, how would you prioritize these options in my shoes, if you care more about long‑term safety than clever loopholes?

Thanks to anyone who reads this and replies.",1775447942.0,2026-04-06T03:59:02,36,37,/r/f1visa/comments/1sdoce5/laid_off_on_stem_opt_w_120_days_of_unemployment/,https://www.reddit.com/r/f1visa/comments/1sdoce5/laid_off_on_stem_opt_w_120_days_of_unemployment/
1sdnrkp,f1visa,F1 Visa: Mumbai OFC + Delhi Interview — Should I Reschedule for Mumbai or Keep It?,"Hey everyone,

I need some advice regarding my F1 visa appointment.

I was trying to book my interview in Mumbai (that’s my main preference), and I’m completely okay doing my OFC/biometrics in any city. But when I was scheduling, the only available combination I got was Mumbai OFC + New Delhi consular interview, so I booked it just to secure a slot.

Current situation:

\\- \*\***OFC: Mumbai — April 9**\*\*  

\\- Consular interview: New Delhi — mid May 

My \*\***goal is to have my interview in Mumbai**\*\*. 

OFC location doesn’t matter to me at all.

Now I’m confused about what to do:

\\- Should I keep trying to reschedule to Mumbai before my OFC date?

\\- If I don’t find a Mumbai interview slot before April 9, should I still attend my OFC?

\\- Is it too risky to cancel my current appointment and wait for a Mumbai slot?

Also, I’ve heard mixed opinions about Delhi vs Mumbai for F1 interviews, so I’m unsure if it’s worth the risk just to switch locations.

Would really appreciate advice from anyone who has gone through something similar!

Thanks a lot 🙏",1775446174.0,2026-04-06T03:29:34,8,0,/r/f1visa/comments/1sdnrkp/f1_visa_mumbai_ofc_delhi_interview_should_i/,https://www.reddit.com/r/f1visa/comments/1sdnrkp/f1_visa_mumbai_ofc_delhi_interview_should_i/
1sdchy1,f1visa,STEM OPT + Remote Startup Job: Safe to Travel to India and Re-Enter Through EWR/JFK?,"Hi, I’m currently on STEM OPT with about 11 months left. I work full-time for a healthcare startup, but the role is fully remote. I’m planning a trip to India to visit my family — it’s been almost a year and a half since I last went home.

Before I book anything, I wanted to hear from others in a similar situation. How risky is re-entry when you’re on STEM OPT and working remotely for a startup? Any recent experiences coming back through Newark (EWR) or JFK?",1775416955.0,2026-04-05T19:22:35,0,0,/r/f1visa/comments/1sdchy1/stem_opt_remote_startup_job_safe_to_travel_to/,https://www.reddit.com/r/f1visa/comments/1sdchy1/stem_opt_remote_startup_job_safe_to_travel_to/
1sd65y9,f1visa,STEM OPT ending soon — questions about Day 1 CPT timing &amp; university location,"Hey everyone,

My STEM OPT is ending in June, and I’m exploring Day 1 CPT options. I had a couple of questions and would really appreciate insights from people who’ve gone through this:

1. Is it okay to choose a semester start date that begins after my STEM OPT expires? Is there any risk if there’s a gap between OPT end date and CPT start?

2. Do I need to enroll in a university located in the same state where I work (I’m currently in Texas), or can I attend a university in a different state while working full-time?

3. I am considering Westclifff, Texas Wesleyan and Concordia. Any idea if these unis are good to avoid RFE?

Would love to hear your experiences, especially around compliance, risks, or anything to watch out for.

Thanks in advance! 🙏",1775402087.0,2026-04-05T15:14:47,1,0,/r/f1visa/comments/1sd65y9/stem_opt_ending_soon_questions_about_day_1_cpt/,https://www.reddit.com/r/f1visa/comments/1sd65y9/stem_opt_ending_soon_questions_about_day_1_cpt/
1sd5yo3,f1visa,Renewing F-1 with only 7 months left of STEM OPT - has anyone had problems with this?,Title,1775401599.0,2026-04-05T15:06:39,0,3,/r/f1visa/comments/1sd5yo3/renewing_f1_with_only_7_months_left_of_stem_opt/,https://www.reddit.com/r/f1visa/comments/1sd5yo3/renewing_f1_with_only_7_months_left_of_stem_opt/
1sd5uom,f1visa,CPT VS OPT- question,"So I am currently an undergrad graduating in May and I have a job offer lined up. I applied for OPT but I am unfortunately part of the 39 countries so my adjudication is up in the air. 

Would there be a way for me to ask my DSO to extend my program for a year and use one year of CPT to work my job and then go to OPT if the pause is lifted by then??",1775401335.0,2026-04-05T15:02:15,9,1,/r/f1visa/comments/1sd5uom/cpt_vs_opt_question/,https://www.reddit.com/r/f1visa/comments/1sd5uom/cpt_vs_opt_question/
1sd3uur,f1visa,SEVIS TRANSFER PROCESS,"I am seeking your guidance regarding my SEVIS transfer to a new university for Fall 2026 and how to maintain my F-1 status during this transition. I arrived in the U.S. in Fall 2025 with a fully funded research assistantship and plan to transfer to a new university in Fall 2026 without completing my current degree.

My current university’s course registration for Fall 2026 is scheduled from April 5 to April 20. Since I do not plan to continue at this university in Fall 2026, I would like clarification on the following:

1. If I do not register for Fall 2026 courses during this period, will it have any impact on my F-1 status? I understand that the summer term (between April and the start of Fall 2026) is optional, and I may or may not enroll in summer courses.

2. Alternatively, would it be advisable to register for Fall 2026 courses and then drop them later, given that I will not be continuing? If so, what are the rules and implications of doing this?

3. My current research assistantship will expire on June 15.

I plan to discuss my intention not to continue in Fall 2026 with my professor in mid-May (After Spring 2026 semester completed) and will coordinate with the DSO at my current university at the same time. My new university has approved all required documents and informed me that they will issue a new I-20 once my current school releases my SEVIS record.

In this context, I would appreciate your guidance on the SEVIS transfer process. Specifically:

4. What is the appropriate SEVIS transfer timeline in my situation? I am considering setting my transfer release date at the end of June.

5. Are there any specific rules or academic considerations I should be aware of?

6. Since I will not be completing my degree here, is there any possibility of complications from my academic advisor regarding the SEVIS transfer?

7. What precautionary measures would you recommend to ensure a smooth and compliant transfer?

Thank you very much for your time and guidance. I look forward to your advice.",1775396273.0,2026-04-05T13:37:53,4,0,/r/f1visa/comments/1sd3uur/sevis_transfer_process/,https://www.reddit.com/r/f1visa/comments/1sd3uur/sevis_transfer_process/
1sd2pg0,f1visa,F1 visa for venezuelans,"Hello! I know this could be considered a google question, but it has proven difficult for me to find clear and reliable information and I hope you can help me.

I am venezuelan and interested in applying for scholarships for master’s degree studies in the US. 

I wonder if study visas for venezuelans are still all suspended, and if I won’t be able to get one if I receive a scholarship. Thank you! ",1775393096.0,2026-04-05T12:44:56,2,0,/r/f1visa/comments/1sd2pg0/f1_visa_for_venezuelans/,https://www.reddit.com/r/f1visa/comments/1sd2pg0/f1_visa_for_venezuelans/
1scwsnz,f1visa,Is sanction letter from NBFC sufficient to show proof of funds ?,"I have a sanction letter from InCred for $82k  and on my I-20 they have mentioned $70,000 as total cost for 9 months.   
  
Is this sufficient to show as funds during the visa consular interview.   
  
I am from India.   
  
I additionally have bank statement with me which has around 30,00,000 INR. I took this statement 1 month back and have since transferred a significant amount to a forex account to keep it safe in dollars.   
  
 ",1775372076.0,2026-04-05T06:54:36,0,2,/r/f1visa/comments/1scwsnz/is_sanction_letter_from_nbfc_sufficient_to_show/,https://www.reddit.com/r/f1visa/comments/1scwsnz/is_sanction_letter_from_nbfc_sufficient_to_show/
1scvs2f,f1visa,Visa statusssss,"Has anyone here stayed in the U.S. for about 5 months on a B1/B2 visa for shadowing and later successfully received an F-1 student visa? 

I did shadowing in different dental offices for 5 months on a visit visa. Has anyone had a similar experience and later been approved for an F-1 visa? I’m just trying to understand if this affects future applications.",1775368477.0,2026-04-05T05:54:37,5,0,/r/f1visa/comments/1scvs2f/visa_statusssss/,https://www.reddit.com/r/f1visa/comments/1scvs2f/visa_statusssss/
1scs7o7,f1visa,Expired OPT EAD + pending STEM extension - any risk flying domestic?,"Hey everyone, hoping to get some clarity on my situation:

* My initial 12-month OPT EAD expired in Feb, and I filed my STEM OPT extension before my OPT expired
* I have my I-797 receipt notice confirming the 180-day automatic extension

**My main concern:** With the current situation at airports, is there any real risk to someone in my situation during domestic travel? 

Any recent experiences or advice from people who are in a similar situation? Thanks in advance for any clarity on this!",1775357246.0,2026-04-05T02:47:26,3,0,/r/f1visa/comments/1scs7o7/expired_opt_ead_pending_stem_extension_any_risk/,https://www.reddit.com/r/f1visa/comments/1scs7o7/expired_opt_ead_pending_stem_extension_any_risk/
1scrglm,f1visa,F1 Visa renewal,"Hello,

I’m currently on my stem opt and my visa is expiring this August. I’m planning on getting it renewed this May/June in India. If someone has renewed it recently, can they tell me about their experience? 

I’m hearing mixed reactions about the renewal with some people saying that it is too risky and others saying that it’s straightforward. While I understand being rejected for suspicious background/overstays, is there anyone who has been rejected unreasonably or for reasons unheard of? I’m looking for advice.

Moreover, if my visa renewal gets rejected, can I still use my current visa to re-enter or would that completely ruin my chances of getting back into the US?

Thanks in advance!",1775354971.0,2026-04-05T02:09:31,2,8,/r/f1visa/comments/1scrglm/f1_visa_renewal/,https://www.reddit.com/r/f1visa/comments/1scrglm/f1_visa_renewal/
1screps,f1visa,NEED SOME TRAVEL ADVICE PLEAE THANK YOU,"I am currently an F1 student on a STEM OPT Extension valid until Jan 2028. However, my visa expired years ago. I have gotten a free opportunity to travel to the Virgin Islands which is part of the USA. I do currently live in USA Main Land.

Please I need some advice if I should go or not?

Also, why you’d recommend I do in case it’s safe to go.",1775354808.0,2026-04-05T02:06:48,3,2,/r/f1visa/comments/1screps/need_some_travel_advice_pleae_thank_you/,https://www.reddit.com/r/f1visa/comments/1screps/need_some_travel_advice_pleae_thank_you/
1scq7wc,f1visa,Seeking Advice on Challenging Work Situation,"I’m currently working in a small semiconductor company in the U.S. (fewer than 15 employees), and I would really appreciate some advice on a situation I’m facing.

I was initially hired for a position that was advertised as a 2-year role, but I received an offer letter for 1 year. Before joining, I clarified this with HR, who mentioned in writing (via email) that the company would inform me within the first 6 months about extending the contract for the second year. My manager also verbally reassured me that renewal would not be an issue when I asked him explicitly after 6 months. Based on this, I moved forward without requesting an updated written offer for the full duration.

For the first 8 months, I worked on one project. After that, the company abruptly shifted me to a completely new project. I worked on this new project for about 3 months when I received a performance review stating that I needed to complete the project within the next 3 months or risk termination. I was the only person assigned to this project, and given that I was new to it and had no support, the timeline felt unrealistic.

At the end of my 12^(th) month, instead of a yearly renewal, I was offered a 3-month contract extension, with further renewal dependent on my performance during that period. This came as a surprise, especially since I had been told earlier that I would be informed about renewal within the first 6 months. Unfortunately, I signed the extension without questioning the discrepancy.

A month into this extension, I underwent another performance review. During this period, I faced significant delays due to instrument issues that were outside my control, as the company relies on external facilities for certain equipment. However, these issues were not acknowledged in the review, and I was instead held accountable for not meeting the project goals. Again, I signed the review without insisting that these constraints be formally documented.

I have now been told that I must resolve the issues and complete the project within the next 2 months, or my contract will not be renewed. From discussions with my manager, I get the sense that they may have been aware from the beginning that the project timeline was not realistic.

Additionally, I later learned (informally) that the company may have been required by the client to hire two people instead of one, which makes me wonder if internal constraints or decisions influenced my situation.

Looking back, I realize there were several points where I could have handled things differently, especially since this is my first role in an industry setting and I was not fully prepared for such challenges.

At this point, I am considering discussing the following with my manager:

1. Why was I not informed about my contract renewal status within the first 6 months, as initially stated by HR in writing?
2. Why were the instrument-related delays, which were beyond my control, not documented in my performance review?

However, since I have already signed both the contract extension and the performance review, I am unsure whether raising these concerns now would be effective or advisable.

Given the current job market, I have also started applying elsewhere over the past few weeks, but have not yet received any interview calls. Being on STEM-OPT, this situation is causing me significant stress and uncertainty.

I would truly appreciate any advice or perspectives on:

1. Whether it is still worth raising these concerns with my manager or HR.
2. How to navigate this situation professionally?
3. Any suggestions on protecting myself moving forward?

Thank you in advance for your time and guidance.",1775351371.0,2026-04-05T01:09:31,2,7,/r/f1visa/comments/1scq7wc/seeking_advice_on_challenging_work_situation/,https://www.reddit.com/r/f1visa/comments/1scq7wc/seeking_advice_on_challenging_work_situation/
1scpnbv,f1visa,Successful travel after F-1 Status Reinstatement,"Hey everyone,

Just wanted to bring some light into this whole thing of reinstatement. Early this year I posted how my reinstatement got approved in January. I decided to travel back home for spring break after making sure all my documents were Ok. My DSO confirmed my SEVIS was active and with no issues before leaving. My Visa sticker expires in June of this year. And yes, my country is part of the 70 something list. My POE was Fort Lauderdale. I have Global Entry (didn’t got revoked while going through reinstatement) and the officer just asked for my passport, I-20 and where I was coming from. That’s it, nothing else. Took less than a minute 😅. Since there isn’t a lot of information about this, I just wanted to share my experience.

Praise the lord!",1775349744.0,2026-04-05T00:42:24,3,22,/r/f1visa/comments/1scpnbv/successful_travel_after_f1_status_reinstatement/,https://www.reddit.com/r/f1visa/comments/1scpnbv/successful_travel_after_f1_status_reinstatement/
1scphnm,f1visa,Renewing F1 visa after aging out while family has green cards?,"I’m an international student from Southeast Asia currently in the U.S. on an F1 visa. I’ve been studying here since 2014 and have maintained status throughout with multiple visa renewals. My visa stamp expired around December 2024.

My family was sponsored under the F4 category and now all have green cards, but I’ve aged out and wasn’t included.

I may need to travel back home to renew my F1 visa soon. Since F1 requires non-immigrant intent, I’m concerned that having my entire immediate family being green card-holders could make renewal more difficult.

Has anyone gone through F1 visa renewal in a similar situation, especially more recently?

\- Did your family’s green card status come up?

\- How did you demonstrate non-immigrant intent?

\- Any challenges or red flags?

\- Any tips on how to prepare?

Would really appreciate any experiences or advice, thank you!

TL;DR: F1 student since 2014 (visa expired Dec 2024). My whole family now has green cards and I’ve aged out, worried this could affect my visa renewal.",1775349297.0,2026-04-05T00:34:57,17,8,/r/f1visa/comments/1scphnm/renewing_f1_visa_after_aging_out_while_family_has/,https://www.reddit.com/r/f1visa/comments/1scphnm/renewing_f1_visa_after_aging_out_while_family_has/
1sco9ek,f1visa,how do i get a RCL from a provider?,"hi all

i’ve been struggling with a lot of stress and anxiety lately, i have a million things on my plate right now and i was considering dropping one class. i will be under the 12 credit enrollment minimum so I talked to my DSO and they said i need a Reduced Course Load that she can give me if i get a letter from a MD/D.O. the letter sample she sent me seems pretty straightforward, to protect the students privacy, there is no need for a full medical analysis on the letter. 

my question is, how hard is it to get a random medical professional to do this letter for me? is it even possible? my psychiatrist is from my home country so i don’t think they qualify to write this letter for me, i believe it has to be a U.S licensed doctor. 

do i just show up at any psych office/primary care doctor and ask for a letter? i don’t think my college health center offers this service, and i called multiple urgent care facilities and they don’t either. I need this by april 20th so i also don’t know if ill be able to secure an appointment with a provider by then. if anyone has ever been through something like this i would really appreciate any guidance or advice ",1775345852.0,2026-04-04T23:37:32,1,0,/r/f1visa/comments/1sco9ek/how_do_i_get_a_rcl_from_a_provider/,https://www.reddit.com/r/f1visa/comments/1sco9ek/how_do_i_get_a_rcl_from_a_provider/
1sci32y,f1visa,visa nenew with 1 failed class,"Hi all, 

For some reason, I may fail 1 class this sem and my gpa would be around 2.9-3.0

I plan to go back home this summer. I worry that with my gpa and 1 failed class, CO would not give me the visa. I am freshmen now, I also transfer next year. 

Is there anyone with similar case to me still get the visa?

Thank you !!",1775330414.0,2026-04-04T19:20:14,12,1,/r/f1visa/comments/1sci32y/visa_nenew_with_1_failed_class/,https://www.reddit.com/r/f1visa/comments/1sci32y/visa_nenew_with_1_failed_class/
1schzc7,f1visa,"F-1 high school student — can he just shadow at a company (no pay, no work)?","Hi all — hoping to get some real-world advice.

My son is in the U.S. on an F-1 visa (high school). He might have a chance this summer to spend time at a company just to learn about marketing.

We are NOT talking about a real internship — more like shadowing / observing, no pay, no tasks, no responsibilities.

I’ve read mixed things online about what counts as “work” for F-1 students, so just wanted to ask:

Has anyone had experience with this kind of situation?

At what point does “shadowing” become a problem?

Thanks a lot — just trying to do things the right way.",1775330166.0,2026-04-04T19:16:06,9,0,/r/f1visa/comments/1schzc7/f1_high_school_student_can_he_just_shadow_at_a/,https://www.reddit.com/r/f1visa/comments/1schzc7/f1_high_school_student_can_he_just_shadow_at_a/
1scci9m,f1visa,Day 1 CPT Schools,"Does anyone have any experience or know anyone that went to a day 1 cpt school because they didnt win the h1b lottery. What are the red/green flags?

Westcliff university?

Would love any suggestion, feedback or advice!…be it negative or positive",1775317368.0,2026-04-04T15:42:48,11,0,/r/f1visa/comments/1scci9m/day_1_cpt_schools/,https://www.reddit.com/r/f1visa/comments/1scci9m/day_1_cpt_schools/
1scasla,f1visa,Is it possible to get a second OPT if I complete an RN-BSN online?,"I'm thinking to do an associate degree in nursing (it's much cheaper) and then find work on OPT. I know that completing RN-BSN would make me more attractive to hire, but F1s cannot complete hybrid programs.

Is it possible to do RN-BSN online while doing OPT?

If yes, is it possible to get a second OPT when the RN-BSN is completed? To my knowledge, you can get another OPT for every new level of study. But not sure if that's fine since F1s are not allowed to do an online degree, even if OPT is maintaining legal status.",1775313242.0,2026-04-04T14:34:02,14,2,/r/f1visa/comments/1scasla/is_it_possible_to_get_a_second_opt_if_i_complete/,https://www.reddit.com/r/f1visa/comments/1scasla/is_it_possible_to_get_a_second_opt_if_i_complete/
1sc4fiw,f1visa,Do I need to get a new F1 visa?,"whether a new visa application is required for my upcoming doctoral studies.

Current Visa Status:

Visa Type: F1 (Academic Student)

Issue Date: 2025(Valid for 5 yrs)

Program End Date: December 2025

After completing my program in December 2025, I returned to India. I have since been accepted into a PhD program at another university and have received a new Initial I-20.

Because it has been more than five months since my previous program ended, and because my new I-20 has a different SEVIS ID than the one printed on my current visa foil, I would like to confirm if I am required to attend a new visa interview and obtain a new visa or I am eligible to travel using my existing, valid F1 visa by simply paying/transferring the I-901 SEVIS fee to my new SEVIS ID.",1775293510.0,2026-04-04T09:05:10,2,0,/r/f1visa/comments/1sc4fiw/do_i_need_to_get_a_new_f1_visa/,https://www.reddit.com/r/f1visa/comments/1sc4fiw/do_i_need_to_get_a_new_f1_visa/
1sbwvft,f1visa,"H1B picked, should I spend $2k on STEM OPT premium processing as backup?","I was fortunate enough to get picked in the H1B lottery in my first year of OPT which ends in June.

Right now, I’m in the process of applying for STEM OPT. My employer is planning to file my H1B next month using premium processing.

I’ve heard from a few people that it’s still safer to apply for STEM OPT as a backup in case anything goes wrong with the H1B petition.

My main question is:

\- Should I go ahead and apply for STEM OPT with premium processing before my company files for H1B?

\- Or is it okay to have both STEM OPT and H1B applications with USCIS at the same time?

I’m trying to avoid spending \~$2k on STEM OPT premium processing if it’s not really necessary.

Would really appreciate any advice or experiences from people who’ve been in a similar situation!

Thanks in advance!",1775268650.0,2026-04-04T02:10:50,4,3,/r/f1visa/comments/1sbwvft/h1b_picked_should_i_spend_2k_on_stem_opt_premium/,https://www.reddit.com/r/f1visa/comments/1sbwvft/h1b_picked_should_i_spend_2k_on_stem_opt_premium/
1sbvojw,f1visa,Is it safe to fly via Abu Dhabi?,"I’ve decided to take a one way ticket back home after giving up on the job market in the US. Wondering if it’s safe to fly back via Abu Dhabi given all the war tensions around the Middle East area. 

Has anyone traveled recently? ",1775265295.0,2026-04-04T01:14:55,11,0,/r/f1visa/comments/1sbvojw/is_it_safe_to_fly_via_abu_dhabi/,https://www.reddit.com/r/f1visa/comments/1sbvojw/is_it_safe_to_fly_via_abu_dhabi/
1sbtqv7,f1visa,Saudi Embassy processing F1 visas?,"Here’s a more casual version that keeps your original tone:

I’m currently a student in the U.S. and about to file for OPT, but my visa will expire in August. Are there any updates on the situation in Saudi Arabia regarding visa renewal appointments? Also, is there any way to find an embassy where I can renew my visa?",1775260069.0,2026-04-03T23:47:49,0,1,/r/f1visa/comments/1sbtqv7/saudi_embassy_processing_f1_visas/,https://www.reddit.com/r/f1visa/comments/1sbtqv7/saudi_embassy_processing_f1_visas/
1sbqaad,f1visa,OPT expiring in July — reduce to part-time to interview or wait for offer?,"I’m an international student on OPT and could really use some advice on my situation.

My EAD expires in July, so I have a few months but still feel like I’m on a tight timeline.

Right now I’m working full-time at a startup (marketing role), and also doing freelance work on the side (\~25 hrs/week). It’s been a lot to juggle and I’m getting pretty burnt out.

The full-time role has also been unstable:

* delayed payments multiple times
* no PTO or sick days
* responsibilities have expanded well beyond the original scope
* no clear timeline on full-time conversion (I’ve asked a few times and keep getting vague answers like “maybe summer”)

At this point, I want to start aggressively interviewing for more stable roles, especially ones that can support STEM OPT. I’m also not confident this company would reliably sign the I-983 training plan given how disorganized things have been.

I’m considering reducing my current role back to part-time (\~15 hrs/week, which was actually the original scope) so I can focus on interviewing, and relying on freelance income in the meantime.

My questions:

* Is it okay to go from full-time to part-time on OPT if I’m still working 20+ hrs total (including freelance)?
* Has anyone dealt with an employer being unreliable with STEM OPT paperwork? What did you do?
* Given my timeline (EAD expiring in July), would you reduce hours now to focus on interviewing, or wait until you have another offer?

I want to prioritize finding something more stable ASAP, but also don’t want to accidentally put my visa status at risk.

Would really appreciate any advice from others who’ve been through this 🙏",1775251409.0,2026-04-03T21:23:29,0,2,/r/f1visa/comments/1sbqaad/opt_expiring_in_july_reduce_to_parttime_to/,https://www.reddit.com/r/f1visa/comments/1sbqaad/opt_expiring_in_july_reduce_to_parttime_to/
1sboq6c,f1visa,Travel to Canada on unpaid offer OPT,"I’ve to attend function in Toronto and thinking to travel by Car from Detroit. I’m on OPT and I’ve an unpaid offer. 

What the things I should take care of while going to Canada and coming back to Detroit?",1775247836.0,2026-04-03T20:23:56,3,0,/r/f1visa/comments/1sboq6c/travel_to_canada_on_unpaid_offer_opt/,https://www.reddit.com/r/f1visa/comments/1sboq6c/travel_to_canada_on_unpaid_offer_opt/
1sbmnp9,f1visa,"Remote OPT job with foreign company (no US office),is this allowed?","I had a quick question about OPT and wanted to see if anyone here has experience with something similar.

I’m currently in talks with a company based in Australia for a part-time Business Analyst role. The job would be fully remote, and I’d be working from the US. The company doesn’t have any physical presence in the US.

The work itself is related to my degree and it would be around 20+ hours per week.

So I wanted to check if it is okay to work for a foreign company with no US office while on regular OPT, as long as the job is related to your degree?

Would really appreciate if anyone who’s done something similar could share their experience!",1775243178.0,2026-04-03T19:06:18,12,5,/r/f1visa/comments/1sbmnp9/remote_opt_job_with_foreign_company_no_us/,https://www.reddit.com/r/f1visa/comments/1sbmnp9/remote_opt_job_with_foreign_company_no_us/
1sbjo29,f1visa,Planning to go back home. What can I do about credit card bills?,"Looking for some advice about what I can do about my credit card bills after going back home. I currently have around 4k in credit card bills. 

I’m tired of firing 1000s of job applications with no offers. I’m ready to give up and just go back home. I don’t have money to pay them off now. 

What’s required by me to do to call it quits before I leave this country?

Any help is appreciated. Thank you",1775236621.0,2026-04-03T17:17:01,44,54,/r/f1visa/comments/1sbjo29/planning_to_go_back_home_what_can_i_do_about/,https://www.reddit.com/r/f1visa/comments/1sbjo29/planning_to_go_back_home_what_can_i_do_about/
1sbiafr,f1visa,Does getting an ITIN as an F-1 student affect future Green Card applications?,"Hi,

I’m an F-1 and I want to apply for an ITIN .

Will having an ITIN cause any issues later when I apply for a Change of Status or a Green Card? 

Does USCIS view it negatively in any way?

I’d love to hear from anyone who has experience with this. 

Thanks!",1775233586.0,2026-04-03T16:26:26,1,1,/r/f1visa/comments/1sbiafr/does_getting_an_itin_as_an_f1_student_affect/,https://www.reddit.com/r/f1visa/comments/1sbiafr/does_getting_an_itin_as_an_f1_student_affect/
1sb8wps,f1visa,Go for a new DS160?,"Hi, I first filled the ds on april 1 with ofc location kolkata, however, later I booked ofc at delhi for 9 april. In that case should i go for a new updated ds and change the location or I should go with it as this a minor update and  it's normal?",1775208812.0,2026-04-03T09:33:32,3,1,/r/f1visa/comments/1sb8wps/go_for_a_new_ds160/,https://www.reddit.com/r/f1visa/comments/1sb8wps/go_for_a_new_ds160/
1sb8ixv,f1visa,Visa renewal; one semester left,"Hi,

I am looking to return home this summer to visit family (current stamp expired 7/2026). I only have one semester left of my program worried that there will be some issue regarding the renewal since my program is ending soon. Has anyone done this recently without any issue?

I understand and was advised to not leave the US without necessity cause. 

I never have any issue regarding visa renewal (did this every year during my F-1). 

My country is one of the 75 of countries paused immigration visa processing. (not the non-immigrant F-1) 

Thank you!",1775207456.0,2026-04-03T09:10:56,10,2,/r/f1visa/comments/1sb8ixv/visa_renewal_one_semester_left/,https://www.reddit.com/r/f1visa/comments/1sb8ixv/visa_renewal_one_semester_left/
1sb195l,f1visa,Travel to India on F1-OPT (2026): Re-entry requirements and visa expiry concerns,"Hi everyone,

I am planning a trip to India in couple of months and wanted to get some advice from people who have recently traveled on F1-OPT and re-entered the U.S.

Here’s my situation:

* I completed my PhD in December 2025
* My OPT started in January 2026 (currently employed full-time)
* My F1 visa stamp expires in July 2026
* My OPT (EAD) is valid until December 2026
* I have a signed I-20 issued on January, 2026

I am trying to understand what exactly I need for a smooth re-entry into the U.S. and whether my current documents are sufficient. 

Some specific questions:

1. Is it safe to travel internationally with my visa expiring in July 2026? Should I plan to return before that date?
2. Do I need a travel signature on my I-20 again if I travel later this year?
3. Apart from EAD, I-20, visa, and passport, what additional documents are strongly recommended? (e.g., employment verification letter, recent pay stubs?)
4. Has anyone faced issues at port of entry while on OPT despite having all documents?

I would really appreciate hearing from people who have traveled recently under similar conditions. Any tips, risks, or things to watch out for would be very helpful.

Thanks in advance!",1775183292.0,2026-04-03T02:28:12,4,0,/r/f1visa/comments/1sb195l/travel_to_india_on_f1opt_2026_reentry/,https://www.reddit.com/r/f1visa/comments/1sb195l/travel_to_india_on_f1opt_2026_reentry/
1say4wg,f1visa,Sibling on OPT – will this affect my F1 visa chances?,"My brother graduated in 2025 and is currently on OPT (working full-time in the US). I’m planning to go for my MS this Fall 2026 in the same state (different city).

Could this be an issue during my F1 visa interview?

Any insights would help, thanks!",1775174727.0,2026-04-03T00:05:27,5,2,/r/f1visa/comments/1say4wg/sibling_on_opt_will_this_affect_my_f1_visa_chances/,https://www.reddit.com/r/f1visa/comments/1say4wg/sibling_on_opt_will_this_affect_my_f1_visa_chances/
1saxh1w,f1visa,online SSN appointment or walk-in? for CPT,"Hi, I currently have an offer letter for an internship this upcoming summer. Link to apply for SSN appointment? 

My question is about the specific details in the offer letter. I checked the SSA page and it seems like an employment offer letter should include the job description, number of hours, start date, and supervisor name/phone #. My offer letter includes start/end dates and a job description, and it says full-time (implying 40 hours).

Do I need to ask for a separate offer letter with more details from my employer? or is it good to go with my CPT I-20 and other materials. I would appreciate your help on this!",1775173002.0,2026-04-02T23:36:42,8,1,/r/f1visa/comments/1saxh1w/online_ssn_appointment_or_walkin_for_cpt/,https://www.reddit.com/r/f1visa/comments/1saxh1w/online_ssn_appointment_or_walkin_for_cpt/
1sax3a5,f1visa,F1 visa revoked after dismissed felony theft case — chances of getting a new visa?,"Hi everyone,

I’m an international student in the U.S. on an F-1 visa, and I recently found out that my visa has been revoked. I’m trying to understand my chances of getting a new visa if I go back to my home country.

Here’s my situation:

* I had an arrest related to a package theft (around $35 value)
* It was initially charged as a 5th degree felony
* The case has since been dismissed
* I was NOT convicted of any crime
* My lawyer said the chance of re-prosecution is low
* I am currently still in the U.S. (waiting to confirm my SEVIS status with my school)

I have a flight booked in May, but now I’m unsure whether I should leave or stay.

My questions:

1. Has anyone had a similar experience (arrest + dismissed case) and successfully obtained a new F-1 visa?
2. What are the chances of approval in this kind of situation?
3. Is administrative processing (221g) almost guaranteed? How long did it take for you?
4. What documents should I prepare besides the court disposition?
5. Would it be safer to stay in the U.S. and not travel for now?

Any advice or personal experiences would be really appreciated. I’m trying to make the best decision and avoid getting stuck outside the U.S.

Thank you!",1775172007.0,2026-04-02T23:20:07,56,21,/r/f1visa/comments/1sax3a5/f1_visa_revoked_after_dismissed_felony_theft_case/,https://www.reddit.com/r/f1visa/comments/1sax3a5/f1_visa_revoked_after_dismissed_felony_theft_case/
1sav4kp,f1visa,Completing degree remotely from overseas allowed?,"I am on an F1 visa and have an I-20 expiring this year. I am a PhD student. My partner is getting a job overseas (not either of our home countries), and I am wondering about the legality of joining them in the new country (on a partner visa) while I finish up my PhD. So I would be holding a visa in the US and in the new country.

I am able to do my work remotely and my university allows remote dissertation defenses (at least within the US, as my friends have done it) but I wanted to check on the legality/feasibility of doing this before I broach the subject with my advisor. 

Would the answer be the same if I needed to request an extension to my I-20? I imagine the scenario doesn't change much if I am granted the extension before I move abroad, but would I be able to request an extension while I am abroad?

Is there a time limit for me to remain abroad while still maintaining student status in the US? From quick googling it seems like 5 months is the limit. I am also seeing some caveats regarding doing ""approved study or research abroad"" which mean the 5 month rule doesn't apply and I can stay abroad indefinitely. Is this correct?

Also, I understand this is not the correct subreddit for this but I just thought I would ask in case anyone had a quick answer: what are the tax implications of receiving a stipend while holding living and holding a work authorization in a different country?",1775167167.0,2026-04-02T21:59:27,3,2,/r/f1visa/comments/1sav4kp/completing_degree_remotely_from_overseas_allowed/,https://www.reddit.com/r/f1visa/comments/1sav4kp/completing_degree_remotely_from_overseas_allowed/
1sauk34,f1visa,Question about SSN,"Hi everyone,
I’m an international student (F-1) and I’ve been having an issue getting my Social Security Number because of a mismatch in DHS/USCIS records. I’m hoping someone here has experience or advice.
Here’s my situation:
I applied for an SSN recently. SSA submitted a SAVE verification request, but the response said I am listed as a lawful permanent resident (LPR) — which is incorrect. I am an F-1 student and do not have a green card.
SSA sent another SAVE request today and gave me a SAVE case number.
SSA suggested I contact USCIS directly about the mismatch. When I tried to do so, USCIS told me that they cannot work directly with me — only SSA can communicate with them regarding the case.
My F-1/I-20 record in SEVIS is active and correct, and my I-94 record also appears correct. The mismatch seems to be in DHS/USCIS historical records.
Has anyone experienced a SAVE/F-1 vs LPR mismatch? How long did it take to resolve? Are there documents I should provide SSA to help? Should I try to schedule a USCIS appointment, or will that not help?
Thanks in advance for any advice!",1775165826.0,2026-04-02T21:37:06,1,1,/r/f1visa/comments/1sauk34/question_about_ssn/,https://www.reddit.com/r/f1visa/comments/1sauk34/question_about_ssn/
1satut1,f1visa,Travel to Mexico on F1 (but just found out was selected for H-1B),"would really appreciate any advice here 🙏

i’m currently on f-1 (with a recently renewed visa) and planning a short trip to mexico (april 16–19). i just found out i was selected in the h-1b lottery, but my company hasn’t filed the petition yet (obviously)

i’ve heard that once the h-1b is filed you shouldn’t travel, but since mine hasn’t been submitted yet, i’m wondering if i should be okay to leave and re-enter the u.s. on f-1?

has anyone been in a similar situation or know if this is safe? anything specific i should watch out for / bring with me?

thank you so much!!",1775164210.0,2026-04-02T21:10:10,2,0,/r/f1visa/comments/1satut1/travel_to_mexico_on_f1_but_just_found_out_was/,https://www.reddit.com/r/f1visa/comments/1satut1/travel_to_mexico_on_f1_but_just_found_out_was/
1sasudo,f1visa,Should I upload my copy of my ASC receipt ( the little paper that I got at the office) for my RFE or does it automatically update on its own?,"If I do upload the little receipt thing, do you think it would affect my case?",1775161899.0,2026-04-02T20:31:39,3,1,/r/f1visa/comments/1sasudo/should_i_upload_my_copy_of_my_asc_receipt_the/,https://www.reddit.com/r/f1visa/comments/1sasudo/should_i_upload_my_copy_of_my_asc_receipt_the/
1saqhtx,f1visa,Is STEM OPT Premium Processing safe?,"Hello,

I am about to apply my stem opt and wondering if opting premium processing safe. I heard PP most likely trigger an rfe’s especially for stem applications. Please let me know.

Thanks. ",1775156627.0,2026-04-02T19:03:47,3,1,/r/f1visa/comments/1saqhtx/is_stem_opt_premium_processing_safe/,https://www.reddit.com/r/f1visa/comments/1saqhtx/is_stem_opt_premium_processing_safe/
1sapzyq,f1visa,"Navigating a ""Day 1 CPT"" transition after an OPT filing error – seeking advice/guidance","Hi everyone,

I’m reaching out to this community because I’ve hit a significant hurdle in my F-1 journey and could really use some perspective or advice from those who have been through something similar.

I recently graduated and was all set to start my post-completion OPT. However, due to a technical mistake during the filing process, my OPT was compromised and withdrawn. To maintain my legal status and stay in the U.S., I had to quickly pivot and enroll in a university that offers Day 1 CPT while transferring my SEVIS record.

Honestly, it’s been a bit of a whirlwind. While I'm grateful to have found a way to stay, I’m feeling a little lost on how to strategically plan my next 1–2 years.",1775155534.0,2026-04-02T18:45:34,3,0,/r/f1visa/comments/1sapzyq/navigating_a_day_1_cpt_transition_after_an_opt/,https://www.reddit.com/r/f1visa/comments/1sapzyq/navigating_a_day_1_cpt_transition_after_an_opt/
1sao9y1,f1visa,F1 Visa Renewal,"Hello, I am currently perusing my undergraduate on an F1 visa. I am taking 5 years to complete my degree. As I added 2 minors, I needed the extra time. 

Now I graduate on May 2027 and my visa expires on July 2027. I plan on starting my Masters from Aug 2027. Should I renew my visa over the summer of 27 before starting my masters? It will be over 5 years since I saw family and I also want to be safe. ( I know it’s still a bit early to ask about what do one year from now but I want to plan ahead and be fully prepared ) 

Do you guys recommend renewing the visa? Is there a chance of visa renewal interview waivers coming back again if the current government changes? Will me not traveling back to home for the entirety of my undergraduate work against me in renewing my visa? Please let me know what I should do. I am a bit anxious, I do wanna go see my family but I also don’t want to absolutely risk it and then get stuck there. 

Also I wanted to add I have never received any speeding ticket or any traffic citation any misdemeanor nothing and have good grades too. I did receive some parking tickets in the university though. ",1775151772.0,2026-04-02T17:42:52,1,2,/r/f1visa/comments/1sao9y1/f1_visa_renewal/,https://www.reddit.com/r/f1visa/comments/1sao9y1/f1_visa_renewal/
1saljzg,f1visa,Special Student Relief on TPS,Does anyone know if SSR is still valid when TPS termination is in litigation? TPS termination is currently in litigation and bc of that TPS EADs are also automatically extended. I’m not sure what that means for SSR though any ideas?,1775145914.0,2026-04-02T16:05:14,2,0,/r/f1visa/comments/1saljzg/special_student_relief_on_tps/,https://www.reddit.com/r/f1visa/comments/1saljzg/special_student_relief_on_tps/
1saj7k6,f1visa,Travel on F1 OPT,"My F1 visa expires in July 2026 and I plan to visit Europe in May. I'm currently employed on OPT (expires Jul 2026 as well) with all my documents valid and intact. Has anyone recently traveled internationally and come back, and what did you experience at the border?   
  
fyi my country is one of the restricted countries, but I already have a valid visa",1775140725.0,2026-04-02T14:38:45,14,3,/r/f1visa/comments/1saj7k6/travel_on_f1_opt/,https://www.reddit.com/r/f1visa/comments/1saj7k6/travel_on_f1_opt/
1saco4a,f1visa,Summer Funding and Family Fund on i20,"Hello, I've been accepted to a PhD at a R1 university, with a 10-month Graduate Assistantship. My offer doesn't mention summer funding.  
  
**To current students:** Is it common to get a separate Summer RA once on campus, or do most students just stretch the 10-month stipend over the full year?  
  
**Second question:** As you can see, I actually have a $2k funding surplus. However, because the university required a backup funding source during the initial paperwork, I showed $10k from my father's account, which is now listed on my I-20. I recently saw a post here where someone was rejected for showing family funds despite having a surplus, and it has me a bit worried.  
Thanks!

https://preview.redd.it/oyj780q5yqsg1.png?width=1352&amp;format=png&amp;auto=webp&amp;s=22badb0ca7d7b6874e093a7f7ee6b1bd5f812b7b

",1775122390.0,2026-04-02T09:33:10,3,2,/r/f1visa/comments/1saco4a/summer_funding_and_family_fund_on_i20/,https://www.reddit.com/r/f1visa/comments/1saco4a/summer_funding_and_family_fund_on_i20/
1sa991l,f1visa,"F-1 Visa initial OPT, MSIT graduate",I have an AI Engineer role along with 15% equity of the company. Can I be allowed to have that?,1775109744.0,2026-04-02T06:02:24,2,1,/r/f1visa/comments/1sa991l/f1_visa_initial_opt_msit_graduate/,https://www.reddit.com/r/f1visa/comments/1sa991l/f1_visa_initial_opt_msit_graduate/
1sa7ex0,f1visa,Suspended from business school for registering business and US visa issue,"I had an interesting situation when I was an F1 student in USA and was studying in business school. I knew that I can't work, but I also knew that I can register and LLC and invest in it if I am not actually working, so that's what I did. I decided to open turo car rental where my american friend is gonna be manager and is gonna work there, and I was supposed to just invest in it. I opened it and registered it on my dorm. Then my school found out about it and started accusing me of unathorized unemployment. I have proven them that it is not, they recognized it but still suspended me, the main reason for suspension is that I registered this LLC on my dorm address and it is against their policies, they also noted that they were scared that I MAY work there. After suspension visa team revoked my I-20 status in US with notes of some kind ""Suspected of unathorized employment"". This feels very unfair for me since I never did employment, and it seems like there is nothing I can do and US consulate will never trust me on that. Will I ever be able to get different immigration/non -immigration visa in US? And in general what can I do about it?",1775103699.0,2026-04-02T04:21:39,11,0,/r/f1visa/comments/1sa7ex0/suspended_from_business_school_for_registering/,https://www.reddit.com/r/f1visa/comments/1sa7ex0/suspended_from_business_school_for_registering/
1sa6lto,f1visa,STEM OPT – DSO rejecting staffing agency employer,"Hey everyone,

I’m currently on STEM OPT and recently started working through a staffing/consulting company, where I’m placed at a client site.

I’m now trying to add this employer in SEVIS with my I-983, but my DSO is raising concerns about whether this setup meets the STEM OPT requirements — specifically the “bona fide employer-employee relationship” and training requirement mentioned by U.S. Citizenship and Immigration Services.

From what I understand, the issue is that:

The employer that signs the I-983 must also be the one that provides training and supervision

But in my case, most of my day-to-day work, task assignment, and guidance comes from the client, not directly from the staffing company

I suggested having a supervisor from the staffing company (like an operations manager or internal employee) who can do weekly check-ins and evaluations, but I’m not sure if that’s enough to satisfy the requirement.

My concerns right now are:

Has anyone successfully gotten a staffing/consulting setup approved recently for STEM OPT?

What kind of supervisor setup actually worked for you?

Would really appreciate hearing from anyone who has gone through something similar 🙏",1775101292.0,2026-04-02T03:41:32,4,11,/r/f1visa/comments/1sa6lto/stem_opt_dso_rejecting_staffing_agency_employer/,https://www.reddit.com/r/f1visa/comments/1sa6lto/stem_opt_dso_rejecting_staffing_agency_employer/
1sa5quw,f1visa,Roth IRA eligibility on OPT?,"I came to the US in August 2021 on F-1 and transitioned to OPT in July 2025. Applying for STEM OPT in mid-April 2026. I return to Canada for 3-4 months each year.

I want to open a Roth IRA but I’m not sure I qualify yet. Since my F-1 years (2021-2025) were exempt from the substantial presence test, I think only my 2026 days count, and I haven’t hit 183 yet.

1. Am I still a non-resident alien right now?

2. Does STEM OPT affect any of this?

Thanks!",1775098814.0,2026-04-02T03:00:14,7,2,/r/f1visa/comments/1sa5quw/roth_ira_eligibility_on_opt/,https://www.reddit.com/r/f1visa/comments/1sa5quw/roth_ira_eligibility_on_opt/
1sa5gj8,f1visa,STEM OPT EAD approved for 12 months instead of 24,"Hey everyone,

My STEM OPT EAD was approved for only 12 months instead of 24. My I-983 and SEVIS record all clearly show 24 months were requested, but USCIS only approved 12.

Planning to submit a typographic error correction request online and mail my EAD to USCIS.

Has anyone dealt with this before?",1775097999.0,2026-04-02T02:46:39,2,8,/r/f1visa/comments/1sa5gj8/stem_opt_ead_approved_for_12_months_instead_of_24/,https://www.reddit.com/r/f1visa/comments/1sa5gj8/stem_opt_ead_approved_for_12_months_instead_of_24/
1sa4p2o,f1visa,Pending OPT Renewing License in Florida,"Hi currently I have a pending OPT applilcation, biometric appointment is set for April 14th. Does anyone know if Florida will renew licenses with a pending OPT case? I have I-94, Passport and OPT recommendation by university on second page of I-20. Thank you for your time! ",1775095938.0,2026-04-02T02:12:18,7,2,/r/f1visa/comments/1sa4p2o/pending_opt_renewing_license_in_florida/,https://www.reddit.com/r/f1visa/comments/1sa4p2o/pending_opt_renewing_license_in_florida/
1sa3q9e,f1visa,Opt travel month of April,"Hi guys,

Has anyone traveled out ouf the country and came back in recently? 

My initial opt is expiring 6/30 and I am travelling back 11/4/.(spending 8 days in europe for easter)

After I come back I will be applying for stem 

extension.I am from european country,has anyone been in a similar situation? Any advise is appreciated,thanks!",1775093346.0,2026-04-02T01:29:06,0,1,/r/f1visa/comments/1sa3q9e/opt_travel_month_of_april/,https://www.reddit.com/r/f1visa/comments/1sa3q9e/opt_travel_month_of_april/
1sa1pjm,f1visa,Travel on OPT before H1-B petition is filed,"Hi All,

I just got picked in the H1-B lottery for FY27 and I'm currently working on OPT. My employer said that they will be filing for the petition towards the end of May/first week of June. My OPT expires on June 30, so I would be covered by cap-gap extension. My employer also mentioned that I can travel internationally before the H1-B petition is filed and once I am back, they will proceed with the filing.

I am tentatively planning to visit my family in India for around 10 days in May, should I go ahead with my travel plans? Would love to know if anyone has had similar/recent experiences. My port of entry would be DFW Airport.",1775087973.0,2026-04-01T23:59:33,4,1,/r/f1visa/comments/1sa1pjm/travel_on_opt_before_h1b_petition_is_filed/,https://www.reddit.com/r/f1visa/comments/1sa1pjm/travel_on_opt_before_h1b_petition_is_filed/
1s9zak2,f1visa,Change status for F1 Visa,"Hi everyone,

I’m currently in the U.S. on F1 status (change of status). I originally came as an Au Pair (J1), then switched to tourist, and now I’m a student at Bergen Community College.

I’m planning to travel to Colombia to apply for my F1 visa, but I’m a bit nervous about the interview.

Has anyone been in a similar situation (J1 → B2 → F1) and applied for the visa abroad? How was your experience? Were you approved or denied?

Any advice would really help. Thank you",1775081835.0,2026-04-01T22:17:15,0,1,/r/f1visa/comments/1s9zak2/change_status_for_f1_visa/,https://www.reddit.com/r/f1visa/comments/1s9zak2/change_status_for_f1_visa/
1s9ypr1,f1visa,STEM OPT Extension + Travel Plans — Timing Risks and Re-entry Before EAD Expiry,"I’m currently on OPT and planning to apply for my STEM OPT extension on April 17 (90 days before my EAD expires on July 17), assuming my DSO issues the I-20 in time — I’ve already submitted the request.

My F-1 visa is valid until 2028.

I have a few work trips scheduled in May–June, plus some personal travel in June–July. My plan is to be back in the U.S. by July 12 at the latest.

I’m trying to understand how realistic this timeline is. I’m planning to use premium processing.

From what I understand, as long as I re-enter the U.S. before my current EAD expires (July 17), I should be fine. Is that correct?

Also, is it realistic to receive the STEM OPT EAD before mid-July with premium processing, or should I assume I’ll still need to be back before my current EAD expires regardless?

Would appreciate any insight from people who’ve gone through this.",1775080481.0,2026-04-01T21:54:41,0,2,/r/f1visa/comments/1s9ypr1/stem_opt_extension_travel_plans_timing_risks_and/,https://www.reddit.com/r/f1visa/comments/1s9ypr1/stem_opt_extension_travel_plans_timing_risks_and/
1s9xz3y,f1visa,Offer Revoked. I got offer from mis size company. Later during i9 they figured out in 5 months my OPT will expire and I will need STEM extension.,"On ground of STEM extension being temporary and may or may not happen according to their organization lawyer they revoked my offer saying they need someone more permanent.

What can I do in this situation?

Edit: So I never went back to them or tried explaining the process of e-verify, 2 reasons one they have already made up their mind and second I don’t want to work for an employer who treats their employees like this!

Also you will find comments that were amusing to me there are people accusing me of lying or goofing on my job application.

Which was never the case, their portal never had any work authorization questions so I couldn’t answer it.

My introduction and resume screams international student, not sure why they never confirmed this if they had issue with it.

To those in the comments spreading hate and jumping to conclusions hope your close ones have the patience to deal with you when you make assumptions about them in their most difficult moments.",1775078772.0,2026-04-01T21:26:12,49,23,/r/f1visa/comments/1s9xz3y/offer_revoked_i_got_offer_from_mis_size_company/,https://www.reddit.com/r/f1visa/comments/1s9xz3y/offer_revoked_i_got_offer_from_mis_size_company/
1s9xl99,f1visa,Question about change of address on F-1 Post Completion OPT,"So I recently graduated and wanted to move to another state and live with my sister while I'm doing an unpaid remote volunteering thing. Once my lease at my accomodation ends, do I need to sign a new lease for the change of address or can I just stay at my sister's place and update the address on the portal without signing my name on her lease?",1775077911.0,2026-04-01T21:11:51,2,1,/r/f1visa/comments/1s9xl99/question_about_change_of_address_on_f1_post/,https://www.reddit.com/r/f1visa/comments/1s9xl99/question_about_change_of_address_on_f1_post/
1s9vg4g,f1visa,if company B is a child company of company A. Then E verify number?,if I am working under B then can I provide e verify number of company A? I don’t know if company B is verified or in the system either but for sure A is.,1775073245.0,2026-04-01T19:54:05,8,1,/r/f1visa/comments/1s9vg4g/if_company_b_is_a_child_company_of_company_a_then/,https://www.reddit.com/r/f1visa/comments/1s9vg4g/if_company_b_is_a_child_company_of_company_a_then/
1s9upbt,f1visa,Travel while OPT application is pending,"I applied for OPT as an international student on the 2nd of FEB and I graduate on the 2nd of MAY. my visa stamp expires on the 17th of may.can i leave the USA after my Graduation, wait for my uncle to receive my EAD card in the USA, tell him to send it to me, get a VISA stamp extension with my EAD card and a job offer letter and come back in the USA before starting my new role? ",1775071669.0,2026-04-01T19:27:49,2,2,/r/f1visa/comments/1s9upbt/travel_while_opt_application_is_pending/,https://www.reddit.com/r/f1visa/comments/1s9upbt/travel_while_opt_application_is_pending/
1s9ugmp,f1visa,Is 'OPT for Humanity' site legit?,"I have been actively looking for full time job opportunities(STEM OPT) and came across this website https://www.opt4humanity.org/. Please let me know your thoughts below.
",1775071147.0,2026-04-01T19:19:07,3,1,/r/f1visa/comments/1s9ugmp/is_opt_for_humanity_site_legit/,https://www.reddit.com/r/f1visa/comments/1s9ugmp/is_opt_for_humanity_site_legit/
1s9taw4,f1visa,STEM OPT with multiple employers,"Hi everyone,

I’m currently on OPT and planning to apply for STEM OPT soon. My situation:

* Full-time (40 hrs/week) postdoc (will continue)
* Part-time (20 hrs/week) at a Startup

My main question:

1. Do I only need one I-983 (from my full-time employer) for STEM OPT, or do I need **s**eparate I-983 forms for both employers?

2. Also, does the startup need to be involved in any way with my full-time employer for compliance?

3. Are there any other steps I need to take for a multiple-employer STEP OPT request?

Would really appreciate advice from anyone with similar experience.

Thanks!",1775068752.0,2026-04-01T18:39:12,0,2,/r/f1visa/comments/1s9taw4/stem_opt_with_multiple_employers/,https://www.reddit.com/r/f1visa/comments/1s9taw4/stem_opt_with_multiple_employers/
1s9s645,f1visa,Sponsorship question for OPT - 1 year,"I am about to apply for jobs for my OPT which is for one year. I am not planning to keep on working after that one year. Therefore should I reply to the question whether I need sponsorship to be true or not. Companies that I will apply too are smaller and as a psychology major, I do not think they ever sponsor regardless. Is it therefore wrong to put ”no” on that question? ",1775066468.0,2026-04-01T18:01:08,50,0,/r/f1visa/comments/1s9s645/sponsorship_question_for_opt_1_year/,https://www.reddit.com/r/f1visa/comments/1s9s645/sponsorship_question_for_opt_1_year/
1s9rmci,f1visa,everify and stem opt,"I was working at a startup from the start of my OPT. They were not e verified then. They told me they have enrolled in everify now.

So during stem application what e verify details would I need to provide in the application other than everify company id?

Does my employer need to enroll me in their e-verify account?",1775065337.0,2026-04-01T17:42:17,6,2,/r/f1visa/comments/1s9rmci/everify_and_stem_opt/,https://www.reddit.com/r/f1visa/comments/1s9rmci/everify_and_stem_opt/
1s9dqj4,f1visa,Is it safe to travel to home durning this summer considering my situation?,"I previously had a terminated SEVIS record, but I re-entered the U.S. on June 4, 2024 with a new I-20 and my current SEVIS record is active. Am I cleared for international travel this summer on my current documents? Has anyone travelled to Nepal after having their sevis terminated and later reinstated it?

Any suggestions would be highly appreciated",1775028891.0,2026-04-01T07:34:51,2,3,/r/f1visa/comments/1s9dqj4/is_it_safe_to_travel_to_home_durning_this_summer/,https://www.reddit.com/r/f1visa/comments/1s9dqj4/is_it_safe_to_travel_to_home_durning_this_summer/
1s9bmyc,f1visa,SSN appointment,So here is my case. I recently got an internship offer. So I applied for CPT authorization at my University and got it approved today. Now I am trying to book the appointment for the SSN and the earliest slot is on May 27. My internship starts on June 1st. And I'll be moving to a different location for the internship. How can I get things done early?,1775021525.0,2026-04-01T05:32:05,9,5,/r/f1visa/comments/1s9bmyc/ssn_appointment/,https://www.reddit.com/r/f1visa/comments/1s9bmyc/ssn_appointment/
1s9a86c,f1visa,Premium processing clock restarts after biometrics (no RFE) for STEM OPT?,Just wondering if the 30 day premium processing clock restarts after biometrics/ no RFE for STEM OPT. My portal did not indicate that the clock was restarting either. Looking to hear about other people experiences as well. ,1775017049.0,2026-04-01T04:17:29,9,2,/r/f1visa/comments/1s9a86c/premium_processing_clock_restarts_after/,https://www.reddit.com/r/f1visa/comments/1s9a86c/premium_processing_clock_restarts_after/
1s97c3e,f1visa,F1 Visa Renewal in Canada,"Hi everyone, my F1 visa (Pakistani citizen) stamp has expired since Jan 2025. 

I am soon going to be starting my OPT in August this year. I know the slots in Pakistan for renewal are very rare right now, especially with the current situation (embassies are not fully staffed). 

My wife is Canadian, and I am in the process of getting the Candian PR - hope to have it approx in September. 



I was wondering if it is a good idea to travel to Canada on a visa, or wait till I get my PR and **travel to Canada to renew my F1 as a Pakistani citizen**. Or is it even a good idea to renew my visa in Canada instead of Pakistan... Thanks for the input",1775009014.0,2026-04-01T02:03:34,4,1,/r/f1visa/comments/1s97c3e/f1_visa_renewal_in_canada/,https://www.reddit.com/r/f1visa/comments/1s97c3e/f1_visa_renewal_in_canada/
1s96zdc,f1visa,Do you know anyone whose OPT was denied due to a pending I-485?,I have spent quite some time searching on the this but I can only find examples of people who got their OPT approved while having pending I-485? Do you know anyone who actually got denied? I'm trying to understand how big the risk is.,1775008092.0,2026-04-01T01:48:12,26,6,/r/f1visa/comments/1s96zdc/do_you_know_anyone_whose_opt_was_denied_due_to_a/,https://www.reddit.com/r/f1visa/comments/1s96zdc/do_you_know_anyone_whose_opt_was_denied_due_to_a/
1s94lwu,f1visa,OPT+remote Puerto Rican employer (W2-PR) + taxes,"I’m an F-1 student on OPT (non-resident alien for tax purposes) and worked remotely from Missouri for a Puerto Rico company. They gave me a W-2PR (with NO federal/state withholdings).

Sprintax says they don’t support W-2PR, and I can’t find an accountant who understands this setup…

Any recommendations for accountants or services that handle this? Appreciate any help, this one’s been way more confusing than I expected.",1775001850.0,2026-04-01T00:04:10,0,1,/r/f1visa/comments/1s94lwu/optremote_puerto_rican_employer_w2pr_taxes/,https://www.reddit.com/r/f1visa/comments/1s94lwu/optremote_puerto_rican_employer_w2pr_taxes/
1s9468j,f1visa,F-1 visa international travel to South Africa from US,"Hello y'all! I arrived in the US for the first time last August on an F-1 visa, and I'm currently pursuing my Ph.D. here. I am originally from India.

I was thinking of visiting my boyfriend in South Africa this summer (June-July). But I'm worried about the current situation, and I'm not sure whether I should leave the US right now. I mean, I can avoid the Middle East rn, but many people are suggesting not to go because of the airport situation as well. Also, I talked to my university’s international services. They said it's fine for me to go as long as I have my documents and supervisor’s permission. So before I talk to my supervisor, I wanted to get more opinions.

Edit: idk if anyone will see this but I got my visa and booked the ticket😭",1775000735.0,2026-03-31T23:45:35,8,6,/r/f1visa/comments/1s9468j/f1_visa_international_travel_to_south_africa_from/,https://www.reddit.com/r/f1visa/comments/1s9468j/f1_visa_international_travel_to_south_africa_from/
1s90183,f1visa,"Haven't received Ssn, been 6 weeks",i applied for ssn on feb 19 but still haven't received it. anyone in same boat?,1774990892.0,2026-03-31T21:01:32,0,1,/r/f1visa/comments/1s90183/havent_received_ssn_been_6_weeks/,https://www.reddit.com/r/f1visa/comments/1s90183/havent_received_ssn_been_6_weeks/
1s8zk6a,f1visa,Help! Stuck in a grey area of health insurance...,"Hey everyone. My STEM OPT expires soon and I'll be re-enrolling at a new school shortly after. The school has no student health insurance plan. They just say ""figure it out yourself."" lol

I have a chronic condition that requires ongoing treatment, so going uninsured is genuinely not an option for me.

Here's my situation:

* F-1 visa, I pass the Substantial Presence Test and am a resident alien for tax purposes
* Living in New Jersey, which has its own state-level individual mandate — meaning I will be penalized on my NJ tax return for not having ACA-compliant coverage.
* STEM OPT expiring and losing employer-sponsored insurance
* $0 income as a student → Get Covered NJ would likely route me straight to Medicaid, I want to avoid Medicaid due to potential public charge concerns



For those of you who are F-1 but already a resident alien for tax purposes — were you able to buy a private marketplace plan on Get Covered NJ (or HealthCare.gov) without being forced onto Medicaid? Or maybe somewhere else? 

I searched ISO and Compass student insurance but they don't have any ACA compliant plans. My lawyer doesn't even know exactly what to do. Any help appreciated ;( 

  
",1774989852.0,2026-03-31T20:44:12,5,1,/r/f1visa/comments/1s8zk6a/help_stuck_in_a_grey_area_of_health_insurance/,https://www.reddit.com/r/f1visa/comments/1s8zk6a/help_stuck_in_a_grey_area_of_health_insurance/
1s8xseh,f1visa,Can my I-20 with CPT authorization not be used for I-9 Section 2 Verification until the start date listed on my I-20?,"I am currently in the pre-boarding process for an internship and am working on completing my I-9 verification. I have completed Section 1, and the remaining step is the in-person Section 2 verification of my documents. 

As an F-1 student, I brought my passport, I-94, and I-20 with CPT authorization to my in-person appointment last week. However, the agent informed me that they were unable to accept my I-20 at this time because my employment start date (June 1st) is in the future, and that it could only be verified on/after that date. 

I wanted to confirm whether this is expected in my situation, or if that may have been a mistake because I cant find any information about this online. ",1774986065.0,2026-03-31T19:41:05,3,2,/r/f1visa/comments/1s8xseh/can_my_i20_with_cpt_authorization_not_be_used_for/,https://www.reddit.com/r/f1visa/comments/1s8xseh/can_my_i20_with_cpt_authorization_not_be_used_for/
1s8vbhy,f1visa,"STEM OPT Pending – Considering Premium Processing with a Dismissed Case (No Conviction), Any Experiences?","I’m looking for some guidance regarding my situation.

I recently received an offer, and my STEM OPT began on February 24, 2026. However, my application is still under processing, and my current employer is requesting the physical EAD card, which I have not yet received.

Additionally, I had a prior case that was dismissed (no conviction or guilty plea). I’m concerned whether this could have any impact if I proceed with premium processing.

Could anyone share insights on:

	•	The likelihood of approval with premium processing in such situations

	•	Whether a previously dismissed case has affected their STEM OPT EAD approval

I would also appreciate it if anyone who has been in a similar situation (dismissed case + premium processing) could share their experience.

Thank you in advance!",1774980851.0,2026-03-31T18:14:11,1,1,/r/f1visa/comments/1s8vbhy/stem_opt_pending_considering_premium_processing/,https://www.reddit.com/r/f1visa/comments/1s8vbhy/stem_opt_pending_considering_premium_processing/
1s8rxn7,f1visa,visa expiration,i got an offer for a school internship that runs from may 26th to July 17th. my visa expires on july 13th so i’m worried whether i could stay past that date? i have heard that it is fine to do so but i just wanted affirmation and official sources if possible. thanks !!,1774973691.0,2026-03-31T16:14:51,2,1,/r/f1visa/comments/1s8rxn7/visa_expiration/,https://www.reddit.com/r/f1visa/comments/1s8rxn7/visa_expiration/
1s8noyv,f1visa,3hr24min Layover in DFW,"Don't know if I can post it here but -

I am planning to book this flight: Kathmandu - Incheon - DFW - Pittsburgh on June 13. I have a 3 hr 24 min layover in DFW. I'm not a US citizen (an international student in F1 visa). Considering TSA wait times these days, would 3hr24 min in DFW be sufficient to pass through the immigration and catch my connecting flight to Pittsburgh?",1774964311.0,2026-03-31T13:38:31,3,1,/r/f1visa/comments/1s8noyv/3hr24min_layover_in_dfw/,https://www.reddit.com/r/f1visa/comments/1s8noyv/3hr24min_layover_in_dfw/
1s8n43i,f1visa,"F1 visa cancelled at preclearance, SEVIS still active — unsure about next steps","I’m looking for some guidance from people who may have gone through something similar.

I was recently traveling to the U.S. from India on F1 OPT and went through preclearance at Abu Dhabi Airport. During the process, the officer had concerns about my current employment and ultimately cancelled my visa. I was allowed to withdraw my application for admission, and there was no removal order or ban. My SEVIS record is still active.

The concern seemed to be around whether my current role qualified as valid OPT employment. i have been working for the last 8 months in an unpaid role with an established NGO. 

I’ve put together more documentation around my role, responsibilities, and work history.

Right now I’m trying to decide what the best next step is — to reapply for the F1 visa with stronger documentation or to consider alternative visa routes that may be more stable long-term.

Would really appreciate any insights from people who have dealt with similar situations or have experience with how these cases are typically evaluated.",1774962899.0,2026-03-31T13:14:59,18,23,/r/f1visa/comments/1s8n43i/f1_visa_cancelled_at_preclearance_sevis_still/,https://www.reddit.com/r/f1visa/comments/1s8n43i/f1_visa_cancelled_at_preclearance_sevis_still/
1s8febr,f1visa,F1 visa appointment dates in India?,"Hey everyone, does anyone know if there are any F-1 visa stamping appointments available right now? Trying to figure out the current situation. 


",1774937551.0,2026-03-31T06:12:31,2,2,/r/f1visa/comments/1s8febr/f1_visa_appointment_dates_in_india/,https://www.reddit.com/r/f1visa/comments/1s8febr/f1_visa_appointment_dates_in_india/
1s8cr30,f1visa,can you take classes along with 40 hour work week during summer as international student,Title in the same uni so cpt isn't used (undergrad),1774929066.0,2026-03-31T03:51:06,22,0,/r/f1visa/comments/1s8cr30/can_you_take_classes_along_with_40_hour_work_week/,https://www.reddit.com/r/f1visa/comments/1s8cr30/can_you_take_classes_along_with_40_hour_work_week/
1s872l9,f1visa,F1 reinstatement approval,"Case submitted: 24 February,2025

Rfe received: 22 January,2026

Rfe submitted: March 3, 2026

Case approved: March 30, 2026

Honestly it was horrible journey but in the end patience won. I lost my status due to unauthorized withdrawal.",1774913645.0,2026-03-30T23:34:05,12,1,/r/f1visa/comments/1s872l9/f1_reinstatement_approval/,https://www.reddit.com/r/f1visa/comments/1s872l9/f1_reinstatement_approval/
1s86duw,f1visa,"For STEM OPT: how did your employer complete E-Verify, and was the process difficult?","I am on F-1 OPT and trying to understand the employer side of STEM OPT eligibility. I know the employer needs to be enrolled in E-Verify, but I want to hear from people whose companies were not familiar with the process at first.  
how did they navigate?",1774911915.0,2026-03-30T23:05:15,4,0,/r/f1visa/comments/1s86duw/for_stem_opt_how_did_your_employer_complete/,https://www.reddit.com/r/f1visa/comments/1s86duw/for_stem_opt_how_did_your_employer_complete/
1s84ohe,f1visa,Blank USCIS portal,"Did anyone face this issue?

I can't access any of the sections.",1774907780.0,2026-03-30T21:56:20,2,2,/r/f1visa/comments/1s84ohe/blank_uscis_portal/,https://i.redd.it/he94gxg389sg1.jpeg
1s81b5l,f1visa,Visa renewal question,"Hi everyone, I’m currently on STEM OPT and will be starting a doctorate program this summer. My F-1 visa expired last December, and I’m considering renewing it mainly for peace of mind in case I need to travel home.

I’ll have about a 3-week break between the summer and fall semesters, and I’m thinking of going to Delhi for the renewal during that time. My concern is the risk—if something goes wrong, I could get stuck and miss the semester. I believe that I can talk to my program managers and see if they’d be okay with me arriving late. Another option is going after the fall semester, but that would mean risking a lot more time and tuition if things go south.

I’ve maintained good status throughout, but my only concern is that my first F-1 visa was denied before it was approved on the second attempt which I’m not sure would affect my case in any way.

Given this, would it be smarter to try during the 3-week break, or wait until later? If anyone could share their recent experiences with renewal and the timeline, I’d appreciate it!",1774900337.0,2026-03-30T19:52:17,0,3,/r/f1visa/comments/1s81b5l/visa_renewal_question/,https://www.reddit.com/r/f1visa/comments/1s81b5l/visa_renewal_question/
1s816ng,f1visa,How much risk am I taking to go home? F-1 STEM OPT,"Hi, just want a different perspective on my situation other than my company's immigration lawyer and my school's international office. They all said I would be fine *technically* but I'm so anxious about this. 

I'm on STEM OPT (expires Oct 2027) with an expired F-1 visa stamp. I'm traveling back home (Vietnam) in 3 weeks and already scheduled my visa renewal appointment. 

2 big things I'm worried about:
   - My company filed an ETA 9089 with the DOL in Nov 2025. I can still answer ""No"" to ""Has anyone filed an immigrant petition on your behalf?"" on my DS-160, but I will have to disclose this information if asked by the consular or border officer.
   - I just got selected in the FY2027 H-1B lottery. My company will file the petition after I return to the US (May 10). 

Wondering if anyone has been in a similar situation, or successfully renewed your F-1 visa and came back to the US recently?

*Edit: ETA 9089 is for my PERM labor certification EB-2",1774900058.0,2026-03-30T19:47:38,20,15,/r/f1visa/comments/1s816ng/how_much_risk_am_i_taking_to_go_home_f1_stem_opt/,https://www.reddit.com/r/f1visa/comments/1s816ng/how_much_risk_am_i_taking_to_go_home_f1_stem_opt/
1s7yri8,f1visa,How long does it take for RFE to show up in USCIS Documents tab? (I-765 Premium Processing),"I’m currently on STEM OPT and applied for my EAD using Form I-765 with premium processing.

Here’s my timeline:

* Jan 25, 2026 – I-765 submitted
* Feb 11–12 – Biometrics scheduled &amp; completed
* Mar 17 – Upgraded to premium processing
* Mar 30 – Status changed to “Request for Additional Evidence Was Sent”

Right now, I can see the RFE update in my case status, but the actual RFE notice hasn’t appeared yet in the “Documents” section of my USCIS account.

For those who’ve gone through this:

* How long did it take for your RFE PDF to show up online?
* Did you receive the physical mail first or the online notice first?
* Is it normal for there to be a delay?

Just trying to figure out how quickly I should expect to see the details so I can respond ASAP.

Thanks in advance!",1774894898.0,2026-03-30T18:21:38,4,3,/r/f1visa/comments/1s7yri8/how_long_does_it_take_for_rfe_to_show_up_in_uscis/,https://www.reddit.com/r/f1visa/comments/1s7yri8/how_long_does_it_take_for_rfe_to_show_up_in_uscis/
1s7y21h,f1visa,Mismatch place of brith in OPTI20 and passport,My place of brith are different in my OPTI20 and passport. Would people recommned submit the I765 with the place of brith listed in my passport or just leave it blank? I am in a tight timeline so I am thinking renewing the OPTI20 after I get my EAD card. Thank you!,1774893421.0,2026-03-30T17:57:01,2,1,/r/f1visa/comments/1s7y21h/mismatch_place_of_brith_in_opti20_and_passport/,https://www.reddit.com/r/f1visa/comments/1s7y21h/mismatch_place_of_brith_in_opti20_and_passport/
1s7xmxx,f1visa,Can I reschedule OPT EAD biometrics?,"I have my OPT biometrics scheduled for April 2nd week (premium processing, clock already started).

I wanted to check if anyone has experience rescheduling biometrics, can we choose an earlier date when rescheduling, or does USCIS only assign a later date automatically?

I'm trying to get my EAD as soon as possible, so wondering if rescheduling for earlier dates helps or if walk-in is better.

Would really appreciate any insights!",1774892539.0,2026-03-30T17:42:19,4,1,/r/f1visa/comments/1s7xmxx/can_i_reschedule_opt_ead_biometrics/,https://www.reddit.com/r/f1visa/comments/1s7xmxx/can_i_reschedule_opt_ead_biometrics/
1s7xbuz,f1visa,F1 Visa Renewal for Partially Banned Countries?,"Hi! I'm currently on STEM OPT and I'm aware that in addition to several other documents, I would need a valid F-1 visa to come back into the US. Mine expired 2 years ago and I've since gone into the OPT and STEM processes and had no need to travel then. 

  
In the scenario where I have to travel now with the Presidential Proclamation 10998 in place, banning visa issuance (including F1) to certain countries, will that affect someone who's only going for a renewal? Or does it stretch across all categories? ",1774891923.0,2026-03-30T17:32:03,3,4,/r/f1visa/comments/1s7xbuz/f1_visa_renewal_for_partially_banned_countries/,https://www.reddit.com/r/f1visa/comments/1s7xbuz/f1_visa_renewal_for_partially_banned_countries/
1s7udgf,f1visa,ANYONE WHO HAS RECENTLY BEEN ISSUED F1 VISA IN NEPAL ASKING FOR BANK STATEMENT?,"So, basically I am an F1 visa applicant I just got with my interview today and got a pink slip asking for bank statements of 2 year and I am confused about how to move forward. If anyone has been through this recently please guide me ",1774885783.0,2026-03-30T15:49:43,6,4,/r/f1visa/comments/1s7udgf/anyone_who_has_recently_been_issued_f1_visa_in/,https://www.reddit.com/r/f1visa/comments/1s7udgf/anyone_who_has_recently_been_issued_f1_visa_in/
1s7qt6f,f1visa,Needed guidance on F1,"Hi everyone,

I am a Pakistani student currently completing the last semester of my MS in China(on full scholarship), and I have an upcoming F1 visa interview in Wuhan 🇨🇳.

I have received admission to , USA for a PhD in Electrical Engineering with a fully funded Graduate Assistantship at University of Maine. My funding covers tuition and provides a stipend, with around USD 9,000 surplus annually after university expenses.

As a Pakistani applicant, I would really appreciate suggestions from those who have gone through a similar process:

• Do I still need to carry a bank statement even though the PhD is fully funded?

• Since I am currently finishing my MS in China, what points should I explain clearly during the interview?

• What questions are commonly asked to fully funded PhD students, especially Pakistani applicants?

Any interview tips, experiences, or guidance would be highly appreciated 🙏✨

Thank you.",1774877816.0,2026-03-30T13:36:56,3,2,/r/f1visa/comments/1s7qt6f/needed_guidance_on_f1/,https://www.reddit.com/r/f1visa/comments/1s7qt6f/needed_guidance_on_f1/
1s7q0gv,f1visa,Renewing F1 visa on STEM OPT,"I’m on OPT and will be applying for STEM OPT in a couple of days. My DSO has advised against traveling until my STEM OPT isn’t approved. My visa expires in July and I’d like to go home (India). No one around me has recently done it, but I’d like to apply for the visa renewal on STEM OPT as I miss home. How is the process like? Has anyone done it recently?",1774875889.0,2026-03-30T13:04:49,2,1,/r/f1visa/comments/1s7q0gv/renewing_f1_visa_on_stem_opt/,https://www.reddit.com/r/f1visa/comments/1s7q0gv/renewing_f1_visa_on_stem_opt/
1s7m78q,f1visa,F1 visa chances at age 41,I am 40 and i am planning to apply for MBA in USA next year. I was in the US for past 10+ years on H1b and h4 visas. I have an approved I-140 too. I am in India now. What are my chances of getting visa approved.,1774864593.0,2026-03-30T09:56:33,14,5,/r/f1visa/comments/1s7m78q/f1_visa_chances_at_age_41/,https://www.reddit.com/r/f1visa/comments/1s7m78q/f1_visa_chances_at_age_41/
1s7gsq5,f1visa,Travel to india on initial opt,"Pleaseeee helppp! Im on f1-visa and my opt started in feb, currently volunteering as part of opt i have my ead card as well, now i have a contract job im my hand might have start date in next 3 weeks do you think it is fine to travel in this gap to india for 3 weeks. Do we have any risk to travel on opt and as part of war do we have any issues now or chancea that i get stuck during the travel.",1774845047.0,2026-03-30T04:30:47,4,0,/r/f1visa/comments/1s7gsq5/travel_to_india_on_initial_opt/,https://www.reddit.com/r/f1visa/comments/1s7gsq5/travel_to_india_on_initial_opt/
1s7f4lr,f1visa,Traveling to India as a contractor,"Hi,

Currently on stem opt, wanting to travel to India soon due to upcoming time off . I’m on contract role which is extended every three months so current end date is June 30. I’m planning to travel for two weeks in April. Any issues I might face? 

I don’t want to give into fear mongering and lose this opportunity to travel.",1774839883.0,2026-03-30T03:04:43,0,0,/r/f1visa/comments/1s7f4lr/traveling_to_india_as_a_contractor/,https://www.reddit.com/r/f1visa/comments/1s7f4lr/traveling_to_india_as_a_contractor/
1s7ee2p,f1visa,current travel situation,My girlfriend is a f1 visa student with 3 years left on her visa. She wants to leave the USA to go visit her family in Germany for two weeks once summer vacation starts. With everything going on with ICE at airports is this a safe idea or a gamble? She has had her visa since August of last year and it does not expire until she is finished school in 2029. Thanks!,1774837706.0,2026-03-30T02:28:26,11,11,/r/f1visa/comments/1s7ee2p/current_travel_situation/,https://www.reddit.com/r/f1visa/comments/1s7ee2p/current_travel_situation/
1s7e3pa,f1visa,Contract to Full-Time – Need Advice,"Hi everyone,

I recently got a job and have been working for about 1 month now. It’s a 6-month contract, and I’m currently on STEM OPT working as a W2 contractor with Walmart. I’m still early in my career, and I’m really hoping this can turn into a full-time opportunity.

On my first day, my manager mentioned that if I perform well, there is a possibility of getting converted to full-time, so I want to make sure I’m doing the right things.

I’m not exactly sure what I should be doing to improve my chances, so I wanted to ask — has anyone been in a similar situation and successfully converted to full-time (with Walmart or any other company)?

Any advice or tips would really help. Thanks in advance!",1774836883.0,2026-03-30T02:14:43,7,1,/r/f1visa/comments/1s7e3pa/contract_to_fulltime_need_advice/,https://www.reddit.com/r/f1visa/comments/1s7e3pa/contract_to_fulltime_need_advice/
1s78cy7,f1visa,Can I get SSN before EAD with OPT job offer?,"Hi everyone,  

I’m an F-1 student and recently got a job offer with a start date in May. I’ve already applied for OPT (premium processing), but my EAD isn’t approved yet.

I know for CPT we can apply for an SSN with just an offer letter and CPT I-20, but is that possible for OPT as well?

Can I apply for SSN before receiving my EAD, or do I have to wait until it’s approved?

Thanks in advance!",1774821577.0,2026-03-29T21:59:37,7,0,/r/f1visa/comments/1s78cy7/can_i_get_ssn_before_ead_with_opt_job_offer/,https://www.reddit.com/r/f1visa/comments/1s78cy7/can_i_get_ssn_before_ead_with_opt_job_offer/
1s77yia,f1visa,Travelling internationally as a f1 student on cpt,I’m currently a f1 student with cpt(internship). I currently have 1 year of uni left. I’m thinking of going back to visit my family for the summer. However I do have an internship over the summer so would have to take a leave for 2 weeks in order to leave. Is it advisable to leave right now? My visa expires in 2028 I believe. I was thinking now would be a good time because travelling on opt is probably riskier ,1774820618.0,2026-03-29T21:43:38,3,0,/r/f1visa/comments/1s77yia/travelling_internationally_as_a_f1_student_on_cpt/,https://www.reddit.com/r/f1visa/comments/1s77yia/travelling_internationally_as_a_f1_student_on_cpt/
1s730bg,f1visa,Does PhD stipend need to be paused during full-time summer internship?,"I recently got a full-time summer internship. My PhD advisor is okay with still paying me the stipend during the summer, but I am worried that as an F1 student, is that allowed? I will do the summer internship as full-time CPT, so am I still allowed to receive a stipend from my advisor? ",1774809213.0,2026-03-29T18:33:33,6,1,/r/f1visa/comments/1s730bg/does_phd_stipend_need_to_be_paused_during/,https://www.reddit.com/r/f1visa/comments/1s730bg/does_phd_stipend_need_to_be_paused_during/
1s72ydb,f1visa,I-593 F1 Stem OPT to B2,"About to end my current employment on Stem OPT and after that I would have a week of grace period left. I wanna file I-593 to extend my stay by another 4 or 5 months to wait for grad school decision - applying to schools outside of the US so most likely would leave the US by then. Also, since been busy with work, just wanna take the time to travel more while waiting. Has anyone did the same? Is it fairly easy to do by self or is it better to do with a lawyer? Any common pitfall? And when would be the best timing to file the form? ",1774809092.0,2026-03-29T18:31:32,1,0,/r/f1visa/comments/1s72ydb/i593_f1_stem_opt_to_b2/,https://www.reddit.com/r/f1visa/comments/1s72ydb/i593_f1_stem_opt_to_b2/
1s6xoit,f1visa,Pre-OPT withdrawal taking forever. Can’t apply for Post-OPT and already graduated,"Hey guys. At the beginning of September of 2025, I applied for my Pre-OPT without paying the premium processing fee. Almost 7 months later and I haven’t received any news. At the beginning of February, I sent a withdrawal letter to USCIS for my pre-opt application. 6 weeks later and I haven’t received any news about it. I graduated 15 days ago and the PSDO told me that I need to receive the withdrawal notification first before I apply for my post-opt. However, she told me that if I don’t receive any news by the beginning of May (53 days after my graduation date) they will issue my post-opt recommendation. 

I’ve been reading a lot lately and I’ve seen cases where the post-opt gets approved with a pending pre-opt application. Especially in my case where there’s no way my pre-opt application gets approved since I already graduated. Also, another problem I see by waiting so much time for them to issue the post-opt recommendation is that if for some reason my application gets denied, I would not be able to apply again since i will be out of the 60 days after my graduation date. 

I want to apply for my post opt asap and plan to upload the withdrawal letter I sent in February in the unsolicited evidence section. 

What are your thoughts on my case? Any similar experience?

Thanks!",1774797149.0,2026-03-29T15:12:29,4,0,/r/f1visa/comments/1s6xoit/preopt_withdrawal_taking_forever_cant_apply_for/,https://www.reddit.com/r/f1visa/comments/1s6xoit/preopt_withdrawal_taking_forever_cant_apply_for/
1s6xap2,f1visa,Working part time engineering tutor online with full time researcher position on OPT,"I was wondering if anyone here had experience with this: I am currently working full time as a researcher in university. The work is a direct extension of the work I did as a PhD student and thus easy to justify for OPT. Someone recently reached out to me about an online gig where I help engineering students with coursework. Can that be justified under OPT ? 

I don't really need the extra cash, but I figured it'd be an interesting experience as I am interested in teaching in the long term in academia. Anyone here who has done this in OPT ? ",1774796286.0,2026-03-29T14:58:06,1,1,/r/f1visa/comments/1s6xap2/working_part_time_engineering_tutor_online_with/,https://www.reddit.com/r/f1visa/comments/1s6xap2/working_part_time_engineering_tutor_online_with/
1s6x9hv,f1visa,"People from the 39 banned countries, what are your plan?","Currently, I am finishing up first year of a 2 years master program, as someone from one of the banned countries who currently can't get an OPT, I am thinking of dropping out/take a leave of absence from the program and return to my country instead of incurring additional debt that I won't be able pay without working in the U.S. under OPT. 

I was wondering what the plan of other international students in similar situation is as myself.

Are there any community on here for us on here?",1774796205.0,2026-03-29T14:56:45,31,44,/r/f1visa/comments/1s6x9hv/people_from_the_39_banned_countries_what_are_your/,https://www.reddit.com/r/f1visa/comments/1s6x9hv/people_from_the_39_banned_countries_what_are_your/
1s6vnum,f1visa,Question about current F2 experience,"Hi everyone,

I’m currently an undergrad graduate on Initial OPT working in the U.S., and I’m planning to apply for an F2 visa for my wife.

I wanted to understand from recent experiences:

	•	What are the current chances of F2 visa approval?

	•	Has anyone applied recently while on OPT?

	•	Any idea about the approval/rejection ratio these days?

	•	Any  suggestions to be careful about during the process?

Would really appreciate any insights or personal experiences. Thanks in advance!",1774792341.0,2026-03-29T13:52:21,2,0,/r/f1visa/comments/1s6vnum/question_about_current_f2_experience/,https://www.reddit.com/r/f1visa/comments/1s6vnum/question_about_current_f2_experience/
1s6px4b,f1visa,Question about sponsorship,"Hi dear redditors, needed advice. 

Estimated cost for my first year of education is 30k$. I have 44k$ in bank account, which will cover the first year. However, for the future, the cost of education will be covered by my father. However, he doesn't have any bank savings, and will fund my education from his income. Do I need to list him as a sponsor for I-20? ",1774773960.0,2026-03-29T08:46:00,6,0,/r/f1visa/comments/1s6px4b/question_about_sponsorship/,https://www.reddit.com/r/f1visa/comments/1s6px4b/question_about_sponsorship/
1s6nobj,f1visa,F1 Visa Question!,"Guys I have started preparing for my F1 Interview, can you guys tell me how do I respond to the question why USA?.

University : University of Memphis

COA(after scholarhships) : $19k

scholarship : $14k (presidential scholarships)

major: CS with concentration in AI",1774765564.0,2026-03-29T06:26:04,10,4,/r/f1visa/comments/1s6nobj/f1_visa_question/,https://www.reddit.com/r/f1visa/comments/1s6nobj/f1_visa_question/
1s6l4bt,f1visa,Good idea to travel from CA to FL on OPT?,"Hi 

I might be overly cautious but wanted some insights on interstate travel

I moved to California in January I misplaced my Real ID ( Mass Drivers license and real ID)

I’m planning to visit Miami this April and I was wondering if it’s a good idea to do it?

I have a recent I-20, I-94, passport, EAD (valid until 31st of May 2026) and recent paystubs (from a well known company)

Are these documents enough? Or should i avoid traveling until my California Real ID is here?",1774756936.0,2026-03-29T04:02:16,4,0,/r/f1visa/comments/1s6l4bt/good_idea_to_travel_from_ca_to_fl_on_opt/,https://www.reddit.com/r/f1visa/comments/1s6l4bt/good_idea_to_travel_from_ca_to_fl_on_opt/
1s6fytq,f1visa,Driving to islands in Florida,"I plan to go to Florida in a couple months. I would take a train from VA to FL, then drive from there (Sanford, near Orlando) to some island near Sarasota (probably Anna Maria Island or Siesta Key). 

I saw someone post about there being immigration checkpoints when driving to some other islands in Florida (it was in a different part tho, near Pensacola), where they were checking everyone’s documents to make sure they’re in status. That made me think whether there’s a possibility there would be a similar checkpoint between Orlando and Sarasota Islands.

I’m a current F-1 student with a valid I-20, but my visa stamp has been expired for quite a while. I know that it’s completely normal to have it expired while you stay in the country, but I’m still a little worried. I’m not sure whether everyone would be familiar with the rule since it’s a non immigrant visa and differs from other visa types rules. 

Do you think there could be any issues? And in general, is it safe to go on an island that is connected just by bridges and no actual land?  ",1774742052.0,2026-03-28T23:54:12,8,0,/r/f1visa/comments/1s6fytq/driving_to_islands_in_florida/,https://www.reddit.com/r/f1visa/comments/1s6fytq/driving_to_islands_in_florida/
1s6dcfk,f1visa,F1 reinstatement domestic travel,"Hi I’m a F1 student trying to reinstate my status. I applied in July of 2025 and I’m still waiting to hear back. I have a flight next week out of one of the 14 airport that Ice agents are at and I’m flying to another one of those airports

Do you think it’s safe to travel if I carry all my documents or I should just cancel my trip?

Also I know I have to use real id but all I have is my passport",1774735238.0,2026-03-28T22:00:38,11,0,/r/f1visa/comments/1s6dcfk/f1_reinstatement_domestic_travel/,https://www.reddit.com/r/f1visa/comments/1s6dcfk/f1_reinstatement_domestic_travel/
1s6c78x,f1visa,How long is it taking to get F1 visa appointment in Delhi India?,I’m applying for an F1 visa for my bachelors and want to know what the current wait time is for visa appointments in New Delhi. How long is it taking to get a visa slot after submitting the DS160 form and paying the fee ?,1774732402.0,2026-03-28T21:13:22,1,2,/r/f1visa/comments/1s6c78x/how_long_is_it_taking_to_get_f1_visa_appointment/,https://www.reddit.com/r/f1visa/comments/1s6c78x/how_long_is_it_taking_to_get_f1_visa_appointment/
1s6c3vt,f1visa,Doubt regarding pickup,"If I attend my U.S. visa interview in Mumbai, can I collect my passport from the U.S. Visa OFC in Kolkata?",1774732172.0,2026-03-28T21:09:32,4,0,/r/f1visa/comments/1s6c3vt/doubt_regarding_pickup/,https://www.reddit.com/r/f1visa/comments/1s6c3vt/doubt_regarding_pickup/
1s69109,f1visa,DS160: filling in current education and Internship,"I am yet to finish my bachelors degree, in my last semester of the degree. The semester is an  internship semester where I am earning a stipend. I put my current primary occupation on the ds160 form as student. I don't find a way to reflect the fact that I am currently employed too. The only solution I could think of was to put the internship in the previous employment. Any suggestions on this?",1774724793.0,2026-03-28T19:06:33,1,1,/r/f1visa/comments/1s69109/ds160_filling_in_current_education_and_internship/,https://www.reddit.com/r/f1visa/comments/1s69109/ds160_filling_in_current_education_and_internship/
1s67eyc,f1visa,STEM Extension(I-765) - Institution Accreditation/Prior Degree?,"# Hello!

My EAD is expiring soon(3-4 weeks) and I am about to submit the ***I-765***, Application for Employment Authorization form online. I have previously submitted this application and now applying for STEM extension.

What should I do for ""***Institution Accreditation***"" section?

""Upload evidence that the institution that granted your STEM degree is currently accredited by the U.S. Department of Education and certified by the Student Exchange and Visitor Program (SEVP), ***if this STEM OPT extension is based on a previously earned STEM degree.***""

If I leave this blank, I get this message:

***""You should provide evidence. If you do not provide evidence, your application processing may be delayed.""***

Should I leave this blank and add a message in Additional Information? I am panicking about the deadline. 

Thanks for the help!",1774721011.0,2026-03-28T18:03:31,2,0,/r/f1visa/comments/1s67eyc/stem_extensioni765_institution_accreditationprior/,https://www.reddit.com/r/f1visa/comments/1s67eyc/stem_extensioni765_institution_accreditationprior/
1s64air,f1visa,Traveling during OPT → STEM OPT transition (Nov–Dec travel) — is this too risky?,"Hey everyone,

I’m on an F-1 visa currently on OPT, and I’m trying to figure out if my travel plans are too risky.

Here’s my timeline:

* Current OPT EAD expires: **Dec 12, 2026**
* STEM OPT start date: **Dec 13, 2026**
* Planned travel to my home country: **Nov 25 → Dec 31, 2026**

So basically, I’ll be:

* Leaving the U.S. before my OPT expires
* Outside the U.S. when my STEM OPT period begins
* Re-entering after STEM OPT has technically started

I’m planning to apply for STEM OPT as early as possible (around mid-September), but I know processing times can be unpredictable.

My main concerns:

* What happens if my STEM OPT is approved but I don’t have the physical EAD card by the time I return?
* Is it risky to re-enter right after OPT expires, even if STEM OPT is approved?
* Has anyone here traveled during this exact transition period?",1774713830.0,2026-03-28T16:03:50,11,1,/r/f1visa/comments/1s64air/traveling_during_opt_stem_opt_transition_novdec/,https://www.reddit.com/r/f1visa/comments/1s64air/traveling_during_opt_stem_opt_transition_novdec/
1s5u0z2,f1visa,Can I request a new I-20 for OPT if I missed the 30 day deadline?,I received a recommendation for OPT from my DSO and missed the 30-day I-765 filing deadline. There are still almost 2 months until my program end date. I understand that my application will get denied if I submit now with the latest OPT recommendation. Is it possible to get a new I-20 with the new OPT recommendation from my DSO? Would the 30-day period for filing I-765 reset in that case? Or am I in trouble?,1774683388.0,2026-03-28T07:36:28,3,1,/r/f1visa/comments/1s5u0z2/can_i_request_a_new_i20_for_opt_if_i_missed_the/,https://www.reddit.com/r/f1visa/comments/1s5u0z2/can_i_request_a_new_i20_for_opt_if_i_missed_the/
1s5shrx,f1visa,Misdemeandor and visa,"Hi everyone,

I’m currently an F1 student in the U.S. and I recently received a citation in Idaho for fishing without a license. It is marked as a misdemeanor, but I was not arrested, just given a ticket at the lake. This is my first offense ever.

The officer mentioned I may or may not need to appear in court, and I plan to call the court to resolve it and pay the fine. I’m also going to try to get it reduced to an infraction if possible.

My main concern is immigration:

Will this affect my F1 visa renewal in the future?

Do I need to report this on DS-160 or other immigration forms?

Has anyone had a similar situation (non-traffic misdemeanor like this) and still renewed their visa successfully?

I’m not worried about paying the fine, just want to make sure this doesn’t cause issues later.

Thanks in advance 🙏",1774677945.0,2026-03-28T06:05:45,17,7,/r/f1visa/comments/1s5shrx/misdemeandor_and_visa/,https://www.reddit.com/r/f1visa/comments/1s5shrx/misdemeandor_and_visa/
1s5os9n,f1visa,2 cases of driving with suspended license,"I have 2 cases with driving with a suspended license and I’ve applied for opt .my 60 days after graduation has passed and in thinking of canceling the opt and getting enrolled again? Just to be safe because I’m afraid it would affect my opt decision ..

What should I do ? I need help I understand it’s not good but I was in a situation I just had to drive to be able to get money to even eat.any thoughts on what I should do?",1774666392.0,2026-03-28T02:53:12,1,0,/r/f1visa/comments/1s5os9n/2_cases_of_driving_with_suspended_license/,https://www.reddit.com/r/f1visa/comments/1s5os9n/2_cases_of_driving_with_suspended_license/
1s5ilrz,f1visa,Interviewing with a company that is not e-verified,"So I applied to this hospital for a data position almost 2 months ago. And they send me an excel as well as some SQL tasks. Nothing more and there was silence for almost a month and yesterday I got a mail from them asking my timings for interview. I expected it to be a screening, but today i got an invite to a call along with 4 others, departmental director, managers and all, which is believe is a panel interview (seems weird tho). I also found out that they are not e-verified.

The interview is going to be on this coming Tuesday and I was confused whether I should cancel it or send them an email stating my visa. I am on the second month of my initial OPT. I was confused what to do, I don’t want to waste my time as well as their’s. ",1774650045.0,2026-03-27T22:20:45,2,0,/r/f1visa/comments/1s5ilrz/interviewing_with_a_company_that_is_not_everified/,https://www.reddit.com/r/f1visa/comments/1s5ilrz/interviewing_with_a_company_that_is_not_everified/
1s5hjxk,f1visa,Any successful automatic visa revalidations?,"Planning to travel aruba ( Caribbean island) &amp; according to automatic visa revalidation rules, we can enter us if the travel is under 30 days. 

I know many travel to mexico &amp; canada, Caribbean (only f1 &amp; j1) using AVR just wanted to know recent experiences! ",1774647668.0,2026-03-27T21:41:08,12,4,/r/f1visa/comments/1s5hjxk/any_successful_automatic_visa_revalidations/,https://www.reddit.com/r/f1visa/comments/1s5hjxk/any_successful_automatic_visa_revalidations/
1s5g6q1,f1visa,F-2 Visa Question: Will My Wife’s Ongoing Studies Affect Her Application?,"Hi everyone,

I’m currently in the U.S. on an F-1 visa, and I’m in the process of applying for an F-2 visa for my wife. She is presently in India and pursuing her postgraduate studies in homeopathy.

While filling out her DS-160 form, I’m unsure whether I should include details about her current education. On one hand, I want to be completely transparent, but on the other hand, I’m concerned that mentioning her ongoing studies might raise questions about her intent or create complications during the visa interview.

Has anyone been in a similar situation or have insights into how this might be viewed by a visa officer? Would it be advisable to include her current academic enrollment, or is it better to keep the information limited to what is strictly necessary?

Any guidance or personal experiences would be really helpful. Thanks in advance!",1774644520.0,2026-03-27T20:48:40,2,1,/r/f1visa/comments/1s5g6q1/f2_visa_question_will_my_wifes_ongoing_studies/,https://www.reddit.com/r/f1visa/comments/1s5g6q1/f2_visa_question_will_my_wifes_ongoing_studies/
1s5fwtg,f1visa,Wrong DOB in the USTravelDocs profile,"**Hello everyone,**

I am currently trying to schedule my F-1 visa appointment on the CGI Federal (USTravelDocs) portal, but every time I enter my DS-160 confirmation number, I get an error saying: **""The DS-160 form which you’ve entered has not been completed.""**

I figured out the root cause: my Date of Birth (DOB) is listed incorrectly on my CGI profile, and the field is grayed out/locked, (some fields like name, dob are not editable once the profile is created) so I cannot edit it myself. Because the wrong DOB on my profile doesn't match my correctly submitted DS-160, the system isn't recognizing my application.

I have already opened a support ticket by going through the **""Feedback/Request""** option inside the portal, and I attached my passport copy and DS-160 confirmation page.

Has anyone here recently faced this exact issue?

1. Does the support team actually respond and fix the locked DOB?
2. How many days does it usually take for them to resolve this so I can move on to the payment page?

Any shared experiences would be greatly appreciated. This roadblock is making me pretty anxious! Thanks in advance.",1774643869.0,2026-03-27T20:37:49,2,1,/r/f1visa/comments/1s5fwtg/wrong_dob_in_the_ustraveldocs_profile/,https://www.reddit.com/r/f1visa/comments/1s5fwtg/wrong_dob_in_the_ustraveldocs_profile/
1s5ds3k,f1visa,Got OPT approval email but USCIS portal does not reflect that,"I just got an email saying ""The Potomac Service Center has approved the following I-765 Application for Employment Authorization that had been filed under the Premium Processing Program..."" but when I log into my USCIS account, the case status is still ""Case Was Changed To A Premium Processing Case"". Anyone knows whether this is normal?

  
Update: Status in portal got updated in two days and approval notice was added in documents.",1774639094.0,2026-03-27T19:18:14,19,0,/r/f1visa/comments/1s5ds3k/got_opt_approval_email_but_uscis_portal_does_not/,https://www.reddit.com/r/f1visa/comments/1s5ds3k/got_opt_approval_email_but_uscis_portal_does_not/
1s5de17,f1visa,Can I use Robinhood to invest long term as a F1 Student?,"Hi Guys, so I have researched that in theory as a F1 student I should be able to invest if it is long term. However, when Im trying to create an account in Robinhood, it says that I must be a citizen or resident or US person. Because of my status of F1 student, I dont think I fall under this category, so I want to give up on the plan of investing. However, I wanted to confirm here that it is like that, just to make sure. THANK YOU.",1774638240.0,2026-03-27T19:04:00,9,4,/r/f1visa/comments/1s5de17/can_i_use_robinhood_to_invest_long_term_as_a_f1/,https://i.redd.it/cyea907mymrg1.jpeg
1s57h4c,f1visa,Speeding Ticket on OPT — Will This Affect My F-1 Visa Renewal/Re-entry?,"I’m currently on OPT and have already applied for STEM OPT, so I’m just waiting for a decision. I have a job right now, but recently I got a speeding ticket on my way to work. The speed limit was 80 mph, I was going 88, and the officer cited me for 85. I’ve seen a lot of people online recommend hiring a lawyer for tickets like this, but I’m not sure if that’s really necessary or overkill. My main concern is that I’m planning to travel back to my home country soon and will need to renew my F-1 visa at the embassy since mine has expired. I’ve heard it’s okay to stay in the U.S. with an expired visa, but you need a valid one to re-enter after traveling. I’m worried whether this ticket could affect my visa renewal or cause any issues when I try to come back to the U.S.",1774625598.0,2026-03-27T15:33:18,28,19,/r/f1visa/comments/1s57h4c/speeding_ticket_on_opt_will_this_affect_my_f1/,https://www.reddit.com/r/f1visa/comments/1s57h4c/speeding_ticket_on_opt_will_this_affect_my_f1/
1s55yni,f1visa,French visa extension for student technical issue,"Hi lovely community. I'm applying for my student visa extension in France but also face this technical issues that doesn't allow me to proceed (the red !). I tried to put all possible thing in the given name but they didn't work. BI already contacted administrative team and they told me to wait, while you know they're gonna be very late. Can someone please tell me what to do based on your experience? By the way my given name is correct with my passport information. Thank you. 

https://preview.redd.it/d6eipqh2nlrg1.png?width=1518&amp;format=png&amp;auto=webp&amp;s=ac4d7ee2a2dab47b7c554dd2fc5bce78718d239a

",1774622332.0,2026-03-27T14:38:52,2,0,/r/f1visa/comments/1s55yni/french_visa_extension_for_student_technical_issue/,https://www.reddit.com/r/f1visa/comments/1s55yni/french_visa_extension_for_student_technical_issue/
1s54hnp,f1visa,Being in us after F1 grace period expires but while H1B is filed,"Hi all

so my F1 grace period will expire in a few days (april 2nd). My useless lawyer forgot my petition for over a month but filed it today. Even with premium the answer comes later. He is convinced I can stay in the US until a answer comes even if this means being without F1. I just wanted to hear from the community here if any got into similiar situations and your opinion. Thanks

",1774619044.0,2026-03-27T13:44:04,2,0,/r/f1visa/comments/1s54hnp/being_in_us_after_f1_grace_period_expires_but/,https://www.reddit.com/r/f1visa/comments/1s54hnp/being_in_us_after_f1_grace_period_expires_but/
1s4zjxs,f1visa,Entered only “Master’s in CS” instead of CIP code in I-765 (28.a) – problem?,"Hey everyone,

I recently submitted my I-765 for STEM OPT and realized I may have made a mistake in question 28.a.

Instead of entering the required CIP code (or CIP code + degree), I only wrote “Master’s in Computer Science” and didn’t include the numeric CIP code.

My I-20 does have the correct CIP code listed, and everything else in the application is accurate.

Has anyone faced something similar?

* Will this likely result in an RFE or could it cause rejection?
* Since I filed online, should I upload unsolicited evidence with the correct CIP code, or just wait?

I submitted it very recently, so trying to figure out the best way to handle it.

https://preview.redd.it/gqiwkz7r8krg1.png?width=820&amp;format=png&amp;auto=webp&amp;s=6d1bdcabbd2424d77b7e143d0442d959c8c92952

  


Thanks!",1774604761.0,2026-03-27T09:46:01,2,0,/r/f1visa/comments/1s4zjxs/entered_only_masters_in_cs_instead_of_cip_code_in/,https://www.reddit.com/r/f1visa/comments/1s4zjxs/entered_only_masters_in_cs_instead_of_cip_code_in/
1s4zcs7,f1visa,Space between two words in first name but not in passport. Applying from India for F1 visa in US,So I have two words in my first name but in passport there is no space in between them and same for given name in i20. But in ds160 and all other forms I mentioned space between the two words in first name. Will there be any problem? Or its acceptable?,1774604026.0,2026-03-27T09:33:46,2,0,/r/f1visa/comments/1s4zcs7/space_between_two_words_in_first_name_but_not_in/,https://www.reddit.com/r/f1visa/comments/1s4zcs7/space_between_two_words_in_first_name_but_not_in/
1s4wv90,f1visa,F1 visa for Middle East,"Hey there!

Have a query regarding how to go about obtaining the F1 visa for a master's program in the US. I am an Indian citizen in the Middle East and currently the embassies and consulates are closed here. I will be initiating the I20 process soon and have received admits already.

How do I go about doing so? The visa I mean. Any other people in the same boat? Would I have to travel elsewhere to do the process? Airports are also closed. 

Thanks and have a good one!",1774594560.0,2026-03-27T06:56:00,2,0,/r/f1visa/comments/1s4wv90/f1_visa_for_middle_east/,https://www.reddit.com/r/f1visa/comments/1s4wv90/f1_visa_for_middle_east/
1s4smnx,f1visa,"OPT NOID response long wait, crazy to withdraw and refile? Really need help","I received a NOID on my OPT application over a degree issue. My program often confuses people unfamiliar with it so I half-anticipated this. I submitted a letter from my program directors clarifying the issue in response to the NOID on March 11. I had premium processing from the start, but I still have not heard back.

What worries me is that a classmate in my exact same situation included such a letter from the start and was recently approved without any issue.

I know I haven’t been waiting as long as some others here, but this seems like such a simple case with USCIS asking for more documentation and me providing exactly that. Seeing stories of NOID reviews taking months or even up to a year even with premium processing has made me anxious because that would for sure ruin my job offer.

Would it be reasonable to withdraw this application and file a new one with the explanation letter included from the start, in the hope that it might be approved more smoothly and faster than waiting on the NOID review?

Would really appreciate any thoughts.",1774580964.0,2026-03-27T03:09:24,4,0,/r/f1visa/comments/1s4smnx/opt_noid_response_long_wait_crazy_to_withdraw_and/,https://www.reddit.com/r/f1visa/comments/1s4smnx/opt_noid_response_long_wait_crazy_to_withdraw_and/
1s4s8f0,f1visa,"Looking for advice: Can I get a visa again after a ""petit theft"" incident in 2023?","
Hey guys, please don’t judge me. Just hear me out, if anyone has gone through something similar, I’d really appreciate your experience and input.

I had a J1 visa (Work &amp; Travel) for about 5 years throughout college. I only went during the summers, but in my final year, I messed up. I shoplifted something from Walmart; I thought it’d be easy, but I got caught. It wasn't as dramatic as you might imagine—the cops were actually pretty nice about it. I was charged with ""petit theft."" Long story short, they just gave me a pink slip and told me I had to appear to see  a judge. They let me go home right away; no handcuffs, no jail time, no fingerprints, nothing like that. In the end, I didn't even have to see the judge; I just went to the office, paid a fine (around $200, I don't remember exactly), and took an online course about making better choices. This has been the only legal trouble I’ve ever had. This happened 3 years ago, in the summer of 2023.

After that, I returned to Mexico. My visa was never revoked while I was there, and I haven't had any other issues since.

My question is: I’d like to apply for a new visa, either for community college F1 or a TN visa since I’m an engineering graduate. However, I’m not sure if I’ll be denied due to immigration policies. Has anyone been through something similar and managed to go back?

I really like the lifestyle over there, I even had a girlfriend and everything. I’d love to return lol. Like I said, please don't judge; I’m just looking for advice on what to do in my current situation. Repeat that was 3 years ago, and today im 28 years old.
 Thanks for your help and God bless you all. ;)",1774579897.0,2026-03-27T02:51:37,7,0,/r/f1visa/comments/1s4s8f0/looking_for_advice_can_i_get_a_visa_again_after_a/,https://www.reddit.com/r/f1visa/comments/1s4s8f0/looking_for_advice_can_i_get_a_visa_again_after_a/
1s4q0bg,f1visa,Question about transfering and working on campus,"I am transferring from my university to community college to start studying in Fall 2026 semester, the summer will be considered as break. Can I still work on campus at my current University on Summer break? Or it all depends on my SEVIS release date?",1774573951.0,2026-03-27T01:12:31,1,0,/r/f1visa/comments/1s4q0bg/question_about_transfering_and_working_on_campus/,https://www.reddit.com/r/f1visa/comments/1s4q0bg/question_about_transfering_and_working_on_campus/
1s4j8dx,f1visa,Is it possible to apply for both b1/b2 and F1 simultaneously?,I am waiting for a B1/B2 interview and I have also received an acceptance from a school. Should I cancel the B1/B2 interview?,1774557659.0,2026-03-26T20:40:59,1,0,/r/f1visa/comments/1s4j8dx/is_it_possible_to_apply_for_both_b1b2_and_f1/,https://www.reddit.com/r/f1visa/comments/1s4j8dx/is_it_possible_to_apply_for_both_b1b2_and_f1/
1s4i0gb,f1visa,No need to upload the job on SEVP according to my school,"Hi, I was informed that I only need to report my employment to the school and that there is no need to upload or change anything on the SEVP portal, even if I am able to. Does this policy vary by school?",1774554940.0,2026-03-26T19:55:40,3,1,/r/f1visa/comments/1s4i0gb/no_need_to_upload_the_job_on_sevp_according_to_my/,https://www.reddit.com/r/f1visa/comments/1s4i0gb/no_need_to_upload_the_job_on_sevp_according_to_my/
1s4ht95,f1visa,No I-907 receipt after upgrading I-765 to premium processing - normal?,"Hi everyone,

I upgraded my I-765 to premium processing on March 5, originally applied on Jan 16. Case status says the premium clock started, but I never received a separate I-907 receipt (not in mail or portal).

Is this normal?

Thanks!",1774554479.0,2026-03-26T19:47:59,7,2,/r/f1visa/comments/1s4ht95/no_i907_receipt_after_upgrading_i765_to_premium/,https://www.reddit.com/r/f1visa/comments/1s4ht95/no_i907_receipt_after_upgrading_i765_to_premium/
1s4f564,f1visa,Traveling domestically (PR) as F1 student — document question,"Hi everyone,

I'm an F1 student with active SEVIS, valid I-20, I-94, and passport. I have a question about domestic travel within US territories, specifically Puerto Rico.

If someone's visa has been revoked but their SEVIS and I-20 remain active, is domestic travel to US territories generally considered safe? I understand that Puerto Rico is a US territory and domestic flights don't typically involve immigration checkpoints, but I want to be cautious as ICE is being deployed now to airports.

Has anyone here traveled domestically in a similar situation? Would appreciate any insights or suggestions on whether consulting an immigration attorney beforehand would be advisable.

Thanks in advance!",1774548557.0,2026-03-26T18:09:17,3,0,/r/f1visa/comments/1s4f564/traveling_domestically_pr_as_f1_student_document/,https://www.reddit.com/r/f1visa/comments/1s4f564/traveling_domestically_pr_as_f1_student_document/
1s4d9t1,f1visa,Pre-Completion OPT Timeline for Summer Internship (June Start) – Am I Safe?,"Title: Pre-Completion OPT Timeline for Summer Internship (June Start) – Am I Safe?



Hi everyone,



I’m an F-1 PhD student (Physics) trying to plan a backup in case my CPT doesn’t go through, and I wanted to sanity-check my timeline for pre-completion OPT.



Here’s my situation:



\- Internship start date: June 8  

\- CPT is currently pending, but may require revision  

\- If CPT doesn’t get approved, I plan to switch to pre-completion OPT with premium processing



From what I understand:

\- Premium processing guarantees a decision within 30 days (often faster in practice)

\- After approval, the EAD card takes \~5–10 days to arrive

\- So total timeline is roughly 2–5 weeks



My plan would be:

\- If CPT isn’t approved by \~mid-April, immediately apply for OPT + premium

\- That would (hopefully) get me EAD by mid–late May



Questions:



1. Has anyone done pre-completion OPT with premium recently? How long did it actually take (approval + card in hand)?

2. Did anyone face RFEs or biometrics delays for OPT?

3. Is \~6–7 weeks buffer (mid-April → June 8) generally safe, or is this cutting it too close?

4. Any risks I’m not thinking about?



Context:

\- My internship is clearly related to my field (ML + time-series data, and I’m doing ML research in my PhD)

\- No prior OPT usage



Appreciate any insights — just trying to make sure I don’t mess up timing here.



Thanks!",1774544576.0,2026-03-26T17:02:56,8,0,/r/f1visa/comments/1s4d9t1/precompletion_opt_timeline_for_summer_internship/,https://www.reddit.com/r/f1visa/comments/1s4d9t1/precompletion_opt_timeline_for_summer_internship/
1s483o2,f1visa,Status change to F1 Visa and LLC,"Hi everyone! I came to the USA with a tourist visa and applied to a status change so I can keep studying.

I also open an LLC last week to offer services (ads/marketing)

If I use the EIN of the LLC to generate income, will the process of visa status change be affected? 

Is it better to open a Corporation? 

THANK YOU A LOT!!",1774533221.0,2026-03-26T13:53:41,6,0,/r/f1visa/comments/1s483o2/status_change_to_f1_visa_and_llc/,https://www.reddit.com/r/f1visa/comments/1s483o2/status_change_to_f1_visa_and_llc/
1s447gk,f1visa,Form 134 required for F-1 Visa,"Hello, I recently had an F-1 visa interview. Even though I'm going for a fully funded program (funded by the university itself) program, the consular officer asked for Form 134 and said to submit it alongside my passport (said it’s required). Has anyone had any encounter with a similar case? Why ask for Form 134 for a fully funded program? Or how should I fill out this form?",1774522519.0,2026-03-26T10:55:19,5,0,/r/f1visa/comments/1s447gk/form_134_required_for_f1_visa/,https://www.reddit.com/r/f1visa/comments/1s447gk/form_134_required_for_f1_visa/
1s443i9,f1visa,Volunteer for F1 OPT,"For the F1 OPT, does the NGO itself have to be related to your degree, or it can be anything as long as the role is degree-related? Thanks!",1774522158.0,2026-03-26T10:49:18,0,0,/r/f1visa/comments/1s443i9/volunteer_for_f1_opt/,https://www.reddit.com/r/f1visa/comments/1s443i9/volunteer_for_f1_opt/
1s3xiyk,f1visa,SEVIS Transfer While Abroad,"I’m transferring out Next fall to a new school. However, at this stage I’m finalizing my applications to a couple schools. I’ve recently engaged my DSO as well and we’ll soon meet. My current school’s semester ends at the beginning of May and I’m gonna fly back home on first week of May. Any advice?",1774498765.0,2026-03-26T04:19:25,1,0,/r/f1visa/comments/1s3xiyk/sevis_transfer_while_abroad/,https://www.reddit.com/r/f1visa/comments/1s3xiyk/sevis_transfer_while_abroad/
1s3vywr,f1visa,OPT EAD Expiry Beyond the 14 month window,My OPT got approved a month late from my requested start date and my EAD expiry date goes beyond the 14 month graduation window. Do i need to apply for a corrected EAD. Has anyone else faced this problem. What has your experience been applying for stem extension with an incorrect EAD?,1774494139.0,2026-03-26T03:02:19,4,2,/r/f1visa/comments/1s3vywr/opt_ead_expiry_beyond_the_14_month_window/,https://www.reddit.com/r/f1visa/comments/1s3vywr/opt_ead_expiry_beyond_the_14_month_window/
1s3uuhz,f1visa,When should I apply for OPT and what's the process like?,"Hey everyone, I'm an F1 international student graduating in June 2026. I don't have a job lined up yet and I'm trying to figure out the OPT process.

Should i apply for opt right now or later? Any help would be appreciated. Thanks

",1774491098.0,2026-03-26T02:11:38,4,0,/r/f1visa/comments/1s3uuhz/when_should_i_apply_for_opt_and_whats_the_process/,https://www.reddit.com/r/f1visa/comments/1s3uuhz/when_should_i_apply_for_opt_and_whats_the_process/
1s3qt78,f1visa,Name on EAD card,"I have “FNU” as my first name and my full name as last name on my F-1 visa, but in my passport my full name is under given name and surname is blank. While applying for OPT EAD, should I follow the passport name format or the visa?",1774480677.0,2026-03-25T23:17:57,9,0,/r/f1visa/comments/1s3qt78/name_on_ead_card/,https://www.reddit.com/r/f1visa/comments/1s3qt78/name_on_ead_card/
1s3qda7,f1visa,F1 OPT Biometrics - How long after Biometrics does it take for the decision to render?,"I completed my biometrics on 23rd March. 

How long does it take to render decisions? It was Code 2 Biometrics so just the picture. 

Type: Initial POST OPT

Premium Processing: No

Date Applied: 14th Dec 2025

Biometrics Notice : 21st Mar 2026

Biometrics Completed: 23rd Mar 2026

Date Approved: TBD

Date Card Produced: TBD

Date Card Recieved: TBD",1774479655.0,2026-03-25T23:00:55,34,6,/r/f1visa/comments/1s3qda7/f1_opt_biometrics_how_long_after_biometrics_does/,https://www.reddit.com/r/f1visa/comments/1s3qda7/f1_opt_biometrics_how_long_after_biometrics_does/
1s3onkz,f1visa,SEVIS Reinstatement,"Hello, I need some guidance here.

I recently made a terrible academic mistake, which led to my being suspended for a semester. I understand this will cause my current SEVIS status to be terminated, which leaves me with two options:

1. Leave the country, get a new I20 for when the next semester I can attend comes around and then re-enter.

2. File for reinstatement and hope it gets approved by the time the next semester comes around. 

I am wondering, given the reasoning for my SEVIS termination, is it realistic that any reinstatement request will be approved, and is it worthwhile attempting to file such a request?

Also, as an aside, is it possible to file for reinstatement to extend my stay in this country and then file for a new I-20 if the reinstatement is not processed by the next academic semester or rejected (whichever comes first) and leave the country?

  
I appreciate any help on this matter.",1774475700.0,2026-03-25T21:55:00,2,0,/r/f1visa/comments/1s3onkz/sevis_reinstatement/,https://www.reddit.com/r/f1visa/comments/1s3onkz/sevis_reinstatement/
1s3omnb,f1visa,F-1 Visa Renewal (OPT): Do I Stand a Chance?,"Hello! 

From June 2025 to January 2026, I have been doing volunteer Graphic Design with a nonprofit my sister works at in the United States for my OPT. I told myself if I did not have a full time position until December, I would return home (Brazil).

Since my return, I have been working at a company here in Brazil since January. However, I recently found an opportunity to work at the university I studied at and am in the process of being interviewed. 

My F-1 Visa expired on my graduation (June 2025), but I still have my valid EAD card. How realistic is it for me to renew my F-1 Visa if I am accepted for the job? Did I mess up in returning home? 

Any advice would be appreciated. Thank you!",1774475640.0,2026-03-25T21:54:00,5,5,/r/f1visa/comments/1s3omnb/f1_visa_renewal_opt_do_i_stand_a_chance/,https://www.reddit.com/r/f1visa/comments/1s3omnb/f1_visa_renewal_opt_do_i_stand_a_chance/
1s3o2cw,f1visa,Startup on Post-Completion OPT,"Hi,

Has anyone started a company on their OPT and would like to share their experience? Is it worth the risk?",1774474349.0,2026-03-25T21:32:29,2,0,/r/f1visa/comments/1s3o2cw/startup_on_postcompletion_opt/,https://www.reddit.com/r/f1visa/comments/1s3o2cw/startup_on_postcompletion_opt/
1s3mwo4,f1visa,F1 to T visa Anyone?,"Just trying to see if anyone has been on the line of applying to T visa while on F1 visa???

I don’t want to go into the details. I applied for it since I’m eligible just trying to see the wait time is same for everyone including those on F1 currently and maintaining the same!

Applied for T by July 2025

Receipts by Feb 2026

Biometrics by March 2026 I765&amp;I914

Waiting!! Comment your experiences please if this is similar to you",1774471821.0,2026-03-25T20:50:21,15,0,/r/f1visa/comments/1s3mwo4/f1_to_t_visa_anyone/,https://www.reddit.com/r/f1visa/comments/1s3mwo4/f1_to_t_visa_anyone/
1s3hj66,f1visa,Traveling on STEM OPT with F1 Visa Expiring in July 2026,"Hello!

I'm in a bit of a situation here. My F1 Visa is expiring in July 2026 and I need to go to India for a week to perform a tooth surgery. My STEM OPT EAD expires in Feb 2027. I currently work full-time for a company.

Anyone who has traveled with F1 visa expiring soon and was in the same boat?",1774460226.0,2026-03-25T17:37:06,3,2,/r/f1visa/comments/1s3hj66/traveling_on_stem_opt_with_f1_visa_expiring_in/,https://www.reddit.com/r/f1visa/comments/1s3hj66/traveling_on_stem_opt_with_f1_visa_expiring_in/
1s3gkix,f1visa,Should I go back? unemployed on F1 STEM OPT,"Hello everyone,

As the title says, I came to USA in Fall 2023 with lots of hope as every grad student. The first bump in my journey was not getting a summer internship. But then I somehow managed to get an internship in Fall 2024 and also graduated in Dec 2024.

Post graduation it took me, 7months to find a decent contract role who said they might extend it more than 3months but that didn’t happen. Then I started searching again got a contract that was ready to get me my STEM extension but I did not file in Premium Processing as I was short on funds and now that has ended after a month and my STEM is pending.

However, there was this role that I was interviewing on the side since Jan 2026 and finally after 3months of the interview process they told me they want to hire me but not as a full time employee rather a contract which would be long term like 1 to 2years I agreed to it. As I had limited options, I went ahead built a whole project for their real world data of a client. They said I met expectations, they liked my work and finally agreed to hire me.

They asked all the details forms and said they wanted to move quickly now. I was happy and excited that finally something worked out long term. But they reached out to me last week saying they have never hired any contractor on W2 and can’t hire me on 1099 as I am an international student. In hiring managers exact words, “W2 paperwork is kinda roadblock” but she assured me they are trying to figure it out. Now it’s been 10 days they haven’t reached out, she emailed me if I have an SSN but did not ask for any documentation yet. I don’t even know what they are trying to figure out.

I followed up but she was OOO for a few days. Now I am stuck in a limbo thinking will they hire me or not. Will they go through all that trouble to hire me? What if they say no? I have no other opportunity lined up.

Also, as my STEM is pending I was using my unemployment days of OPT which I thought was supposed to be ending this week. But then I contacted my DSO and she told I am eligible for a 60days unemployment days of STEM.

But honestly at this point I am thinking is it even worth it? My bf is fed up with me crying over a job for more than a year. My parents are tired listening to the same story as well. I used to talk to my friends as they supported me a lot during dull times but for how long is the question. At this point I have no friends left in USA, some has moved back to India, some don’t like me, some I don’t like. At this point, the only human contact I have in my life is my bf. Moreover, I have my few distant relatives here who seemed settle but stuck on the H1B guidelines.

So my question to all of you is, Is this all worth it? I am turning 29 this year with no settled career in site, edu loan debt and living expenses debt in USA. I have not been able to visit home for 2.5years now. I have no social circle and I am not even happy internally as I came here to be able to support my family have decent life. I wanted to earn and send money back home so that my parents can also have a decent life. But here I am living off of cc and parents money. My family is also struggling financially and even they had high hopes from me but all of it is shattered.

I have the skills, the talent, the resilience but no opportunity to showcase it. I just wanted to earn decent money to support myself and my family but that seems distant now.

On a personal level, I have lost all my hobbies, I don’t hang out with people because I think they look down upon me, my whole identity has become about getting that one job. I can’t even watch one complete movie as I feel guilty, gained weight, lost all hope in life. It feels like I have delayed happiness for so long that there isn’t any left in me.

I was happy to hear I have 60 more days to find a job but at this point I am thinking do I have it left in me. Honestly on a deep down I would say NO, I just want to go back home and hug my mom and eat a home cooked meal. But then the logic in me says I came so far to support my family financially I have to do it. It’s scary and that makes me paralyzed before doing any simple task like applying a job. That blue and white screen is so confidence shattering I can’t even explain.

I am scared how will I pay back so much of debt if I go back to India, will I get a job back in India? I am a failure I couldn’t get my family out of financial hardships.

I really need a friend rn who can tell me what is the right thing to do now. Or say something so that I can push myself for 60more days or maybe share your own story. Don’t even know how to get out to it.

TLDR - Need advice, personal experience or support to help me push through the 60days of unemployment more to support my family financially and get out of debt.",1774458196.0,2026-03-25T17:03:16,45,109,/r/f1visa/comments/1s3gkix/should_i_go_back_unemployed_on_f1_stem_opt/,https://www.reddit.com/r/f1visa/comments/1s3gkix/should_i_go_back_unemployed_on_f1_stem_opt/
1s3g8m4,f1visa,STEM OPT Filing — Employer name on I-983 vs E-Verify — Need advice,"*Hey everyone,*

*I am an F-1 student on post-completion OPT and getting ready to file my STEM OPT extension (I-765). I ran into a confusing situation and wanted to get some advice from people who have been through this.*

*Here is my situation:*

* *My I-983 and I-20 list my employer as ""Company A""*
* *But the E-Verify record is under ""Company B"" which appears to be the parent company*
* *Both companies share the same EIN and the same signing officer*
* *Different addresses though*

*My DSO has already issued my STEM OPT I-20 based on the I-983 with ""Company A."" Now I am wondering:*

1. *Should I enter ""Company B"" (the E-Verify name) in the USCIS portal?*
2. *Will the name difference between my I-983 and the E-Verify record cause an RFE or denial?*
3. *Has anyone dealt with a parent company vs branch company name mismatch before?*

*My EAD expires soon so I am trying to move fast. Any advice is appreciated!*",1774457494.0,2026-03-25T16:51:34,1,0,/r/f1visa/comments/1s3g8m4/stem_opt_filing_employer_name_on_i983_vs_everify/,https://www.reddit.com/r/f1visa/comments/1s3g8m4/stem_opt_filing_employer_name_on_i983_vs_everify/
1s3fgec,f1visa,F1 visa in 2026,"Hello, has anyone applied for an F1 visa in Turkey in 2026? I also have another question: I’ve only applied to one university and received my I-20—will that affect my interview? Should I apply to more universities or not?",1774455782.0,2026-03-25T16:23:02,2,0,/r/f1visa/comments/1s3fgec/f1_visa_in_2026/,https://www.reddit.com/r/f1visa/comments/1s3fgec/f1_visa_in_2026/
1s30kwi,f1visa,Help with CPT or Pre-Completion OPT as canadian F1 -,"Im a rising junior. I have a job offer starting June 15th, an internship at a big company that I am not willing to let go. They're aware i am working on getting my EAD or CPT. 

**CPT**: I am trying to get CPT from my DSO approved but I must be enrolled in a credit-bearing class for my cpt to get approved, and i currently do not meet the pre-requisites for this class for my department (Computer Information Systems). I am working with them, and even contacted multiple professors to see if I can get a directed study or research class that can give me credits, and be used for CPT although this is a long shot and fairly difficult to pull off. The department is unwilling to waive the pre-reqs or work out a deal or anything as of right now.

  
**PRE-OPT**: I do have pre-opt as an option I guess, and this internship would eat away 2.5 months of my 12 months but im willing to do that. Its currently March 25. Do I have a chance of getting my OPT approved and EAD if I file soon with premium processing? I need to have it before June 15. I am Canadian, does that have any difference or affect? What should I do in this case? Do I try working out CPT or take the pre-opt route? but its very expensive (although im not worried about this since its a paid internship but I don't want to waste money and also not get to work this summer) and the times also ticking. Please advise i'd appreciate any insight. ",1774411862.0,2026-03-25T04:11:02,9,0,/r/f1visa/comments/1s30kwi/help_with_cpt_or_precompletion_opt_as_canadian_f1/,https://www.reddit.com/r/f1visa/comments/1s30kwi/help_with_cpt_or_precompletion_opt_as_canadian_f1/
1s2ugvq,f1visa,F1 visa appointments in India 2026,"Are there any visa appointments for F1 visa renewal in India, I am not able to see any onsite",1774395579.0,2026-03-24T23:39:39,1,0,/r/f1visa/comments/1s2ugvq/f1_visa_appointments_in_india_2026/,https://www.reddit.com/r/f1visa/comments/1s2ugvq/f1_visa_appointments_in_india_2026/
1s2npm0,f1visa,Re-entry after 3 months on OPT,"Hi I had left for my home country India right after my graduation, with my EAD and all other documents. I will be returning to USA, after 3 months, as my work starts soon. I have a job letter, all my travel documents, letter from the company, EAD and update i-20. Can you anyone share their experience in a similar situation? Anything I should carry additionally or be mindful of?  
Has the process been smooth?",1774380375.0,2026-03-24T19:26:15,8,1,/r/f1visa/comments/1s2npm0/reentry_after_3_months_on_opt/,https://www.reddit.com/r/f1visa/comments/1s2npm0/reentry_after_3_months_on_opt/
1s2myvi,f1visa,Please help cpt offer letter,"the company I got accepted to for an internship gave an offer letter with like no info on it, I asked them if they could update it with the cpt offer letter requirements, they said the letter couldn’t be updated but would get back to me soon about an alternate format if it was possible. it’s been like 2 weeks still nothing. I’m starting to get worried.",1774378798.0,2026-03-24T18:59:58,6,0,/r/f1visa/comments/1s2myvi/please_help_cpt_offer_letter/,https://www.reddit.com/r/f1visa/comments/1s2myvi/please_help_cpt_offer_letter/
1s2iwgi,f1visa,[Help] No slots available on scheduling portal + Calendar not showing up? (F1 Visa),"I’m currently trying to book my F1 visa appointment, but I’m hitting a wall. When I log into the portal, it just says **""No slots available""** and the calendar doesn't even appear for me to browse dates. **Visa Type:** F1 (Student) **Consulate:** Dhaka",1774370199.0,2026-03-24T16:36:39,0,0,/r/f1visa/comments/1s2iwgi/help_no_slots_available_on_scheduling_portal/,https://www.reddit.com/r/f1visa/comments/1s2iwgi/help_no_slots_available_on_scheduling_portal/
1s2gmrp,f1visa,What am I supposed to do?,"There’s 60 days grace time starting from 10 of feb as that’s the date I applied for…

And then there was a delay to get my EAD till yesterday since I got an RFE and cleared it…

Now I didn’t get any SSN yet and my next available appointment is on 13th of april if I plan to go to SSA

What am I supposed to do? ",1774365369.0,2026-03-24T15:16:09,2,1,/r/f1visa/comments/1s2gmrp/what_am_i_supposed_to_do/,https://www.reddit.com/r/f1visa/comments/1s2gmrp/what_am_i_supposed_to_do/
1s2g1qo,f1visa,Travelling on OPT after getting EAD Card and Before Clock Start Date,"# Hello,

Travelling on OPT after getting EAD Card and Before Clock Start Date 

I plan to go home (out of the the USA on 21 Dec; my classes end on Dec 20th) and come back after 2 weeks. 

I have following documents:

1. Valid Passport
2. Valid Visa
3. EAD Card
4. I-20 that says ""OPT-Requested"" with signature valid to 1 year from DSO on 2nd page

Do I need to have a job offer as well?

Are these documents enough for smooth re-entry? Do we get new I-20 after getting EAD Card that says ""OPT Approved"" instead of ""OPT""? Is the requested EAD card itself proof of approved OPT?

Thanks",1774364099.0,2026-03-24T14:54:59,1,0,/r/f1visa/comments/1s2g1qo/travelling_on_opt_after_getting_ead_card_and/,https://www.reddit.com/r/f1visa/comments/1s2g1qo/travelling_on_opt_after_getting_ead_card_and/
1s2f4mk,f1visa,What can I do while waiting for OPT approval?,"Hi everyone,

I’m an F-1 student graduating this spring. I have a question about what I can and cannot do while waiting for my OPT approval and EAD card.

I’m a bit confused about the rules, so I want to make sure I don’t accidentally violate my status.

\- Can I do volunteer work in my field? Or any field?

\- Is it okay to do online class or course? 

If anyone has experience with this or can explain clearly, I would really appreciate it!

Thank you so much! ",1774362023.0,2026-03-24T14:20:23,10,3,/r/f1visa/comments/1s2f4mk/what_can_i_do_while_waiting_for_opt_approval/,https://www.reddit.com/r/f1visa/comments/1s2f4mk/what_can_i_do_while_waiting_for_opt_approval/
1s2bawf,f1visa,"Unexpired visa, change in school, do I need to apply for F 1 again?","Hi, I did a master's degree from 2023 to 2025 and returned to my home country in July 2025 after graduation. Now I've got through a PhD program. The DSO at the new school is saying that I just need an updated I-20 and Sevis fee receipt, I don't need to apply for a new F1. My present F1 has an expiry date of July, 28. 
The DSO said that I can still apply for F1 if I want. 
I am wondering what to do, has anyone else been in a similar situation? ",1774352229.0,2026-03-24T11:37:09,3,4,/r/f1visa/comments/1s2bawf/unexpired_visa_change_in_school_do_i_need_to/,https://www.reddit.com/r/f1visa/comments/1s2bawf/unexpired_visa_change_in_school_do_i_need_to/
1s25toc,f1visa,Real ID only domestic travel,"Im traveling domestically but dont have EAD or passport with me, just real ID and I20 (plus digital copies of the others). Am I likely to have issues?",1774332583.0,2026-03-24T06:09:43,12,1,/r/f1visa/comments/1s25toc/real_id_only_domestic_travel/,https://www.reddit.com/r/f1visa/comments/1s25toc/real_id_only_domestic_travel/
1s241cx,f1visa,H4 → F1 and H1B → F2 COS,"Hi everyone, I had a question around visa status changes. 60 day grace period ends in June.

Has anyone here done or looked into H4 → F1 and H1B → F2 COS at the same time? (Also school starts around August end) I’m trying to understand if both can be filed concurrently or if there’s a safer sequence to follow.

Any guidance or personal experiences would be really helpful",1774326431.0,2026-03-24T04:27:11,0,0,/r/f1visa/comments/1s241cx/h4_f1_and_h1b_f2_cos/,https://www.reddit.com/r/f1visa/comments/1s241cx/h4_f1_and_h1b_f2_cos/
1s22nb0,f1visa,Hiring Mgr. interested but Visa Sponsorship is an issue,"Hi folks, you all have been very kind to this community. This is my first post, and I wanted to seek advice on how to navigate a situation. I was recently contacted by a recruiter at a semiconductor firm. They informed me that the hiring manager is very interested in interviewing me but they would have to pause the process if I require Visa Sponsorship and told me explicitly that BS and MS with sponsorship are not being considered.

I appreciate that they explicitly stated, explained that I can work on OPT for up to 3 yrs. and am committed for long term opportunities. It was still a No. I am aware they explicitly said No but I wanted to understand how should I approach a situation like this? Is there a work around? (Obviously I do not want to play any bad cards here. I match the JD and would atleast like to have an interview scheduled).

Thank you! Would really appreciate any guidance!",1774322277.0,2026-03-24T03:17:57,29,19,/r/f1visa/comments/1s22nb0/hiring_mgr_interested_but_visa_sponsorship_is_an/,https://www.reddit.com/r/f1visa/comments/1s22nb0/hiring_mgr_interested_but_visa_sponsorship_is_an/
1s21530,f1visa,URGENT!! STEM OPT SEVP Portal Zip code mismatch,"I'm on opt right now and about to request for stem opt extension. My employer street address everything is matching the address present in the i-983 form given to me by my HR team.

However, the zip code that is present in the I-983 and the SEVP portal is different.

SEVP portal is showing the mailing address zip code but the I-983 has the physical address zip code.

As far as I know the employer address should be the physical location address both in the SEVP as well as the I-983 right.

Everything else matches except the Zip code.

Please let me know if this will cause any issue. Anyone experienced this issue?",1774318142.0,2026-03-24T02:09:02,0,0,/r/f1visa/comments/1s21530/urgent_stem_opt_sevp_portal_zip_code_mismatch/,https://www.reddit.com/r/f1visa/comments/1s21530/urgent_stem_opt_sevp_portal_zip_code_mismatch/
1s1wygg,f1visa,Traveling domestically without passport stamp. Is it safe?,"Hello, with the recent news of ICE being in airports right now, is it safe for me to travel without a passport stamp? I did my COS process in 2022 and got approved to start my studies in 2023. 

I will be visiting my best friend in Nashville in May from LAX. I have a valid I-20 and I carry copies of my Approval Notice.",1774307618.0,2026-03-23T23:13:38,10,5,/r/f1visa/comments/1s1wygg/traveling_domestically_without_passport_stamp_is/,https://www.reddit.com/r/f1visa/comments/1s1wygg/traveling_domestically_without_passport_stamp_is/
1s1wr5n,f1visa,Sevis Reinstatement Denied,"I am an F1 student, my Sevis Record was terminated on March 2025, because I was under enrolled and didn’t submit the RCL request before the deadline. I have applied for a reinstatement request on may 6th 2025, after that I got a RFE on Jan 13th 2026, submitted the RFE within 20 days and last week I got a notice that my Reinstatement Request has been denied. What should be my next steps moving forward? I have a valid Visa for another 7-8 months, I was told by my DSO to exit and enter the country with a new i20 and a new Sevis Record provided by them. I am thinking of going back to my home country for a week and coming back, meanwhile I am fully enrolled for the current running semester. Does anyone have any other good ideas or any knowledge regarding this issue? Thanks.",1774307145.0,2026-03-23T23:05:45,18,8,/r/f1visa/comments/1s1wr5n/sevis_reinstatement_denied/,https://www.reddit.com/r/f1visa/comments/1s1wr5n/sevis_reinstatement_denied/
1s1tv8p,f1visa,Can I extend my F1 visa when I am in OPT,"Hello everyone,

I have a question. My f1 visa ends on June and now I am in OPT and I have a full time job offer letter and EAD card.  I will graduate on August. If I go to Turkey my country after my f1 visa ends, but EAD, OPT, job offer on my hand, will I able to get F1 visa. My mom is sick and I want to be able to go visit her while I am in my STEM OPT. Did you have any similar situation like this?",1774300534.0,2026-03-23T21:15:34,7,1,/r/f1visa/comments/1s1tv8p/can_i_extend_my_f1_visa_when_i_am_in_opt/,https://www.reddit.com/r/f1visa/comments/1s1tv8p/can_i_extend_my_f1_visa_when_i_am_in_opt/
1s1tbj0,f1visa,[Netherlands] - F1 Visa Wait Times at the US Consulate in Amsterdam,"Anyone who applied for F-1 study visa from the Netherlands (Amsterdam Consulate), can you please tell me what is the wait time for appointment booking in Amsterdam (or any other city) for this visa category? Thanks in advance.

  
",1774299361.0,2026-03-23T20:56:01,0,0,/r/f1visa/comments/1s1tbj0/netherlands_f1_visa_wait_times_at_the_us/,https://www.reddit.com/r/f1visa/comments/1s1tbj0/netherlands_f1_visa_wait_times_at_the_us/
1s1s41n,f1visa,I-539 Reinstatement Pending – Driver License Question,"Hi, I’m an F-1 student and I currently have an I-539 reinstatement application pending with USCIS. It was submitted on December 5, 2025, and my SEVIS is currently terminated while the case is under review.

I still have a valid passport, I-94, I-20, and the receipt notice. I really need to get a driver license, so I wanted to ask if there’s any way at all I can apply while my I-539 is still pending, even if it’s a longer or harder process. Or do I have to wait until my reinstatement is approved and my SEVIS becomes active again?

I’d really appreciate your help. Thank you!",1774296774.0,2026-03-23T20:12:54,6,1,/r/f1visa/comments/1s1s41n/i539_reinstatement_pending_driver_license_question/,https://www.reddit.com/r/f1visa/comments/1s1s41n/i539_reinstatement_pending_driver_license_question/
1s1qs24,f1visa,"Using a preferred name as an international student, any downsides?","I’m an international student in the US and have always used my legal name, but it’s a bit harder for people here to pronounce. I’m considering using a shorter preferred name for my upcoming internship.

I’m a bit worried about two things:

Could using a preferred name cause issues with tracking my records across employers, background checks, or anything administrative long-term?

What happens if I end up not liking the preferred name after using it for a summer internship, is it awkward or problematic to switch back?

I would still use my legal name on all official documents.

Would appreciate hearing from people who’ve done this or seen it in professional settings.",1774293919.0,2026-03-23T19:25:19,12,6,/r/f1visa/comments/1s1qs24/using_a_preferred_name_as_an_international/,https://www.reddit.com/r/f1visa/comments/1s1qs24/using_a_preferred_name_as_an_international/
1s1o5zc,f1visa,F1 OPT Is it safe to travel domestically?,They’re deploying ice agents at the airport. I just graduated and am on my f1 opt and have my ead starting next month. I don’t what status I have in between since my i20 listed my graduation date as this months end. And my ead starts a month from now. ,1774288410.0,2026-03-23T17:53:30,26,11,/r/f1visa/comments/1s1o5zc/f1_opt_is_it_safe_to_travel_domestically/,https://www.reddit.com/r/f1visa/comments/1s1o5zc/f1_opt_is_it_safe_to_travel_domestically/
1s1lrc1,f1visa,Time between biometrics and approval,"For the people who got their approval after biometrics under two weeks, were you from non-banned countries or banned countries? And did you have premium processing?",1774283458.0,2026-03-23T16:30:58,8,6,/r/f1visa/comments/1s1lrc1/time_between_biometrics_and_approval/,https://www.reddit.com/r/f1visa/comments/1s1lrc1/time_between_biometrics_and_approval/
1s1kx70,f1visa,Can I work remotely during the summer break from my home country as an international student?,"Hi, I'm an international student and got accepted to a remote internship. It's a remote role in the USA, and I will not be in the USA for the entire internship. Do I still need OPT/CPT? ",1774281674.0,2026-03-23T16:01:14,4,0,/r/f1visa/comments/1s1kx70/can_i_work_remotely_during_the_summer_break_from/,https://www.reddit.com/r/f1visa/comments/1s1kx70/can_i_work_remotely_during_the_summer_break_from/
1s1kuo2,f1visa,"US f1 visa + sevis situation, need real advice, can’t risk this","Hey guys, I really need help because I genuinely can’t find consistent answers anywhere and i’m kind of freaking out.

I was studying in the US on an F-1 visa and took a term off starting january. I left the US right after that. my SEVIS is not active anymore (authorized early withdrawal situation). 

My new college accepted me but deferred me to fall, so by the time i go back it’ll be like 7+ months outside the US. Ive informed my former college that I won’t be returning for their spring term (we have a tri-semester system).

from what i understand:

\- i’ll need a new I-20 

\- new SEVIS record

\- pay SEVIS fee again

BUT my visa is still valid till 2029.

the thing is:

some official sources say i can re-enter with a valid visa + new I-20 even with new SEVIS  

but then other people online are saying after 5 months it’s risky or i might need a new visa  

and i literally cannot risk applying for a new visa right now because I’m from Pakistan and I’ll certainly get denied.

has anyone here:

\- re-entered the US after 5+ months with a new SEVIS but same visa?

\- changed schools + came back without getting a new visa?

\- been in secondary inspection for something like this?

what actually happened in your case?

i’m just trying to understand if this is realistically doable or if i’m walking into a possible denial situation.

any help or real experiences would mean a lot 🙏",1774281528.0,2026-03-23T15:58:48,5,0,/r/f1visa/comments/1s1kuo2/us_f1_visa_sevis_situation_need_real_advice_cant/,https://www.reddit.com/r/f1visa/comments/1s1kuo2/us_f1_visa_sevis_situation_need_real_advice_cant/
1s1go47,f1visa,OPT Application Question - prior I-20s,"I am an F-1 student from the UK applying for OPT and I uploaded my previous CPT I-20s in one file (including one cancelled one) in the application. Is that fine or must they be uploaded individually? Also, should I've uploaded the letter that explains the cancelled CPT I-20? TIA.",1774272002.0,2026-03-23T13:20:02,6,0,/r/f1visa/comments/1s1go47/opt_application_question_prior_i20s/,https://www.reddit.com/r/f1visa/comments/1s1go47/opt_application_question_prior_i20s/
1s1effh,f1visa,F1 Visa guidance.,"Hello, I am a 30-year-old male and recently received an offer from Arizona State University for an MS in Computer Science. Prior to this, I was working as a software engineer.

I left my job in January 2026 to pursue higher education. I wanted to focus on my applications, arrange funds, and ensure my family was financially stable before I leave.

Would this gap or decision be considered a red flag during the F-1 visa process? Any guidance would be appreciated.",1774265874.0,2026-03-23T11:37:54,10,1,/r/f1visa/comments/1s1effh/f1_visa_guidance/,https://www.reddit.com/r/f1visa/comments/1s1effh/f1_visa_guidance/
1s18hj1,f1visa,Likely Revamp of F-1 OPT Puts Indian Students in Limbo,,1774244418.0,2026-03-23T05:40:18,2,0,/r/f1visa/comments/1s18hj1/likely_revamp_of_f1_opt_puts_indian_students_in/,https://www.deccanchronicle.com/likely-revamp-of-f-1-opt-puts-indian-students-in-limbo
1s17ci2,f1visa,Travel while OPT applied for a wedding,"So my last course will end on 19th Dec 2026, and I have to travel on Dec 20th for my brother-in-law's wedding. When should i apply for OPT? do i need to know about Premium Processing so that i can get an EAD card before traveling? Do i need to have a job offer?",1774240500.0,2026-03-23T04:35:00,0,0,/r/f1visa/comments/1s17ci2/travel_while_opt_applied_for_a_wedding/,https://www.reddit.com/r/f1visa/comments/1s17ci2/travel_while_opt_applied_for_a_wedding/
1s158uu,f1visa,Avail CPT or not,"Hey

I have started my STEM OPT Masters on F1 Visa, and my university is Day 1 CPT.

I will be graduating in Dec 2027,

I have overall 10yrs professional experience out of which 4yrs experience in US due to which I will only get 2 yrs of H1B initially

  
So should I avail CPT right now for 1 yr and then avail OPT after Masters

Or

Avail CPT next year and resume Job with OPT after graduation  
Or

Work on CPT for 2 yrs and hope to get h1B filed next year and Greencard so that I can extend",1774234103.0,2026-03-23T02:48:23,0,0,/r/f1visa/comments/1s158uu/avail_cpt_or_not/,https://www.reddit.com/r/f1visa/comments/1s158uu/avail_cpt_or_not/
1s14aom,f1visa,Bio req for OPT EAD Replacement,"Hi

I left my EAD card at TSA but their lost and found was closed due to recent DHS shutdown so I have to file a replacement application. I have not received RFE or bio notice until now. Due to a family emergency, I had to go abroad. So I am unsure if replacement application requires bio photo. This means if I should do premium processing on the application. And if yes, can I just re-enter US without physical EAD card? I do have a photocopy of it and I have active employment status.

THANKS!",1774231455.0,2026-03-23T02:04:15,1,0,/r/f1visa/comments/1s14aom/bio_req_for_opt_ead_replacement/,https://www.reddit.com/r/f1visa/comments/1s14aom/bio_req_for_opt_ead_replacement/
1s144i6,f1visa,Forgot to activate SEVP portal,"Hi all,

My friend recently found out that she forgot to activate the SEVP portal. Her OPT was approved in late Jan, and she was not employed at all since then.

Could anyone please help speak to this? Would she be in any trouble at all? Currently contacting DSO but they are taking a while to respond.

Thanks!",1774230965.0,2026-03-23T01:56:05,2,0,/r/f1visa/comments/1s144i6/forgot_to_activate_sevp_portal/,https://www.reddit.com/r/f1visa/comments/1s144i6/forgot_to_activate_sevp_portal/
1s13g48,f1visa,Can you keep the same full time job from your CPT when applying to OPT without changing position title and responsibilities?,"If I get a full time analyst position for CPT, can I use that to apply for OPT so I can keep my job?",1774229104.0,2026-03-23T01:25:04,3,0,/r/f1visa/comments/1s13g48/can_you_keep_the_same_full_time_job_from_your_cpt/,https://www.reddit.com/r/f1visa/comments/1s13g48/can_you_keep_the_same_full_time_job_from_your_cpt/
1s11zne,f1visa,"Does SEVIS termination affect future visas, OPT/H-1B or any change in status?","I have a tough case of sevis termination on my f-1 visa. I’m just wondering if any one has their sevis terminated before and how that impacted their future or if everything was just fine. Also, if my visa is expired and my sevis gets terminated can i renew my visa or do i get a a whole visa? 

The termination is related to under enrollment and unauthorized work.",1774225208.0,2026-03-23T00:20:08,13,0,/r/f1visa/comments/1s11zne/does_sevis_termination_affect_future_visas_opth1b/,https://www.reddit.com/r/f1visa/comments/1s11zne/does_sevis_termination_affect_future_visas_opth1b/
1s0y9yc,f1visa,Working for a company in the UK while in the US,Is it possible to work for a company in the UK while on OPT? It would be remote work such as sports recruiting/consultancy. Any information on this would be much appreciated! ,1774215859.0,2026-03-22T21:44:19,5,1,/r/f1visa/comments/1s0y9yc/working_for_a_company_in_the_uk_while_in_the_us/,https://www.reddit.com/r/f1visa/comments/1s0y9yc/working_for_a_company_in_the_uk_while_in_the_us/
1s0w4ls,f1visa,OPT application still pending after 10 months,"like the title says, I applied for my masters OPT on May 7th 2025 and it is currently march 22. There was a request for evidence which included biometrics and I already submitted that on January 23rd. Now it says Case Is Still Being Processed By USCIS as of january 27th. has anyone else been in a situation like this? I feel like I have not seen this anywhere else.",1774210791.0,2026-03-22T20:19:51,63,15,/r/f1visa/comments/1s0w4ls/opt_application_still_pending_after_10_months/,https://www.reddit.com/r/f1visa/comments/1s0w4ls/opt_application_still_pending_after_10_months/
1s0sfvj,f1visa,Indian passport holder travelling to Mexico with my f-1 visa,"Hey guys! I’m travelling to Mexico next week and I have my stamped US F1 visa expiring in 2027. However, I don’t study in the US anymore and don’t have my I-20 with me. I assume I-20 is only required to enter the US and just my valid anc stamped F1 should be valid for entry in Mexico? Anyone know if they check only your visa or also your I-20? ",1774202328.0,2026-03-22T17:58:48,5,0,/r/f1visa/comments/1s0sfvj/indian_passport_holder_travelling_to_mexico_with/,https://www.reddit.com/r/f1visa/comments/1s0sfvj/indian_passport_holder_travelling_to_mexico_with/
1s0ozh0,f1visa,F-1 visa transfer — do I need a new visa stamp if I change schools?,"Hi everyone,

I’m currently in the U.S. on an F-1 visa for my PhD, and I’m considering transferring to a different university.

My visa stamp is still valid, but it has my current school’s name on it. I’m a bit confused about whether I would need to get a new visa stamp if I transfer schools, or if I can keep using my current one as long as my SEVIS record is transferred and I get a new I-20.

I don’t plan to leave the U.S. immediately, but I might travel later on, so I’m trying to understand whether I'd need a new F-1 visa stamp with the new school name on it (because F-1 visa stamps comes with a school name on it). 

Has anyone gone through this before? Did you need a new visa stamp after transferring schools, or were you able to re-enter with the visa stamp with the old school name on it?

Thanks in advance!",1774194329.0,2026-03-22T15:45:29,5,2,/r/f1visa/comments/1s0ozh0/f1_visa_transfer_do_i_need_a_new_visa_stamp_if_i/,https://www.reddit.com/r/f1visa/comments/1s0ozh0/f1_visa_transfer_do_i_need_a_new_visa_stamp_if_i/
1s0hq5n,f1visa,Delaying Graduation- Mothers visa appointment got canceled,"Delaying Graduation- Mothers visa appointment got canceled

Salam, so I was planning to graduate this May and wanted my mother to come for convocation but unfortunately her visa appointment got canceled, now I have option to delay my Graduation for 6 months, so she can come in May next year. 

Attorney said probability of her getting the visa for convocation is higher than if she apply for it during your OPT.

Has anyone parents got Visa during OPT? Please share your thoughts.",1774173507.0,2026-03-22T09:58:27,12,0,/r/f1visa/comments/1s0hq5n/delaying_graduation_mothers_visa_appointment_got/,https://www.reddit.com/r/f1visa/comments/1s0hq5n/delaying_graduation_mothers_visa_appointment_got/
1s0flrn,f1visa,OPT after graduation,"hi, I am graduating June and I am currently applying for my post grad OPT as a stem major. I have been applying to jobs but rejections only. Questions for everyone who’s been through the OPT process :

1. When job applications ask for do you now or later need sponsorship? Do you guys press yes or no if I want to do OPT? ( I have SSN)

2. Any tips on finding a job even if it’s like a small company or volunteer job as an international student ? 😭😭 I see people on here with jobs while on opt and I’m so lost as to what I’m doing wrong .. 

3. For those of you volunteering for your OPT, where did you guys find those opportunities?

btw I am a stats and data science student in CA area. Any tips and sources will help a lot ty everyone 🤞I am so desperate ..",1774165304.0,2026-03-22T07:41:44,10,7,/r/f1visa/comments/1s0flrn/opt_after_graduation/,https://www.reddit.com/r/f1visa/comments/1s0flrn/opt_after_graduation/
1s0fc19,f1visa,It it Legal to accept tips as a Musician who volumetry plays at a restaurant if on F1? PLEASE HELP,"Hi I am a current F1 Student, I know that we are not allowed to work except for internships related to our major during non full time courses, But let's say in the scenario where I vounterly Play music at a restaurant to be more used to the pressure of playing Infront of people. Would it be legal for me to accept the tips the people are trying to give me? would it be legal for me to start putting my hat next to me when i play as an invite for tipping? Please Help It would be amazing if i could earn some extra bucks while playing musign rn.",1774164256.0,2026-03-22T07:24:16,12,0,/r/f1visa/comments/1s0fc19/it_it_legal_to_accept_tips_as_a_musician_who/,https://www.reddit.com/r/f1visa/comments/1s0fc19/it_it_legal_to_accept_tips_as_a_musician_who/
1s0adkn,f1visa,F1 Visa Reinstatement,"Hi, I recently received a Notice of Intent to Deny (NOID) regarding my case, and I’m quite concerned about how to proceed. The notice mentions that I need to submit additional documents.
One of the issues they raised is that I created a freelancing account using my email, which they interpreted as possible unauthorized employment. I would like to clarify that I have not earned any income or engaged in any actual work through that account. I am prepared to provide full details and evidence from the account to verify this.
Could you please guide me on the best way to respond to the NOID and what specific documents I should include to address this concern effectively?
Thank you.",1774147666.0,2026-03-22T02:47:46,16,2,/r/f1visa/comments/1s0adkn/f1_visa_reinstatement/,https://www.reddit.com/r/f1visa/comments/1s0adkn/f1_visa_reinstatement/
1s07103,f1visa,Pre- or Post-Completion OPT?,"Hi all! I am on an F-1 visa who is on CPT to complete a full-time internship as a requirement for my doctoral program. The internship ends first week of June, but my university’s Spring semester ends first week of May. This means that I have to stay enrolled with my university in the summer to be eligible for CPT to finish my internship. I’ve already accepted the fact that I have to apply to graduate in the summer (and walk in August) even though I defended my dissertation and everything else. 

This past week I received two postdoc fellowship offers! The one that I preferred more has a start date of July 1st. After reviewing OPT guidelines, I just realized that I most likely can’t use post-completion OPT to start my work in July, since technically I would still not be done with my degree. My understanding with pre-completion OPT is that it only allows me to work part-time (20hr/week) if school is in session. On top of that, I don’t even know if I can apply for pre OPT for one month to cover that pre-graduation period then continue with the post OPT right away. Reading stories of people waiting for months to get their OPT approved also does not help relieve my anxiety 😅 

I am scheduling a meeting with my university’s immigration specialist first thing on Monday, but I am a little concerned that I would not be approved to work in time for the start date. I would love to see if anybody has been in this situation and what strategies you use to navigate timelines like this. I would try any option I can before considering taking the second offer which would start Sep 1st and would not cause similar overlapping issue. 

Thanks in advance! ",1774138204.0,2026-03-22T00:10:04,2,1,/r/f1visa/comments/1s07103/pre_or_postcompletion_opt/,https://www.reddit.com/r/f1visa/comments/1s07103/pre_or_postcompletion_opt/
1s04uk4,f1visa,[Need advice] F‑1 transfer + Texas DL renewal timing issue — anyone dealt with this?,"I’m dealing with a timing issue between an F‑1 school transfer and renewing a Texas driver license, and I’m hoping to hear from others who’ve gone through something similar.

My OPT and Texas DL expire in mid‑June, but my new school can’t issue the transfer‑pending I‑20 until my SEVIS record is released. My next academic program doesn’t start until late August. DPS requires a valid I‑20 to renew the license, so the dates are overlapping in a stressful way.

If you’ve transferred schools while your DL was expiring, or had to deal with DPS + I‑20 timing, how did it go for you?

* Did DPS accept a transfer‑pending I‑20? If not, what other proof or documents did they accept?
* When did you schedule your SEVIS release date — before your OPT/DL expiration or after?
* How fast did your new school (in my case, UH) issue the transfer‑pending I‑20 after the SEVIS release date?
* Did anyone run into issues with DPS not recognizing the “transfer‑pending” status in SEVIS, and if so, how did you resolve it?
* Any tips, workarounds, or lessons learned from dealing with DPS during a school transfer?

Any tips or lessons learned would be really appreciated.",1774132472.0,2026-03-21T22:34:32,3,0,/r/f1visa/comments/1s04uk4/need_advice_f1_transfer_texas_dl_renewal_timing/,https://www.reddit.com/r/f1visa/comments/1s04uk4/need_advice_f1_transfer_texas_dl_renewal_timing/
1s01x9q,f1visa,"F-1 visa, sevis terminated. Help!","I’m currently in the second semester of my 4th year. I had an internship, which is a required component of my undergraduate program. I receive 6 credit hours for the internship, and I’m expected to work 30+ hours a week, so it’s pretty impractical to take additional classes.

I submitted my CPT and reduced course load applications as required, and I started the internship. A week into the internship, I got an email from International Services office saying my SEVIS was terminated due to under-enrollment. 

Before this SEVIS termination email, I received a message about under-enrollment. I replied multiple times explaining my internship situation and asking for guidance, but I didn’t get any help.

My understanding was that since I submitted the required documents (CPT application, etc.) and got approval from my program director, I was cleared to work, so I did.

There has been a lot of back and forth with the school about how to handle this, and we decided on applying for reinstatement to regain my status.

I met with the DSO/advisor, and she told me that I’m not eligible for reinstatement because they consider this unauthorized employment, i guess my cpt was not authorized but i did not know that cause i got the go ahead to start the internship and i haven’t done this process before. My academic performance is really good and i haven’t violated any other laws. It’s a whole mess right now.

My other option is to leave and reenter the U.S. with a new I-20 and SEVIS record, but that’s not guaranteed since my visa is expired and there are some current travel restrictions.

I’m trying to get an immigration attorney and i know it will be expensive. I don’t know if an attorney can help at this point. I need any advice y’all have.

Thank you and have a beautiful day.",1774125055.0,2026-03-21T20:30:55,52,23,/r/f1visa/comments/1s01x9q/f1_visa_sevis_terminated_help/,https://www.reddit.com/r/f1visa/comments/1s01x9q/f1_visa_sevis_terminated_help/
1s00gcd,f1visa,Remote Work during Summer Break,"Hello.

I had just accepted an on-campus job offer recently and I'll be starting in 2 weeks. I plan to travel back to my home country in July. My employer (on-campus) stated that some of the work on the job could be remotely done.

Is working remote abroad for an on-campus job during the summer break allowed under the F-1 visa status?",1774121480.0,2026-03-21T19:31:20,0,1,/r/f1visa/comments/1s00gcd/remote_work_during_summer_break/,https://www.reddit.com/r/f1visa/comments/1s00gcd/remote_work_during_summer_break/
1rzxkxv,f1visa,After stem opt how maintain f1 status,"My stem opt will be end on next year  November and visa will be end on October . I have baby. So how I maintain my status. If i do another masters in summer session is it okay, give advice please.",1774114668.0,2026-03-21T17:37:48,2,0,/r/f1visa/comments/1rzxkxv/after_stem_opt_how_maintain_f1_status/,https://www.reddit.com/r/f1visa/comments/1rzxkxv/after_stem_opt_how_maintain_f1_status/
1rzv19c,f1visa,Apply for Post-OPT while Pre-OPT is pending,"I have applied for Pre-OPT on 23rd January but there is no update so far. So I am planning to withdraw my application and applied for post-opt as I am graduating next month.

I have a doubt that should I apply for post-opt just after submitting the withdrawal letter or should I wait until USCIS officially close my pre-opt application (but I heard that it can take up to 2 months, which in my case not possible to wait)?

I would really appreciate any advice on this one.",1774108675.0,2026-03-21T15:57:55,2,1,/r/f1visa/comments/1rzv19c/apply_for_postopt_while_preopt_is_pending/,https://www.reddit.com/r/f1visa/comments/1rzv19c/apply_for_postopt_while_preopt_is_pending/
1rzrb9p,f1visa,Does anyone know any online tools to help file OPT faster,"Hi! Trying to do OPT filing fast (bit delayed) and was wondering if anyone used any online services to help them get it done or had ideas? $50 or less would be ideal bc student but something that makes it easier? But is also accurate?

Or is it too risky to do that?",1774099221.0,2026-03-21T13:20:21,10,0,/r/f1visa/comments/1rzrb9p/does_anyone_know_any_online_tools_to_help_file/,https://www.reddit.com/r/f1visa/comments/1rzrb9p/does_anyone_know_any_online_tools_to_help_file/
1rzr05c,f1visa,STEM OPT - Major not STEM-approved,"Hello,

In a few days, I’ll be applying for STEM OPT and wanted to ask a quick question based on your experience.

My documents list my program slightly differently:

	•	Diploma: STEM Master of Business Administration

	•	Transcript: Degree – STEM Master of Business Administration; Major – STEM Master of Business Administration; Concentration – Business Analytics

	•	I-20: Major 1 – Management Science (52.1301)

My DSO recently mentioned that two students were denied (without an RFE) because their major was not considered STEM-approved, only their concentration was (which is not true based on the I-20 and our accreditation).

They are currently working on a supporting letter from the Dean and our accreditation letter, but I wanted to ask if you’ve encountered anything similar. Do you have any recommendations; for example, whether it might be better to avoid uploading the transcript and only include the diploma to avoid the questioning of the “concentration”, or any other steps I should take? Should I upload the letter from the Dean right away or would it look like I’m already uncertain about the degree?

Thank you in advance for your help!",1774098373.0,2026-03-21T13:06:13,3,1,/r/f1visa/comments/1rzr05c/stem_opt_major_not_stemapproved/,https://www.reddit.com/r/f1visa/comments/1rzr05c/stem_opt_major_not_stemapproved/
1rzir3h,f1visa,Advice for passport renewal,"I’m in the U.S. on the F1 visa, trying to figure out passport renewal timing and wanted to ask if anyone has gone through this recently.

So, my passport expires in 15 months. And I’m transferring SEVIS to a new program in August.

To top it off, my driver’s license expires in summer so I need my passport for renewal.

A few questions for that-

\- Has anyone renewed their Myanmar PV in the U.S. recently? How long did it actually take?

\- The country is trying to set biometric e-card as a requirement for renewal. So, is UID now required for renewal abroad?

\- Any issues/delays or rejections I should be aware of?

\- Would you recommend renewing now, or waiting until after I renew my driver’s license?

I’m trying to avoid being stuck without a passport during an important transition period, so any recent experience would really help. Thanks.",1774069039.0,2026-03-21T04:57:19,1,1,/r/f1visa/comments/1rzir3h/advice_for_passport_renewal/,https://www.reddit.com/r/f1visa/comments/1rzir3h/advice_for_passport_renewal/
1rzhy3x,f1visa,"OPT start date passed but case still pending ,does my OPT already start?","Hello everyone,

I applied for OPT and selected February 7th as my start date. However, my application is still pending and I haven’t received any approval yet.

I’m a bit confused about how this works ,since my requested start date has already passed, does that mean my OPT has technically started? Or will USCIS adjust my start date once the application is approved?

Also, is there anything I should be doing right now, or just wait for a decision?

Would really appreciate any insight from people who’ve been in a similar situation.

Thanks in advance!",1774066398.0,2026-03-21T04:13:18,8,0,/r/f1visa/comments/1rzhy3x/opt_start_date_passed_but_case_still_pending_does/,https://www.reddit.com/r/f1visa/comments/1rzhy3x/opt_start_date_passed_but_case_still_pending_does/
1rzgp9l,f1visa,Driver License Renewal,"My DL expires in may but my OPT start date is June 1. Can i take my OPT application receipt and get it renewed at the DMV (Illinois). 

Please if anyone has any information let me know ",1774062574.0,2026-03-21T03:09:34,2,1,/r/f1visa/comments/1rzgp9l/driver_license_renewal/,https://www.reddit.com/r/f1visa/comments/1rzgp9l/driver_license_renewal/
1rzfyps,f1visa,H1B to F1 Visa - CoS or Consular appointment,"Hi everyone, 

I am currently on H1B and want to pursue masters program this fall - and thus need to transfer to an F1 visa. 

I can go through a consular appointment OR submit I539 for change or status to F1 but am confused about which option would ideal. 

My initial plan was to travel to my home country on H1, attend a consular appointment and if I get approved, re enter on H1B, quit my job and renter before the start date. But if I get denied in the appointment, renter US on H1 and apply for a CoS 

My questions are - 

1. If I get rejected during a consular appointment and reapply via CoS - would I likely be rejected again?

2. Should I not risk it and apply for CoS - but I cannot travel outside the US while in the program which I want to avoid. 

3. During consular appointment, since I am transitioned previously from F1 to H1B - would I likely be rejected? And would the school I plan to attend (Ivy league) have any influence on this? 

Anyone who was in a similar situation before and navigated it successfully OR anyone with relevant insights please share your thoughts.",1774060403.0,2026-03-21T02:33:23,3,1,/r/f1visa/comments/1rzfyps/h1b_to_f1_visa_cos_or_consular_appointment/,https://www.reddit.com/r/f1visa/comments/1rzfyps/h1b_to_f1_visa_cos_or_consular_appointment/
1rzdjf5,f1visa,Transferring to university during OPT processing,"Hey guys, I need to know if I can transfer to uni while  my opt is still processing. I finished my Associate of Science in Jan 09. I applied for opt on Jan 19th and put March 5 as start date. Today I received an update from USCIS saying biometrics scheduled. However, I had only applied for opt to avoid gap semester. I have applied to Nursing school for fall 2026. Decision is send around end of march- early April. So, if I get in, will I be able to transfer before my 90days unemployment finishes which is june 05. My classes will start in August. I plan on transferring around May first week to be safe. If anyone has done something like this, please let me know. Thank you!!",1774053693.0,2026-03-21T00:41:33,2,1,/r/f1visa/comments/1rzdjf5/transferring_to_university_during_opt_processing/,https://www.reddit.com/r/f1visa/comments/1rzdjf5/transferring_to_university_during_opt_processing/
1rzczho,f1visa,Question about OPT application and unsolicited evidence for missing previous I-20,"I recently filed I765 for my master’s OPT application. I now realized that I missed one I20 with my undergrad STEM OPT authorization in the document uploads (I had more than 10 I-20s in total for undergrad + grad level with all CPT and OPT, and changed job once during STEM OPT. Didn’t realize I was missing one for the second employer during STEM OPT until I saw the email from my undergrad DSO today)

Should upload that one I20 in the unsolicited evidence section for my case? Is there any risk of doing so that I should just wait? ",1774052199.0,2026-03-21T00:16:39,1,1,/r/f1visa/comments/1rzczho/question_about_opt_application_and_unsolicited/,https://www.reddit.com/r/f1visa/comments/1rzczho/question_about_opt_application_and_unsolicited/
1rzbm3o,f1visa,I983 - update question,"Hi, do we need to update I983 and submit to the visa office in the university when we get a pay raise when we are on STEM OPT? Thank you.",1774048770.0,2026-03-20T23:19:30,1,0,/r/f1visa/comments/1rzbm3o/i983_update_question/,https://www.reddit.com/r/f1visa/comments/1rzbm3o/i983_update_question/
1rz8is2,f1visa,Work hours payment,"Hey guys so I am an undergrad and got awarded to get paid for working approximately 10h in a research lab  (approximately!!). However I now got a ULA job and wanted to see how many hours I can work. When i look at the payroll statement of my research position, there are no specific hours mentioned but my ULA payroll statement has the hours listed. Does that mean I can work more than 10h in my ULA job?",1774041275.0,2026-03-20T21:14:35,2,2,/r/f1visa/comments/1rz8is2/work_hours_payment/,https://www.reddit.com/r/f1visa/comments/1rz8is2/work_hours_payment/
1rz6zn3,f1visa,Pre-OPT timeline,"I am graduating June 2026 with my Masters but because I just got an offer to start in April, I am considering applying to pre-completion OPT asap (cannot do CPT). I was wondering how long it usually takes with premium processing and any recent success stories. ",1774037709.0,2026-03-20T20:15:09,19,0,/r/f1visa/comments/1rz6zn3/preopt_timeline/,https://www.reddit.com/r/f1visa/comments/1rz6zn3/preopt_timeline/
1rz6vs1,f1visa,OPT Driver’s License Stuck “Under Review” in Kansas – Been 3+ Weeks,"Hey everyone,

I applied for my driver’s license in Kansas through the Kansas Department of Revenue (DMV) on Feb 26, 2026, and my case status has been stuck at “Under Review” ever since.

I’m currently on OPT (F-1), so I understand there’s SAVE verification involved, but it’s already been more than 3 weeks. They initially told me it would take around 15 days, but there’s still no update.

Has anyone else faced this delay recently?

* How long did your SAVE verification take?
* Did you have to visit the DMV again or just wait it out?
* Is there any way to speed this up?

I’m a bit concerned since I need the license soon. Any advice or recent experiences would really help!",1774037453.0,2026-03-20T20:10:53,3,1,/r/f1visa/comments/1rz6vs1/opt_drivers_license_stuck_under_review_in_kansas/,https://www.reddit.com/r/f1visa/comments/1rz6vs1/opt_drivers_license_stuck_under_review_in_kansas/
1rz5ae6,f1visa,Postdoc + Startup: How to frame it for OPT?,"Hi,

I am a postdoc with a CS background. Recently, I got invited to visit a startup near campus. The project really aligns with my skill set (but not similar to the project that I am doing as a postdoc).

So they offered me a position and want to work with me to make it compliant with the STEM rules. But I am not sure how to frame this dual employment or consider it a consultancy. I want to keep the postdoc full-time. I am currently on OPT and working to file STEM OPT. 

Any suggestions or guidance would be appreciated! 

Thank you!",1774033805.0,2026-03-20T19:10:05,2,1,/r/f1visa/comments/1rz5ae6/postdoc_startup_how_to_frame_it_for_opt/,https://www.reddit.com/r/f1visa/comments/1rz5ae6/postdoc_startup_how_to_frame_it_for_opt/
1rz1w5i,f1visa,working in the summer,"i’m planning to go back to my country for around 3 months this summer. My question is, when i’m back can i continue to work on my small business that i own/ or get a job. or is it illegal even if i’m in my country outside the us and not a current student?",1774026130.0,2026-03-20T17:02:10,3,0,/r/f1visa/comments/1rz1w5i/working_in_the_summer/,https://www.reddit.com/r/f1visa/comments/1rz1w5i/working_in_the_summer/
1ryx12o,f1visa,Departure date Error in I94?,"Hi,

I recently checked my I94 travel history and noticed a discrepancy. I had international flight departing from Texas on November 24 at 10:55 pm. However, my i94 record shows my departure date as November 25.

1.	⁠Is this common error for late night flights?

2.	⁠Should I be worried about this “extra day” affecting my future visa applications?

3.	⁠Has anyone successfully corrected this through deferred inspection office via email?

Thanks in advance for the help!

Note: I was in F1 status while traveling and still in F1. ",1774015246.0,2026-03-20T14:00:46,3,1,/r/f1visa/comments/1ryx12o/departure_date_error_in_i94/,https://www.reddit.com/r/f1visa/comments/1ryx12o/departure_date_error_in_i94/
1rywarl,f1visa,Renewing visa under OPT,"Is it possible to renew an F-1 visa while on post-completion OPT ? 

Has anyone ever done it ? 

I’m about to graduate with my bachelors in May, I’m traveling back to France in June-July. My visa expires in September meaning that I would have to renew if I want to get back into the US. 

However if I’m on OPT and try to renew my visa, how risky is it ? 

I would basically be trying to renew a student visa and won’t be in school anymore, just working. 

Any thoughts?",1774013430.0,2026-03-20T13:30:30,3,5,/r/f1visa/comments/1rywarl/renewing_visa_under_opt/,https://www.reddit.com/r/f1visa/comments/1rywarl/renewing_visa_under_opt/
1ryspkx,f1visa,Renewing Visa Stamp while Changing Schools?,"I am about to finish my 3rd year of OPT (w/STEM extension), and I just accepted a PhD offer from a different school than what my F-1 visa is currently under. 

Since my visa stamp has expired a couple of years ago (the stamp was from when I started my bachelor’s and I simply never left the U.S), I am thinking about going back to my home country over the summer to apply for a new one at the consulate. 

My home country is generally on good standing with the U.S. (it is Japan), so I’m guessing it’s not on the banned countries list, but is there a risk that something will go wrong and I won’t be able to go back to the U.S? ",1774002824.0,2026-03-20T10:33:44,1,1,/r/f1visa/comments/1ryspkx/renewing_visa_stamp_while_changing_schools/,https://www.reddit.com/r/f1visa/comments/1ryspkx/renewing_visa_stamp_while_changing_schools/
1rys2ps,f1visa,"Work in home country during OPT, possible or not?","Hi everyone, I really need an advice on this. I’m currently on OPT (non-stem).

I’ve been working for current job (Job 1) for about a month, after 2 months of unemployment: remote, unpaid, non-profit org, mainly to stop unemployment clock.

I’m just offered a 3-month internship (Job 2) in my home country: on-site, paid, big corp, recognizable brand name worldwide.

• Can I visit back home and work on-site for Job 2 while still keep my Job 1 for OPT?

• Do I need to report Job 2 to SEVP?

• If it were you, would you take Job 2, or you would try to find a job here in the US?

Assume that Job 1 allows to work remotely from outside the US.

My visa is already expired last year, so I’ll have to renew the visa. If I go back and work for Job 2 for 3 months, end date will be end of June, which means I’ll have 6 months left on OPT, is it ok or risky?",1774000527.0,2026-03-20T09:55:27,2,1,/r/f1visa/comments/1rys2ps/work_in_home_country_during_opt_possible_or_not/,https://www.reddit.com/r/f1visa/comments/1rys2ps/work_in_home_country_during_opt_possible_or_not/
1ryoko8,f1visa,Can I change lender after i20 and f1 visa is approved?,"Lets say if i take sanction letter from Mpower and then get my i20 and also get visa done using Mpower as proof of funds. 

Now after my visa has been processed and f1 visa has been granted can i change the lender to some Indian bank say ICICI?

Very urgently need insights on this, if anyone knows pls comment!!",1773987341.0,2026-03-20T06:15:41,5,1,/r/f1visa/comments/1ryoko8/can_i_change_lender_after_i20_and_f1_visa_is/,https://www.reddit.com/r/f1visa/comments/1ryoko8/can_i_change_lender_after_i20_and_f1_visa_is/
1rynuam,f1visa,"My country is partially banned. Uncle is planning to send my cousin to grad school in the U.S. and to, potentially, work there after graduation. How realistic is it?","As the title says, we’re from one of the partially banned countries.

My uncle has a long-time friend who is a U.S. citizen and owns a business in the United States. He wants to send my cousin to grad school there. Upon graduation, she’ll work for his friend’s company on OPT and H1B. Then, he’ll file for her green card.

But from what I’ve gathered from this sub,those from banned countries are struggling to get their EAD cards. And I assume that it won’t be possible to file for green card as well.

The deadline for college applications is approaching soon, so if my understanding is correct I’ll need to talk to both of them asap. ",1773984755.0,2026-03-20T05:32:35,7,7,/r/f1visa/comments/1rynuam/my_country_is_partially_banned_uncle_is_planning/,https://www.reddit.com/r/f1visa/comments/1rynuam/my_country_is_partially_banned_uncle_is_planning/
1rykk6o,f1visa,Can I (F1 PhD student) accept a cash prize from a pitch competition for a personal project?,Basically the title. My university held a pitch competition and my idea/fun project won a cash prize. Am I allowed to accept this prize to fund further development? ,1773974690.0,2026-03-20T02:44:50,6,3,/r/f1visa/comments/1rykk6o/can_i_f1_phd_student_accept_a_cash_prize_from_a/,https://www.reddit.com/r/f1visa/comments/1rykk6o/can_i_f1_phd_student_accept_a_cash_prize_from_a/
1ryjvdv,f1visa,OPT stuck in a loop cos of temporary country ban. Is Day 1 CPT a realistic alternative for full-time work?,"What's up guys, things are kind of a mess right now because of these crazy temporary immigration bans. I'm from one of the affected countries, and my OPT application is officially stuck in some black hole if i can call it that, USCIS is basically ignoring us at this point.

So i've been thinking of alternatives and i heard of Day 1 CPT. I'm not gonna lie, on paper it sounds great cos getting to work 40 hours right away is exactly what I need. Honestly though, I do not trust the hype. It sounds a little too easy, and I know the reality is probably going to be a headache.

Has anyone here actually gone through this recently? I really need to know if HR departments will just auto-reject my resumption the second I bring up Day 1 CPT. If you have done Day 1 CPT, how hard is the process? Or whats your general advice, please let me know. ",1773972819.0,2026-03-20T02:13:39,5,3,/r/f1visa/comments/1ryjvdv/opt_stuck_in_a_loop_cos_of_temporary_country_ban/,https://www.reddit.com/r/f1visa/comments/1ryjvdv/opt_stuck_in_a_loop_cos_of_temporary_country_ban/
1ryivyp,f1visa,I-290B Pending After STEM OPT (I-765) Denial – Status After Grace Period?,"Form: I-765 (STEM OPT Extension) – Denied

Motion: I-290B (Timely Filed)

Receipt prefix: IOE

Processing: Online account (ELIS)

Location: Florida (Pinellas County)

Timeline:

• OPT ended: Jan 1, 2026

• STEM OPT filed: Dec 8, 2025

• STEM OPT denied: Feb 3, 2026

• SEVIS marked Completed: Jan 31, 2026

• I-290B filed within 30 days (timely)

• 60-day grace period ends: April 4, 2026

Denial was based on what appears to be a factual error regarding the DSO STEM recommendation date in SEVIS. Motion argues USCIS error.

This is NOT a timeline question. I am trying to understand status implications.

Questions:

While a timely I-290B is pending, does that place someone in a “period of authorized stay,” or does unlawful presence begin after the 60-day grace period ends?

If I file an I-539 reinstatement before April 4 as a precaution, and the I-290B later gets approved, can I withdraw reinstatement and resume STEM OPT employment?

If SEVIS is transferred to a new school for reinstatement and the motion is later approved, how does SEVIS reporting work for restored STEM OPT? Does the new school remain the reporting school?

I am not asking for legal advice — just trying to understand how USCIS treats pending I-290B motions in F-1 cases.

Thank you.",1773970180.0,2026-03-20T01:29:40,1,3,/r/f1visa/comments/1ryivyp/i290b_pending_after_stem_opt_i765_denial_status/,https://www.reddit.com/r/f1visa/comments/1ryivyp/i290b_pending_after_stem_opt_i765_denial_status/
1ryi7wf,f1visa,F1 visa stamping for Day1CPT,Curious if anyone successfully got F1 Visa stamp for Day 1 CPT like schools. For e.g. Doctoral Programs at WestCliff,1773968389.0,2026-03-20T00:59:49,6,6,/r/f1visa/comments/1ryi7wf/f1_visa_stamping_for_day1cpt/,https://www.reddit.com/r/f1visa/comments/1ryi7wf/f1_visa_stamping_for_day1cpt/
1ry6yq4,f1visa,My company got acquired while I’m on initial OPT,"Hi guys, I’m pretty anxious about this situation so would really appreciate any advice / experience anyone could share.

I’m currently on my initial OPT which is set to expire July 2026. I’ve been working with my current company since October 2025 (so almost 5 months). 

Recently, my company got acquired (Company A sold us to Company B) and we need to resign new contract and I9. 

I’m scared that me being on OPT will cause friction when I’m onboarding at the new parent company, does anyone have experience on this bit? 

The new parent company (Company B) is e-verify, but doesn’t seem to have a whole lot h1b sponsorships in the past. I’m not asking for h1b but just want to make sure that they will simply accept employee that are on visa (especially OPT/STEM OPT).

What are the chances they will discontinued my employment during the acquisition process because of my visa status? My hiring manager will advocate for me but I know the HR at new company has a say as well. 

Hopefully because I already work at the company for almost half a year, they will just let me transfer over successfully? 

Please please please leave a comment if you have any useful information, I’m pretty anxious about this and can’t stop panicking about it. ",1773941714.0,2026-03-19T17:35:14,8,1,/r/f1visa/comments/1ry6yq4/my_company_got_acquired_while_im_on_initial_opt/,https://www.reddit.com/r/f1visa/comments/1ry6yq4/my_company_got_acquired_while_im_on_initial_opt/
1ry55dr,f1visa,Pulled over for failure to move over,"I'm an international student from Pakistan on an F1 Visa in the Miami-Dade county, where I got pulled over for failure to move over for an emergency vehicle, basically a cop car with their lights on. 

Completely my fault, which I accept. I'm not required to have a court appearance, so from what I've been told, I can either just outright pay the fine, or do an online course to avoid losing points and risking higher insurance fees.

What would be the best option here, and how much am I putting my visa on risk with this?",1773937736.0,2026-03-19T16:28:56,5,0,/r/f1visa/comments/1ry55dr/pulled_over_for_failure_to_move_over/,https://www.reddit.com/r/f1visa/comments/1ry55dr/pulled_over_for_failure_to_move_over/
1ry3pzp,f1visa,Can I go to Mexico for spring break,"I have finished my coursework. However, I have not filed for graduation or OPT. Will I be able to reenter, then file for graduation and opt? Last day of my enrollment would end before I leave",1773934562.0,2026-03-19T15:36:02,5,2,/r/f1visa/comments/1ry3pzp/can_i_go_to_mexico_for_spring_break/,https://www.reddit.com/r/f1visa/comments/1ry3pzp/can_i_go_to_mexico_for_spring_break/
1rxzm7v,f1visa,"Got pulled over for doing 66mph in a 45, and I'm freaking out","I'm an international student on f1 visa, I got pulled over today for speeding going 21mph over the speed limit trying to get in class on time in North Carolina, Greensboro. The officer gave me a court appearance. This is my first offense ever, and now I'm freaking out because I don't know how is that going to affect me as an international student, I don't even know what I'm looking for. 

I want to know what am I going to get, what's gonna happen to me, what to expect? 

Is it gonna hurt my records in any way? 

Is it gonna hurt any immigration process in the future? 

Do I have to take driving classes? 

And most importantly, what am I supposed to do? Plead guilty? Get a lawyer? 

Location: North Carolina, Greensboro

",1773924814.0,2026-03-19T12:53:34,159,63,/r/f1visa/comments/1rxzm7v/got_pulled_over_for_doing_66mph_in_a_45_and_im/,https://www.reddit.com/r/f1visa/comments/1rxzm7v/got_pulled_over_for_doing_66mph_in_a_45_and_im/
1rxry2u,f1visa,Got a ticket for almost hitting a cop car,"I’m relatively a new driver (got my license). I’ve not had any tickets before this. I was driving a with a friend who was teaching me.

Was about to take the exit from the highway when I suddenly had the realisation that it was the wrong exit ( It was actually the correct one, it was a misunderstanding). I quickly attempted to merge back into the left lane from the exit lane and entered the shoulder and in the process I passed a police vehicle that was stationary on the shoulder very closely.

The cop followed me and asked me to pull over. Gave me a citation for improper lane usage and almost  “striking a patrol vehicle”.

The citation has a court date written on it. And a QR code to pay the fine. Should I pay the fine? Or should I go to the court myself? Or should I hire a lawyer? How much is a reasonable fee to pay a traffic lawyer for this kind of a ticket to reduce it to a non moving offence? Just need some advice. ",1773898294.0,2026-03-19T05:31:34,18,0,/r/f1visa/comments/1rxry2u/got_a_ticket_for_almost_hitting_a_cop_car/,https://www.reddit.com/r/f1visa/comments/1rxry2u/got_a_ticket_for_almost_hitting_a_cop_car/
1rxqxva,f1visa,Multiple I-20's from grad school. (Currently in the last semester of undergrad in the US),"I’m currently an F-1 student finishing my undergraduate degree in May. I’ve been accepted into a couple of grad schools and I wanted to clarify a few things.

	1.	Is it okay to receive multiple I-20s from different schools if I’ve been accepted to more than one?

	2.	Will obtaining a new I-20 now (before I graduate) affect my current SEVIS record with my undergraduate institution?

	3.	Do I need to choose one school before receiving an I-20, or can I hold multiple and decide later?

	4.	At what point do I actually transfer my SEVIS record. is it after I decide which school to attend, or earlier in the process?

	5.	Since I’m graduating in May, I want to make sure I don’t accidentally affect my current F-1 status while handling this.

I’d really appreciate any guidance, especially from anyone who has gone through this process before or works with international student services.

Thank you!",1773895013.0,2026-03-19T04:36:53,4,0,/r/f1visa/comments/1rxqxva/multiple_i20s_from_grad_school_currently_in_the/,https://www.reddit.com/r/f1visa/comments/1rxqxva/multiple_i20s_from_grad_school_currently_in_the/
1rxq07u,f1visa,New F1 Visa required for Re entry ?,"My surname in Passport is blank and hence I ve placeholder of FNU in my first name.

In Case I update my passport in my home country, Can I still enter the USA with my old visa or else I need to get the Visa Updated? (and whether such visa renewal can this be done by dropbox if I am still enrolled in the university)",1773892185.0,2026-03-19T03:49:45,4,0,/r/f1visa/comments/1rxq07u/new_f1_visa_required_for_re_entry/,https://www.reddit.com/r/f1visa/comments/1rxq07u/new_f1_visa_required_for_re_entry/
1rxmqdx,f1visa,STEM-OPT students need your insights on job application &amp; question about e-verify platform,"Hi everyone,

I’m graduating this May with my master’s and I’m eligible for STEM OPT. I’ve been applying to jobs and honestly getting really anxious about how to approach this whole E-Verify situation.

I had a few questions for people who’ve gone through this:

**1. During your initial OPT (first year), did you only apply to E-Verify employers?**  
Or did you apply broadly and figure out STEM OPT later?

**2. How did you actually strategize around STEM OPT?**  
Did you prioritize E-Verify employers from the start, or switch later?

It already feels hard finding a job, and restricting myself only to E-Verify employers feels even more limiting 😭

**3. E-Verify search:**  
When I search employers on the E-Verify site, I often see multiple entries for the same company. Sometimes:

* the most recent entry says **“terminated”**
* but older entries still say **“open”**

How should I interpret this?

* Do I go by the most recent “last updated date”?
* Or if *any* entry says “open,” does that mean the employer is still E-Verify?

Would really appreciate hearing how others approached this, especially if you are in public health/data analysis sector, and/or in NYC area.

Thanks so much!! 🙏",1773883223.0,2026-03-19T01:20:23,1,1,/r/f1visa/comments/1rxmqdx/stemopt_students_need_your_insights_on_job/,https://www.reddit.com/r/f1visa/comments/1rxmqdx/stemopt_students_need_your_insights_on_job/
1rxksra,f1visa,"F-1 status without visa stamp, can I travel home between community college and university?","I’m currently studying in the U.S. at a community college on a 2-year program. My plan was to transfer to a university after finishing (do a bachelor’s), and potentially continue later with a master’s degree.

Right now, I have student status, but I don’t have an F-1 visa stamp in my passport because I changed my status while already being in the U.S.

I’m a bit confused about travel and was hoping someone here has been in a similar situation. After finishing my 2-year program, if I decide to continue my education (bachelor’s → master’s), would it be risky to leave the U.S.? Or is it possible to go back home for a short visit (like 2 weeks) and then return to continue studying?

Also, how does this work with OPT? Does my status automatically continue if I transfer to a university, or do I need to reapply for anything?",1773878391.0,2026-03-18T23:59:51,2,1,/r/f1visa/comments/1rxksra/f1_status_without_visa_stamp_can_i_travel_home/,https://www.reddit.com/r/f1visa/comments/1rxksra/f1_status_without_visa_stamp_can_i_travel_home/
1rxha8w,f1visa,F1 Reinstatement,"Has anyone one gotten reinstated (I-539) in the last month? I heard some people got reinstated earlier in the year, but it seems everything has gone quiet again. I’ve been waiting for 7months now. SC: Texas. ",1773870107.0,2026-03-18T21:41:47,17,0,/r/f1visa/comments/1rxha8w/f1_reinstatement/,https://www.reddit.com/r/f1visa/comments/1rxha8w/f1_reinstatement/
1rx8xmu,f1visa,OPT Application- Previous I20,"Hi guys, planning to apply to OPT today. Do I need to upload my previous I20’s also? Some said yes some said not needed so I figured let me upload just in case. However, couldn’t even find where the extra documents supposed to be uploaded in the system… ",1773852008.0,2026-03-18T16:40:08,5,0,/r/f1visa/comments/1rx8xmu/opt_application_previous_i20/,https://www.reddit.com/r/f1visa/comments/1rx8xmu/opt_application_previous_i20/
1rx7znb,f1visa,F1 OPT: Convert from unpaid volunteer to independent paid contractor,"Hi everyone,

I'm on F1 Visa. I've been volunteering here and there for a software startup for almost 2 months. It is related to my field. I've been told I'll be converted and hired as paid independent contractor (W9 or similar). I want to know what are the consequences of this and legally what do I need to do so I can be safe without violating visa or IRS rules. The startup is small, 3 people. 1 citizen and 1 overseas. I'm the only alien so the company doesn't know what is the process so I have to do my own research. I will be paid by zelle. I will ask for pay slips and all so that should be fine. Can someone who has experienced this or even worked as independent contractor on f1 opt guide me ",1773849922.0,2026-03-18T16:05:22,4,1,/r/f1visa/comments/1rx7znb/f1_opt_convert_from_unpaid_volunteer_to/,https://www.reddit.com/r/f1visa/comments/1rx7znb/f1_opt_convert_from_unpaid_volunteer_to/
1rx46ij,f1visa,[F1 Visa] Advise needed,"I’m in a bit of a dilemma and would really appreciate some advice.

I currently have admits for TAMU MSCS and NTU MSAI. I’m leaning towards TAMU mainly because of better ROI and career opportunities.

However, I’m really worried about the visa situation. About 6 months ago, I applied for a B1/B2 tourist visa to attend a wedding in the US. I submitted a sponsorship letter from my uncle and aunt who live in Texas, and my visa got rejected.

Now I’m scared that this previous rejection might affect my F1 student visa chances if I choose TAMU. Because of this, I’m even considering NTU just to avoid the risk altogether.

Am I overthinking this? Has anyone been in a similar situation where a B1/B2 rejection didn’t impact their F1 approval? Should I still go ahead with TAMU?

Any insights would really help.",1773841198.0,2026-03-18T13:39:58,6,2,/r/f1visa/comments/1rx46ij/f1_visa_advise_needed/,https://www.reddit.com/r/f1visa/comments/1rx46ij/f1_visa_advise_needed/
1rwtqp1,f1visa,My re-entry experience on F1 (STEM OPT),"Hi Everyone!

I thought I would share my experience of coming back to the US from my recent holiday. I went for around 40 days, and my re-entry was in Philadelphia. My experience was very smooth. 

For documents, they only asked for my i-20 and EAD card. 

Other than this, the officer seemed very chill and asked how long I was away for, I just told him the date I left the US. Then he asked me where I worked (City) and about the University I graduated from. (It was more like him answering/confirming for me as he was already reading this information on my i 20). That's all. 

I know this can be stressful, just be confident and answer them. You'll be fine!",1773807066.0,2026-03-18T04:11:06,15,20,/r/f1visa/comments/1rwtqp1/my_reentry_experience_on_f1_stem_opt/,https://www.reddit.com/r/f1visa/comments/1rwtqp1/my_reentry_experience_on_f1_stem_opt/
1rwj43h,f1visa,"got an on-campus job that is hybrid, can i work over the summer?",basically the title - i will be back home this summer but i was wondering if i could continue working virtually over the break 40hrs/week virtually,1773780885.0,2026-03-17T20:54:45,5,0,/r/f1visa/comments/1rwj43h/got_an_oncampus_job_that_is_hybrid_can_i_work/,https://www.reddit.com/r/f1visa/comments/1rwj43h/got_an_oncampus_job_that_is_hybrid_can_i_work/
1rwiu4l,f1visa,i20 initial attendance,"Has anyone here who went through a change of status ever received an I-20 with “Initial Attendance” listed as the form issue reason? I’m compiling my I-20s for future applications, and all of mine show other categories, so I’m wondering if “Initial Attendance” is ever issued in this situation or not.",1773780265.0,2026-03-17T20:44:25,1,0,/r/f1visa/comments/1rwiu4l/i20_initial_attendance/,https://www.reddit.com/r/f1visa/comments/1rwiu4l/i20_initial_attendance/
1rwh347,f1visa,Is OPT only a one-time thing?,"I am graduating in May with my bachelor's in psychology. 

Let's say I secure a job offer and apply for my post completion OPT and work for a year. 

That would mean that I used all my OPT allowance. But let's say after I complete this year of working under OPT, I go for a master. After I complete the master, would I get another 12 months allowance of OPT work?

Is the 12 months OPT allowance a one-time use for the F-1 individual or is it that 12 months are allowed per diploma you graduate with? ",1773776582.0,2026-03-17T19:43:02,7,1,/r/f1visa/comments/1rwh347/is_opt_only_a_onetime_thing/,https://www.reddit.com/r/f1visa/comments/1rwh347/is_opt_only_a_onetime_thing/
1rwehtr,f1visa,what actions can i take against a stalker?,I am an F1 student. I have family member here who is trying to play moral police and monitor who i hang out with. he has talked to my family saying his friends followed me and saw me hang out with a guy (lol). My family does not care but I am feeling harassed cz they know where i am every weekend. i have no proof. I am paranoid and its hampering my mental health and academics. These guys who are following me are also working outside campus illegaly. Is this okay? people adviec me not to complain against them bcz it'll only come back to bite me. what can i do? I dont deserve this,1773771225.0,2026-03-17T18:13:45,10,14,/r/f1visa/comments/1rwehtr/what_actions_can_i_take_against_a_stalker/,https://www.reddit.com/r/f1visa/comments/1rwehtr/what_actions_can_i_take_against_a_stalker/
1rwc518,f1visa,F1 visa process for Canadian PR,"Hi,

I wanted to ask if anyone with Canadian PR apply for F1 visa from Canada to study in USA. Can you please share your experiences with the process and the timeline? 

Thank you ",1773766402.0,2026-03-17T16:53:22,16,0,/r/f1visa/comments/1rwc518/f1_visa_process_for_canadian_pr/,https://www.reddit.com/r/f1visa/comments/1rwc518/f1_visa_process_for_canadian_pr/
1rwazne,f1visa,Got a summer 2026 internship offer at a mid-sized investment firm — worried about CPT and whether my offer is at risk. Am I overthinking this?,"I'm an F-1 junior (not a citizen/PR), so I need CPT to complete a summer internship. I recently signed an offer from a mid-sized NYC investment firm and have been quietly stressing ever since.

They never explicitly asked about my citizenship or visa status, but before issuing the offer they ran a Sterling background check and had me fill out a pre-offer questionnaire — one question asked whether I needed sponsorship now or in the future. I answered honestly, noting that I'd need CPT for this summer (sponsorship later in the future). They issued a formal written offer after all of that, which I signed. Since then I've just been told to wait.

The company was never explicitly transparent about whether they support international students or CPT. I don't really want to bring it up proactively and risk raising a flag where there isn't one.

Is it normal for work authorization / CPT paperwork to be handled closer to the start date? Given that I disclosed my situation before the offer was issued, am I at any real risk here — or am I overthinking this?",1773763978.0,2026-03-17T16:12:58,23,4,/r/f1visa/comments/1rwazne/got_a_summer_2026_internship_offer_at_a_midsized/,https://www.reddit.com/r/f1visa/comments/1rwazne/got_a_summer_2026_internship_offer_at_a_midsized/
1rwahqz,f1visa,What are the odds this USCIS processing pause gets lifted in the next ~2 months (before summer grads need OPT)?,"Hey everyone,

I wanted to get a realistic sense of what people think the timeline looks like for the current USCIS “pause” / enhanced vetting situation.

From what I’ve seen (including recent court filings like the declaration from USCIS policy leadership), it looks like:

	•     USCIS implemented a hold on certain benefit applications tied to “high-risk countries”

	•	They’ve spent the last \\\~90 days building enhanced vetting/screening systems

	•	The policy memo (PM-602-0194) requires them to issue operational guidance within 90 days (which should be around early April 2026)

However, the recent declaration still says things like “guidance is being developed” and “planning is underway,” which makes it unclear whether we’re about to see movement or more delay.

My main question:

👉 What do you all think the realistic odds are that this pause (or at least parts of it) gets lifted or eased within the next 1–2 months?

A lot of students (myself included) are graduating this summer and will need:

	•	OPT (F-1 → work authorization)

	•	or at least EAD approvals to start working

If this continues into May/June, it could seriously affect:

	•	job start dates

	•	employer willingness to wait

	•	overall career plan

Things I’m trying to understand:

	•	Does the 90-day requirement actually force USCIS to act soon, or can they delay beyond that?

	•	Historically (e.g., 2017 travel ban), how long did similar pauses last?

	•	Are employment-based / adjustment-of-status applicants likely to resume first, with OPT still delayed?

	•	Has anyone seen actual case movement yet (EADs, biometrics, approvals)?

Not looking for speculation or panic, just trying to gather informed perspectives from people tracking this closely or who’ve seen similar situations before.

Would really appreciate any insights 🙏",1773762945.0,2026-03-17T15:55:45,26,7,/r/f1visa/comments/1rwahqz/what_are_the_odds_this_uscis_processing_pause/,https://www.reddit.com/r/f1visa/comments/1rwahqz/what_are_the_odds_this_uscis_processing_pause/
1rwacbd,f1visa,Unable to create F1 appt due to previous tourist visa,"Hi would appreciate any help on this: My brother got b1/b2 recently. He applied with my mother and he was the dependent applicant. Now we want to look for visa slots for him for f1. The previous application is preventing us from doing so. What is the best and fastest way to get rid of his dependent
Thanks!",1773762617.0,2026-03-17T15:50:17,0,0,/r/f1visa/comments/1rwacbd/unable_to_create_f1_appt_due_to_previous_tourist/,https://www.reddit.com/r/f1visa/comments/1rwacbd/unable_to_create_f1_appt_due_to_previous_tourist/
1rw8juy,f1visa,A Number for Post-Completion OPT,"Hello,

I'm applying for OPT and I understand that F-1 students typically don't have an A-Number. However, my situation is a bit different I previously changed my status from H-4 to F-1, so I do have an A-Number from that time.

When I selected the option indicating I don't know or don't have an A-Number, I got a message saying my account is already verified with an A-Number. Should I enter that A-Number?

Thank you!",1773758748.0,2026-03-17T14:45:48,4,1,/r/f1visa/comments/1rw8juy/a_number_for_postcompletion_opt/,https://www.reddit.com/r/f1visa/comments/1rw8juy/a_number_for_postcompletion_opt/
1rw3odb,f1visa,Travel Risk - Civil Fare Evasion,"Hello, did anyone travel in and out of country with a civil fare evasion ticket? It is in DC and paid already. It happened a year ago. I am a phd student, and I am planning on leaving the country for a summer to collect data and come back during the summer. ",1773746232.0,2026-03-17T11:17:12,3,0,/r/f1visa/comments/1rw3odb/travel_risk_civil_fare_evasion/,https://www.reddit.com/r/f1visa/comments/1rw3odb/travel_risk_civil_fare_evasion/
1rvy4it,f1visa,STEM OPT Premium Processing + Travel Risk — Can I Leave Before Approval and Return After?,"Hi everyone,

I’m currently in a bit of a complicated situation and would really appreciate some guidance.

Timeline:

STEM OPT Filed on 25th January 2026

BIOMETRIC DONE ON 12th February 2026

PREMIUM FILED : 17th March 2026

I have a pending **STEM OPT (I-765)** application and recently upgraded to **premium processing (started March 17, 2026)**. So I’m expecting a decision within the next couple of weeks.

Unfortunately, my grandmother passed away on **March 13 in India**, and I’m trying to decide whether I should travel.

# My situation:

* STEM OPT **pending (premium processing active)**
* Valid visa and documents otherwise
* Family is asking if I can come to India

# My question:

If I:

1. Leave the U.S. **before STEM OPT approval**
2. My case gets approved while I’m in India
3. My friend ships my **EAD card to me**
4. I return to the U.S. with:
   1. EAD card
   2. STEM OPT I-
   3. Job offer / employment letter

👉 **Will I face issues re-entering the U.S**.?",1773726079.0,2026-03-17T05:41:19,9,0,/r/f1visa/comments/1rvy4it/stem_opt_premium_processing_travel_risk_can_i/,https://www.reddit.com/r/f1visa/comments/1rvy4it/stem_opt_premium_processing_travel_risk_can_i/
1rvxeu0,f1visa,F1 stamping after change of status from F2 to F1,"Hi everyone,

My wife had a change of status from f2 to f1 in Jan 2025 and we are thinking about getting her f1 visa stamped this summer. With higher scrutinies across all visa categories nowadays, I wanted to know if anyone had a similar situation recently and how did it go. Any advice would be appreciated.

Thanks in advance!!",1773723670.0,2026-03-17T05:01:10,4,2,/r/f1visa/comments/1rvxeu0/f1_stamping_after_change_of_status_from_f2_to_f1/,https://www.reddit.com/r/f1visa/comments/1rvxeu0/f1_stamping_after_change_of_status_from_f2_to_f1/
1rvx84g,f1visa,"almost no saving, but enough income","hi guys. I am a bit confused about how I can get an f1 visa as an intl undergrad student going to Us uni. total cost of attendance is roughly 65k, and problem is that we have no asset except national pension and some stocks. our annual income is 170k. What should I do?",1773723071.0,2026-03-17T04:51:11,6,0,/r/f1visa/comments/1rvx84g/almost_no_saving_but_enough_income/,https://www.reddit.com/r/f1visa/comments/1rvx84g/almost_no_saving_but_enough_income/
1rvue6i,f1visa,Passport Expires While On CPT,"I’m currently studying for my Master’s degree and am working on CPT, but I just realized my Chinese passport is about to expire in a few days (next Monday). I didn’t spot this until tonight, so I rushed and submitted a renewal application online. While I know the renewal process is fairly quick (usually less than 2 weeks), it’s still very unlikely that my new passport will be ready by next Monday. This means I’ll probably be here with an expired passport for a week or so.

What actually happens if it expires while my application is still in process? I’ve read conflicting opinions; some say it doesn’t affect anything, while others say it could terminate my status. Also, will I have to stop working immediately after my passport expires, and can I not resume until I get the new one?

Lastly, am I obligated to report the new passport to my school? Will the school notice the gap between the old expiration date and the new effective date and take action against me? I might be overthinking this, but I’m getting pretty anxious. Any tips, advice, or shared experiences would really help. Thank you!",1773714709.0,2026-03-17T02:31:49,5,2,/r/f1visa/comments/1rvue6i/passport_expires_while_on_cpt/,https://www.reddit.com/r/f1visa/comments/1rvue6i/passport_expires_while_on_cpt/
1rvsm4e,f1visa,POST COMPLETION OPT,"hello, i have job offer with start date of june 1 and im graduating in may, i dont have money to apply for OPT rn. When do you guys think is the last day i can apply without it being delayed. I’m really stressed. ",1773710073.0,2026-03-17T01:14:33,27,8,/r/f1visa/comments/1rvsm4e/post_completion_opt/,https://www.reddit.com/r/f1visa/comments/1rvsm4e/post_completion_opt/
1rvpq6v,f1visa,Has anyone on F-1 OPT with less than 12 months left on EAD been able to get a Massachusetts State ID recently?,"I’m trying to get a Massachusetts state ID from the RMV and ran into an issue, so I wanted to see if anyone else has experienced this.

I’m currently on F-1 OPT. My EAD expires in about 6 months. I went to the RMV to apply for a standard Massachusetts state ID (not REAL ID).

The officer told me the system wouldn’t let him process the application because my lawful presence remaining was less than 12 months.

What’s confusing is that I know someone on OPT with the same EAD end date as mine who got REAL ID a few months ago without any issue and I just need standard state ID not even REAL ID.

I’m wondering:
	•	Has anyone on OPT with less than 12 months left on their EAD successfully gotten a Massachusetts state ID recently?
	•	Did the RMV use your EAD, I-94, or something else for the verification?
	•	Did you have to go to a specific RMV location?",1773702895.0,2026-03-16T23:14:55,7,0,/r/f1visa/comments/1rvpq6v/has_anyone_on_f1_opt_with_less_than_12_months/,https://www.reddit.com/r/f1visa/comments/1rvpq6v/has_anyone_on_f1_opt_with_less_than_12_months/
1rvkx9b,f1visa,Manufacturing Engineering internship position question,"Hi everyone,

I have an MS in Business Analytics with a concentration in Supply Chain and I’m about to apply for my STEM OPT. I came across a Manufacturing Engineering Intern role at Lectra and was wondering if someone with my background could be considered for this type of position.

My experience is mainly in data analysis, supply chain, and process improvement, but I don’t have a traditional engineering degree.

Has anyone with a business analytics background worked in a manufacturing engineering internship before? TIA.",1773692311.0,2026-03-16T20:18:31,0,0,/r/f1visa/comments/1rvkx9b/manufacturing_engineering_internship_position/,https://www.reddit.com/r/f1visa/comments/1rvkx9b/manufacturing_engineering_internship_position/
1rvjk7u,f1visa,F1 visa renewal for grad school,"

helll,



Quick question: my F1 visa from my undergrad program expires in November 2027. I intend to start my masters program this upcoming fall at a different school. My advisor from the new school mentioned that I do not need to renew my visa as I already have one. 



Can any one confirm how accurate it is?



Any help or guidance will be appreciated!",1773689429.0,2026-03-16T19:30:29,2,0,/r/f1visa/comments/1rvjk7u/f1_visa_renewal_for_grad_school/,https://www.reddit.com/r/f1visa/comments/1rvjk7u/f1_visa_renewal_for_grad_school/
1rviipm,f1visa,Travelling to USA on F1 OPT on non profit organization,"Hello everyone,

let me tell the background so I am on my F1 post OPT and my EAD exipres in May 2026 due to some reason I had to travel to India for my reasons so I left for india in november 10 2025 and now i am planning to come back to USA in march mid around 26 march 2026.

Also want to add to it that is I am a transfer student from my previous univeristy to my current university and hold my current i20 and all doc from my current university. will be any issue while travelling or not.

Current employment documents I hold

1 SEVIS is already active

2 I Have my job offer letter from non profit organization

3 Letter of employement verification from my organization

4 I have my timesheet which i filled and work proofs as well

5 EAD card in hand

6 New valid passport as i had to renew it as it was expiering in aug 26

7 valid visa stamp in old passport

My non profit organization is based in san jose CA i am working remote so now do i need to have any proof from my organization showing any email that i am still being a volunteer with the current organization and was activily taking part while i was in india.

If anybody faced some similar situation or anyone can help plz help as i am drowed under huge debt and need advising regarding my current situation.",1773687293.0,2026-03-16T18:54:53,1,0,/r/f1visa/comments/1rviipm/travelling_to_usa_on_f1_opt_on_non_profit/,https://www.reddit.com/r/f1visa/comments/1rviipm/travelling_to_usa_on_f1_opt_on_non_profit/
1rvihs4,f1visa,Is there anyone who has gone to the USA with a F2 visa and then converted to F1?,"My husband is a mechanical engineer in a developing country with 2.7/4.0 CGPA. He has only 3 years of work experience, IELTS 7.0 and a thesis with an A. He is trying to publish something out of it.

What is the chance for him getting a full funded masters after going there through a F2 visa while I do a full funded PhD with F1? I have heard it’s more likely to get a funded masters offer if someone tries in-person. The state would be California,Davis. 

Thanks.",1773687242.0,2026-03-16T18:54:02,13,0,/r/f1visa/comments/1rvihs4/is_there_anyone_who_has_gone_to_the_usa_with_a_f2/,https://www.reddit.com/r/f1visa/comments/1rvihs4/is_there_anyone_who_has_gone_to_the_usa_with_a_f2/
1rvem1s,f1visa,What happens to the non-refundable deposit if an F1 visa gets rejected?,"Hi everyone,

I had a question about the **non-refundable enrollment deposit** that most US universities require after you receive an admit.

From what I understand, the process usually goes like this:

1. You receive an admit from the university.
2. To accept the offer, you need to pay a **non-refundable enrollment deposit**.
3. After paying the deposit, the university issues the **I-20 form**.
4. With the I-20, you can schedule and attend the **F1 visa interview**.

My question is about the situation where **the F1 visa gets rejected after the interview**, and you don't have sufficient time to re-apply for another visa interview. Since, your classes would have already began by then if you go for second interview for F1 visa. 

Since the deposit is labeled as *non-refundable*, what actually happens in this scenario?

* Do universities ever **refund the deposit if the visa is rejected**?
* Do they **defer the deposit to the next intake** instead of refunding it?
* Or is the deposit typically **lost completely** in most cases?

If anyone has experienced this personally or knows how universities usually handle this situation, I would really appreciate hearing about it.

Thanks!",1773679167.0,2026-03-16T16:39:27,2,0,/r/f1visa/comments/1rvem1s/what_happens_to_the_nonrefundable_deposit_if_an/,https://www.reddit.com/r/f1visa/comments/1rvem1s/what_happens_to_the_nonrefundable_deposit_if_an/
1rveflr,f1visa,STEM OPT RFE - (E verify details cant be validated),"I filed my STEM OPT I-765 application while working for ABC. In the application, I listed ABC as the employer but used the E-Verify number associated with XYZ, the parent/pay entity that maintains the E-Verify enrollment. Because the employer name and E-Verify number did not match in the E-Verify system, USCIS issued a Request for Evidence (RFE) asking for the correct employer name and E-Verify number as registered in E-Verify. Since filing the application, I changed employers and joined other company, updated my SEVIS record, and received a new Form I-983 and a new Form I-20 reflecting the new employer. My previous employer also provided a letter on company letterhead confirming that ABC is part of the XYZ group and that the E-Verify account is maintained under XYZ. They also shared the company’s subsidiaries list . I am not sure how to respond to the rfe, should I still explain the reason of my previous employers or just state the new employer details.",1773678785.0,2026-03-16T16:33:05,3,2,/r/f1visa/comments/1rveflr/stem_opt_rfe_e_verify_details_cant_be_validated/,https://www.reddit.com/r/f1visa/comments/1rveflr/stem_opt_rfe_e_verify_details_cant_be_validated/
1rvb9ft,f1visa,Missed May 2026 diploma application deadline - on F-1 visa. How will this effect my ability to apply for OPT?,"Hey everyone, I'm a master's student  and I missed the diploma application deadline for May 2026 graduation. I'm finishing all my credits this spring semester. But university is saying I should be applying for next grad cycle in August.

I'm wondering what are my options.

My DSO is out for the spring break.",1773671929.0,2026-03-16T14:38:49,2,0,/r/f1visa/comments/1rvb9ft/missed_may_2026_diploma_application_deadline_on/,https://www.reddit.com/r/f1visa/comments/1rvb9ft/missed_may_2026_diploma_application_deadline_on/
1rv8zse,f1visa,Reinstatement … I-539 at California Service Center… how long did yours take?,"Hey, just wanted to ask if anyone here had their I-539 processed at the California Service Center and how long it took. USCIS received mine Dec 5, 2025 and I haven’t had any updates since then. I’m honestly really anxious about it. My brother is graduating soon and going back to our home country, and he’s the one who usually drives me everywhere. I can’t get a driver’s license while my status is pending, so I’m kind of stuck right now. Just trying to get an idea from other people’s timelines.",1773666605.0,2026-03-16T13:10:05,1,0,/r/f1visa/comments/1rv8zse/reinstatement_i539_at_california_service_center/,https://www.reddit.com/r/f1visa/comments/1rv8zse/reinstatement_i539_at_california_service_center/
1rv3cla,f1visa,F-1 OPT - joining an early stage startup. What needs to be set up before starting?,"Hi everyone,

I am currently on F-1 OPT (about 9 months in) and am considering joining a very early stage startup as an engineer. I haven’t started yet.

Since the company is still setting things up, I want to make sure everything required for OPT employment is properly in place before I begin.

From my understanding, things like the following may be needed:

• Offer letter

• I-9 verification

• Payroll/paystubs

• SEVP employment reporting

• E-Verify (for STEM OPT later)

For people who have worked at small startups during OPT, what things should the company have set up before I start?

Are there any documents or compliance steps I should specifically ask the founder to prepare?

Thanks!",1773647898.0,2026-03-16T07:58:18,11,8,/r/f1visa/comments/1rv3cla/f1_opt_joining_an_early_stage_startup_what_needs/,https://www.reddit.com/r/f1visa/comments/1rv3cla/f1_opt_joining_an_early_stage_startup_what_needs/
1rv0fcs,f1visa,Can I renew visa in third country?,I'm planning to visit my best friend in Australia. My F1 visa is expired already and it's super expensive to also come back my country and renew there before coming back US. I wonder if anyone had experience renewing visa in a third country? ,1773637292.0,2026-03-16T05:01:32,4,0,/r/f1visa/comments/1rv0fcs/can_i_renew_visa_in_third_country/,https://www.reddit.com/r/f1visa/comments/1rv0fcs/can_i_renew_visa_in_third_country/
1rudkp5,f1visa,HELP!! OPT EAD category corrected (pre → post completion),"Hi everyone,

I’m getting a bit anxious about my OPT EAD case and wanted to see if anyone has been through something similar.

Timeline:

• **Oct 27, 2025** \- Applied for OPT EAD (I-765).  
• The application was mistakenly filed under pre-completion OPT instead of post-completion OPT.  
• **Dec 10, 2025** \- Upgraded to premium processing because the case wasn’t moving.  
• **Mar 1, 2026** \- I noticed the category issue and immediately contacted my DSO.  
• My DSO fixed the SEVIS record within 2 days and told me approval should come soon.

It’s now been 10+ days since the correction, but I still haven’t received an approval.

Has anyone had their OPT category corrected like this? How long did it take USCIS to approve after the fix?",1773579998.0,2026-03-15T13:06:38,14,2,/r/f1visa/comments/1rudkp5/help_opt_ead_category_corrected_pre_post/,https://www.reddit.com/r/f1visa/comments/1rudkp5/help_opt_ead_category_corrected_pre_post/
1rtoxpy,f1visa,Can we contact DHS for Sevis termination,"I just got my greencard! Contacted my university to terminate sevis but they are justtttt acting up!!! Their systems are down and I could’nt to anything! I wanna get sevis terminated immediately because I don’t wanna get pulled up to secondary whenever I travel! 

Any ways i can get my f1 status record terminated ? ",1773508338.0,2026-03-14T17:12:18,16,0,/r/f1visa/comments/1rtoxpy/can_we_contact_dhs_for_sevis_termination/,https://www.reddit.com/r/f1visa/comments/1rtoxpy/can_we_contact_dhs_for_sevis_termination/
1rtor73,f1visa,F1 Visa Sponsorship and Financial Documents Clarification,"Hi everyone. I have some clarifications about my F1 visa sponsorship and would really appreciate your guidance.

My mother has saved a fixed amount of money in my name, and I will use it as my bank statement (the amount is more than my one-year cost of attendance). But my father will be my sponsor.

In this situation, what documents does my father need to provide as the sponsor? Also, is it mandatory to show a bank statement under my father's name, or will it be acceptable if the bank statement is under my name?",1773507923.0,2026-03-14T17:05:23,3,5,/r/f1visa/comments/1rtor73/f1_visa_sponsorship_and_financial_documents/,https://www.reddit.com/r/f1visa/comments/1rtor73/f1_visa_sponsorship_and_financial_documents/
1rto7cg,f1visa,F-1 Student traveling to PR,"Hi, I’m an F-1 student flying Newark to Puerto Rico on JetBlue soon.

My passport with my U.S. visa is currently at the embassy for renewal, so I won’t have it with me. I do have:

•	another valid passport 

•	original I-20

•	printed I-94

•	printed copy of the visa page

Since Puerto Rico is domestic travel, will this be enough, or has anyone done this before?

Just a little nervous and wanted to ask.",1773506662.0,2026-03-14T16:44:22,12,1,/r/f1visa/comments/1rto7cg/f1_student_traveling_to_pr/,https://www.reddit.com/r/f1visa/comments/1rto7cg/f1_student_traveling_to_pr/
1rte5d0,f1visa,Arriving 2 Months Late to Semester on F-1 Visa Due to Visa Restamping-Dallas POE Advice?,"Hi everyone,

I’m an F-1 student traveling back to the U.S. soon and entering through Dallas. My semester started about 2 months ago, but I’m arriving late because my visa had to be re-stamped after it was damaged.

This is also my last semester, and I only have  one subject left to complete my program.

I’ve been in constant contact with my university’s OIE and my professor. They were very supportive of the situation and confirmed that I’m still enrolled this semester. They also advised me to carry a printout showing my current semester enrollment.My professor also been very supportive and be told me that he’ll conduct make-up test when I arrive.

Has anyone entered the U.S. this late into the semester before? How strict are CBP officers about this situation at the port of entry? Any tips on what else I should carry or be prepared to answer?

Your response would be appreciated…Thanks in advance!",1773477158.0,2026-03-14T08:32:38,0,1,/r/f1visa/comments/1rte5d0/arriving_2_months_late_to_semester_on_f1_visa_due/,https://www.reddit.com/r/f1visa/comments/1rte5d0/arriving_2_months_late_to_semester_on_f1_visa_due/
1rtc2u3,f1visa,Does monthly stipends (from Graduate Assistantship position) include in the funding showing on i20?,"Hi, I received offer for a GA position with the contract of one year, tuition waiver and monthly stipends. I'm wondering if the monthly stipends will be mentioned in i20 as Funds from University or a type of Scholarship so that it can decrease the personal fund I need to show?

Anyone have an i20 with GA please help shed some light on this for me. Thank you in advance!",1773469665.0,2026-03-14T06:27:45,5,0,/r/f1visa/comments/1rtc2u3/does_monthly_stipends_from_graduate_assistantship/,https://www.reddit.com/r/f1visa/comments/1rtc2u3/does_monthly_stipends_from_graduate_assistantship/
1rtb9qc,f1visa,Stayed in part-time OPT position because manager promised I can take over their role and my visa would be sponsored,"This post is for my girlfriend of a year and a half, not me personally. 

My girlfriend has been working for the UVU Autism Center since her sophomore year of college (2022). She’s been there longer than her direct manager who is the program director. 

Before she graduated in May 2025, her manager encouraged her to stay in her current role (part-time 30 hours a week) because he has planned to quit in May of 2026 after getting his master’s degree for several years now. He he made all sorts of hints that she would be next in line for his position, that he can’t see anyone else taking over their role, etc. No written job offer, but she was literally told “we’ll start training you in November” etc. So she stayed. Against her better judgement, and the opportunity to work full-time over the last YEAR to save money before going back to her home country or maybe finding a salary position, she stayed at this job in hopes that her boss was truthful to his word. 

Since she works at a university it would’ve been easier for them to get her an H1B visa since they’d be except from the $100,000 fee. There is also no written policy that only faculty roles are sponsored, although the university’s lawyer did admit that staff sponsorships were less common but not unheard of. 

At the very last second (like in the last 2 weeks) it became clear that her manager would be holding on to the job he has as her manager. Her OPT expires May 4th and she’s not eligible for STEM OPT.

This manager had my girlfriend do a bunch of extra responsibilities that other people with her job title never have to do. She was also training an intern without any guidance (lots of extra work). She’d often complain about how she didn’t have time for a lunch break during an 8 or 9+ hour shift, for example. Her direct manager and his higher up never took take her compensation seriously. She had a small raise promised to her in May 2025 and she didn’t get it until late October after months of back and forth (mind you, she was working at the same pay rate for years despite acquiring lots of those extra responsibilities in preparation for “taking over” her manager’s job). 

Is there like a reporting agency for this sort of worker abuse? Her job basically used her the last year under the promise of sponsoring her visa. She bent over backwards for them. Her boss then proceeded to screw her over big time. My life’s been affected significantly, although we’re both content with the fact that she may be leaving. ",1773466853.0,2026-03-14T05:40:53,5,5,/r/f1visa/comments/1rtb9qc/stayed_in_parttime_opt_position_because_manager/,https://www.reddit.com/r/f1visa/comments/1rtb9qc/stayed_in_parttime_opt_position_because_manager/
1rt9xfe,f1visa,Change of status from F2 to H-1b cap-exempt,I have a question hope you can help. I have an employer trying to help me with visa. Should we worry about the minimum period of time we enter the US on F2 and the time we fill change of status? Does it should be at least 90 days on F2 before change of status or can fill immediately? Thank you so much!  ,1773462467.0,2026-03-14T04:27:47,3,0,/r/f1visa/comments/1rt9xfe/change_of_status_from_f2_to_h1b_capexempt/,https://www.reddit.com/r/f1visa/comments/1rt9xfe/change_of_status_from_f2_to_h1b_capexempt/
1rt9nvf,f1visa,Severe Financial Hardship suggestion,"F1 student come to x university and then transfer to y community college. total study time 2.5 year (recent college 1.5 year) 

my sponsor is my mother who was paying my education for last 2.5year through a loan and we have some political situation that cancelled out the loan and my mom is paying for the loan now($200).

 my mother monthly income is around $500 she's paying 200 for loan 150 for my younger brother education ad 150 for bills and groceries. my father lost his job and now he's getting $20 monthly.

 I did on campus job in my last institution but after coming to y college i applied more than 20 jobs but rejected Everytime. I applied for personal loan from usa $2500(monthly 92) credit card balance 4.5k. recently booked a flight ticket from airline miles and $480 + $70 interested Total 550(monthly 46) for root canal it cost around 200 in my country. currently living with roommates monthly rent and bills 500 and college tuition 580monthly. suggest me what should i need to do in this situation. ",1773461636.0,2026-03-14T04:13:56,19,0,/r/f1visa/comments/1rt9nvf/severe_financial_hardship_suggestion/,https://www.reddit.com/r/f1visa/comments/1rt9nvf/severe_financial_hardship_suggestion/
1rt8foo,f1visa,Employer won’t allow unpaid leave during OPT → CPT gap,"Hello everyone, I truly need help and would deeply appreciate any advice.

My OPT ends on 3/22. I was working with my company regarding Day 1 CPT, but it took them almost two months to confirm their decision. During that time, I applied to schools with a 3/16 start date to avoid any gap. Unfortunately, because of the delay, I am no longer able to enroll in those programs.

The earliest programs I can now find start on 4/6, which creates a two-week gap between my OPT end date and CPT start date.

The problem is my boss has said he will not support two weeks of unpaid leave and has indicated that I may be terminated if I cannot continue working during that gap.

I am extremely stressed and honestly feel lost about what to do. If anyone has experienced something similar or knows any possible solution, please please share your advice. I would be incredibly grateful for any help.

Thank you so much.",1773457950.0,2026-03-14T03:12:30,10,1,/r/f1visa/comments/1rt8foo/employer_wont_allow_unpaid_leave_during_opt_cpt/,https://www.reddit.com/r/f1visa/comments/1rt8foo/employer_wont_allow_unpaid_leave_during_opt_cpt/
1rt6lo8,f1visa,Stem opt biometric screening,"Hi All, I have received biometric screening today for my stem opt application. The initial date was April 1, 2026, I rescheduled to March 16, 2026. But I am not able to see the notice with the updated date and time yet. Any idea how long it will take or where to check for the same?",1773452833.0,2026-03-14T01:47:13,2,0,/r/f1visa/comments/1rt6lo8/stem_opt_biometric_screening/,https://www.reddit.com/r/f1visa/comments/1rt6lo8/stem_opt_biometric_screening/
1rt62hn,f1visa,"F1 visa, finishing master’s in Dec 2026 but visa valid till June 2028 – is this a problem?","Hi everyone, I need some advice about my F1 status and study history.

•I came to the USA on F1 in August 2023.

•After 1 year, I changed my university, but my old credits did not transfer, so I basically started again.

•In 2025 I took a 4‑month break from studying.

•Now this year I am thinking to take another 4‑month break, but I am scared it may be a problem for my F1 status and future OPT/H‑1B.

My questions:

•Is it safe on F1 to take another 4‑month break like this?

•Does changing universities + lost credits + taking breaks create problems with “normal academic progress”?

•What should I talk about with my international office/DSO, and what documents should I keep to show I am following the rules?

Any guidance or similar experiences would really help. I don’t want to mess up my OPT or H‑1B chances in the future. Thanks!",1773451387.0,2026-03-14T01:23:07,2,0,/r/f1visa/comments/1rt62hn/f1_visa_finishing_masters_in_dec_2026_but_visa/,https://www.reddit.com/r/f1visa/comments/1rt62hn/f1_visa_finishing_masters_in_dec_2026_but_visa/
1rt4k26,f1visa,is f-1 approval affected by non-STEM degree right now?,"asking for masters, coming from **global south** country.

is it panic or will they reject my f-1 if I'm applying for a non-STEM degree?

added context: when I was applying, the uni recommended I apply for a double degree in my first semester, which would then meet my STEM requirements, and is what international students normally do when they get there. ",1773447436.0,2026-03-14T00:17:16,6,0,/r/f1visa/comments/1rt4k26/is_f1_approval_affected_by_nonstem_degree_right/,https://www.reddit.com/r/f1visa/comments/1rt4k26/is_f1_approval_affected_by_nonstem_degree_right/
1rsd08j,f1visa,Travelling while post-completion – OPT application is pending,My DSO is refusing to sign my I– 20 until my EAD is approved. Is the DSO being overly cautious? Can I keep pushing for that signature so that I can travel? I’m currently at the stage of waiting for my biometrics appointment information and I don’t think my EAD will be approved by my intended travel time.,1773374163.0,2026-03-13T03:56:03,6,0,/r/f1visa/comments/1rsd08j/travelling_while_postcompletion_opt_application/,https://www.reddit.com/r/f1visa/comments/1rsd08j/travelling_while_postcompletion_opt_application/
1rs872g,f1visa,Would a community day health rotation require CPT?,"Hey there. I am an international student in a nursing program. Each semester, we have 8 clinical rotations: 6 of them take place in a  hospital and 2 of them are in a non-profit retirement community. I obtained CPT authorization for the 6 hospital clinical rotations at the beginning of the semester. 

However, when I asked my advisor about the 2 community health rotations, they told me that I would not need CPT for those since they are less of a clinical setting and that I do not need to further discuss it with our international student department. 

I would like to avoid violating my status as much as I could and I’m not sure if the advisor is misinformed or if I’m being overly cautious. Should I reach out to the DSO anyway? Any help is greatly appreciated. ",1773361101.0,2026-03-13T00:18:21,1,0,/r/f1visa/comments/1rs872g/would_a_community_day_health_rotation_require_cpt/,https://www.reddit.com/r/f1visa/comments/1rs872g/would_a_community_day_health_rotation_require_cpt/
1rs6px7,f1visa,Fined by CBP for forgetting to declare food,I got fined by CBP for failing to declare food (it was a ham sandwich). I was traveling with my gf and helping her carry the food so I didn't know what was actually in the bag. I know I messed up and it's completely my fault and I got find $175. Is this going to affect my visa and am I going to be put into secondary a lot more now when I travel? Would appreciate any insights.,1773357532.0,2026-03-12T23:18:52,4,4,/r/f1visa/comments/1rs6px7/fined_by_cbp_for_forgetting_to_declare_food/,https://www.reddit.com/r/f1visa/comments/1rs6px7/fined_by_cbp_for_forgetting_to_declare_food/
1rs0v0b,f1visa,Is it risky for an F1 student to return a few days after spring break ends,"I'm an F-1 undergraduate student set to graduate this May. Is it usually okay if I travel before the official spring break starts and return a couple of days (maybe two) after classes resume? I'll be traveling to korea and japan during the break. As long as I bring my visa, passport, and I-20, should I be fine or is this risky these days? I haven't traveled outside the states since 2024 so I got curious.   
My visa expires in jan 2028 and my passport is valid until around 2031 and I am from one of the countries I plan to visit.",1773344423.0,2026-03-12T19:40:23,5,0,/r/f1visa/comments/1rs0v0b/is_it_risky_for_an_f1_student_to_return_a_few/,https://www.reddit.com/r/f1visa/comments/1rs0v0b/is_it_risky_for_an_f1_student_to_return_a_few/
1rrybe4,f1visa,Pre-Comp OPT Question,"So, I submitted my pre-comp OPT on November 12 with PP, but I haven’t heard anything back yet. I already lost the job offer, so I feel like there is no other option for me to do, but to retract this application and send in a post-comp OPT application so I have it by the time I graduate this spring. I have a couple of questions:

1. Would I be eligible for a PP refund since I didn’t receive any update in the first 30 days? 

2. How would I go about retracting this application and how long does this usually take? 

3. Their website says most applications should be done within 4.5 months. Mine has been submitted for almost 4 months, should I continue and hope I’ll get it soon, or just retract it? 

4. If I do decide to continue, how would I go on moving this to tier 2 officer or do anything about speeding it up/complaining about this? 

P.S.: My country is one of the 75 new countries that have been slightly restricted (I.e. no new visas, etc.) ",1773338930.0,2026-03-12T18:08:50,11,2,/r/f1visa/comments/1rrybe4/precomp_opt_question/,https://www.reddit.com/r/f1visa/comments/1rrybe4/precomp_opt_question/
1rrxued,f1visa,Should I accept a job offer even if they won’t sign the I-983 form?,"I recently went through a background screening for a position at the Florida Department of Health, and they invited me to join for six months. However, they also told me that their department does not sign the I-983 form. My current OPT expires in September 2026, and I need to file for my STEM extension 90 days before that, which means I need a new employer by then to sign it. I’m really torn—should I take this position for the experience, or should I keep looking? My OPT timeline is tight, and I need to decide if this is worth the risk. What do you all think?”",1773337926.0,2026-03-12T17:52:06,10,0,/r/f1visa/comments/1rrxued/should_i_accept_a_job_offer_even_if_they_wont/,https://www.reddit.com/r/f1visa/comments/1rrxued/should_i_accept_a_job_offer_even_if_they_wont/
1rrwknb,f1visa,Travel to Canada while STEM OPT pending?,"Hi everyone,

I’m a Canadian citizen on OPT and will apply for STEM OPT soon. I live near the border and sometimes drive to Canada.

Is it safe to travel to Canada and re-enter the U.S. while the STEM OPT application is pending?

Has anyone done this recently?

Thanks! 🙏",1773335217.0,2026-03-12T17:06:57,0,0,/r/f1visa/comments/1rrwknb/travel_to_canada_while_stem_opt_pending/,https://www.reddit.com/r/f1visa/comments/1rrwknb/travel_to_canada_while_stem_opt_pending/
1rrtktb,f1visa,Traveling with i20 and F-1 visa expiring around same time,"Hello everyone,   
My visa and i20 will be expiring around same time in summer 2027.   
I would like to know if it would be ok to travel internationally in December 2026, and re-enter USA without hinderances.   
What is the 5 month rule? Is it that the visa should be valid for more than 5 months or the i20 or the passport?  ",1773328726.0,2026-03-12T15:18:46,7,0,/r/f1visa/comments/1rrtktb/traveling_with_i20_and_f1_visa_expiring_around/,https://www.reddit.com/r/f1visa/comments/1rrtktb/traveling_with_i20_and_f1_visa_expiring_around/
1rrrfnf,f1visa,Which address to report in SEVP portal for remote work?,"# Which address to report in SEVP portal for remote work? 

  


So my employer office address is in state Michigan, but I am working from my home in the state New Jersey .

In the SEVP portal there is a field  **Employer Address** , under which it says:  *Enter the address where you work. I have put my employer address from the last 8 months and when my job responsibilities changed and I have reported to my DSO so my DSO updated the employer address to my home address where I perform the job duties.*

My DSO says report Employer Office address in NJ, but it was Detroit address from the last 8 months.   
Can anyone please clarify this to me.  
Thank you ",1773323793.0,2026-03-12T13:56:33,5,0,/r/f1visa/comments/1rrrfnf/which_address_to_report_in_sevp_portal_for_remote/,https://www.reddit.com/r/f1visa/comments/1rrrfnf/which_address_to_report_in_sevp_portal_for_remote/
1rrpdxy,f1visa,Delay notifications to DSO regarding change in position SEVIS record issue,"Hi,
Sorry for long post but stressing a bit about this. Currently I am studying for PhD under day 1 CPT option. During my OPT after master's I failed to respond to my university regarding change of employment and I was notified by my employer my SEVIS was terminated. I contacted my university regarding reactivation of this but I20 was not provided. Currently I am asking them to give this document but since I am out of that university for more than 5 years , they are unable to provide me this. Now jump to this month of March 2025, I started my new job with same company in a different location and failed to report it to my DSO about change of employment title. I did inform about change of address. I am emailing my current DSO for day 1 CPT university PHD program. Since I started my job in January but now requesting this change, can I ask my DSO to change the employment date back to January!?

Will my SEVIS be terminated!?
What happens when in past in year 2020 SEVIS was terminated but I20 was not provided. Is there any issues I will face during this upcoming H1B lottery?!

Late notification of change of employment can cause any issues with my current F1 visa and H1B lottery!? If there is anyone who has faced such issues please share.
 I am stressing a lot on this. ",1773318402.0,2026-03-12T12:26:42,5,0,/r/f1visa/comments/1rrpdxy/delay_notifications_to_dso_regarding_change_in/,https://www.reddit.com/r/f1visa/comments/1rrpdxy/delay_notifications_to_dso_regarding_change_in/
1rrg38j,f1visa,NJ HCC Coverage Exemption,"Has anyone on OPT/STEM OPT claimed NJ health insurance mandate coverage exemption with A-3 code? If so, please provide more details on the process.",1773286750.0,2026-03-12T03:39:10,0,0,/r/f1visa/comments/1rrg38j/nj_hcc_coverage_exemption/,https://www.reddit.com/r/f1visa/comments/1rrg38j/nj_hcc_coverage_exemption/
1rr66z0,f1visa,Changing employers while STEM OPT decision is still pending,"Wanted to know if I have to get the i983 done and submitted to the dso and get the new i20, all this before starting my new job.

Or can I get the sevis updated in the first 19 days after starting my job?

Whats the right way to go about this!
( DONT WANT TO VIOLATE ANY RULES AND WANT TO DO THE RIGHT THING TO GET STEM APPROVED)",1773262660.0,2026-03-11T20:57:40,0,0,/r/f1visa/comments/1rr66z0/changing_employers_while_stem_opt_decision_is/,https://www.reddit.com/r/f1visa/comments/1rr66z0/changing_employers_while_stem_opt_decision_is/
1rqv9eo,f1visa,Change of Sponsor from I20/financial aid letter to Ds-160/interview,"I recently got into a university with financial aid covering 84k of 95.5k total costs. The breakdown fir the remaining 11.5k was:

3.5k parent contribution from my mother

6k contribution from relative

2k on campus work

While applying i had indicated that my uncle would pay 6k towards my education, but since that has changed and he cannot do so anymore. So now my mother is funding my education excluding the on campus work of course. So she would be the one paying 9.5k.

The issue is though that the financial aid office now is refusing to change the financial aid letter to show this, and the DSO has told me they cannot change the I-20 until the financial aid office changes the letter.

What should I do in this situation, should I go ahead and apply with the same letter and I-20? I have heard that it shouldn’t be an issue so long as the total amount matches and I can show that my mother can fund it. Or is it a larger issue and I should try the financial aid office again and again?",1773239254.0,2026-03-11T14:27:34,2,0,/r/f1visa/comments/1rqv9eo/change_of_sponsor_from_i20financial_aid_letter_to/,https://www.reddit.com/r/f1visa/comments/1rqv9eo/change_of_sponsor_from_i20financial_aid_letter_to/
1rqv6ic,f1visa,Change of sponsor from I-20/financial aid letter to Ds 160/interview,"I recently got into a university with financial aid covering 84k of 95.5k total costs. The breakdown fir the remaining 11.5k was:

3.5k parent contribution from my mother

6k contribution from relative

2k on campus work

While applying i had indicated that my uncle would pay 6k towards my education, but since that has changed and he cannot do so anymore. So now my mother is funding my education excluding the on campus work of course. So she would be the one paying 9.5k.

The issue is though that the financial aid office now is refusing to change the financial aid letter to show this, and the DSO has told me they cannot change the I-20 until the financial aid office changes the letter.

What should I do in this situation, should I go ahead and apply with the same letter and I-20? I have heard that it shouldn’t be an issue so long as the total amount matches and I can show that my mother can fund it. Or is it a larger issue and I should try the financial aid office again and again?",1773239071.0,2026-03-11T14:24:31,0,0,/r/f1visa/comments/1rqv6ic/change_of_sponsor_from_i20financial_aid_letter_to/,https://www.reddit.com/r/f1visa/comments/1rqv6ic/change_of_sponsor_from_i20financial_aid_letter_to/
1rqmlb2,f1visa,Leaving USA without job offer during opt,Is it risky to leave the USA and come back with OPT Ead but without a job offer?,1773211937.0,2026-03-11T06:52:17,9,12,/r/f1visa/comments/1rqmlb2/leaving_usa_without_job_offer_during_opt/,https://www.reddit.com/r/f1visa/comments/1rqmlb2/leaving_usa_without_job_offer_during_opt/
1rqm9or,f1visa,do canadian citizen F1 students need to register with USCIS (coming for associates degree 2 -4 year program),"Thank you 

As well, a secondary question for those who are in the no Canadian citizens for a initial college student and associates degree program will inform I 20 and the F1 status valid for two years or valid for four years most associates degrees are folded into a four year bachelor however I’m not sure if that is indicated on the I 20 and the F1 visa status thank you very much for your answers ",1773210725.0,2026-03-11T06:32:05,6,2,/r/f1visa/comments/1rqm9or/do_canadian_citizen_f1_students_need_to_register/,https://www.reddit.com/r/f1visa/comments/1rqm9or/do_canadian_citizen_f1_students_need_to_register/
1rqkt22,f1visa,Flying to another State as an F1 OPT Student,"Hello everyone! I am an F1 Student currently on OPT. I am from the West Coast and will be travelling to the East Coast this week for a vacation. This is my first time flying since being a student. Do I need to bring any paperwork for a domestic flight? I have a driver's license with the federal star on it. Aside from the I-20 and passport, what other paperwork should I bring? ",1773205704.0,2026-03-11T05:08:24,12,2,/r/f1visa/comments/1rqkt22/flying_to_another_state_as_an_f1_opt_student/,https://www.reddit.com/r/f1visa/comments/1rqkt22/flying_to_another_state_as_an_f1_opt_student/
1rqjjoy,f1visa,Opening Business Account,"Hello,

Currently I am in F1 initial opt. Recently I have opened a LLC for running a retail store. If I open business bank account. Is there any problem in future?

Note: I don’t work in my company. I have hired a manager who is handling the retail store.",1773201810.0,2026-03-11T04:03:30,3,0,/r/f1visa/comments/1rqjjoy/opening_business_account/,https://www.reddit.com/r/f1visa/comments/1rqjjoy/opening_business_account/
1rqj5mx,f1visa,Asking for F1 renew experience,"Hi, I'm currently a student , I transfer from community college to uni. My visa exp date is dec 2025. And I want to go back to my home country this may 2026. Anyone have any experiences about the renew process recently? Tysm",1773200668.0,2026-03-11T03:44:28,0,0,/r/f1visa/comments/1rqj5mx/asking_for_f1_renew_experience/,https://www.reddit.com/r/f1visa/comments/1rqj5mx/asking_for_f1_renew_experience/
1rqfihc,f1visa,Travel Advice/Suggestions,"I’m traveling with a friend to Mumbai, India for a week for personal reasons. He is an MBA student who will be graduating in may 2026 and I’m a working professional on my first year of stem opt. We have all the updated documents with us but are concerned if traveling now would be a good choice or not?

Also, my friend’s passport expires in oct 2026. Document list:

\- updated i20

\- EAD card 

\- i94

\- employment verification letter

\- pay stubs

I would appreciate any advice or cautions we need to take before travel. Also, if anyone has travel recently, can you please share your experience at JFK immigration?",1773190849.0,2026-03-11T01:00:49,0,2,/r/f1visa/comments/1rqfihc/travel_advicesuggestions/,https://www.reddit.com/r/f1visa/comments/1rqfihc/travel_advicesuggestions/
1rqd1yf,f1visa,Third party payroll service provider cannot onboard me. Help!,I have a job offer from a Europe based startup. They are expanding in the US and use a third party payroll service provider. I am on initial OPT and have an approved EAD but the payroll provider is refusing to onboard me as I am entering my sixth year on F-1 visa (I was a PhD student for the first five years) and will be a resident alien. Has anyone been through situation? What could be a possible workaround? Please help!,1773184825.0,2026-03-10T23:20:25,3,0,/r/f1visa/comments/1rqd1yf/third_party_payroll_service_provider_cannot/,https://www.reddit.com/r/f1visa/comments/1rqd1yf/third_party_payroll_service_provider_cannot/
1rqbg3k,f1visa,Need Guidance: Employer Won’t Complete Form I-983 for STEM OPT During Hiring,"Hi everyone,

I’m an international MPH graduate and currently on OPT valid until September 2026. I recently reached the second phase of a hiring process with the Florida Department of Health.

During background screening, they told me that their organization does not complete Form I-983, which is required for STEM OPT extension. They asked me to get confirmation from the university that the form is not required.

I’m confused because:

	•	I haven’t been hired yet.

	•	For STEM OPT, the employer is supposed to complete Form I-983.

	•	I don’t know if I should continue pursuing this job, or start looking for another STEM OPT-eligible employer.

Has anyone faced something similar, especially with government or public health employers?

	•	How did you handle it?

	•	Is there any way to get around this or alternative solutions?

	•	Should I continue with this employer or focus on finding another one?

Any advice would be really appreciated — I’m feeling a bit stuck and unsure what steps to take next.

Thanks in advance!",1773181110.0,2026-03-10T22:18:30,17,1,/r/f1visa/comments/1rqbg3k/need_guidance_employer_wont_complete_form_i983/,https://www.reddit.com/r/f1visa/comments/1rqbg3k/need_guidance_employer_wont_complete_form_i983/
1rqbey3,f1visa,STEM OPT RFE - Biometrics: Upload Online/ Mail Evidence/ Both. Any suggestions?,"Hi everyone, I am currently navigating a STEM OPT RFE and have my biometrics appointment scheduled for tomorrow. I’m a bit conflicted on the best way to submit my evidence; my physical RFE notice instructs me to mail the response, but my USCIS online portal still shows the 'Respond to RFE' upload button. I’m wondering if anyone has recently dealt with this and can recommend whether uploading online is faster/preferred over mailing, or if I should consider doing both to be safe.I'm leaning towards doing both just to be safe, but I don't want to confuse the officer. Any recent experiences would be super helpful. Thanks!""",1773181033.0,2026-03-10T22:17:13,4,2,/r/f1visa/comments/1rqbey3/stem_opt_rfe_biometrics_upload_online_mail/,https://www.reddit.com/r/f1visa/comments/1rqbey3/stem_opt_rfe_biometrics_upload_online_mail/
1rqawun,f1visa,Can I renew my Texas driver license while OPT EAD is pending with RFE?,"My OPT EAD currently has an RFE, and I have a biometrics/photo verification appointment tomorrow. My Texas driver’s license has already expired. Can I try to renew my license while the EAD is still pending, or do I need to wait until it is approved? Do I also need to wait until the physical EAD card arrives before renewing?",1773179918.0,2026-03-10T21:58:38,2,3,/r/f1visa/comments/1rqawun/can_i_renew_my_texas_driver_license_while_opt_ead/,https://www.reddit.com/r/f1visa/comments/1rqawun/can_i_renew_my_texas_driver_license_while_opt_ead/
1rqasg6,f1visa,OPT replacement Card,"Lost my opt card and applied for replacement on Feb 4, 2026, still it's just showing as case received but no progress bar too, did anyone apply the same recently in last 6 months, please share your timeline if possible ",1773179640.0,2026-03-10T21:54:00,0,2,/r/f1visa/comments/1rqasg6/opt_replacement_card/,https://www.reddit.com/r/f1visa/comments/1rqasg6/opt_replacement_card/
1rqaleh,f1visa,"F1 Visa ""Renewal"" Question and Processing Time Experiences","Hi everyone,

  
I'm a 4th-year PhD student in the US on an F-1 visa (for context, I'm Indian). My F1 visa expires next year (July 2027—it was issued in 2022) and I was planning on renewing it this summer since I'm traveling to India anyway (for context, it will be in Delhi). There are no clear guidelines as to when you can (or should start the process again). Since there's no renewal process and I have to do it all over again, I'm wondering if there is a recommended period when I should do the entire F1 application process again?

The international office at my university basically said there are no guidelines and I can do it anytime. Since there is no 'official' timeline or guidelines around this, they can't really say anything.

I understand that I can stay in the US and finish my program without even if the visa expires and as long as my I-20 is valid. But I would like to travel (to India and elsewhere over the next three years).  
  
Is there a reason I shouldn't apply this summer (one year before it expires). Should I wait until May 2027?  
  
Also, if you've applied for an F1 visa recently (Jan-March 2026), how has your experience been? How long was the wait time? I'm asking because if I decide to renew it this summer, I'd want to factor in processing times and plan my trip accordingly so I'm back before the semester begins again. Thanks in advance for your help.",1773179196.0,2026-03-10T21:46:36,5,3,/r/f1visa/comments/1rqaleh/f1_visa_renewal_question_and_processing_time/,https://www.reddit.com/r/f1visa/comments/1rqaleh/f1_visa_renewal_question_and_processing_time/
1rq6v8n,f1visa,Renewing F-1 visa before expiration,"Hi everyone,

I’m currently in the U.S. on an F-1 visa that is still valid (not expired), and I’m planning to renew it for my graduate program. I already managed to get an interview date in my home/resident country(Asia). Can I renew it from USA or Cananda or Argentina or Mexico?

My question is: if my new visa application gets rejected, would I still be able to travel using my current visa since it hasn’t expired yet?

I’m hoping it wouldn’t get rejected, but you know… it’s the U.S. visa process 

Because of that, I’m also wondering if it might be better to fly back immediately while my current visa is still valid, instead of waiting another 1–2 months to reapply.

Has anyone been in a similar situation or knows how this usually works?

Thanks in advance!",1773171181.0,2026-03-10T19:33:01,2,2,/r/f1visa/comments/1rq6v8n/renewing_f1_visa_before_expiration/,https://www.reddit.com/r/f1visa/comments/1rq6v8n/renewing_f1_visa_before_expiration/
1rq3nlc,f1visa,"Didn't Receive Ssn, it has been 20 days.",I am on f1 opt and applied for ssn 20 days. But still haven't received it yet. Anyone faving same.l issue?,1773164423.0,2026-03-10T17:40:23,11,1,/r/f1visa/comments/1rq3nlc/didnt_receive_ssn_it_has_been_20_days/,https://www.reddit.com/r/f1visa/comments/1rq3nlc/didnt_receive_ssn_it_has_been_20_days/
1rq1ym3,f1visa,SSN issue timing,"Hi guys, 

I have applied for ssn on 2/17. (opt) Today is 3/10 and I still did not receive it yet. How long does it take usually ",1773160854.0,2026-03-10T16:40:54,8,2,/r/f1visa/comments/1rq1ym3/ssn_issue_timing/,https://www.reddit.com/r/f1visa/comments/1rq1ym3/ssn_issue_timing/
1rpz8sh,f1visa,How long does premium processing take for replacement EAD?,"Previously, USCIS sent out my EAD card however, USPS lost it in the mail. So, I have filed for my replacement EAD card on **Jan 30, 2026**. Till date, I haven't seen any update on my replacement application. Meanwhile, I have received a job offer, however, the HR won't onboard me without the physical EAD copy (even though I know I could start working with receipt notice for 90 days). Now, I have started premium processing on **March 04, 2026.** I am writing this post asking people who have done **premium processing,** how long did it take you to receive approval, card produced notification, and finally receive the physical EAD?

URGENT, please reply.",1773154794.0,2026-03-10T14:59:54,8,3,/r/f1visa/comments/1rpz8sh/how_long_does_premium_processing_take_for/,https://www.reddit.com/r/f1visa/comments/1rpz8sh/how_long_does_premium_processing_take_for/
1rpux9v,f1visa,Can we schedule visa interview prior to 120 days of program start date?,"Hello everyone,
So I scheduled my visa interview today for April 1 and when reading the confirmation page I see following:

Now I'm confused whether I should reschedule or just give the interview. 
Anyone with answers please help.
Thank you.",1773143800.0,2026-03-10T11:56:40,3,0,/r/f1visa/comments/1rpux9v/can_we_schedule_visa_interview_prior_to_120_days/,https://i.redd.it/y31evihvi7og1.jpeg
1rptad3,f1visa,All US embassies suspended in the Region,"Hello everyone, I live in Saudi Arabia and have an offer from an Ivy League school to study my masters this fall in the US. 

Due to the current situation all the US embassies and consulates have been suspended for visa processing. Is there anything I can do?? 

Been stressing for over a week now since all the BS has been happening here. ",1773138530.0,2026-03-10T10:28:50,27,9,/r/f1visa/comments/1rptad3/all_us_embassies_suspended_in_the_region/,https://www.reddit.com/r/f1visa/comments/1rptad3/all_us_embassies_suspended_in_the_region/
1rpnswi,f1visa,Cannot Submit DS-160 Application for F-1 Visa Renewal: Technical Issue With Passport Photo Submission,"Hello, everyone. I'm very new to this sub and Reddit, so apologies if I seem green. I was filling out my DS-160 form over the weekend so I could apply for a F-1 visa renewal this summer. I am almost done with the form, except for the passport photo submission step, where I get the following error whenever I try to submit my photo:  
""Error: There was an error processing the request.""

I firstly assumed this was an issue with my browser. I have tried both Firefox, Google Chrome and Microsoft Edge, where I'm still seeing the same error. Has anyone else experienced this problem recently? I'm assuming there's just server back-end maintenance happening right now with whatever verification tool is being used for visa photos.",1773118471.0,2026-03-10T04:54:31,2,1,/r/f1visa/comments/1rpnswi/cannot_submit_ds160_application_for_f1_visa/,https://www.reddit.com/r/f1visa/comments/1rpnswi/cannot_submit_ds160_application_for_f1_visa/
1rpnlm0,f1visa,DS 160 - Country/region what to provide here,"Hi Everyone, I have a question on DS 160 form, I am Indian passport holder renewed my passport from Canada and it has place of issue Toronto. During submission of form it ask where was the passport/travel document issued ??? Since this issuing authority is Govt of India but place of issue is Toronto so does this confusion. What should I add in country/region under this section.

Thanks in advance",1773117805.0,2026-03-10T04:43:25,2,1,/r/f1visa/comments/1rpnlm0/ds_160_countryregion_what_to_provide_here/,https://www.reddit.com/r/f1visa/comments/1rpnlm0/ds_160_countryregion_what_to_provide_here/
1rpnjca,f1visa,volunteering on opt,I am on my initial opt and provided a offer letter from Ngo to stop the clock but I did not get a chance to work in any project. Will I get a rfe on my stem application? If yes whats the best possible way to handle it..?,1773117601.0,2026-03-10T04:40:01,2,0,/r/f1visa/comments/1rpnjca/volunteering_on_opt/,https://www.reddit.com/r/f1visa/comments/1rpnjca/volunteering_on_opt/
1rpmdb2,f1visa,Did the officer ask for your expired passport during your F1 interview/renewal?,"Hey everyone,

I’m currently preparing for my F1 visa interview and I’m seeing some conflicting info regarding old passports. I’m wondering how often the Consular Officer (CO) actually asks to see it.

From what I’ve gathered online:

1. If your old passport contains a previous US visa (even if it's expired or for a different category), it seems like it's absolutely necessary to bring it.

2. Some sources mention that the CO might want to see the old passport to verify your overall travel history and previous entry/exit stamps.

Any recent experiences would be super helpful!

Thanks in advance!",1773114104.0,2026-03-10T03:41:44,3,0,/r/f1visa/comments/1rpmdb2/did_the_officer_ask_for_your_expired_passport/,https://www.reddit.com/r/f1visa/comments/1rpmdb2/did_the_officer_ask_for_your_expired_passport/
1rpkqtw,f1visa,STEM OPT Promotion,I got a promotion a few months ago. I reached out to my DSO and they told me to submit a new I-983 since my responsibilities had changed. I reported it within the 10 days and submitted the new form to my DSO. Yesterday I realized that I didn’t update my title or job description in the SEVP portal. What should I do?,1773109675.0,2026-03-10T02:27:55,5,1,/r/f1visa/comments/1rpkqtw/stem_opt_promotion/,https://www.reddit.com/r/f1visa/comments/1rpkqtw/stem_opt_promotion/
1rpi6x1,f1visa,UW-Madison ISS OPT eligibility interpretation — affecting visiting students and transfers. Anyone else?,"I'm an F-1 student who studied at multiple SEVP-certified institutions (full-time throughout) before returning to UW-Madison to finish my bachelor's. UW-Madison ISS says any **SEVIS education level change or school switch resets OPT eligibility**. But NYU and UCB told me in writing that timely transfer + continuous full-time enrollment preserves eligibility.

The DHS regulation just says

&gt; ""full-time student for one academic year at an SEVP-certified institution"" 

It doesn't mention of consistent education level or single institution. Different DSOs are interpreting this differently.

This could affect you if you: **transferred** to UW-Madison from another school, did a **visiting/exchange** semester elsewhere and returned, or had any SEVIS record change between institutions.

Looking to connect and bring a collective formal request to UW-Madison ISS for a DHS/NAFSA clarification. 

**Please DM me if you have the same problem, or share some datapoint from other institution of how they interpret this to help me form my argument.** Thanks!  

",1773103054.0,2026-03-10T00:37:34,11,2,/r/f1visa/comments/1rpi6x1/uwmadison_iss_opt_eligibility_interpretation/,https://www.reddit.com/r/f1visa/comments/1rpi6x1/uwmadison_iss_opt_eligibility_interpretation/
1rphw4r,f1visa,Need advice because my DSO says my case is very nuanced. I am VERY new to OPT,"I am a graduate student in mechanical engineering (MS) and plan to defend my thesis in August, which means I have to apply for my OPT in May/June. My DSO said I have to put my defense date as my program end date. However, once I defend I still need to make changes to my thesis before submitting it, which may take up to a month and have to submit a journal paper, which is a degree requirement.  
  
Context: I am currently working in a GRA (Graduate Research Assistant) position and I assume I can switch to a TA (Teaching Assistant) while fulfilling the program requirements.  
  
Option 1: Since after the defense (assuming end of August) I still have things to do that count towards degree requirements, I put the program end date as a day that I submit my journal paper. And since I am technically still a student for the fall semester, the TA position does not count as OPT employment.  
  
Option 2: Try to write the journal paper before my thesis submission, apply for OPT in May and start my TA position as OPT employment.  
  
Option 3: If I find the job before the OPT application deadline, I schedule OPT for October and do the rest of my requirements while starting a job, that is off campus.

Those are 3 options I provided for my DSO and he said it is very nuanced and he is unsure if he understands my situation.  
I would really appreciate if someone with more knowledge on OPT and deadlines gave me advice.",1773102312.0,2026-03-10T00:25:12,5,4,/r/f1visa/comments/1rphw4r/need_advice_because_my_dso_says_my_case_is_very/,https://www.reddit.com/r/f1visa/comments/1rphw4r/need_advice_because_my_dso_says_my_case_is_very/
1rpah57,f1visa,Processing times,"I applied for a renewal for my pre-completion OPT on September 28th, 2025 and I have no processing time.  I submitted a withdrawal letter on February 11, 2026 because I was getting tired of waiting and I already lost my job position. I am just looking for advice on if there is any way to get my money back from this process because it has been 6.5 months since I submitted my application. 

That money would be really helpful right now to apply for post-completion OPT since i graduate in a few months. ",1773085464.0,2026-03-09T19:44:24,13,2,/r/f1visa/comments/1rpah57/processing_times/,https://www.reddit.com/r/f1visa/comments/1rpah57/processing_times/
1rp7v8c,f1visa,Appointment notice,"Hi guys, I got the appointment notice for the 26th of march, can I reschedule or I should wait till then?",1773079865.0,2026-03-09T18:11:05,7,2,/r/f1visa/comments/1rp7v8c/appointment_notice/,https://www.reddit.com/r/f1visa/comments/1rp7v8c/appointment_notice/
1rp5s90,f1visa,STEM OPT job aligns,"hi!

 

i’m currently on Post OPT and working as an Accounts Payable intern. My employer is e-verify and my job is paid + 20hrs+ but my degree for stem is Computer Science. I’m worried about my application for STEM OPT in which the job itself doesn’t align with CS major though, i worked on a lot of automation process for the team. I was wondering if anyone has any guidances/experiences on this. 

thank you!!",1773075566.0,2026-03-09T16:59:26,2,0,/r/f1visa/comments/1rp5s90/stem_opt_job_aligns/,https://www.reddit.com/r/f1visa/comments/1rp5s90/stem_opt_job_aligns/
1rp3iqd,f1visa,F-1 VISA Restamping in India (for OPT/STEM OPT holder),"Hey guys, wondering if anyone has recent travelled home to get their F-1 VISA restamped. Are the appointments easily available?",1773070690.0,2026-03-09T15:38:10,0,1,/r/f1visa/comments/1rp3iqd/f1_visa_restamping_in_india_for_optstem_opt_holder/,https://www.reddit.com/r/f1visa/comments/1rp3iqd/f1_visa_restamping_in_india_for_optstem_opt_holder/
1rp2q33,f1visa,Will going to Moscow for an Olympiad have effect on my F1 Visa?,"Hello y'all. I am a high school senior in Mongolia, and I've applied for college to the United States this year. (Haven't gotten my decisions yet, tho) As some of you may know the International Mendeleev Chemistry Olympiad is a prestigious Chemistry Olympiad for high schoolers, and I have qualified to represent my country in it. This year is the 60th anniversary of the Olympiad, and is thus being held at its home country, Russia. So, I am reasonably concerned as to whether or not going to Moscow for the Olympiad would hurt my visa application (due to obvious geopolitical situations). Any and all help is greatly appreciated. Me and my family are caught in a stalemate deciding whether to go or not...",1773068875.0,2026-03-09T15:07:55,1,1,/r/f1visa/comments/1rp2q33/will_going_to_moscow_for_an_olympiad_have_effect/,https://www.reddit.com/r/f1visa/comments/1rp2q33/will_going_to_moscow_for_an_olympiad_have_effect/
1rordus,f1visa,USPS misdelivered my EAD and I got it after 90 day period,"EAD card did not get delivered to the correct location the first time. I filed a missing package request for USPS and finally got my EAD card(post 90 days of EAD approval date on the card). 

Now I'm post the 90 day limit and interviewing with a company. The company HR is hesitant to move forward as I'm without work post the limit. I could not work anywhere else without EAD. What should I do? Is there a way to change the OPT grant date?

Any tips on how should move forward is greatly appreciated. Thanks in advance. ",1773033187.0,2026-03-09T05:13:07,8,24,/r/f1visa/comments/1rordus/usps_misdelivered_my_ead_and_i_got_it_after_90/,https://www.reddit.com/r/f1visa/comments/1rordus/usps_misdelivered_my_ead_and_i_got_it_after_90/
1rompy8,f1visa,Appoinment cancelled for tomorrow,"Hi everyone!

I had my F1 Visa appoontment from the Riyadh embassy on 10th of March at 10:15.

I recieved an email saying that the appointment is cancelled but I am unable to see any option on the website or anywhere else to reschedule it.

Can someone please guide me about this???",1773019587.0,2026-03-09T01:26:27,10,0,/r/f1visa/comments/1rompy8/appoinment_cancelled_for_tomorrow/,https://www.reddit.com/r/f1visa/comments/1rompy8/appoinment_cancelled_for_tomorrow/
1romkz6,f1visa,Graduation Date Advice Based on Potential OPT/STEM OPT Changes,"Hi everyone, I’d really appreciate some advice from people who understand OPT/STEM OPT timelines.

I’m an international student majoring in **Finance and Business Analytics (STEM)**. I’m currently scheduled to graduate in **May 2026**, but I’m considering extending my graduation to **December 2026** so I can have a more balanced semester and pursue a co-op in the fall.

However, I’m also aware that the **DHSSecurity is reportedly reviewing OPT/STEM OPT**, and I’m trying to think about risk.

Timeline differences:

**If I graduate May 2026**

* Apply OPT: Feb–May 2026
* Start OPT: Summer 2026
* Apply STEM OPT: \~early/mid-2027

**If I graduate December 2026**

* Apply OPT: Sept 2026
* Start OPT: Early 2027
* Apply STEM OPT: \~late 2027

My concern is whether delaying graduation **increases the risk that new OPT/STEM OPT rules affect me**, especially for the STEM extension.

Questions:

1. From a **policy timeline perspective**, would May vs December realistically make much difference?
2. If someone applies for **regular OPT before rule changes**, does that offer any protection for later **STEM OPT**, or would the new rules apply anyway?
3. From a **career perspective**, would the extra co-op + recruiting cycle generally be worth the delay?
4. How soon do you all think the new policies could become a reality?

Would really appreciate perspectives from people who went through OPT/STEM OPT or follow immigration policy closely.

Thanks!",1773019213.0,2026-03-09T01:20:13,2,0,/r/f1visa/comments/1romkz6/graduation_date_advice_based_on_potential_optstem/,https://www.reddit.com/r/f1visa/comments/1romkz6/graduation_date_advice_based_on_potential_optstem/
1rojk4m,f1visa,STEM OPT Biometrics – Do we need to fill the Applicant Information Worksheet (AIW)?,"Hi everyone,

I received a biometrics appointment notice for my STEM OPT I-765. On the second page there is an “Applicant Information Worksheet (AIW)” section.

For those who already completed biometrics for STEM OPT, did you need to fill out that worksheet beforehand, or did the ASC officer collect the information digitally during the appointment?

Do we just bring the appointment letter and ID (passport), or should the AIW be completed before arriving?

Thanks in advance!",1773011398.0,2026-03-08T23:09:58,42,12,/r/f1visa/comments/1rojk4m/stem_opt_biometrics_do_we_need_to_fill_the/,https://i.redd.it/sx33n6f6lwng1.jpeg
1rohdh4,f1visa,STEM OPT: Should I resign before Public Trust clearance is approved?,"Hello everyone,

I am currently working for a company that has already submitted my H-1B registration. I am on STEM OPT.

Recently, I received another job opportunity, but this position requires a Public Trust clearance. The clearance process may take around 20–30 days, and I am not sure whether it will be approved or not.

My concern is that I don’t want to resign from my current job before the clearance is finalized. If I resign now and the Public Trust clearance is not approved, I might end up losing both opportunities.

In this situation, is it legally possible to continue working at my current job while the Public Trust clearance process is ongoing, and then switch to the new job once the clearance is approved?

Also, is it allowed to work for both employers temporarily during the clearance process, or would that violate STEM OPT rules?

Has anyone been in a similar situation? What would be the safest approach?

Any guidance would be greatly appreciated. Thank you!",1773006108.0,2026-03-08T21:41:48,0,0,/r/f1visa/comments/1rohdh4/stem_opt_should_i_resign_before_public_trust/,https://www.reddit.com/r/f1visa/comments/1rohdh4/stem_opt_should_i_resign_before_public_trust/
1rodz23,f1visa,Got my approval,Finally got my approval but I’m not hearing back from my employer now. I emailed them the update and haven’t heard back almost 4 days now. Is this normal?,1772998194.0,2026-03-08T19:29:54,18,1,/r/f1visa/comments/1rodz23/got_my_approval/,https://www.reddit.com/r/f1visa/comments/1rodz23/got_my_approval/
1rodscv,f1visa,What would you do in my situation?,"I am in my final year of PhD in Computer Science and from banned countries. I have a job offer in Bay Area from FAANG ($500K/yr) starting this summer. I got the offer in November before the pause. I am eligible to apply for OPT from early April, but I am not sure if I can get it on time and start due to the pause. My manager will not push my start date anymore. I also have a pending I-140 NIW.

I have been offerred to relocate to Europe/Canada for the time being and come back one day, but I am not sure if I should accept it, leaving everything I have been building here and leave.

So, what would you do in my situation?

Some people are suggesting the following, but I am not sure if its any helpful for me:

* **Delay your program by another year?** The job market is getting tough every day in my field, and I am not sure if waiting another year can help (1) finding another job, and (2) the pause would be lifted.
* **Join a lawsuit?** A PI can potentially help me get relief, but my timeline is very sensitive and what do I do with that EAD when I already lost my offer.",1772997771.0,2026-03-08T19:22:51,41,18,/r/f1visa/comments/1rodscv/what_would_you_do_in_my_situation/,https://www.reddit.com/r/f1visa/comments/1rodscv/what_would_you_do_in_my_situation/
1robuhl,f1visa,AVR for partially restricted country,"Hi,

I was curious to know if anyone from a partially restricted country with an expired F1 has recently tried to do AVR. If you did, what was your experience and did you do it at an airport or at the border ?

There’s a chance I might have to go to Canada for a few days next year, a few months before the end of my stem opt and I wonder if it is worth the risk. ",1772993424.0,2026-03-08T18:10:24,0,2,/r/f1visa/comments/1robuhl/avr_for_partially_restricted_country/,https://www.reddit.com/r/f1visa/comments/1robuhl/avr_for_partially_restricted_country/
1robqm1,f1visa,Does US visa social media vetting check deleted tweets or archived pages like Wayback Machine?,"Applying for a US visa soon and trying to understand how deep their social media vetting actually goes.

I’ve heard they now check your social media handles from the last 5 years. My questions:

	1.	If you deleted a tweet years ago, can they still find it?

	2.	Do they actively use tools like Archive.org / Wayback Machine to retrieve deleted content?

	3.	Does mass-deleting posts before applying raise red flags on its own?",1772993182.0,2026-03-08T18:06:22,15,5,/r/f1visa/comments/1robqm1/does_us_visa_social_media_vetting_check_deleted/,https://www.reddit.com/r/f1visa/comments/1robqm1/does_us_visa_social_media_vetting_check_deleted/
1ro6elc,f1visa,Non-STEM vs STEM,"Hi all!

I’m in the fortunate position that I have been accepted to two different grad programs at two different US universities. 

One program is STEM whereas the other one is Non-STEM.

As I’m trying to navigate which university to choose, I wanted to ask this subreddit for any advice concerning the STEM designation. How much will it help my OPT following graduation? Is it actually something employers care about?

I hope someone can be of help and provide me with some advice!

Thank you!",1772980536.0,2026-03-08T14:35:36,4,0,/r/f1visa/comments/1ro6elc/nonstem_vs_stem/,https://www.reddit.com/r/f1visa/comments/1ro6elc/nonstem_vs_stem/
1ro5685,f1visa,PASSPORT VALIDITY?,"i am applying for a F1 student visa currently, i am requested to upload my passport scan however my passport expires in a few months.. should i send my current passport or get a renewed passport for that matter? 

is either way fine or will i get in trouble if i submit my current passport ?

help pleaseee",1772977269.0,2026-03-08T13:41:09,1,0,/r/f1visa/comments/1ro5685/passport_validity/,https://www.reddit.com/r/f1visa/comments/1ro5685/passport_validity/
1rnybaa,f1visa,Can mailing address differ from passport address?,"I’m scheduling my US F-1 visa appointment from India.

My passport has an old address, but currently my parents and I live at a different address (still in the same city). When scheduling the visa appointment, the portal asks for a mailing address.

Is it okay if the mailing address is different from the address printed in the passport? Will it creat e any discrepancy?

PS: In the DS-160 I didn’t face this issue because there was an option to enter both a mailing address (my current address) and a home address (the one on my passport). Can mailing address differ from passport address?",1772954128.0,2026-03-08T07:15:28,4,1,/r/f1visa/comments/1rnybaa/can_mailing_address_differ_from_passport_address/,https://i.redd.it/buvpmhqvurng1.png
1rnwaxv,f1visa,Changing employer just before applying STEM OPT Extension,"Hi, I am currently on F1 OPT ending mid-May and planning to change employer around April before applying for STEM OPT extension with new employer. Are there any risks of changing employer with short notice (before applying STEM OPT)? Are there any scenarios I should keep in mind (example, I will not have payslips of new employer, just the old employer)?",1772947575.0,2026-03-08T05:26:15,2,0,/r/f1visa/comments/1rnwaxv/changing_employer_just_before_applying_stem_opt/,https://www.reddit.com/r/f1visa/comments/1rnwaxv/changing_employer_just_before_applying_stem_opt/
1rnl45i,f1visa,F1 Visa approval with immigrant parents in the US,"Hello, I'm from Bangladesh. I recently got my acceptance from UT Dallas, UNC Charlotte, Georgia State with a scholarship and assistantship for the MS in Finance program. I want to get admitted at UT Dallas since my parents live there but I am concerned with the cost and uncertainty about getting graduate assistantship. 

The main concern for this post is to know whether it would be a redflag to mention my parents' residence in Dallas. I'd show them as my sponsor for Room and Meal. If they get to know about it, is there a chance of refusing my visa? 

The highest waived fee was offered by GSU. Im considering  this option too if things don't turn out the way I want.

The ones who faced such a situation or know about it, please guide me through this.",1772916930.0,2026-03-07T20:55:30,14,0,/r/f1visa/comments/1rnl45i/f1_visa_approval_with_immigrant_parents_in_the_us/,https://www.reddit.com/r/f1visa/comments/1rnl45i/f1_visa_approval_with_immigrant_parents_in_the_us/
1rnflby,f1visa,New F1 OPT SEVP portal  showing my past STEM OPT past due,I just got my new F1 OPT approved and asked to re do the SEVP portal reporting. opening up the email it shows my past STEM OPT pastdue and I can not change anything.  I can not change my current address or stuff. I have transferred my SEVIS record at my first year of my stem opt to a my new school and didn't use the last year. I suspect that is the reason. What should I do in this case  ? ,1772904062.0,2026-03-07T17:21:02,2,0,/r/f1visa/comments/1rnflby/new_f1_opt_sevp_portal_showing_my_past_stem_opt/,https://www.reddit.com/r/f1visa/comments/1rnflby/new_f1_opt_sevp_portal_showing_my_past_stem_opt/
1rnfdb6,f1visa,Any advice for those feeling hopeless?,"Hi everyone, I’ve been in the U.S. since I was 9 (H1B with my parents) then at 15 (F1) all the way till now I’m 24. My OPT ends late June and still no luck for jobs looking to sponsor (I’m in the mental health field)! I feel like I’m going through a grief process, this is all I’ve known. Any advice would help",1772903550.0,2026-03-07T17:12:30,2,2,/r/f1visa/comments/1rnfdb6/any_advice_for_those_feeling_hopeless/,https://www.reddit.com/r/f1visa/comments/1rnfdb6/any_advice_for_those_feeling_hopeless/
1rn05a7,f1visa,"F-1 STEM OPT travel to India soon, Re-entry concerns or new restrictions expected?","I would like to travel to India in the upcoming week and return in mid April. All my visa and paper work is good. I am on STEM OPT. Should it be all good if I have my physical opt card and all other required documents.

Moreover, I am trying to choose flight route excluding middle east. Is it good to travel now or would we expect any specific or additional rules going forward where there could be no travel in and out of USA or anything as such.",1772857166.0,2026-03-07T04:19:26,5,0,/r/f1visa/comments/1rn05a7/f1_stem_opt_travel_to_india_soon_reentry_concerns/,https://www.reddit.com/r/f1visa/comments/1rn05a7/f1_stem_opt_travel_to_india_soon_reentry_concerns/
1rmy24i,f1visa,People graduating in Spring from the partial ban country,I am graduating this spring semester but I have from one of partial ban country. What are the options for me. Should I apply for initial Opt then hope that the ban would be lifted before I graduate or if you are in my shoes what is the plan,1772851119.0,2026-03-07T02:38:39,8,4,/r/f1visa/comments/1rmy24i/people_graduating_in_spring_from_the_partial_ban/,https://www.reddit.com/r/f1visa/comments/1rmy24i/people_graduating_in_spring_from_the_partial_ban/
1rmumho,f1visa,F-1 visa expires during my PhD — risk of not being able to return?,"Hi everyone,

I’m an international student and I currently have an F-1 visa valid until 2027. I was recently accepted into a fully funded PhD program starting Fall 2026, which will take about 5 years.

I know I can enter the U.S. with my current visa to start the program. However, my visa will expire after about one year of my PhD.

If I travel back to my home country after that, I will need to renew my F-1 visa in order to return to the U.S.

My questions are:

	•	Is it usually easy to renew an F-1 visa while already enrolled in a PhD program?

	•	Has anyone had experience with this?

	•	If a visa renewal were denied, what would happen to my PhD?

For context: My PhD is fully funded, and I am sponsored by my employer in my home country, so I am expected to return home after graduation to continue my work.

I would appreciate hearing about others’ experiences. Thank you.",1772841883.0,2026-03-07T00:04:43,20,5,/r/f1visa/comments/1rmumho/f1_visa_expires_during_my_phd_risk_of_not_being/,https://www.reddit.com/r/f1visa/comments/1rmumho/f1_visa_expires_during_my_phd_risk_of_not_being/
1rmsk2f,f1visa,Can I get an OPT usually if I’m a GIS major trying to work in SWE/Tech?,Like I stated in the title I’m GIS major and I wanna know if I can get OPT for any SWE/coding job and data analysis jobs? Or would it be harder to get a SWE job than a data analysis one since it’s less related to major? I do code in my degree but not as much as CS majors obviously.,1772836799.0,2026-03-06T22:39:59,1,1,/r/f1visa/comments/1rmsk2f/can_i_get_an_opt_usually_if_im_a_gis_major_trying/,https://www.reddit.com/r/f1visa/comments/1rmsk2f/can_i_get_an_opt_usually_if_im_a_gis_major_trying/
1rmsb3g,f1visa,STEM OPT as a contractor,"I've been working at my actual dream company since July 2025 on OPT as a contractor through a staffing agency. When I started my STEM OPT application process this week, I sent the I-983 to the staffing agency as they are technically my employer AND have site reps at the company for supervision. However, I just heard from my boss that they told him that they wouldn't be able to provide the I-983 for me and the company's internal HR also can't provide an I-983 for me. They advised me to either seek other workforce solution providers or other visa options as my contract doesn't end until Jan 2027 and there doesn't seem to have a plan to make me staff until then. 

  
My question is, has anyone made it work with staffing agencies on STEM OPT? ",1772836197.0,2026-03-06T22:29:57,1,1,/r/f1visa/comments/1rmsb3g/stem_opt_as_a_contractor/,https://www.reddit.com/r/f1visa/comments/1rmsb3g/stem_opt_as_a_contractor/
1rmqzae,f1visa,Should I apply for STEM OPT premium processing now?,"I applied for STEM OPT on Jan 25.

On Feb 6 I received a biometrics notice, but I completed biometrics early on Feb 12 (original appointment was Feb 26).

Since then my case status just says “Case is being actively reviewed” and nothing else is pending.

I’m wondering if I should upgrade to premium processing now or wait longer since it’s only been about 40 days.

Has anyone had a similar timeline recently? How long did it take for approval after biometrics?",1772833041.0,2026-03-06T21:37:21,21,1,/r/f1visa/comments/1rmqzae/should_i_apply_for_stem_opt_premium_processing_now/,https://www.reddit.com/r/f1visa/comments/1rmqzae/should_i_apply_for_stem_opt_premium_processing_now/
1rmqpbo,f1visa,E Verify Employer Database disappeared,"Today when I check if my employer is E-verified, the database search window is no longer available and there is no warning about it.

https://preview.redd.it/gdx5l7ltshng1.png?width=2814&amp;format=png&amp;auto=webp&amp;s=d4544f8ccf505e6d59a7e5d7932fef06cebf1e72

  
Does it happen to anyone else?",1772832396.0,2026-03-06T21:26:36,10,7,/r/f1visa/comments/1rmqpbo/e_verify_employer_database_disappeared/,https://www.reddit.com/r/f1visa/comments/1rmqpbo/e_verify_employer_database_disappeared/
1rmqkn3,f1visa,Missed document for i-765 application,"Missed submitting i-20 instead uploaded photo and i-94 signature for i-765 application 

Case is still pending 
Opt approved date Nov 19 2025
Opt applied on dec 16th 2025 
EAD start date Feb 08th 2026 

What are the possible outcomes 
What is the step to take now! Is uploading opt i-20 and explanation note at soliciting evidence is a good idea. Confirming opt sevis status and records with dso.

Is anyone has any idea and familiar with such situations 
Do give your experience and thoughts.

",1772832090.0,2026-03-06T21:21:30,3,0,/r/f1visa/comments/1rmqkn3/missed_document_for_i765_application/,https://www.reddit.com/r/f1visa/comments/1rmqkn3/missed_document_for_i765_application/
1rmpsrz,f1visa,Traveling on STEM OPT while H-1B is filed (before lottery results)?,"I’m currently on STEM OPT that’s valid until August 2027, and my company is filing an H-1B for me in this year’s lottery.

I’m thinking about visiting my home country for a short trip soon and returning to the U.S. (last week of March) before the H-1B lottery results come out. I would still be entering on my   
valid F-1 STEM OPT status.

Has anyone been in a similar situation? Is traveling during this period generally okay, or is it discouraged once the H-1B registration/petition has been filed?

For context, I would make sure I have all the usual travel documents for re-entry on STEM OPT (valid F-1 visa, EAD card, I-20 with travel signature, etc.).

TIA!",1772830307.0,2026-03-06T20:51:47,5,2,/r/f1visa/comments/1rmpsrz/traveling_on_stem_opt_while_h1b_is_filed_before/,https://www.reddit.com/r/f1visa/comments/1rmpsrz/traveling_on_stem_opt_while_h1b_is_filed_before/
1rmlq8r,f1visa,PLA/BON is asking for CPT/OPT Before issuing license #,"Hello everyone, 

I recently passed the NCLEX-PN in Indiana, but the licensing agency told me they cannot release my license number. I am maintaining F-1 status and continuing into an LPN-to-RN bridge program, so I did not apply for OPT. They are saying I need to show work authorization before the license can be issued. Has anyone experienced this? Were you required to have CPT or OPT approved before your nursing license was released?",1772821222.0,2026-03-06T18:20:22,1,0,/r/f1visa/comments/1rmlq8r/plabon_is_asking_for_cptopt_before_issuing_license/,https://www.reddit.com/r/f1visa/comments/1rmlq8r/plabon_is_asking_for_cptopt_before_issuing_license/
1rmkgdx,f1visa,F1 renewal / travel if visa is expiring in less than 6 months okay?,"Hello all, I’m looking for any advice regarding travelling on an “almost” expired F1 visa. I started out as a Bachelors student, did 1 year OPT, and am currently in a Masters program now. My visa expires in October, but I wanted to go back home for the summer to visit my parents in India. Is it safe for me to travel? Is it safe for me to try to renew my visa too? 

I’m so confused, i tried to contact an attorney and they told me that they can’t guarantee anything. I’m hearing really bad stories of people renewing their visa and getting their original visa cancelled  too. Any help would be appreciated 🙏🏻",1772818431.0,2026-03-06T17:33:51,4,1,/r/f1visa/comments/1rmkgdx/f1_renewal_travel_if_visa_is_expiring_in_less/,https://www.reddit.com/r/f1visa/comments/1rmkgdx/f1_renewal_travel_if_visa_is_expiring_in_less/
1rmjjo9,f1visa,Have STEM OPT biometrics today. What to carry? What to expect?,"Just wanna know the experience of other folks who had biometrics for stem opt. What all documents to carry? Should I fill the 797 form they sent with the appointment letter? Is carrying passport EAD and appointment letter enough? Do I have to carry any printouts? Are they gonna ask any questions.

Pls do share your experience, thank you!",1772816487.0,2026-03-06T17:01:27,2,1,/r/f1visa/comments/1rmjjo9/have_stem_opt_biometrics_today_what_to_carry_what/,https://www.reddit.com/r/f1visa/comments/1rmjjo9/have_stem_opt_biometrics_today_what_to_carry_what/
1rmi18t,f1visa,Is it fare to print EAD after approval date?,"Timeline:

Applied: 18th Dec 25

RFE (Biometrics): 9th Feb 26

Appointment Scheduled: 19th Feb 26

Approval Date: 24th Feb 2026 but was notified on 26th Feb 2026

Card Produced: 4th Mar 26

Delivery: 6th Mar 26

This process took 10 days post 24th Feb and I’ve simply lost 10 unemployment days.

Is there something I should know in this case?",1772813179.0,2026-03-06T16:06:19,2,1,/r/f1visa/comments/1rmi18t/is_it_fare_to_print_ead_after_approval_date/,https://www.reddit.com/r/f1visa/comments/1rmi18t/is_it_fare_to_print_ead_after_approval_date/
1rmgdqx,f1visa,Applying for Adjustment of Status while OPT application is pending,"Has anyone had any experience with applying for adjustment of status while their OPT was pending? My father who is about to apply for his green card after having his I-140 petition approved wants my brother and I to also file for adjustment of status now that the visa is available. I did some research about this and got a lot of mixed feedback. My worry is that if our adjustment of status is denied, my brother and I could both lose our F1 status as it shows immigration intent. I might just be feeling paranoid considering the current state of everything. I am also worried about the fact that I am currently 21, although the I-140 petition was filed when I was 20. If anyone has any experience with this, I would love to receive some insight. My father claims he has spoken to his lawyer about this, but some previous statements he has made has led me to be mistrustful of said lawyer.",1772809463.0,2026-03-06T15:04:23,1,0,/r/f1visa/comments/1rmgdqx/applying_for_adjustment_of_status_while_opt/,https://www.reddit.com/r/f1visa/comments/1rmgdqx/applying_for_adjustment_of_status_while_opt/
1rmbukq,f1visa,"OPT EAD still ‘Case Received’ – Applied in November, start date Jan 5. Will I lose status if 90 days pass before approval?","Hi everyone,

I graduated in December 2025 and applied for my OPT EAD in November with a requested start date of January 5. My USCIS case status still shows **“Case Received”** and there has been no update yet.

From my understanding, the 90 days of unemployment starts from the OPT start date, so that would mean my 90 days would end around **April 5, 2026**. Since I don’t have a job yet, premium processing isn’t really an option for me.

My questions are:

* Is April 5 the correct date for the 90-day unemployment limit?
* If my EAD is not approved before then, will I lose my F-1 status?

Has anyone experienced this recently? Any advice would really help.",1772797581.0,2026-03-06T11:46:21,26,11,/r/f1visa/comments/1rmbukq/opt_ead_still_case_received_applied_in_november/,https://www.reddit.com/r/f1visa/comments/1rmbukq/opt_ead_still_case_received_applied_in_november/
1rm9d6j,f1visa,Intern Offer Letter for CPT and SSN Application,"Hi, I currently have an offer letter for an internship this upcoming summer. I just scheduled an appointment on April 20 to apply for SSN, and I currently have authorized CPT I-20 from my school.

My question is about the specific details in the offer letter. I checked the SSA page and it seems like employment offer letter should include the job description, number of hours, start date, and supervisor name/phone #. My offer letter includes start/end dates, job description, and it says full-time (implies 40 hours).

Do I need to ask for a separate offer letter with more details from my employer? or is it good to go with my CPT I-20 and other materials. I would appreciate your help on this!",1772788993.0,2026-03-06T09:23:13,0,1,/r/f1visa/comments/1rm9d6j/intern_offer_letter_for_cpt_and_ssn_application/,https://www.reddit.com/r/f1visa/comments/1rm9d6j/intern_offer_letter_for_cpt_and_ssn_application/
1rm6kg3,f1visa,Traveling while STEM OPT EAD card hasn’t arrived yet?,"My STEM OPT EAD card hasn’t arrived yet. I’m working a fully remote job. My employer will also likely start the H-1B application process soon.

Would it be safe to travel to my home country and return to the U.S. before the stem opt EAD card arrives?",1772778826.0,2026-03-06T06:33:46,8,0,/r/f1visa/comments/1rm6kg3/traveling_while_stem_opt_ead_card_hasnt_arrived/,https://www.reddit.com/r/f1visa/comments/1rm6kg3/traveling_while_stem_opt_ead_card_hasnt_arrived/
1rm3fjp,f1visa,CPT internship in summer but registering internship course in fall to avoid summer tuition – allowed?,"Hi everyone,

I’m an international student (F-1) doing an MS, and I recently received a summer research internship offer related to my field. My university said the internship would need to be authorized through CPT, which is tied to an internship course.

The issue is that if I register the internship course in the summer semester, I would have to pay the tuition out of pocket. However, if I register the course in the fall semester, my tuition is covered through my assistantship.

So I’m wondering if anyone has experience with this situation:

Is it possible to do the internship in the summer under CPT but register the internship course in the fall semester, since it will still count toward my degree requirements and thesis work?

Or does the course have to be taken in the same semester as the CPT employment?

Would appreciate hearing if anyone has done something similar or how their university handled it.

Thanks!",1772769097.0,2026-03-06T03:51:37,5,0,/r/f1visa/comments/1rm3fjp/cpt_internship_in_summer_but_registering/,https://www.reddit.com/r/f1visa/comments/1rm3fjp/cpt_internship_in_summer_but_registering/
1rm2skr,f1visa,Trading on F1 Visa,Any immigration lawyers know if I can trade prop firms as an f1 student as long as I don’t take a payout? What is the boundary that would keep me safe ,1772767276.0,2026-03-06T03:21:16,1,0,/r/f1visa/comments/1rm2skr/trading_on_f1_visa/,https://www.reddit.com/r/f1visa/comments/1rm2skr/trading_on_f1_visa/
1rm0d8f,f1visa,Help needed regarding the USCIS Premium Case Call,"I applied for post initial OPT (Applied: 24 Dec, PP Jan 8) and received RFE on Jan 29 due to new photo policy.
I was in one of the first batch of people who got RFIE but still I did not receive any biometrics appointment yet.
I contacted the premium service line yesterday and they gave me a verification number and said that someone will call me this week. Does this mean the case has been escalated? When can I expect some kind of resolution or call doesn't even know or has anyone faced this?
How do I make sure the case is actually escalated to next level and receive the appointment details?

Update: Received appointment details today and the appointment is scheduled for March 27th. I already have an offer and would like to reschedule the appointment.  What is the best reason to choose for reschedule in this case . Please suggest.",1772760714.0,2026-03-06T01:31:54,5,0,/r/f1visa/comments/1rm0d8f/help_needed_regarding_the_uscis_premium_case_call/,https://www.reddit.com/r/f1visa/comments/1rm0d8f/help_needed_regarding_the_uscis_premium_case_call/
1rlvehc,f1visa,Independent contractor on OPT?,"Hi there, 

I got an offer from a LLC. Initially, it was unpaid work, but now they want to pay me for the 20h a week. They can’t do W-2, so they sent me a W-9 form and I’m unsure about it as I’m not self-employed.

How do I navigate this? Should I change my sevis to self-employed and open a LLC (which I don’t want)? also, I worry about the future and how to navigate taxes as a contractor?

Also, if later I get a W-2 contract, will it be easy to transition? ",1772748564.0,2026-03-05T22:09:24,6,0,/r/f1visa/comments/1rlvehc/independent_contractor_on_opt/,https://www.reddit.com/r/f1visa/comments/1rlvehc/independent_contractor_on_opt/
1rlujpf,f1visa,In delima to start OPT,"need advice: so my current program end date is 26 April and i have a possibility to extend that until June (but i don't think that would make a major difference). or other option is to start my OPT application soon. if i start it what start date should i be giving? also, currently in a job search with sponsership as my current job is not sponsering. ",1772746649.0,2026-03-05T21:37:29,4,0,/r/f1visa/comments/1rlujpf/in_delima_to_start_opt/,https://www.reddit.com/r/f1visa/comments/1rlujpf/in_delima_to_start_opt/
1rlu7rw,f1visa,Getting laid off while STEM OPT EAD processing,"My company has given me my training plan and I have promptly submitted it to my school to get a new I-20. My EAD expires in May. There is news that I might get laid off due to some restructuring. What happens if I am terminated before I get my EAD? Since I already have the training plan, can I submit my application to USCIS on my own and later report change in employment? ",1772745900.0,2026-03-05T21:25:00,6,6,/r/f1visa/comments/1rlu7rw/getting_laid_off_while_stem_opt_ead_processing/,https://www.reddit.com/r/f1visa/comments/1rlu7rw/getting_laid_off_while_stem_opt_ead_processing/
1rlt3zo,f1visa,No appointment date,"Hello guys, so I got the request for evidence pdf and the mail but there’s no appointment date and it’s over 2 days now. Does it come in a mail? Because i keep checking my USCIS portal and it’s not there. What does it look like? Does it state specifically state the appointment and location?",1772743426.0,2026-03-05T20:43:46,7,0,/r/f1visa/comments/1rlt3zo/no_appointment_date/,https://www.reddit.com/r/f1visa/comments/1rlt3zo/no_appointment_date/
1rlq36v,f1visa,OPT end date confusion + STEM OPT timing question,"Hey guys,

I’m currently on F-1 OPT and had a few questions that I’m a bit confused about.

My **EAD card end date says July 16, 2026**. Is that the exact date my OPT ends? From what I understand, the EAD end date and OPT end date should be the same, but I just want to confirm I’m not misunderstanding something.

Also, after OPT ends on July 16, I believe there’s a **60-day grace period** where I can stay in the U.S. to wrap things up and prepare to leave the country. During those 60 days, am I correct that I **cannot work or apply for jobs**, and it’s basically just time to prepare to depart, transfer schools, or change status?

Another question I had is about **STEM OPT**. I don’t currently have a job offer yet. When is the **latest possible date I can apply for the STEM OPT extension** before my current OPT expires?

Would really appreciate any clarification from people who’ve gone through this already.

Thanks!",1772736775.0,2026-03-05T18:52:55,6,4,/r/f1visa/comments/1rlq36v/opt_end_date_confusion_stem_opt_timing_question/,https://www.reddit.com/r/f1visa/comments/1rlq36v/opt_end_date_confusion_stem_opt_timing_question/
1rlote6,f1visa,Filed for OPT. Getting error message,"I filed for OPT today. when i try to see the status or anything. I get this.

I just wanna make sure this is fine. I got an email "" we have taken an action"". but there is nothing in the portal.



If someone recently submitted please let me know. thank you

https://preview.redd.it/4p4gkouim9ng1.png?width=1716&amp;format=png&amp;auto=webp&amp;s=395aff92dcc19c83895adca4b03d16b54a6c1e8f

",1772734116.0,2026-03-05T18:08:36,4,1,/r/f1visa/comments/1rlote6/filed_for_opt_getting_error_message/,https://www.reddit.com/r/f1visa/comments/1rlote6/filed_for_opt_getting_error_message/
1rloqha,f1visa,Lost passport with U.S. visa → reported lost → later found passport. Has anyone traveled with both passports?,"Edit: Resolved! I just got back to the U.S. from 3 works of travel (work + leisure) and did not run into any issues. :)  
  
Hi everyone,

I’m trying to see if anyone has been in a similar situation and what your experience was when traveling.

A few months ago I lost my passport (which had my valid U.S. visa inside). I filed a police report and started the process of getting a replacement passport. Later, the original passport was actually found, but by then I had already received a new passport with a new number.

So right now I have:

• my new valid passport

• my old passport that contains the still-valid U.S. visa

The old passport was previously reported lost when I thought it was gone, but I physically have it now.

My university international office said I should be able to travel with both passports (new passport + old passport with visa). But I’ve seen mixed information online and wanted to see if anyone has actually traveled this way after a lost-then-found passport situation.

If you’ve had this happen:

* Were you able to board your flight without issues?
* Did CBP say anything at the port of entry?
* Did the airline question the old passport?

Would really appreciate hearing any real experiences.

Thanks!",1772733943.0,2026-03-05T18:05:43,2,0,/r/f1visa/comments/1rloqha/lost_passport_with_us_visa_reported_lost_later/,https://www.reddit.com/r/f1visa/comments/1rloqha/lost_passport_with_us_visa_reported_lost_later/
1rlkcxg,f1visa,student visa downgrade?,"has anyone ever apply for a student visa and doing a downgrade but still got the visa granted? 

i am really nervous and afraid i might not get my visa because i’m currently doing a diploma of ABC. and i wanted to change to another course which it requires to do a cert 4 first, before going to diploma of XYZ . (i was also planning after that diploma of XYZ i will apply for a bachelor degree in the same field). ",1772724134.0,2026-03-05T15:22:14,1,0,/r/f1visa/comments/1rlkcxg/student_visa_downgrade/,https://www.reddit.com/r/f1visa/comments/1rlkcxg/student_visa_downgrade/
1rlkcea,f1visa,"F1 Status at Risk: DUI Arrest in PA, Attorney recommends Litigation over B2 Change of Status. Thoughts?","Hey everyone, looking for some perspective on a complex situation.

Status: F-1 student (D/S).

Situation: Arrested last week in PA on suspicion of DUI. No accident, no injuries. Fingerprinted and released.

Criminal Status: Blood results are still pending. No formal charges filed yet. No prior record.

School: I have not been terminated in SEVIS yet (still shows Active in portal), but I expect a conduct review soon. Haven’t reach out to my DSO yet.

Legal Conflict:

I consulted with a immigration attorney yesterday. I was planning to file an I-539 for a B2 Change of Status to bridge the gap and handle the court case.

However, the attorney strongly advised against the B2 path. They argued that in the current 2026 climate, USCIS is auto-denying B2s for pending arrests and that litigation (challenging a SEVIS termination in federal court) is a more viable way to protect my long-term record. They mentioned a ""due process"" argument regarding automatic terminations before conviction.

Questions for the sub:

1. Has anyone recently (late 2025/early 2026) successfully changed from F1 to B2 with a pending DUI arrest?

2. If you went the ""litigation"" route, what was the experience like in terms of cost and staying in the U.S. during the lawsuit?

3. For the DSOs here: If I provide a Letter of Representation from a federal litigator, does that usually make a school more likely to keep a SEVIS record ""Active"" while the case is pending?

Any insights from those who have navigated the PA court systems as an international student would be greatly appreciated.

Note: I am fully aware of the laws and the gravity of drinking and driving. I’m incredibly disappointed in myself and am not looking for sympathy or excuses. I'm just an international student who made a massive mistake and is trying to navigate the complex immigration consequences responsibly.",1772724098.0,2026-03-05T15:21:38,11,0,/r/f1visa/comments/1rlkcea/f1_status_at_risk_dui_arrest_in_pa_attorney/,https://www.reddit.com/r/f1visa/comments/1rlkcea/f1_status_at_risk_dui_arrest_in_pa_attorney/
1rlhlyc,f1visa,Made a mistake while filling application for OPT i20,I gave the start date as 15th June 2026 and according to this my end date should have been 14th June 2027 but I ended up filling 15th June 2027. I plan to reach out to my DSO...is this a major error on my part? do I have to pay the application fees again? ,1772717251.0,2026-03-05T13:27:31,8,0,/r/f1visa/comments/1rlhlyc/made_a_mistake_while_filling_application_for_opt/,https://www.reddit.com/r/f1visa/comments/1rlhlyc/made_a_mistake_while_filling_application_for_opt/
1rlg0bq,f1visa,B2 to F1 COS then returned to home country. Next: F1 Visa Interview,"Hi everyone,

I’m hoping to get some honest feedback from the community about my F-1 visa case, especially from people who have gone through visa stamping after a change of status (COS). I’d appreciate any insights on whether my situation sounds reasonable or if there are areas that could raise concerns.

Background:

• I entered the U.S. on a B-2 visa for a visit.  

• After being there to tour for a while and after careful consideration, I decided to pursue an MBA.  

• I applied for B2 → F1 change of status, which was approved.  

• I already completed my first term in the MBA program.  

• I later returned to the Philippines (home country) due to a family emergency, so now I need to apply for the F-1 visa stamp to return and continue the program.

MBA program in Irvine, California

Professional background:

About 10+ years of corporate experience in the Philippines, mainly in operations and supply chain/customer operations managerial roles. Companies are multinational and known companies in the industry they’re playing at. Also, went to the US for tourism while on a career break.

Sponsor:

Funded by a long-time family friend who owns businesses in the US and Philippines.

No previous U.S. visa refusals. Been to 10 different countries in the last 5 years (including Japan, South Korea, Australia, etc)

Questions for the community

1. Has anyone here successfully obtained an F-1 visa after B2 → F1 COS and studying for a term already?  

2. Do you think my profile (corporate background + MBA) sounds like a reasonable case for approval?  

3. Are there any red flags in this situation that I should be aware of before the interview?

I know COS cases can be scrutinized more closely, so I’m trying to prepare as thoroughly as possible.

Any feedback or experiences would be greatly appreciated. Thanks in advance!",1772712656.0,2026-03-05T12:10:56,10,0,/r/f1visa/comments/1rlg0bq/b2_to_f1_cos_then_returned_to_home_country_next/,https://www.reddit.com/r/f1visa/comments/1rlg0bq/b2_to_f1_cos_then_returned_to_home_country_next/
1rlawst,f1visa,STEM-OPT immigration,"Hey, I’m on STEM-OPT, an employee at an x company. I’d to return to India back in November , 2025 due to family emergency, now it’s been more than four months as I haven’t returned to the states yet. I’m also on leave (no pay) from my return to India till I’m in the states. 

Now, I’m planning to get back to the states by end of the March as I’ve authorized permission from my employer. Since stringent actions has been taking place on immigrants (H1Bs has retained, deported), I’m on STEM-OPT a bit tricky situation for me to deal with it. I’m here to get heads-up on my situation from this community, it would be great guidance on how to be prepared and the documents required during immigration. ",1772694443.0,2026-03-05T07:07:23,1,2,/r/f1visa/comments/1rlawst/stemopt_immigration/,https://www.reddit.com/r/f1visa/comments/1rlawst/stemopt_immigration/
1rl9uf6,f1visa,Filling out OPT help needed,"I have a question about the OPT online application.  
So, in 2017, I had an EAD card for OPT for my Master's (I have not used it since I started my Ph.D.). However, I am now at a stage to apply for OPT after graduating this Spring with my Ph.D. degree. 

In the OPT application, one question asks, ""Have you previously filed Form I-765? (Yes or No)"" What should I choose? Also, what should I upload for the ""Previously Authorized CPT or OPT"" section?",1772690798.0,2026-03-05T06:06:38,1,0,/r/f1visa/comments/1rl9uf6/filling_out_opt_help_needed/,https://www.reddit.com/r/f1visa/comments/1rl9uf6/filling_out_opt_help_needed/
1rl9fha,f1visa,Driver’s license has a different address than my current address while applying OPT (form I-765),"While applying for initial OPT (Form I-765), my driver’s license has a different address than my current address. Will it cause any issue if I upload my driver’s license as a document?, along with my passport.",1772689468.0,2026-03-05T05:44:28,1,1,/r/f1visa/comments/1rl9fha/drivers_license_has_a_different_address_than_my/,https://www.reddit.com/r/f1visa/comments/1rl9fha/drivers_license_has_a_different_address_than_my/
1rl7c4x,f1visa,F1 Visa Renewal,"Hi, I’m wondering if someone could provide more information about the process of renewing an F1 visa. Mine expires in June 2027. When should I start the renewal process? Would it be an issue if I renew it over this summer? Also, could someone briefly explain what the renewal process entails? My nationality is Indian, if that’s relevant. Thanks very much!",1772683092.0,2026-03-05T03:58:12,2,0,/r/f1visa/comments/1rl7c4x/f1_visa_renewal/,https://www.reddit.com/r/f1visa/comments/1rl7c4x/f1_visa_renewal/
1rl52si,f1visa,OPT APPLICATION Error,"My I-20 front page shows my program end date as May 30, 2026. However, My last i20 I  have to completed my degree requirements in December 2025,  My I-20 was extended for one additional semester, which is why the program end date is May 30.

and my graduation ceremony is scheduled for May 12.

On the second page of my I-20, my current session end date is listed as December 19, 2025.

I am a little confused about which date will be considered my official program completion date for OPT purposes, as I plan to apply within the next couple of days. Will this difference cause any issues with my OPT application? ",1772676856.0,2026-03-05T02:14:16,11,5,/r/f1visa/comments/1rl52si/opt_application_error/,https://i.redd.it/bmmurcvey4ng1.jpeg
1rl50kr,f1visa,CPT Eligibility in first years of Masters after SEVIS transfer,I am currently on STEM OPT that expires in June 2026 after having completed my undergraduate degree in 2023. I am planning to go for MS in Software Engineering this fall and planning to transfer my SEVIS to join the master’s program. I have been offered an internship that I could start this fall but I am not sure if I am CPT eligible already since I already completed my 1 year of full time studying that CPT needs or if I have to do 1 year of MS before I am eligible for CPT. Does anyone have any idea?,1772676690.0,2026-03-05T02:11:30,3,1,/r/f1visa/comments/1rl50kr/cpt_eligibility_in_first_years_of_masters_after/,https://www.reddit.com/r/f1visa/comments/1rl50kr/cpt_eligibility_in_first_years_of_masters_after/
1rl108k,f1visa,F-1 OPT unemployment counting,"Hi all, I’m on post-completion OPT and want to double-check my unemployment counting.

	•	OPT start date: 07/07/2025

	•	First job: 10/01/2025 – 03/25/2026

	•	Second job: 03/30/2026

I calculated my unemployment days:

	•	07/07 → 09/30: 86 days

	•	03/26 → 03/29: 4 days

Total = 90 days

My question: I’ve read that “starting work on the 91st day of unemployment is unauthorized.” I start my second job on day 91st - will I be fine for the STEM OPT extension later on?

Thanks for any clarification!",1772666256.0,2026-03-04T23:17:36,3,0,/r/f1visa/comments/1rl108k/f1_opt_unemployment_counting/,https://www.reddit.com/r/f1visa/comments/1rl108k/f1_opt_unemployment_counting/
1rkyd74,f1visa,Mailed F-1 economic hardship app with no tracking… 2 weeks later and nothing 😭 What would you do?,"Hey guys,

So I mailed my F-1 Severe Economic Hardship application to USCIS a little over two weeks ago. It was my first time mailing immigration stuff and I sent it with USPS First Class, thinking I’d automatically get tracking. Turns out… nope. No tracking unless it’s Priority.

Now I’m kind of freaking out. I haven’t received a receipt notice, I don’t have a case number, and my check hasn’t even been cashed yet. So I literally have zero proof they got it.

For those who’ve done this before — how long did it take for your receipt to come? When did your payment get processed? Is there ANY way to confirm they received it without tracking? And would calling USCIS even help if I don’t have a case number yet?

This whole thing is stressing me out because it affects my work eligibility. I’d really appreciate hearing what others experienced.

Thanks in advance 🙏
",1772660152.0,2026-03-04T21:35:52,3,1,/r/f1visa/comments/1rkyd74/mailed_f1_economic_hardship_app_with_no_tracking/,https://www.reddit.com/r/f1visa/comments/1rkyd74/mailed_f1_economic_hardship_app_with_no_tracking/
1rky8mi,f1visa,Visa Renewal Process,"hi, im wondering if somebody could tell me a bit more about the process of renewing one's F1 visa? Mine expires in June 2027. When should I begin the process? would it matter if i just renew it over the summer? And would someone be able to briefly tell me what the process entails?

My nationality is Indian if that's relevant - thanks very much!",1772659867.0,2026-03-04T21:31:07,5,2,/r/f1visa/comments/1rky8mi/visa_renewal_process/,https://www.reddit.com/r/f1visa/comments/1rky8mi/visa_renewal_process/
1rkwnoq,f1visa,Traveling back to Canada for spring break,"Hi, international student from Canada, in my last sem of school. I am going to Canada this weekend for spring break and sort of got in my head.

For what its worth i'm re-entering through Toronto.

I have a Canadian passport with 10 years left for validity  
Just got travel signature re-done

I-20 is valid and I have enrolment verification and many other documents

has anyone had any issues or should it be okay?",1772656289.0,2026-03-04T20:31:29,4,1,/r/f1visa/comments/1rkwnoq/traveling_back_to_canada_for_spring_break/,https://www.reddit.com/r/f1visa/comments/1rkwnoq/traveling_back_to_canada_for_spring_break/
1rkw36f,f1visa,URGENT QUESTIONS: NEW F1 VISA IN THE US,"In summary I fell out of status after completing my opt in 2024. I was sponsored by a sibling thinking it’ll keep me in status but it did not. An F1 reinstatement was submitted but it was denied. 

I found a college that that said they can help me get back in status. They don’t have a masters program but can enroll me in the associates program. The DSO asked for all my documents, also my last I-20 because she said she’s in contact with immigration (she didn’t specify with that). 

Getting a new I-20 will be useless if I don’t have a new F1 status, how likely is that to happen?  ",1772655006.0,2026-03-04T20:10:06,19,0,/r/f1visa/comments/1rkw36f/urgent_questions_new_f1_visa_in_the_us/,https://www.reddit.com/r/f1visa/comments/1rkw36f/urgent_questions_new_f1_visa_in_the_us/
1rkvplx,f1visa,Obtaining an SSN,would i still be able to apply for an ssn even months after getting an on campus job?,1772654176.0,2026-03-04T19:56:16,8,5,/r/f1visa/comments/1rkvplx/obtaining_an_ssn/,https://www.reddit.com/r/f1visa/comments/1rkvplx/obtaining_an_ssn/
1rkvbni,f1visa,Work in the summer?,"hello everyone!

  
I am currently doing a phd in florida and am on a f1 visa from Canada. unfortunately my school did not provide me with a summer TA position so I have been looking for jobs elsewhere. I got offered a TA position but in Michigan, they will pay me a stipend. I was wondering if this would be allowed and/or what I would need to do to accept this position?

  
thank you!",1772653274.0,2026-03-04T19:41:14,3,2,/r/f1visa/comments/1rkvbni/work_in_the_summer/,https://www.reddit.com/r/f1visa/comments/1rkvbni/work_in_the_summer/
1rkrh7h,f1visa,INITIAL OPT ADDRESS CHANGE,"My Initial OPT was approved today 4th March, received on email and on the portal there is no update.

Is it safe to change my address now? Since I have moved state. Or let it go to my old address and tell my friend to courier it to me.

Has anyone faced similar situation and changed the address and got EAD delivered to the new address?",1772644979.0,2026-03-04T17:22:59,6,0,/r/f1visa/comments/1rkrh7h/initial_opt_address_change/,https://www.reddit.com/r/f1visa/comments/1rkrh7h/initial_opt_address_change/
1rkevhy,f1visa,risks of no ties to home country? (filing for change of status),"changing from h-4 (dependent dual-intent visa) to f-1. lived in the US for over 10 years and i have zero ties to my country of citizenship. i wasn't born there, only lived there for 6 years, no extended family there, no property, and no current banking record. i'm filing within the U.S. and don't plan to travel any time soon. my university advises me that it's less risky to file COS than it is to leave the country to get stamped. but really how much risk is there that i'll be denied? extremely worried would appreciate any thoughts",1772608444.0,2026-03-04T07:14:04,2,1,/r/f1visa/comments/1rkevhy/risks_of_no_ties_to_home_country_filing_for/,https://www.reddit.com/r/f1visa/comments/1rkevhy/risks_of_no_ties_to_home_country_filing_for/
1rkaxom,f1visa,Are we supposed to upload stamped ASC notice after biometrics appointment?,"Please let me know if you uploaded your stamped ASC notice after doing biometrics? For me, I didn’t do that, once I went to biometrics, it showed my case as “Case is still being processed”",1772595720.0,2026-03-04T03:42:00,106,15,/r/f1visa/comments/1rkaxom/are_we_supposed_to_upload_stamped_asc_notice/,https://www.reddit.com/r/f1visa/comments/1rkaxom/are_we_supposed_to_upload_stamped_asc_notice/
1rk7r82,f1visa,The impact of the current situation in Riyadh,"Hi everyone!

I have my f1 VISA interview on 10th of March in Riyadh Saudi Arabia, and just some time ago there were 2 drone strikes at the embassy.

I havent received any update via email or contact so im assuming ny interview will still happen.

I wanted to know if the current situation could impact my chances of visa or not and the procedure as well.

PS: If anyone else is applying for the f1 visa from Riyadh, I was wondering if we could connect to talk about it.",1772587046.0,2026-03-04T01:17:26,4,0,/r/f1visa/comments/1rk7r82/the_impact_of_the_current_situation_in_riyadh/,https://www.reddit.com/r/f1visa/comments/1rk7r82/the_impact_of_the_current_situation_in_riyadh/
1rk7oks,f1visa,Question about OPT I20. Mistake in Remarks,"I am applying for OPT.  My DSO, wrote a remark in my I20. "" The student will is in good standing and will graduate on XX"".

  
She wrote ""studen""  a small error.  Can that become a problem for me? its in the remarks. Everything else is correct. Anyone who has been in similar situation, would appricate the help.",1772586856.0,2026-03-04T01:14:16,4,0,/r/f1visa/comments/1rk7oks/question_about_opt_i20_mistake_in_remarks/,https://www.reddit.com/r/f1visa/comments/1rk7oks/question_about_opt_i20_mistake_in_remarks/
1rk531f,f1visa,STEM OPT Premium Processing but Case Status Hasn’t Changed Since Jan 6. What Should I Do?,"Hi everyone,

I’m trying to understand what my options are and would really appreciate any advice from people who’ve been through something similar.

I applied for my STEM OPT extension on January 9, 2026. Since I needed a faster decision, I upgraded to premium processing on February 14, 2026. However, my USCIS case status has remained exactly the same since the first date, even after the premium processing upgrade. It’s now been several weeks and there has been no update at all :(

The difficult part is that I currently have a job offer in hand, but without the STEM OPT approval I’m unable to proceed with them. So this delay is starting to become pretty stressful.

A few questions I’m hoping someone here might help with:

•	Is there a way to contact USCIS or escalate if the case hasn’t moved after upgrading to premium processing?

•	Would reaching out to the DSO/DSA help in this situation?

If anyone has gone through something similar or has suggestions on what I should do next, I’d really appreciate your insight.

Thanks in advance.",1772580214.0,2026-03-03T23:23:34,30,0,/r/f1visa/comments/1rk531f/stem_opt_premium_processing_but_case_status_hasnt/,https://www.reddit.com/r/f1visa/comments/1rk531f/stem_opt_premium_processing_but_case_status_hasnt/
1rk2mok,f1visa,F-1 Executive PhD on Trimester System: Can I take Summer off after just 2 semesters? (Conflicting Info),"Hi everyone,

I’m currently an F-1 student in an Executive PhD program (at the University of the Cumberlands) that operates on a **Trimester system** (Fall, Spring, and Summer are all standard terms).

I started my program in **Fall 2025** and am currently finishing **Spring 2026**. This means I have completed **2 full consecutive semesters/trimesters**.

**The Issue:** I want to take this upcoming **Summer 2026** off as my ""Annual Vacation.""

* **SEVP Guidance:** I found an SEVP chart stating that for schools on a trimester system, completing ""Two Trimesters"" generally satisfies the ""One Academic Year"" requirement for vacation eligibility.
* **The Conflict:** DSO told me that, because it’s an Executive/Trimester format, the school defines an academic year as **3 terms** (Fall + Spring + Summer), meaning I *must* enroll in Summer and can't take a break until Fall.

**My Questions:**

1. Has anyone in a similar Executive Trimester program successfully taken the first Summer off after just completing Fall and Spring?
2. Did your DSO give you any trouble regarding the ""One Academic Year"" definition?

I want to make sure I don't accidentally violate my status.

Thanks for any insights!",1772574425.0,2026-03-03T21:47:05,5,0,/r/f1visa/comments/1rk2mok/f1_executive_phd_on_trimester_system_can_i_take/,https://www.reddit.com/r/f1visa/comments/1rk2mok/f1_executive_phd_on_trimester_system_can_i_take/
1rjzt1g,f1visa,Pre opt timeline,"Does anyone has any recent experience with regular pre opt?its all about the post opt,and I’ve also read that pre opt doesn’t has 90 days unemployment is that right?",1772568155.0,2026-03-03T20:02:35,18,0,/r/f1visa/comments/1rjzt1g/pre_opt_timeline/,https://www.reddit.com/r/f1visa/comments/1rjzt1g/pre_opt_timeline/
